1********************DWUCK4 AT YOUR SERVICE********************

 installed         Mon May 21 11:05:50 1990                
 today is          Fri Jun 19 11:04:18 2026




















                    *******************************************************
                    *                                                     *
                    * User     : calemhoffman                             *
                    * Directory: <- /Users/calemhoffman/Documents/GitHub/ *
                    * Input    : Standard Input                           *
                    * Output   : Standard Output                          *
                    *                                                     *
                    *******************************************************
1
0DWUCK4-DISTORTED WAVES U.COLORADO- PC-VERSION  12/Jan /1995
 Elapsed time in seconds =   0.00
 Elapsed time in seconds =   0.00
0CONTROL INTEGERS
  1 2 3 4 5 6 7 8 9 A B C D E F G H I J K    RUN IDENTIFICATION                                             0/00/00   0.00.00
  1 0 1 1 0 0 0 0 3 0 0 0 0 0 0 0 0 0 0 0    36S(d,p)@ 16MeV    4368 keV  0f5/2 unbound ZR               
 36S(d,p)@ 16MeV    4368 keV  0f5/2 unbound ZR               
 Adwck4 entered
0ANGLE DATA          THETN=  90.0000   THET1=   0.0000   DTHET=   1.0000   A-ANG=   0.0000   B-ANG=   0.0000
0CARD SET 3 DATA     LMAX =  15          LTR=   3
                     NLTR =   1        2*JTR=   5
0CARD SET 4 DATA     DRF  =   0.1000   RZ   =   0.0000   RMAX = -15.0000   VCE  =   0.0000   FNRNG=   0.0000
 PARTICLE DATA 
0PARTICLE 1*******************************************************************************************************************
 INPUT DATA          ELAB =  16.0000   RC0  =   1.3030   AC   =   0.0000   2*STR=   2.0000
                     MASSP=   2.0000   MASST=  36.0000   Q    =   0.0000
                     ZP   =   1.0000   ZT   =  16.0000   PNLOC=   0.0000
 
 DERIVED DATA        ECM  =  15.1579   RC   =   4.3024   RHO  =   5.0434
                     K    =   1.1722   ETA  =   0.8909   DR   =   0.1000
0POTENTIAL PARAMETERS
 NX=1 VOLUME  W-S    V RL = -92.9760   R0RL =   1.1500   A RL =   0.7610   R RL =   3.7972   VSOR =   0.0000
                     V IM =  -1.6020   R0IM =   1.3350   A IM =   0.5250   R IM =   4.4081   VSOI =   0.0000   POWR =   0.0000
 NX=2 SURFACE W-S    V RL =   0.0000   R0RL =   0.0000   A RL =   0.0000   R RL =   0.0000   VSOR =   0.0000
                     V IM =  49.7220   R0IM =   1.3800   A IM =   0.7360   R IM =   4.5567   VSOI =   0.0000   POWR =   0.0000
 NX=4 L*S VOLUME     V RL = -14.2280   R0RL =   0.9720   A RL =   1.0110   R RL =   3.2095   VSOR =   0.0000
                     V IM =   0.0000   R0IM =   0.0000   A IM =   0.0000   R IM =   0.0000   VSOI =   0.0000   POWR =   0.0000
0PARTICLE 2*******************************************************************************************************************
 INPUT DATA          ELAB =  13.2167   RC0  =   1.2920   AC   =   0.0000   2*STR=   1.0000
                     MASSP=   1.0000   MASST=  37.0000   Q    =  -2.2890
                     ZP   =   1.0000   ZT   =  16.0000   PNLOC=   0.0000
 
 DERIVED DATA        ECM  =  12.8689   RC   =   4.3052   RHO  =   3.3335
                     K    =   0.7743   ETA  =   0.6931   DR   =   0.0973
0POTENTIAL PARAMETERS
 NX=1 VOLUME  W-S    V RL = -58.0180   R0RL =   1.1820   A RL =   0.6720   R RL =   3.9387   VSOR =   0.0000
                     V IM =  -1.1400   R0IM =   1.1820   A IM =   0.6720   R IM =   3.9387   VSOI =   0.0000   POWR =   0.0000
 NX=2 SURFACE W-S    V RL =   0.0000   R0RL =   0.0000   A RL =   0.0000   R RL =   0.0000   VSOR =   0.0000
                     V IM =  36.6490   R0IM =   1.2900   A IM =   0.5380   R IM =   4.2986   VSOI =   0.0000   POWR =   0.0000
 NX=4 L*S VOLUME     V RL = -22.4560   R0RL =   0.9910   A RL =   0.5900   R RL =   3.3022   VSOR =   0.0000
                     V IM =   0.2390   R0IM =   0.9910   A IM =   0.5900   R IM =   3.3022   VSOI =   0.0000   POWR =   0.0000
136S(d,p)@ 16MeV    4368 keV  0f5/2 unbound ZR                  0/ 0/ 0
0FORM FACTOR DATA 
0PARTICLE 3*******************************************************************************************************************
 INPUT DATA          ELAB =   0.0640   RC0  =   1.3000   AC   =   0.0000   2*STR=   1.0000
                     MASSP=   1.0000   MASST=  36.0000   Q    =   0.0640
                     ZP   =   0.0000   ZT   =  16.0000   PNLOC=   0.0000
 
 DERIVED DATA        ECM  =   0.0640   RC   =   4.2925   RHO  =   0.2343
                     K    =   0.0546   ETA  =   0.0000   DR   =   0.1000
0POTENTIAL PARAMETERS
 NX=1 VOLUME  W-S    V RL =  -1.0000   R0RL =   1.2800   A RL =   0.6500   R RL =   4.2265   VSOR =  24.0000
                     V IM =   0.0000   R0IM =   0.0000   A IM =   0.0000   R IM =   0.0000   VSOI =   0.0000   POWR =   0.0000
 
                     NODES=   0.0000   L    =   3.0000   2*J  =   5.0000   2*S  =   1.0000   FISW =   0.0000
 
0SINGLE PARTICLE WIDTH = 1.0227E -6  MEV     VOLUME TERM =  2.2902E+06     SURFACE TERM =  2.8608E+03
                     V    =  50.7853   DET  =   0.0000   NODES=   0.0000   RM   =   4.8500   E    =   0.0640   ITER.=   4
0*****  Warning  *****  CLASSICAL TURNING POINT FOR BOUNDSTATE = 63.4646  IS GREATER THAN RMAX =-15.0000
0                    LMAX =  15        NSTEP= 150        NLTR =   1
 Bdwck4 entered
   Subroutine INTEG  entered
0REACSIG 1   1.50556E+02                                             REACSIG 2   9.82246E+01
   Subroutine RADINT entered
136S(d,p)@ 16MeV    4368 keV  0f5/2 unbound ZR                  0/00/00
0BASIC DATA          DR   =   0.1000   RMIN =   0.0000   RMAX =  15.0000   COUEX=   0.0000     IS1=   1.0000
                     FNRNG=   0.0000   PNLC1=   0.0000   PNLC2=   0.0000   PNLC3=   0.0000     IS2=   0.5000
 ANG MOM TRANSFER    LTR  =   3.       2*JTR=   5.       2*STR=   1.       Q    =  -2.2890
   Subroutine INSIG  entered
0 Theta Inelsig,fm**2      Polz       Asy       Ayy       A22       A21       A20       T22       T21       T20  Theta
   0.00    1.6818E+00    0.0000    0.0000    0.0086    0.0000    0.0000   -0.0116    0.0000    0.0000    0.0000   0.00
   1.00    1.6835E+00    0.0053    0.0105    0.0089   -0.0001   -0.0002   -0.0117    0.0000    0.0000    0.0000   1.00
   2.00    1.6884E+00    0.0105    0.0209    0.0096   -0.0004   -0.0005   -0.0119    0.0000    0.0000    0.0000   2.00
   3.00    1.6963E+00    0.0155    0.0308    0.0107   -0.0009   -0.0007   -0.0123    0.0000    0.0000    0.0000   3.00
   4.00    1.7069E+00    0.0203    0.0402    0.0123   -0.0016   -0.0010   -0.0128    0.0000    0.0000    0.0000   4.00
   5.00    1.7198E+00    0.0247    0.0489    0.0142   -0.0024   -0.0012   -0.0134    0.0000    0.0000    0.0000   5.00
   6.00    1.7343E+00    0.0288    0.0568    0.0163   -0.0034   -0.0014   -0.0142    0.0000    0.0000    0.0000   6.00
   7.00    1.7498E+00    0.0324    0.0638    0.0187   -0.0044   -0.0017   -0.0150    0.0000    0.0000    0.0000   7.00
   8.00    1.7655E+00    0.0357    0.0700    0.0212   -0.0055   -0.0019   -0.0158    0.0000    0.0000    0.0000   8.00
   9.00    1.7806E+00    0.0385    0.0752    0.0237   -0.0066   -0.0021   -0.0167    0.0000    0.0000    0.0000   9.00
  10.00    1.7944E+00    0.0408    0.0795    0.0263   -0.0078   -0.0023   -0.0175    0.0000    0.0000    0.0000  10.00
  11.00    1.8060E+00    0.0427    0.0829    0.0288   -0.0089   -0.0025   -0.0184    0.0000    0.0000    0.0000  11.00
  12.00    1.8145E+00    0.0442    0.0855    0.0312   -0.0099   -0.0027   -0.0192    0.0000    0.0000    0.0000  12.00
  13.00    1.8191E+00    0.0454    0.0874    0.0335   -0.0109   -0.0029   -0.0200    0.0000    0.0000    0.0000  13.00
  14.00    1.8193E+00    0.0461    0.0886    0.0357   -0.0119   -0.0031   -0.0207    0.0000    0.0000    0.0000  14.00
  15.00    1.8144E+00    0.0466    0.0891    0.0376   -0.0127   -0.0033   -0.0214    0.0000    0.0000    0.0000  15.00
  16.00    1.8039E+00    0.0467    0.0890    0.0394   -0.0135   -0.0035   -0.0221    0.0000    0.0000    0.0000  16.00
  17.00    1.7875E+00    0.0465    0.0884    0.0410   -0.0142   -0.0037   -0.0226    0.0000    0.0000    0.0000  17.00
  18.00    1.7649E+00    0.0461    0.0874    0.0424   -0.0148   -0.0039   -0.0231    0.0000    0.0000    0.0000  18.00
  19.00    1.7361E+00    0.0454    0.0858    0.0436   -0.0153   -0.0041   -0.0235    0.0000    0.0000    0.0000  19.00
  20.00    1.7011E+00    0.0445    0.0839    0.0446   -0.0157   -0.0043   -0.0239    0.0000    0.0000    0.0000  20.00
  21.00    1.6602E+00    0.0433    0.0816    0.0454   -0.0161   -0.0045   -0.0242    0.0000    0.0000    0.0000  21.00
  22.00    1.6137E+00    0.0419    0.0789    0.0461   -0.0164   -0.0047   -0.0244    0.0000    0.0000    0.0000  22.00
  23.00    1.5621E+00    0.0402    0.0758    0.0466   -0.0166   -0.0050   -0.0246    0.0000    0.0000    0.0000  23.00
  24.00    1.5060E+00    0.0383    0.0723    0.0469   -0.0167   -0.0052   -0.0247    0.0000    0.0000    0.0000  24.00
  25.00    1.4459E+00    0.0362    0.0685    0.0471   -0.0168   -0.0054   -0.0248    0.0000    0.0000    0.0000  25.00
  26.00    1.3826E+00    0.0338    0.0643    0.0471   -0.0168   -0.0057   -0.0248    0.0000    0.0000    0.0000  26.00
  27.00    1.3168E+00    0.0313    0.0597    0.0470   -0.0168   -0.0060   -0.0247    0.0000    0.0000    0.0000  27.00
  28.00    1.2493E+00    0.0285    0.0548    0.0468   -0.0168   -0.0062   -0.0245    0.0000    0.0000    0.0000  28.00
  29.00    1.1807E+00    0.0255    0.0495    0.0465   -0.0166   -0.0065   -0.0243    0.0000    0.0000    0.0000  29.00
  30.00    1.1117E+00    0.0224    0.0439    0.0460   -0.0165   -0.0068   -0.0241    0.0000    0.0000    0.0000  30.00
  31.00    1.0431E+00    0.0191    0.0380    0.0455   -0.0163   -0.0070   -0.0237    0.0000    0.0000    0.0000  31.00
  32.00    9.7545E-01    0.0157    0.0318    0.0448   -0.0161   -0.0073   -0.0233    0.0000    0.0000    0.0000  32.00
  33.00    9.0921E-01    0.0122    0.0254    0.0440   -0.0158   -0.0076   -0.0229    0.0000    0.0000    0.0000  33.00
  34.00    8.4489E-01    0.0087    0.0189    0.0431   -0.0155   -0.0078   -0.0223    0.0000    0.0000    0.0000  34.00
  35.00    7.8288E-01    0.0053    0.0124    0.0420   -0.0152   -0.0081   -0.0216    0.0000    0.0000    0.0000  35.00
  36.00    7.2350E-01    0.0021    0.0058    0.0408   -0.0148   -0.0083   -0.0209    0.0000    0.0000    0.0000  36.00
  37.00    6.6702E-01   -0.0009   -0.0005    0.0393   -0.0143   -0.0085   -0.0200    0.0000    0.0000    0.0000  37.00
  38.00    6.1361E-01   -0.0035   -0.0066    0.0376   -0.0137   -0.0087   -0.0190    0.0000    0.0000    0.0000  38.00
  39.00    5.6342E-01   -0.0057   -0.0122    0.0356   -0.0130   -0.0088   -0.0179    0.0000    0.0000    0.0000  39.00
  40.00    5.1653E-01   -0.0072   -0.0173    0.0332   -0.0121   -0.0089   -0.0166    0.0000    0.0000    0.0000  40.00
  41.00    4.7298E-01   -0.0081   -0.0217    0.0304   -0.0111   -0.0089   -0.0151    0.0000    0.0000    0.0000  41.00
  42.00    4.3275E-01   -0.0081   -0.0253    0.0271   -0.0099   -0.0089   -0.0134    0.0000    0.0000    0.0000  42.00
  43.00    3.9582E-01   -0.0072   -0.0280    0.0232   -0.0084   -0.0089   -0.0116    0.0000    0.0000    0.0000  43.00
  44.00    3.6210E-01   -0.0052   -0.0298    0.0186   -0.0066   -0.0087   -0.0095    0.0000    0.0000    0.0000  44.00
  45.00    3.3150E-01   -0.0021   -0.0305    0.0133   -0.0045   -0.0085   -0.0071    0.0000    0.0000    0.0000  45.00
  46.00    3.0389E-01    0.0021   -0.0302    0.0071   -0.0020   -0.0082   -0.0045    0.0000    0.0000    0.0000  46.00
  47.00    2.7913E-01    0.0074   -0.0291    0.0002    0.0009   -0.0078   -0.0017    0.0000    0.0000    0.0000  47.00
  48.00    2.5706E-01    0.0138   -0.0271   -0.0076    0.0041   -0.0074    0.0013    0.0000    0.0000    0.0000  48.00
  49.00    2.3750E-01    0.0211   -0.0245   -0.0162    0.0078   -0.0068    0.0044    0.0000    0.0000    0.0000  49.00
  50.00    2.2026E-01    0.0293   -0.0215   -0.0256    0.0118   -0.0063    0.0077    0.0000    0.0000    0.0000  50.00
  51.00    2.0515E-01    0.0380   -0.0184   -0.0355    0.0162   -0.0056    0.0111    0.0000    0.0000    0.0000  51.00
  52.00    1.9196E-01    0.0472   -0.0153   -0.0458    0.0208   -0.0050    0.0144    0.0000    0.0000    0.0000  52.00
  53.00    1.8049E-01    0.0564   -0.0127   -0.0563    0.0255   -0.0043    0.0176    0.0000    0.0000    0.0000  53.00
  54.00    1.7054E-01    0.0655   -0.0105   -0.0667    0.0303   -0.0037    0.0207    0.0000    0.0000    0.0000  54.00
  55.00    1.6190E-01    0.0743   -0.0090   -0.0769    0.0350   -0.0031    0.0235    0.0000    0.0000    0.0000  55.00
  56.00    1.5440E-01    0.0827   -0.0083   -0.0866    0.0396   -0.0026    0.0260    0.0000    0.0000    0.0000  56.00
  57.00    1.4786E-01    0.0904   -0.0084   -0.0956    0.0439   -0.0022    0.0282    0.0000    0.0000    0.0000  57.00
  58.00    1.4212E-01    0.0975   -0.0092   -0.1038    0.0479   -0.0018    0.0300    0.0000    0.0000    0.0000  58.00
  59.00    1.3703E-01    0.1039   -0.0106   -0.1111    0.0516   -0.0016    0.0315    0.0000    0.0000    0.0000  59.00
  60.00    1.3246E-01    0.1097   -0.0125   -0.1175    0.0548   -0.0015    0.0326    0.0000    0.0000    0.0000  60.00
  61.00    1.2831E-01    0.1148   -0.0149   -0.1230    0.0576   -0.0015    0.0334    0.0000    0.0000    0.0000  61.00
  62.00    1.2449E-01    0.1194   -0.0176   -0.1275    0.0600   -0.0016    0.0339    0.0000    0.0000    0.0000  62.00
  63.00    1.2092E-01    0.1235   -0.0204   -0.1311    0.0620   -0.0018    0.0341    0.0000    0.0000    0.0000  63.00
  64.00    1.1754E-01    0.1272   -0.0234   -0.1340    0.0636   -0.0022    0.0341    0.0000    0.0000    0.0000  64.00
  65.00    1.1432E-01    0.1304   -0.0265   -0.1360    0.0649   -0.0026    0.0340    0.0000    0.0000    0.0000  65.00
  66.00    1.1121E-01    0.1333   -0.0296   -0.1374    0.0658   -0.0031    0.0337    0.0000    0.0000    0.0000  66.00
  67.00    1.0820E-01    0.1358   -0.0328   -0.1382    0.0664   -0.0037    0.0332    0.0000    0.0000    0.0000  67.00
  68.00    1.0527E-01    0.1380   -0.0360   -0.1383    0.0668   -0.0044    0.0327    0.0000    0.0000    0.0000  68.00
  69.00    1.0241E-01    0.1398   -0.0393   -0.1379    0.0668   -0.0051    0.0320    0.0000    0.0000    0.0000  69.00
  70.00    9.9610E-02    0.1412   -0.0428   -0.1369    0.0665   -0.0059    0.0313    0.0000    0.0000    0.0000  70.00
  71.00    9.6869E-02    0.1423   -0.0463   -0.1353    0.0660   -0.0067    0.0304    0.0000    0.0000    0.0000  71.00
  72.00    9.4184E-02    0.1432   -0.0500   -0.1332    0.0651   -0.0075    0.0295    0.0000    0.0000    0.0000  72.00
  73.00    9.1553E-02    0.1437   -0.0537   -0.1303    0.0639   -0.0084    0.0284    0.0000    0.0000    0.0000  73.00
  74.00    8.8976E-02    0.1439   -0.0575   -0.1267    0.0623   -0.0093    0.0272    0.0000    0.0000    0.0000  74.00
  75.00    8.6452E-02    0.1439   -0.0612   -0.1224    0.0604   -0.0101    0.0258    0.0000    0.0000    0.0000  75.00
  76.00    8.3980E-02    0.1436   -0.0648   -0.1171    0.0580   -0.0109    0.0242    0.0000    0.0000    0.0000  76.00
  77.00    8.1563E-02    0.1432   -0.0682   -0.1108    0.0551   -0.0116    0.0223    0.0000    0.0000    0.0000  77.00
  78.00    7.9202E-02    0.1426   -0.0712   -0.1035    0.0518   -0.0123    0.0201    0.0000    0.0000    0.0000  78.00
  79.00    7.6900E-02    0.1418   -0.0739   -0.0950    0.0479   -0.0129    0.0176    0.0000    0.0000    0.0000  79.00
  80.00    7.4660E-02    0.1408   -0.0762   -0.0853    0.0435   -0.0134    0.0147    0.0000    0.0000    0.0000  80.00
  81.00    7.2489E-02    0.1396   -0.0781   -0.0742    0.0385   -0.0137    0.0113    0.0000    0.0000    0.0000  81.00
  82.00    7.0390E-02    0.1381   -0.0794   -0.0619    0.0329   -0.0139    0.0076    0.0000    0.0000    0.0000  82.00
  83.00    6.8370E-02    0.1362   -0.0804   -0.0483    0.0267   -0.0139    0.0034    0.0000    0.0000    0.0000  83.00
  84.00    6.6434E-02    0.1338   -0.0812   -0.0334    0.0201   -0.0137   -0.0013    0.0000    0.0000    0.0000  84.00
  85.00    6.4586E-02    0.1308   -0.0817   -0.0174    0.0129   -0.0134   -0.0064    0.0000    0.0000    0.0000  85.00
  86.00    6.2828E-02    0.1270   -0.0824   -0.0004    0.0053   -0.0128   -0.0120    0.0000    0.0000    0.0000  86.00
  87.00    6.1161E-02    0.1223   -0.0832    0.0175   -0.0025   -0.0121   -0.0179    0.0000    0.0000    0.0000  87.00
  88.00    5.9585E-02    0.1165   -0.0846    0.0360   -0.0106   -0.0112   -0.0242    0.0000    0.0000    0.0000  88.00
  89.00    5.8095E-02    0.1096   -0.0867    0.0549   -0.0189   -0.0101   -0.0308    0.0000    0.0000    0.0000  89.00
0Tot-sig   2.7834E+00
1Inelastic  36S(d,p)@ 16MeV    4368 keV  0f5/2 unbound ZR                  0/00/00
    THETA  -2                               -1                                0                                1   THETA cos(theta)
     0.00  |++++++++++++++++++++++++++++++++|++++++++++++++++++++++++++++++++|++++++*+++++++++++++++++++++++++|+    0.00    1.0000
     1.00  +                                                                        *                          +    1.00    0.9998
     2.00  +                                                                         *                         +    2.00    0.9994
     3.00  +                                                                         *                         +    3.00    0.9986
     4.00  +                                                                         *                         +    4.00    0.9976
     5.00  +                                                                         *                         +    5.00    0.9962
     6.00  +                                                                         *                         +    6.00    0.9945
     7.00  +                                                                         *                         +    7.00    0.9925
     8.00  +                                                                         *                         +    8.00    0.9903
     9.00  +                                                                         *                         +    9.00    0.9877
    10.00  +                                                                         *                         +   10.00    0.9848
    11.00  +                                                                         *                         +   11.00    0.9816
    12.00  +                                                                          *                        +   12.00    0.9781
    13.00  +                                                                          *                        +   13.00    0.9744
    14.00  +                                                                          *                        +   14.00    0.9703
    15.00  +                                                                          *                        +   15.00    0.9659
    16.00  +                                                                         *                         +   16.00    0.9613
    17.00  +                                                                         *                         +   17.00    0.9563
    18.00  +                                                                         *                         +   18.00    0.9511
    19.00  +                                                                         *                         +   19.00    0.9455
    20.00  +                                                                         *                         +   20.00    0.9397
    21.00  +                                                                        *                          +   21.00    0.9336
    22.00  +                                                                        *                          +   22.00    0.9272
    23.00  +                                                                       *                           +   23.00    0.9205
    24.00  +                                                                       *                           +   24.00    0.9135
    25.00  +                                                                      *                            +   25.00    0.9063
    26.00  +                                                                      *                            +   26.00    0.8988
    27.00  +                                                                     *                             +   27.00    0.8910
    28.00  +                                                                    *                              +   28.00    0.8829
    29.00  +                                                                   *                               +   29.00    0.8746
    30.00  +                                                                   *                               +   30.00    0.8660
    31.00  +                                                                  *                                +   31.00    0.8572
    32.00  +                                                                 *                                 +   32.00    0.8480
    33.00  +                                                                *                                  +   33.00    0.8387
    34.00  +                                                               *                                   +   34.00    0.8290
    35.00  +                                                             *                                     +   35.00    0.8192
    36.00  +                                                            *                                      +   36.00    0.8090
    37.00  +                                                           *                                       +   37.00    0.7986
    38.00  +                                                          *                                        +   38.00    0.7880
    39.00  +                                                         *                                         +   39.00    0.7771
    40.00  +                                                        *                                          +   40.00    0.7660
    41.00  +                                                      *                                            +   41.00    0.7547
    42.00  +                                                     *                                             +   42.00    0.7431
    43.00  +                                                    *                                              +   43.00    0.7314
    44.00  +                                                  *                                                +   44.00    0.7193
    45.00  +                                                 *                                                 +   45.00    0.7071
    46.00  +                                                *                                                  +   46.00    0.6947
    47.00  +                                               *                                                   +   47.00    0.6820
    48.00  +                                              *                                                    +   48.00    0.6691
    49.00  +                                            *                                                      +   49.00    0.6561
    50.00  +                                           *                                                       +   50.00    0.6428
    51.00  +                                          *                                                        +   51.00    0.6293
    52.00  +                                         *                                                         +   52.00    0.6157
    53.00  +                                        *                                                          +   53.00    0.6018
    54.00  +                                        *                                                          +   54.00    0.5878
    55.00  +                                       *                                                           +   55.00    0.5736
    56.00  +                                      *                                                            +   56.00    0.5592
    57.00  +                                      *                                                            +   57.00    0.5446
    58.00  +                                     *                                                             +   58.00    0.5299
    59.00  +                                     *                                                             +   59.00    0.5150
    60.00  +                                    *                                                              +   60.00    0.5000
    61.00  +                                    *                                                              +   61.00    0.4848
    62.00  +                                   *                                                               +   62.00    0.4695
    63.00  +                                   *                                                               +   63.00    0.4540
    64.00  +                                  *                                                                +   64.00    0.4384
    65.00  +                                  *                                                                +   65.00    0.4226
    66.00  +                                  *                                                                +   66.00    0.4067
    67.00  +                                 *                                                                 +   67.00    0.3907
    68.00  +                                 *                                                                 +   68.00    0.3746
    69.00  +                                *                                                                  +   69.00    0.3584
    70.00  +                                *                                                                  +   70.00    0.3420
    71.00  +                                *                                                                  +   71.00    0.3256
    72.00  +                               *                                                                   +   72.00    0.3090
    73.00  +                               *                                                                   +   73.00    0.2924
    74.00  +                              *                                                                    +   74.00    0.2756
    75.00  +                              *                                                                    +   75.00    0.2588
    76.00  +                             *                                                                     +   76.00    0.2419
    77.00  +                             *                                                                     +   77.00    0.2250
    78.00  +                             *                                                                     +   78.00    0.2079
    79.00  +                            *                                                                      +   79.00    0.1908
    80.00  +                            *                                                                      +   80.00    0.1736
    81.00  +                           *                                                                       +   81.00    0.1564
    82.00  +                           *                                                                       +   82.00    0.1392
    83.00  +                           *                                                                       +   83.00    0.1219
    84.00  +                          *                                                                        +   84.00    0.1045
    85.00  +                          *                                                                        +   85.00    0.0872
    86.00  +                         *                                                                         +   86.00    0.0698
    87.00  +                         *                                                                         +   87.00    0.0523
    88.00  +                         *                                                                         +   88.00    0.0349
    89.00  |++++++++++++++++++++++++*+++++++|++++++++++++++++++++++++++++++++|++++++++++++++++++++++++++++++++|+   89.00    0.0175
    THETA  -2                               -1                                0                                1   THETA cos(theta)
1Asymmetry  36S(d,p)@ 16MeV    4368 keV  0f5/2 unbound ZR                  0/00/00
    THETA  -1                                                 0                                                 1  THETA cos(theta)
     0.00  |+++++++++++++++++++++++++++++++++++++++++++++++++*+++++++++++++++++++++++++++++++++++++++++++++++++|    0.00    1.0000
     1.00  +                                                 +*                                                +    1.00    0.9998
     2.00  +                                                 +*                                                +    2.00    0.9994
     3.00  +                                                 + *                                               +    3.00    0.9986
     4.00  +                                                 + *                                               +    4.00    0.9976
     5.00  +                                                 + *                                               +    5.00    0.9962
     6.00  +                                                 +  *                                              +    6.00    0.9945
     7.00  +                                                 +  *                                              +    7.00    0.9925
     8.00  +                                                 +  *                                              +    8.00    0.9903
     9.00  +                                                 +   *                                             +    9.00    0.9877
    10.00  +                                                 +   *                                             +   10.00    0.9848
    11.00  +                                                 +   *                                             +   11.00    0.9816
    12.00  +                                                 +   *                                             +   12.00    0.9781
    13.00  +                                                 +   *                                             +   13.00    0.9744
    14.00  +                                                 +   *                                             +   14.00    0.9703
    15.00  +                                                 +   *                                             +   15.00    0.9659
    16.00  +                                                 +   *                                             +   16.00    0.9613
    17.00  +                                                 +   *                                             +   17.00    0.9563
    18.00  +                                                 +   *                                             +   18.00    0.9511
    19.00  +                                                 +   *                                             +   19.00    0.9455
    20.00  +                                                 +   *                                             +   20.00    0.9397
    21.00  +                                                 +   *                                             +   21.00    0.9336
    22.00  +                                                 +   *                                             +   22.00    0.9272
    23.00  +                                                 +   *                                             +   23.00    0.9205
    24.00  +                                                 +   *                                             +   24.00    0.9135
    25.00  +                                                 +  *                                              +   25.00    0.9063
    26.00  +                                                 +  *                                              +   26.00    0.8988
    27.00  +                                                 +  *                                              +   27.00    0.8910
    28.00  +                                                 +  *                                              +   28.00    0.8829
    29.00  +                                                 + *                                               +   29.00    0.8746
    30.00  +                                                 + *                                               +   30.00    0.8660
    31.00  +                                                 + *                                               +   31.00    0.8572
    32.00  +                                                 + *                                               +   32.00    0.8480
    33.00  +                                                 +*                                                +   33.00    0.8387
    34.00  +                                                 +*                                                +   34.00    0.8290
    35.00  +                                                 +*                                                +   35.00    0.8192
    36.00  +                                                 *                                                 +   36.00    0.8090
    37.00  +                                                 *                                                 +   37.00    0.7986
    38.00  +                                                 *                                                 +   38.00    0.7880
    39.00  +                                                *+                                                 +   39.00    0.7771
    40.00  +                                                *+                                                 +   40.00    0.7660
    41.00  +                                                *+                                                 +   41.00    0.7547
    42.00  +                                                *+                                                 +   42.00    0.7431
    43.00  +                                                *+                                                 +   43.00    0.7314
    44.00  +                                                *+                                                 +   44.00    0.7193
    45.00  +                                               * +                                                 +   45.00    0.7071
    46.00  +                                               * +                                                 +   46.00    0.6947
    47.00  +                                                *+                                                 +   47.00    0.6820
    48.00  +                                                *+                                                 +   48.00    0.6691
    49.00  +                                                *+                                                 +   49.00    0.6561
    50.00  +                                                *+                                                 +   50.00    0.6428
    51.00  +                                                *+                                                 +   51.00    0.6293
    52.00  +                                                *+                                                 +   52.00    0.6157
    53.00  +                                                *+                                                 +   53.00    0.6018
    54.00  +                                                *+                                                 +   54.00    0.5878
    55.00  +                                                 *                                                 +   55.00    0.5736
    56.00  +                                                 *                                                 +   56.00    0.5592
    57.00  +                                                 *                                                 +   57.00    0.5446
    58.00  +                                                 *                                                 +   58.00    0.5299
    59.00  +                                                *+                                                 +   59.00    0.5150
    60.00  +                                                *+                                                 +   60.00    0.5000
    61.00  +                                                *+                                                 +   61.00    0.4848
    62.00  +                                                *+                                                 +   62.00    0.4695
    63.00  +                                                *+                                                 +   63.00    0.4540
    64.00  +                                                *+                                                 +   64.00    0.4384
    65.00  +                                                *+                                                 +   65.00    0.4226
    66.00  +                                                *+                                                 +   66.00    0.4067
    67.00  +                                               * +                                                 +   67.00    0.3907
    68.00  +                                               * +                                                 +   68.00    0.3746
    69.00  +                                               * +                                                 +   69.00    0.3584
    70.00  +                                               * +                                                 +   70.00    0.3420
    71.00  +                                               * +                                                 +   71.00    0.3256
    72.00  +                                              *  +                                                 +   72.00    0.3090
    73.00  +                                              *  +                                                 +   73.00    0.2924
    74.00  +                                              *  +                                                 +   74.00    0.2756
    75.00  +                                              *  +                                                 +   75.00    0.2588
    76.00  +                                              *  +                                                 +   76.00    0.2419
    77.00  +                                              *  +                                                 +   77.00    0.2250
    78.00  +                                             *   +                                                 +   78.00    0.2079
    79.00  +                                             *   +                                                 +   79.00    0.1908
    80.00  +                                             *   +                                                 +   80.00    0.1736
    81.00  +                                             *   +                                                 +   81.00    0.1564
    82.00  +                                             *   +                                                 +   82.00    0.1392
    83.00  +                                             *   +                                                 +   83.00    0.1219
    84.00  +                                             *   +                                                 +   84.00    0.1045
    85.00  +                                             *   +                                                 +   85.00    0.0872
    86.00  +                                             *   +                                                 +   86.00    0.0698
    87.00  +                                             *   +                                                 +   87.00    0.0523
    88.00  +                                             *   +                                                 +   88.00    0.0349
    89.00  |+++++++++++++++++++++++++++++++++++++++++++++*+++|+++++++++++++++++++++++++++++++++++++++++++++++++|   89.00    0.0175
    THETA  -1                                                 0                                                 1  THETA cos(theta)
1DWUCK4-DISTORTED WAVES U.COLORADO- PC-VERSION  12/Jan /1995
 Elapsed time in seconds =   0.00
 Elapsed time in seconds =   0.00
0CONTROL INTEGERS
  1 2 3 4 5 6 7 8 9 A B C D E F G H I J K    RUN IDENTIFICATION                                             0/00/00   0.00.00
  1 0 1 1 0 0 0 0 3 0 0 0 0 0 0 0 0 0 0 0    36S(d,p)@ 16MeV    4411 keV  0f5/2 unbound ZR               
 36S(d,p)@ 16MeV    4411 keV  0f5/2 unbound ZR               
 Adwck4 entered
0ANGLE DATA          THETN=  90.0000   THET1=   0.0000   DTHET=   1.0000   A-ANG=   0.0000   B-ANG=   0.0000
0CARD SET 3 DATA     LMAX =  15          LTR=   3
                     NLTR =   1        2*JTR=   5
0CARD SET 4 DATA     DRF  =   0.1000   RZ   =   0.0000   RMAX = -15.0000   VCE  =   0.0000   FNRNG=   0.0000
 PARTICLE DATA 
0PARTICLE 1*******************************************************************************************************************
 INPUT DATA          ELAB =  16.0000   RC0  =   1.3030   AC   =   0.0000   2*STR=   2.0000
                     MASSP=   2.0000   MASST=  36.0000   Q    =   0.0000
                     ZP   =   1.0000   ZT   =  16.0000   PNLOC=   0.0000
 
 DERIVED DATA        ECM  =  15.1579   RC   =   4.3024   RHO  =   5.0434
                     K    =   1.1722   ETA  =   0.8909   DR   =   0.1000
0POTENTIAL PARAMETERS
 NX=1 VOLUME  W-S    V RL = -92.9760   R0RL =   1.1500   A RL =   0.7610   R RL =   3.7972   VSOR =   0.0000
                     V IM =  -1.6020   R0IM =   1.3350   A IM =   0.5250   R IM =   4.4081   VSOI =   0.0000   POWR =   0.0000
 NX=2 SURFACE W-S    V RL =   0.0000   R0RL =   0.0000   A RL =   0.0000   R RL =   0.0000   VSOR =   0.0000
                     V IM =  49.7950   R0IM =   1.3800   A IM =   0.7360   R IM =   4.5567   VSOI =   0.0000   POWR =   0.0000
 NX=4 L*S VOLUME     V RL = -14.2280   R0RL =   0.9720   A RL =   1.0110   R RL =   3.2095   VSOR =   0.0000
                     V IM =   0.0000   R0IM =   0.0000   A IM =   0.0000   R IM =   0.0000   VSOI =   0.0000   POWR =   0.0000
0PARTICLE 2*******************************************************************************************************************
 INPUT DATA          ELAB =  13.1725   RC0  =   1.2920   AC   =   0.0000   2*STR=   1.0000
                     MASSP=   1.0000   MASST=  37.0000   Q    =  -2.3320
                     ZP   =   1.0000   ZT   =  16.0000   PNLOC=   0.0000
 
 DERIVED DATA        ECM  =  12.8259   RC   =   4.3052   RHO  =   3.3279
                     K    =   0.7730   ETA  =   0.6943   DR   =   0.0973
0POTENTIAL PARAMETERS
 NX=1 VOLUME  W-S    V RL = -58.0350   R0RL =   1.1820   A RL =   0.6720   R RL =   3.9387   VSOR =   0.0000
                     V IM =  -1.1430   R0IM =   1.1820   A IM =   0.6720   R IM =   3.9387   VSOI =   0.0000   POWR =   0.0000
 NX=2 SURFACE W-S    V RL =   0.0000   R0RL =   0.0000   A RL =   0.0000   R RL =   0.0000   VSOR =   0.0000
                     V IM =  36.6670   R0IM =   1.2900   A IM =   0.5380   R IM =   4.2986   VSOI =   0.0000   POWR =   0.0000
 NX=4 L*S VOLUME     V RL = -22.4560   R0RL =   0.9910   A RL =   0.5900   R RL =   3.3022   VSOR =   0.0000
                     V IM =   0.2400   R0IM =   0.9910   A IM =   0.5900   R IM =   3.3022   VSOI =   0.0000   POWR =   0.0000
136S(d,p)@ 16MeV    4411 keV  0f5/2 unbound ZR                  0/ 0/ 0
0FORM FACTOR DATA 
0PARTICLE 3*******************************************************************************************************************
 INPUT DATA          ELAB =   0.1070   RC0  =   1.3000   AC   =   0.0000   2*STR=   1.0000
                     MASSP=   1.0000   MASST=  36.0000   Q    =   0.1070
                     ZP   =   0.0000   ZT   =  16.0000   PNLOC=   0.0000
 
 DERIVED DATA        ECM  =   0.1070   RC   =   4.2925   RHO  =   0.3030
                     K    =   0.0706   ETA  =   0.0000   DR   =   0.1000
0POTENTIAL PARAMETERS
 NX=1 VOLUME  W-S    V RL =  -1.0000   R0RL =   1.2800   A RL =   0.6500   R RL =   4.2265   VSOR =  24.0000
                     V IM =   0.0000   R0IM =   0.0000   A IM =   0.0000   R IM =   0.0000   VSOI =   0.0000   POWR =   0.0000
 
                     NODES=   0.0000   L    =   3.0000   2*J  =   5.0000   2*S  =   1.0000   FISW =   0.0000
 
0SINGLE PARTICLE WIDTH = 6.1281E -6  MEV     VOLUME TERM =  4.9407E+05     SURFACE TERM =  7.2394E+02
                     V    =  50.6945   DET  =   0.0000   NODES=   0.0000   RM   =   4.8500   E    =   0.1070   ITER.=   4
0*****  Warning  *****  CLASSICAL TURNING POINT FOR BOUNDSTATE = 49.0828  IS GREATER THAN RMAX =-15.0000
0                    LMAX =  15        NSTEP= 150        NLTR =   1
 Bdwck4 entered
   Subroutine INTEG  entered
0REACSIG 1   1.50588E+02                                             REACSIG 2   9.82037E+01
   Subroutine RADINT entered
136S(d,p)@ 16MeV    4411 keV  0f5/2 unbound ZR                  0/00/00
0BASIC DATA          DR   =   0.1000   RMIN =   0.0000   RMAX =  15.0000   COUEX=   0.0000     IS1=   1.0000
                     FNRNG=   0.0000   PNLC1=   0.0000   PNLC2=   0.0000   PNLC3=   0.0000     IS2=   0.5000
 ANG MOM TRANSFER    LTR  =   3.       2*JTR=   5.       2*STR=   1.       Q    =  -2.3320
   Subroutine INSIG  entered
0 Theta Inelsig,fm**2      Polz       Asy       Ayy       A22       A21       A20       T22       T21       T20  Theta
   0.00    1.7229E+00    0.0000    0.0000    0.0085    0.0000    0.0000   -0.0113    0.0000    0.0000    0.0000   0.00
   1.00    1.7245E+00    0.0053    0.0105    0.0087   -0.0001   -0.0002   -0.0114    0.0000    0.0000    0.0000   1.00
   2.00    1.7292E+00    0.0104    0.0207    0.0094   -0.0004   -0.0005   -0.0117    0.0000    0.0000    0.0000   2.00
   3.00    1.7368E+00    0.0154    0.0306    0.0105   -0.0009   -0.0007   -0.0120    0.0000    0.0000    0.0000   3.00
   4.00    1.7470E+00    0.0202    0.0400    0.0120   -0.0016   -0.0009   -0.0126    0.0000    0.0000    0.0000   4.00
   5.00    1.7592E+00    0.0246    0.0487    0.0139   -0.0024   -0.0012   -0.0132    0.0000    0.0000    0.0000   5.00
   6.00    1.7730E+00    0.0287    0.0566    0.0160   -0.0033   -0.0014   -0.0139    0.0000    0.0000    0.0000   6.00
   7.00    1.7876E+00    0.0324    0.0636    0.0184   -0.0044   -0.0016   -0.0147    0.0000    0.0000    0.0000   7.00
   8.00    1.8024E+00    0.0356    0.0698    0.0209   -0.0054   -0.0018   -0.0156    0.0000    0.0000    0.0000   8.00
   9.00    1.8164E+00    0.0384    0.0751    0.0234   -0.0066   -0.0020   -0.0164    0.0000    0.0000    0.0000   9.00
  10.00    1.8289E+00    0.0408    0.0795    0.0260   -0.0077   -0.0022   -0.0173    0.0000    0.0000    0.0000  10.00
  11.00    1.8391E+00    0.0428    0.0831    0.0285   -0.0088   -0.0024   -0.0182    0.0000    0.0000    0.0000  11.00
  12.00    1.8462E+00    0.0444    0.0859    0.0309   -0.0098   -0.0026   -0.0190    0.0000    0.0000    0.0000  12.00
  13.00    1.8493E+00    0.0456    0.0879    0.0333   -0.0109   -0.0028   -0.0198    0.0000    0.0000    0.0000  13.00
  14.00    1.8479E+00    0.0465    0.0892    0.0354   -0.0118   -0.0030   -0.0206    0.0000    0.0000    0.0000  14.00
  15.00    1.8413E+00    0.0470    0.0899    0.0374   -0.0127   -0.0032   -0.0213    0.0000    0.0000    0.0000  15.00
  16.00    1.8291E+00    0.0473    0.0900    0.0393   -0.0134   -0.0034   -0.0220    0.0000    0.0000    0.0000  16.00
  17.00    1.8109E+00    0.0472    0.0896    0.0409   -0.0141   -0.0036   -0.0226    0.0000    0.0000    0.0000  17.00
  18.00    1.7866E+00    0.0469    0.0887    0.0423   -0.0148   -0.0038   -0.0231    0.0000    0.0000    0.0000  18.00
  19.00    1.7561E+00    0.0463    0.0874    0.0436   -0.0153   -0.0040   -0.0235    0.0000    0.0000    0.0000  19.00
  20.00    1.7194E+00    0.0454    0.0856    0.0446   -0.0157   -0.0042   -0.0239    0.0000    0.0000    0.0000  20.00
  21.00    1.6768E+00    0.0443    0.0835    0.0455   -0.0161   -0.0045   -0.0243    0.0000    0.0000    0.0000  21.00
  22.00    1.6288E+00    0.0430    0.0809    0.0462   -0.0164   -0.0047   -0.0245    0.0000    0.0000    0.0000  22.00
  23.00    1.5756E+00    0.0414    0.0780    0.0468   -0.0167   -0.0049   -0.0247    0.0000    0.0000    0.0000  23.00
  24.00    1.5180E+00    0.0397    0.0747    0.0472   -0.0168   -0.0052   -0.0249    0.0000    0.0000    0.0000  24.00
  25.00    1.4566E+00    0.0376    0.0711    0.0474   -0.0169   -0.0054   -0.0250    0.0000    0.0000    0.0000  25.00
  26.00    1.3921E+00    0.0354    0.0670    0.0475   -0.0170   -0.0057   -0.0250    0.0000    0.0000    0.0000  26.00
  27.00    1.3252E+00    0.0329    0.0626    0.0475   -0.0170   -0.0059   -0.0249    0.0000    0.0000    0.0000  27.00
  28.00    1.2566E+00    0.0302    0.0578    0.0473   -0.0169   -0.0062   -0.0248    0.0000    0.0000    0.0000  28.00
  29.00    1.1870E+00    0.0273    0.0527    0.0470   -0.0168   -0.0065   -0.0247    0.0000    0.0000    0.0000  29.00
  30.00    1.1173E+00    0.0242    0.0472    0.0466   -0.0167   -0.0067   -0.0244    0.0000    0.0000    0.0000  30.00
  31.00    1.0480E+00    0.0210    0.0415    0.0461   -0.0165   -0.0070   -0.0241    0.0000    0.0000    0.0000  31.00
  32.00    9.7964E-01    0.0177    0.0354    0.0455   -0.0163   -0.0073   -0.0237    0.0000    0.0000    0.0000  32.00
  33.00    9.1284E-01    0.0142    0.0292    0.0448   -0.0161   -0.0075   -0.0233    0.0000    0.0000    0.0000  33.00
  34.00    8.4804E-01    0.0108    0.0228    0.0439   -0.0158   -0.0078   -0.0228    0.0000    0.0000    0.0000  34.00
  35.00    7.8562E-01    0.0075    0.0163    0.0428   -0.0155   -0.0080   -0.0221    0.0000    0.0000    0.0000  35.00
  36.00    7.2590E-01    0.0043    0.0099    0.0416   -0.0151   -0.0082   -0.0214    0.0000    0.0000    0.0000  36.00
  37.00    6.6912E-01    0.0013    0.0037    0.0402   -0.0146   -0.0084   -0.0206    0.0000    0.0000    0.0000  37.00
  38.00    6.1547E-01   -0.0012   -0.0023    0.0385   -0.0140   -0.0086   -0.0196    0.0000    0.0000    0.0000  38.00
  39.00    5.6508E-01   -0.0034   -0.0079    0.0366   -0.0133   -0.0087   -0.0185    0.0000    0.0000    0.0000  39.00
  40.00    5.1802E-01   -0.0049   -0.0129    0.0342   -0.0125   -0.0088   -0.0172    0.0000    0.0000    0.0000  40.00
  41.00    4.7433E-01   -0.0057   -0.0172    0.0315   -0.0115   -0.0089   -0.0158    0.0000    0.0000    0.0000  41.00
  42.00    4.3399E-01   -0.0057   -0.0207    0.0282   -0.0102   -0.0089   -0.0141    0.0000    0.0000    0.0000  42.00
  43.00    3.9697E-01   -0.0048   -0.0233    0.0243   -0.0088   -0.0088   -0.0123    0.0000    0.0000    0.0000  43.00
  44.00    3.6317E-01   -0.0028   -0.0250    0.0198   -0.0070   -0.0086   -0.0102    0.0000    0.0000    0.0000  44.00
  45.00    3.3251E-01    0.0003   -0.0257    0.0145   -0.0049   -0.0084   -0.0079    0.0000    0.0000    0.0000  45.00
  46.00    3.0485E-01    0.0044   -0.0253    0.0084   -0.0024   -0.0081   -0.0054    0.0000    0.0000    0.0000  46.00
  47.00    2.8004E-01    0.0098   -0.0241    0.0015    0.0004   -0.0077   -0.0026    0.0000    0.0000    0.0000  47.00
  48.00    2.5793E-01    0.0161   -0.0221   -0.0062    0.0037   -0.0073    0.0004    0.0000    0.0000    0.0000  48.00
  49.00    2.3833E-01    0.0234   -0.0195   -0.0148    0.0074   -0.0067    0.0035    0.0000    0.0000    0.0000  49.00
  50.00    2.2105E-01    0.0315   -0.0165   -0.0240    0.0114   -0.0061    0.0067    0.0000    0.0000    0.0000  50.00
  51.00    2.0590E-01    0.0402   -0.0134   -0.0339    0.0157   -0.0055    0.0101    0.0000    0.0000    0.0000  51.00
  52.00    1.9268E-01    0.0492   -0.0104   -0.0441    0.0202   -0.0049    0.0133    0.0000    0.0000    0.0000  52.00
  53.00    1.8117E-01    0.0584   -0.0077   -0.0545    0.0249   -0.0042    0.0165    0.0000    0.0000    0.0000  53.00
  54.00    1.7118E-01    0.0675   -0.0056   -0.0648    0.0297   -0.0036    0.0196    0.0000    0.0000    0.0000  54.00
  55.00    1.6250E-01    0.0762   -0.0042   -0.0749    0.0344   -0.0030    0.0223    0.0000    0.0000    0.0000  55.00
  56.00    1.5496E-01    0.0844   -0.0035   -0.0845    0.0389   -0.0025    0.0248    0.0000    0.0000    0.0000  56.00
  57.00    1.4837E-01    0.0921   -0.0036   -0.0934    0.0431   -0.0020    0.0270    0.0000    0.0000    0.0000  57.00
  58.00    1.4258E-01    0.0992   -0.0044   -0.1015    0.0471   -0.0017    0.0288    0.0000    0.0000    0.0000  58.00
  59.00    1.3745E-01    0.1055   -0.0059   -0.1088    0.0507   -0.0015    0.0303    0.0000    0.0000    0.0000  59.00
  60.00    1.3283E-01    0.1113   -0.0079   -0.1150    0.0538   -0.0014    0.0314    0.0000    0.0000    0.0000  60.00
  61.00    1.2863E-01    0.1164   -0.0103   -0.1204    0.0566   -0.0014    0.0321    0.0000    0.0000    0.0000  61.00
  62.00    1.2476E-01    0.1210   -0.0129   -0.1248    0.0590   -0.0015    0.0326    0.0000    0.0000    0.0000  62.00
  63.00    1.2115E-01    0.1251   -0.0158   -0.1283    0.0609   -0.0017    0.0328    0.0000    0.0000    0.0000  63.00
  64.00    1.1772E-01    0.1288   -0.0188   -0.1310    0.0625   -0.0020    0.0328    0.0000    0.0000    0.0000  64.00
  65.00    1.1446E-01    0.1321   -0.0218   -0.1330    0.0637   -0.0024    0.0327    0.0000    0.0000    0.0000  65.00
  66.00    1.1131E-01    0.1350   -0.0249   -0.1343    0.0646   -0.0029    0.0323    0.0000    0.0000    0.0000  66.00
  67.00    1.0825E-01    0.1375   -0.0280   -0.1349    0.0651   -0.0035    0.0319    0.0000    0.0000    0.0000  67.00
  68.00    1.0528E-01    0.1397   -0.0312   -0.1350    0.0654   -0.0041    0.0313    0.0000    0.0000    0.0000  68.00
  69.00    1.0238E-01    0.1416   -0.0345   -0.1345    0.0654   -0.0048    0.0306    0.0000    0.0000    0.0000  69.00
  70.00    9.9548E-02    0.1432   -0.0379   -0.1334    0.0651   -0.0056    0.0299    0.0000    0.0000    0.0000  70.00
  71.00    9.6774E-02    0.1444   -0.0414   -0.1318    0.0645   -0.0064    0.0290    0.0000    0.0000    0.0000  71.00
  72.00    9.4057E-02    0.1453   -0.0450   -0.1296    0.0636   -0.0072    0.0281    0.0000    0.0000    0.0000  72.00
  73.00    9.1396E-02    0.1459   -0.0486   -0.1267    0.0624   -0.0081    0.0270    0.0000    0.0000    0.0000  73.00
  74.00    8.8790E-02    0.1462   -0.0523   -0.1232    0.0608   -0.0089    0.0258    0.0000    0.0000    0.0000  74.00
  75.00    8.6238E-02    0.1463   -0.0559   -0.1188    0.0589   -0.0097    0.0244    0.0000    0.0000    0.0000  75.00
  76.00    8.3741E-02    0.1462   -0.0593   -0.1136    0.0565   -0.0105    0.0228    0.0000    0.0000    0.0000  76.00
  77.00    8.1299E-02    0.1460   -0.0626   -0.1074    0.0537   -0.0112    0.0209    0.0000    0.0000    0.0000  77.00
  78.00    7.8915E-02    0.1455   -0.0655   -0.1001    0.0504   -0.0119    0.0188    0.0000    0.0000    0.0000  78.00
  79.00    7.6591E-02    0.1449   -0.0680   -0.0917    0.0465   -0.0124    0.0163    0.0000    0.0000    0.0000  79.00
  80.00    7.4331E-02    0.1442   -0.0701   -0.0821    0.0421   -0.0129    0.0134    0.0000    0.0000    0.0000  80.00
  81.00    7.2141E-02    0.1432   -0.0717   -0.0712    0.0372   -0.0132    0.0102    0.0000    0.0000    0.0000  81.00
  82.00    7.0025E-02    0.1419   -0.0728   -0.0590    0.0317   -0.0134    0.0065    0.0000    0.0000    0.0000  82.00
  83.00    6.7989E-02    0.1402   -0.0736   -0.0455    0.0256   -0.0133    0.0023    0.0000    0.0000    0.0000  83.00
  84.00    6.6038E-02    0.1381   -0.0740   -0.0308    0.0189   -0.0132   -0.0023    0.0000    0.0000    0.0000  84.00
  85.00    6.4178E-02    0.1353   -0.0743   -0.0149    0.0118   -0.0128   -0.0073    0.0000    0.0000    0.0000  85.00
  86.00    6.2409E-02    0.1317   -0.0747    0.0020    0.0043   -0.0122   -0.0128    0.0000    0.0000    0.0000  86.00
  87.00    6.0735E-02    0.1272   -0.0753    0.0198   -0.0035   -0.0115   -0.0187    0.0000    0.0000    0.0000  87.00
  88.00    5.9152E-02    0.1216   -0.0764    0.0381   -0.0116   -0.0105   -0.0250    0.0000    0.0000    0.0000  88.00
  89.00    5.7658E-02    0.1149   -0.0783    0.0569   -0.0197   -0.0094   -0.0315    0.0000    0.0000    0.0000  89.00
0Tot-sig   2.7991E+00
1Inelastic  36S(d,p)@ 16MeV    4411 keV  0f5/2 unbound ZR                  0/00/00
    THETA  -2                               -1                                0                                1   THETA cos(theta)
     0.00  |++++++++++++++++++++++++++++++++|++++++++++++++++++++++++++++++++|+++++++*++++++++++++++++++++++++|+    0.00    1.0000
     1.00  +                                                                         *                         +    1.00    0.9998
     2.00  +                                                                         *                         +    2.00    0.9994
     3.00  +                                                                         *                         +    3.00    0.9986
     4.00  +                                                                         *                         +    4.00    0.9976
     5.00  +                                                                         *                         +    5.00    0.9962
     6.00  +                                                                         *                         +    6.00    0.9945
     7.00  +                                                                         *                         +    7.00    0.9925
     8.00  +                                                                         *                         +    8.00    0.9903
     9.00  +                                                                          *                        +    9.00    0.9877
    10.00  +                                                                          *                        +   10.00    0.9848
    11.00  +                                                                          *                        +   11.00    0.9816
    12.00  +                                                                          *                        +   12.00    0.9781
    13.00  +                                                                          *                        +   13.00    0.9744
    14.00  +                                                                          *                        +   14.00    0.9703
    15.00  +                                                                          *                        +   15.00    0.9659
    16.00  +                                                                          *                        +   16.00    0.9613
    17.00  +                                                                          *                        +   17.00    0.9563
    18.00  +                                                                         *                         +   18.00    0.9511
    19.00  +                                                                         *                         +   19.00    0.9455
    20.00  +                                                                         *                         +   20.00    0.9397
    21.00  +                                                                        *                          +   21.00    0.9336
    22.00  +                                                                        *                          +   22.00    0.9272
    23.00  +                                                                        *                          +   23.00    0.9205
    24.00  +                                                                       *                           +   24.00    0.9135
    25.00  +                                                                      *                            +   25.00    0.9063
    26.00  +                                                                      *                            +   26.00    0.8988
    27.00  +                                                                     *                             +   27.00    0.8910
    28.00  +                                                                    *                              +   28.00    0.8829
    29.00  +                                                                   *                               +   29.00    0.8746
    30.00  +                                                                   *                               +   30.00    0.8660
    31.00  +                                                                  *                                +   31.00    0.8572
    32.00  +                                                                 *                                 +   32.00    0.8480
    33.00  +                                                                *                                  +   33.00    0.8387
    34.00  +                                                               *                                   +   34.00    0.8290
    35.00  +                                                              *                                    +   35.00    0.8192
    36.00  +                                                            *                                      +   36.00    0.8090
    37.00  +                                                           *                                       +   37.00    0.7986
    38.00  +                                                          *                                        +   38.00    0.7880
    39.00  +                                                         *                                         +   39.00    0.7771
    40.00  +                                                        *                                          +   40.00    0.7660
    41.00  +                                                      *                                            +   41.00    0.7547
    42.00  +                                                     *                                             +   42.00    0.7431
    43.00  +                                                    *                                              +   43.00    0.7314
    44.00  +                                                  *                                                +   44.00    0.7193
    45.00  +                                                 *                                                 +   45.00    0.7071
    46.00  +                                                *                                                  +   46.00    0.6947
    47.00  +                                               *                                                   +   47.00    0.6820
    48.00  +                                              *                                                    +   48.00    0.6691
    49.00  +                                            *                                                      +   49.00    0.6561
    50.00  +                                           *                                                       +   50.00    0.6428
    51.00  +                                          *                                                        +   51.00    0.6293
    52.00  +                                         *                                                         +   52.00    0.6157
    53.00  +                                         *                                                         +   53.00    0.6018
    54.00  +                                        *                                                          +   54.00    0.5878
    55.00  +                                       *                                                           +   55.00    0.5736
    56.00  +                                      *                                                            +   56.00    0.5592
    57.00  +                                      *                                                            +   57.00    0.5446
    58.00  +                                     *                                                             +   58.00    0.5299
    59.00  +                                     *                                                             +   59.00    0.5150
    60.00  +                                    *                                                              +   60.00    0.5000
    61.00  +                                    *                                                              +   61.00    0.4848
    62.00  +                                   *                                                               +   62.00    0.4695
    63.00  +                                   *                                                               +   63.00    0.4540
    64.00  +                                  *                                                                +   64.00    0.4384
    65.00  +                                  *                                                                +   65.00    0.4226
    66.00  +                                  *                                                                +   66.00    0.4067
    67.00  +                                 *                                                                 +   67.00    0.3907
    68.00  +                                 *                                                                 +   68.00    0.3746
    69.00  +                                *                                                                  +   69.00    0.3584
    70.00  +                                *                                                                  +   70.00    0.3420
    71.00  +                                *                                                                  +   71.00    0.3256
    72.00  +                               *                                                                   +   72.00    0.3090
    73.00  +                               *                                                                   +   73.00    0.2924
    74.00  +                              *                                                                    +   74.00    0.2756
    75.00  +                              *                                                                    +   75.00    0.2588
    76.00  +                             *                                                                     +   76.00    0.2419
    77.00  +                             *                                                                     +   77.00    0.2250
    78.00  +                             *                                                                     +   78.00    0.2079
    79.00  +                            *                                                                      +   79.00    0.1908
    80.00  +                            *                                                                      +   80.00    0.1736
    81.00  +                           *                                                                       +   81.00    0.1564
    82.00  +                           *                                                                       +   82.00    0.1392
    83.00  +                          *                                                                        +   83.00    0.1219
    84.00  +                          *                                                                        +   84.00    0.1045
    85.00  +                          *                                                                        +   85.00    0.0872
    86.00  +                         *                                                                         +   86.00    0.0698
    87.00  +                         *                                                                         +   87.00    0.0523
    88.00  +                        *                                                                          +   88.00    0.0349
    89.00  |++++++++++++++++++++++++*+++++++|++++++++++++++++++++++++++++++++|++++++++++++++++++++++++++++++++|+   89.00    0.0175
    THETA  -2                               -1                                0                                1   THETA cos(theta)
1Asymmetry  36S(d,p)@ 16MeV    4411 keV  0f5/2 unbound ZR                  0/00/00
    THETA  -1                                                 0                                                 1  THETA cos(theta)
     0.00  |+++++++++++++++++++++++++++++++++++++++++++++++++*+++++++++++++++++++++++++++++++++++++++++++++++++|    0.00    1.0000
     1.00  +                                                 +*                                                +    1.00    0.9998
     2.00  +                                                 +*                                                +    2.00    0.9994
     3.00  +                                                 + *                                               +    3.00    0.9986
     4.00  +                                                 + *                                               +    4.00    0.9976
     5.00  +                                                 + *                                               +    5.00    0.9962
     6.00  +                                                 +  *                                              +    6.00    0.9945
     7.00  +                                                 +  *                                              +    7.00    0.9925
     8.00  +                                                 +  *                                              +    8.00    0.9903
     9.00  +                                                 +   *                                             +    9.00    0.9877
    10.00  +                                                 +   *                                             +   10.00    0.9848
    11.00  +                                                 +   *                                             +   11.00    0.9816
    12.00  +                                                 +   *                                             +   12.00    0.9781
    13.00  +                                                 +   *                                             +   13.00    0.9744
    14.00  +                                                 +   *                                             +   14.00    0.9703
    15.00  +                                                 +   *                                             +   15.00    0.9659
    16.00  +                                                 +    *                                            +   16.00    0.9613
    17.00  +                                                 +   *                                             +   17.00    0.9563
    18.00  +                                                 +   *                                             +   18.00    0.9511
    19.00  +                                                 +   *                                             +   19.00    0.9455
    20.00  +                                                 +   *                                             +   20.00    0.9397
    21.00  +                                                 +   *                                             +   21.00    0.9336
    22.00  +                                                 +   *                                             +   22.00    0.9272
    23.00  +                                                 +   *                                             +   23.00    0.9205
    24.00  +                                                 +   *                                             +   24.00    0.9135
    25.00  +                                                 +   *                                             +   25.00    0.9063
    26.00  +                                                 +  *                                              +   26.00    0.8988
    27.00  +                                                 +  *                                              +   27.00    0.8910
    28.00  +                                                 +  *                                              +   28.00    0.8829
    29.00  +                                                 +  *                                              +   29.00    0.8746
    30.00  +                                                 + *                                               +   30.00    0.8660
    31.00  +                                                 + *                                               +   31.00    0.8572
    32.00  +                                                 + *                                               +   32.00    0.8480
    33.00  +                                                 +*                                                +   33.00    0.8387
    34.00  +                                                 +*                                                +   34.00    0.8290
    35.00  +                                                 +*                                                +   35.00    0.8192
    36.00  +                                                 *                                                 +   36.00    0.8090
    37.00  +                                                 *                                                 +   37.00    0.7986
    38.00  +                                                 *                                                 +   38.00    0.7880
    39.00  +                                                 *                                                 +   39.00    0.7771
    40.00  +                                                *+                                                 +   40.00    0.7660
    41.00  +                                                *+                                                 +   41.00    0.7547
    42.00  +                                                *+                                                 +   42.00    0.7431
    43.00  +                                                *+                                                 +   43.00    0.7314
    44.00  +                                                *+                                                 +   44.00    0.7193
    45.00  +                                                *+                                                 +   45.00    0.7071
    46.00  +                                                *+                                                 +   46.00    0.6947
    47.00  +                                                *+                                                 +   47.00    0.6820
    48.00  +                                                *+                                                 +   48.00    0.6691
    49.00  +                                                *+                                                 +   49.00    0.6561
    50.00  +                                                *+                                                 +   50.00    0.6428
    51.00  +                                                *+                                                 +   51.00    0.6293
    52.00  +                                                *+                                                 +   52.00    0.6157
    53.00  +                                                 *                                                 +   53.00    0.6018
    54.00  +                                                 *                                                 +   54.00    0.5878
    55.00  +                                                 *                                                 +   55.00    0.5736
    56.00  +                                                 *                                                 +   56.00    0.5592
    57.00  +                                                 *                                                 +   57.00    0.5446
    58.00  +                                                 *                                                 +   58.00    0.5299
    59.00  +                                                 *                                                 +   59.00    0.5150
    60.00  +                                                 *                                                 +   60.00    0.5000
    61.00  +                                                *+                                                 +   61.00    0.4848
    62.00  +                                                *+                                                 +   62.00    0.4695
    63.00  +                                                *+                                                 +   63.00    0.4540
    64.00  +                                                *+                                                 +   64.00    0.4384
    65.00  +                                                *+                                                 +   65.00    0.4226
    66.00  +                                                *+                                                 +   66.00    0.4067
    67.00  +                                                *+                                                 +   67.00    0.3907
    68.00  +                                               * +                                                 +   68.00    0.3746
    69.00  +                                               * +                                                 +   69.00    0.3584
    70.00  +                                               * +                                                 +   70.00    0.3420
    71.00  +                                               * +                                                 +   71.00    0.3256
    72.00  +                                               * +                                                 +   72.00    0.3090
    73.00  +                                               * +                                                 +   73.00    0.2924
    74.00  +                                              *  +                                                 +   74.00    0.2756
    75.00  +                                              *  +                                                 +   75.00    0.2588
    76.00  +                                              *  +                                                 +   76.00    0.2419
    77.00  +                                              *  +                                                 +   77.00    0.2250
    78.00  +                                              *  +                                                 +   78.00    0.2079
    79.00  +                                              *  +                                                 +   79.00    0.1908
    80.00  +                                             *   +                                                 +   80.00    0.1736
    81.00  +                                             *   +                                                 +   81.00    0.1564
    82.00  +                                             *   +                                                 +   82.00    0.1392
    83.00  +                                             *   +                                                 +   83.00    0.1219
    84.00  +                                             *   +                                                 +   84.00    0.1045
    85.00  +                                             *   +                                                 +   85.00    0.0872
    86.00  +                                             *   +                                                 +   86.00    0.0698
    87.00  +                                             *   +                                                 +   87.00    0.0523
    88.00  +                                             *   +                                                 +   88.00    0.0349
    89.00  |+++++++++++++++++++++++++++++++++++++++++++++*+++|+++++++++++++++++++++++++++++++++++++++++++++++++|   89.00    0.0175
    THETA  -1                                                 0                                                 1  THETA cos(theta)
1DWUCK4-DISTORTED WAVES U.COLORADO- PC-VERSION  12/Jan /1995
 Elapsed time in seconds =   0.00
 Elapsed time in seconds =   0.00
0CONTROL INTEGERS
  1 2 3 4 5 6 7 8 9 A B C D E F G H I J K    RUN IDENTIFICATION                                             0/00/00   0.00.00
  1 0 1 1 0 0 0 0 3 0 0 0 0 0 0 0 0 0 0 0    36S(d,p)@ 16MeV    4492 keV  1p3/2 unbound ZR               
 36S(d,p)@ 16MeV    4492 keV  1p3/2 unbound ZR               
 Adwck4 entered
0ANGLE DATA          THETN=  90.0000   THET1=   0.0000   DTHET=   1.0000   A-ANG=   0.0000   B-ANG=   0.0000
0CARD SET 3 DATA     LMAX =  15          LTR=   1
                     NLTR =   1        2*JTR=   3
0CARD SET 4 DATA     DRF  =   0.1000   RZ   =   0.0000   RMAX = -15.0000   VCE  =   0.0000   FNRNG=   0.0000
 PARTICLE DATA 
0PARTICLE 1*******************************************************************************************************************
 INPUT DATA          ELAB =  16.0000   RC0  =   1.3030   AC   =   0.0000   2*STR=   2.0000
                     MASSP=   2.0000   MASST=  36.0000   Q    =   0.0000
                     ZP   =   1.0000   ZT   =  16.0000   PNLOC=   0.0000
 
 DERIVED DATA        ECM  =  15.1579   RC   =   4.3024   RHO  =   5.0434
                     K    =   1.1722   ETA  =   0.8909   DR   =   0.1000
0POTENTIAL PARAMETERS
 NX=1 VOLUME  W-S    V RL = -92.9760   R0RL =   1.1500   A RL =   0.7610   R RL =   3.7972   VSOR =   0.0000
                     V IM =  -1.6020   R0IM =   1.3350   A IM =   0.5250   R IM =   4.4081   VSOI =   0.0000   POWR =   0.0000
 NX=2 SURFACE W-S    V RL =   0.0000   R0RL =   0.0000   A RL =   0.0000   R RL =   0.0000   VSOR =   0.0000
                     V IM =  49.9310   R0IM =   1.3800   A IM =   0.7360   R IM =   4.5567   VSOI =   0.0000   POWR =   0.0000
 NX=4 L*S VOLUME     V RL = -14.2280   R0RL =   0.9720   A RL =   1.0110   R RL =   3.2095   VSOR =   0.0000
                     V IM =   0.0000   R0IM =   0.0000   A IM =   0.0000   R IM =   0.0000   VSOI =   0.0000   POWR =   0.0000
0PARTICLE 2*******************************************************************************************************************
 INPUT DATA          ELAB =  13.0894   RC0  =   1.2920   AC   =   0.0000   2*STR=   1.0000
                     MASSP=   1.0000   MASST=  37.0000   Q    =  -2.4130
                     ZP   =   1.0000   ZT   =  16.0000   PNLOC=   0.0000
 
 DERIVED DATA        ECM  =  12.7449   RC   =   4.3052   RHO  =   3.3174
                     K    =   0.7705   ETA  =   0.6965   DR   =   0.0973
0POTENTIAL PARAMETERS
 NX=1 VOLUME  W-S    V RL = -58.0680   R0RL =   1.1820   A RL =   0.6720   R RL =   3.9387   VSOR =   0.0000
                     V IM =  -1.1500   R0IM =   1.1820   A IM =   0.6720   R IM =   3.9387   VSOI =   0.0000   POWR =   0.0000
 NX=2 SURFACE W-S    V RL =   0.0000   R0RL =   0.0000   A RL =   0.0000   R RL =   0.0000   VSOR =   0.0000
                     V IM =  36.7000   R0IM =   1.2900   A IM =   0.5380   R IM =   4.2986   VSOI =   0.0000   POWR =   0.0000
 NX=4 L*S VOLUME     V RL = -22.4560   R0RL =   0.9910   A RL =   0.5900   R RL =   3.3022   VSOR =   0.0000
                     V IM =   0.2410   R0IM =   0.9910   A IM =   0.5900   R IM =   3.3022   VSOI =   0.0000   POWR =   0.0000
136S(d,p)@ 16MeV    4492 keV  1p3/2 unbound ZR                  0/ 0/ 0
0FORM FACTOR DATA 
0PARTICLE 3*******************************************************************************************************************
 INPUT DATA          ELAB =   0.1880   RC0  =   1.3000   AC   =   0.0000   2*STR=   1.0000
                     MASSP=   1.0000   MASST=  36.0000   Q    =   0.1880
                     ZP   =   0.0000   ZT   =  16.0000   PNLOC=   0.0000
 
 DERIVED DATA        ECM  =   0.1880   RC   =   4.2925   RHO  =   0.4016
                     K    =   0.0936   ETA  =   0.0000   DR   =   0.1000
0POTENTIAL PARAMETERS
 NX=1 VOLUME  W-S    V RL =  -1.0000   R0RL =   1.2800   A RL =   0.6500   R RL =   4.2265   VSOR =  24.0000
                     V IM =   0.0000   R0IM =   0.0000   A IM =   0.0000   R IM =   0.0000   VSOI =   0.0000   POWR =   0.0000
 
                     NODES=   1.0000   L    =   1.0000   2*J  =   3.0000   2*S  =   1.0000   FISW =   0.0000
 
0SINGLE PARTICLE WIDTH = 1.7641E -1  MEV     VOLUME TERM =  2.9193E+01     SURFACE TERM = -6.4094E+00
                     V    =  40.2377   DET  =   0.0000   NODES=   1.0000   RM   =   6.8500   E    =   0.1880   ITER.=   5
0*****  Warning  *****  CLASSICAL TURNING POINT FOR BOUNDSTATE = 15.1170  IS GREATER THAN RMAX =-15.0000
0                    LMAX =  15        NSTEP= 150        NLTR =   1
 Bdwck4 entered
   Subroutine INTEG  entered
0REACSIG 1   1.50646E+02                                             REACSIG 2   9.81636E+01
   Subroutine RADINT entered
136S(d,p)@ 16MeV    4492 keV  1p3/2 unbound ZR                  0/00/00
0BASIC DATA          DR   =   0.1000   RMIN =   0.0000   RMAX =  15.0000   COUEX=   0.0000     IS1=   1.0000
                     FNRNG=   0.0000   PNLC1=   0.0000   PNLC2=   0.0000   PNLC3=   0.0000     IS2=   0.5000
 ANG MOM TRANSFER    LTR  =   1.       2*JTR=   3.       2*STR=   1.       Q    =  -2.4130
   Subroutine INSIG  entered
0 Theta Inelsig,fm**2      Polz       Asy       Ayy       A22       A21       A20       T22       T21       T20  Theta
   0.00    3.9756E+00    0.0000    0.0000   -0.0135    0.0000    0.0000    0.0197    0.0000    0.0000    0.0000   0.00
   1.00    3.9545E+00   -0.0015   -0.0029   -0.0135   -0.0000    0.0005    0.0197    0.0000    0.0000    0.0000   1.00
   2.00    3.8920E+00   -0.0031   -0.0059   -0.0134   -0.0000    0.0009    0.0197    0.0000    0.0000    0.0000   2.00
   3.00    3.7902E+00   -0.0048   -0.0091   -0.0134   -0.0001    0.0014    0.0196    0.0000    0.0000    0.0000   3.00
   4.00    3.6529E+00   -0.0067   -0.0126   -0.0132   -0.0001    0.0019    0.0195    0.0000    0.0000    0.0000   4.00
   5.00    3.4847E+00   -0.0089   -0.0166   -0.0130   -0.0002    0.0024    0.0194    0.0000    0.0000    0.0000   5.00
   6.00    3.2912E+00   -0.0114   -0.0210   -0.0127   -0.0003    0.0030    0.0192    0.0000    0.0000    0.0000   6.00
   7.00    3.0786E+00   -0.0144   -0.0261   -0.0123   -0.0004    0.0035    0.0190    0.0000    0.0000    0.0000   7.00
   8.00    2.8530E+00   -0.0179   -0.0320   -0.0118   -0.0005    0.0041    0.0186    0.0000    0.0000    0.0000   8.00
   9.00    2.6208E+00   -0.0221   -0.0387   -0.0112   -0.0007    0.0047    0.0181    0.0000    0.0000    0.0000   9.00
  10.00    2.3877E+00   -0.0269   -0.0464   -0.0103   -0.0009    0.0054    0.0174    0.0000    0.0000    0.0000  10.00
  11.00    2.1589E+00   -0.0325   -0.0553   -0.0093   -0.0012    0.0060    0.0166    0.0000    0.0000    0.0000  11.00
  12.00    1.9388E+00   -0.0389   -0.0653   -0.0080   -0.0014    0.0066    0.0154    0.0000    0.0000    0.0000  12.00
  13.00    1.7309E+00   -0.0461   -0.0765   -0.0064   -0.0018    0.0073    0.0140    0.0000    0.0000    0.0000  13.00
  14.00    1.5376E+00   -0.0542   -0.0890   -0.0045   -0.0021    0.0079    0.0122    0.0000    0.0000    0.0000  14.00
  15.00    1.3605E+00   -0.0631   -0.1027   -0.0023   -0.0025    0.0084    0.0100    0.0000    0.0000    0.0000  15.00
  16.00    1.2006E+00   -0.0727   -0.1174    0.0002   -0.0029    0.0089    0.0075    0.0000    0.0000    0.0000  16.00
  17.00    1.0577E+00   -0.0826   -0.1329    0.0029   -0.0033    0.0092    0.0046    0.0000    0.0000    0.0000  17.00
  18.00    9.3142E-01   -0.0927   -0.1490    0.0058   -0.0036    0.0094    0.0013    0.0000    0.0000    0.0000  18.00
  19.00    8.2084E-01   -0.1026   -0.1651    0.0087   -0.0039    0.0093   -0.0023    0.0000    0.0000    0.0000  19.00
  20.00    7.2474E-01   -0.1118   -0.1809    0.0115   -0.0039    0.0090   -0.0060    0.0000    0.0000    0.0000  20.00
  21.00    6.4177E-01   -0.1198   -0.1958    0.0138   -0.0038    0.0085   -0.0097    0.0000    0.0000    0.0000  21.00
  22.00    5.7053E-01   -0.1261   -0.2094    0.0155   -0.0033    0.0076   -0.0133    0.0000    0.0000    0.0000  22.00
  23.00    5.0965E-01   -0.1304   -0.2213    0.0163   -0.0025    0.0064   -0.0164    0.0000    0.0000    0.0000  23.00
  24.00    4.5785E-01   -0.1321   -0.2311    0.0157   -0.0012    0.0049   -0.0188    0.0000    0.0000    0.0000  24.00
  25.00    4.1398E-01   -0.1310   -0.2385    0.0136    0.0007    0.0032   -0.0203    0.0000    0.0000    0.0000  25.00
  26.00    3.7702E-01   -0.1270   -0.2434    0.0098    0.0030    0.0012   -0.0207    0.0000    0.0000    0.0000  26.00
  27.00    3.4605E-01   -0.1202   -0.2458    0.0041    0.0060   -0.0008   -0.0198    0.0000    0.0000    0.0000  27.00
  28.00    3.2028E-01   -0.1107   -0.2456   -0.0034    0.0094   -0.0030   -0.0175    0.0000    0.0000    0.0000  28.00
  29.00    2.9901E-01   -0.0991   -0.2432   -0.0127    0.0133   -0.0050   -0.0139    0.0000    0.0000    0.0000  29.00
  30.00    2.8159E-01   -0.0859   -0.2389   -0.0234    0.0174   -0.0070   -0.0090    0.0000    0.0000    0.0000  30.00
  31.00    2.6743E-01   -0.0717   -0.2329   -0.0351    0.0218   -0.0087   -0.0031    0.0000    0.0000    0.0000  31.00
  32.00    2.5600E-01   -0.0572   -0.2257   -0.0473    0.0261   -0.0101    0.0036    0.0000    0.0000    0.0000  32.00
  33.00    2.4676E-01   -0.0430   -0.2178   -0.0597    0.0302   -0.0113    0.0109    0.0000    0.0000    0.0000  33.00
  34.00    2.3925E-01   -0.0298   -0.2096   -0.0717    0.0341   -0.0121    0.0183    0.0000    0.0000    0.0000  34.00
  35.00    2.3299E-01   -0.0178   -0.2016   -0.0830    0.0377   -0.0126    0.0257    0.0000    0.0000    0.0000  35.00
  36.00    2.2758E-01   -0.0073   -0.1941   -0.0933    0.0407   -0.0128    0.0328    0.0000    0.0000    0.0000  36.00
  37.00    2.2264E-01    0.0014   -0.1875   -0.1025    0.0433   -0.0128    0.0395    0.0000    0.0000    0.0000  37.00
  38.00    2.1787E-01    0.0084   -0.1821   -0.1105    0.0454   -0.0126    0.0457    0.0000    0.0000    0.0000  38.00
  39.00    2.1300E-01    0.0136   -0.1780   -0.1172    0.0470   -0.0122    0.0514    0.0000    0.0000    0.0000  39.00
  40.00    2.0785E-01    0.0171   -0.1754   -0.1227    0.0480   -0.0118    0.0564    0.0000    0.0000    0.0000  40.00
  41.00    2.0230E-01    0.0191   -0.1744   -0.1268    0.0486   -0.0113    0.0608    0.0000    0.0000    0.0000  41.00
  42.00    1.9629E-01    0.0194   -0.1751   -0.1296    0.0487   -0.0107    0.0646    0.0000    0.0000    0.0000  42.00
  43.00    1.8985E-01    0.0183   -0.1775   -0.1311    0.0482   -0.0100    0.0677    0.0000    0.0000    0.0000  43.00
  44.00    1.8304E-01    0.0158   -0.1816   -0.1310    0.0472   -0.0094    0.0702    0.0000    0.0000    0.0000  44.00
  45.00    1.7597E-01    0.0120   -0.1871   -0.1293    0.0455   -0.0087    0.0719    0.0000    0.0000    0.0000  45.00
  46.00    1.6879E-01    0.0069   -0.1938   -0.1258    0.0431   -0.0080    0.0728    0.0000    0.0000    0.0000  46.00
  47.00    1.6165E-01    0.0007   -0.2014   -0.1203    0.0400   -0.0072    0.0727    0.0000    0.0000    0.0000  47.00
  48.00    1.5471E-01   -0.0066   -0.2096   -0.1127    0.0361   -0.0064    0.0715    0.0000    0.0000    0.0000  48.00
  49.00    1.4811E-01   -0.0147   -0.2177   -0.1028    0.0313   -0.0055    0.0692    0.0000    0.0000    0.0000  49.00
  50.00    1.4197E-01   -0.0235   -0.2253   -0.0907    0.0258   -0.0045    0.0657    0.0000    0.0000    0.0000  50.00
  51.00    1.3637E-01   -0.0326   -0.2318   -0.0764    0.0195   -0.0035    0.0609    0.0000    0.0000    0.0000  51.00
  52.00    1.3134E-01   -0.0418   -0.2367   -0.0602    0.0126   -0.0023    0.0549    0.0000    0.0000    0.0000  52.00
  53.00    1.2688E-01   -0.0509   -0.2396   -0.0425    0.0052   -0.0012    0.0479    0.0000    0.0000    0.0000  53.00
  54.00    1.2294E-01   -0.0595   -0.2404   -0.0237   -0.0024    0.0001    0.0399    0.0000    0.0000    0.0000  54.00
  55.00    1.1945E-01   -0.0675   -0.2389   -0.0045   -0.0099    0.0013    0.0313    0.0000    0.0000    0.0000  55.00
  56.00    1.1629E-01   -0.0748   -0.2354    0.0147   -0.0173    0.0026    0.0222    0.0000    0.0000    0.0000  56.00
  57.00    1.1335E-01   -0.0813   -0.2300    0.0332   -0.0242    0.0040    0.0130    0.0000    0.0000    0.0000  57.00
  58.00    1.1052E-01   -0.0870   -0.2232    0.0508   -0.0306    0.0053    0.0038    0.0000    0.0000    0.0000  58.00
  59.00    1.0768E-01   -0.0919   -0.2151    0.0669   -0.0363    0.0065   -0.0052    0.0000    0.0000    0.0000  59.00
  60.00    1.0474E-01   -0.0962   -0.2063    0.0813   -0.0411    0.0078   -0.0137    0.0000    0.0000    0.0000  60.00
  61.00    1.0164E-01   -0.0999   -0.1969    0.0939   -0.0451    0.0090   -0.0217    0.0000    0.0000    0.0000  61.00
  62.00    9.8345E-02   -0.1030   -0.1871    0.1044   -0.0482    0.0102   -0.0290    0.0000    0.0000    0.0000  62.00
  63.00    9.4839E-02   -0.1057   -0.1771    0.1128   -0.0503    0.0113   -0.0357    0.0000    0.0000    0.0000  63.00
  64.00    9.1142E-02   -0.1079   -0.1671    0.1188   -0.0514    0.0124   -0.0415    0.0000    0.0000    0.0000  64.00
  65.00    8.7290E-02   -0.1097   -0.1569    0.1225   -0.0515    0.0134   -0.0466    0.0000    0.0000    0.0000  65.00
  66.00    8.3334E-02   -0.1110   -0.1466    0.1236   -0.0504    0.0143   -0.0507    0.0000    0.0000    0.0000  66.00
  67.00    7.9335E-02   -0.1119   -0.1362    0.1221   -0.0483    0.0151   -0.0538    0.0000    0.0000    0.0000  67.00
  68.00    7.5351E-02   -0.1122   -0.1258    0.1177   -0.0449    0.0158   -0.0558    0.0000    0.0000    0.0000  68.00
  69.00    7.1440E-02   -0.1119   -0.1153    0.1105   -0.0404    0.0163   -0.0567    0.0000    0.0000    0.0000  69.00
  70.00    6.7647E-02   -0.1110   -0.1048    0.1003   -0.0346    0.0167   -0.0565    0.0000    0.0000    0.0000  70.00
  71.00    6.4008E-02   -0.1094   -0.0944    0.0872   -0.0277    0.0169   -0.0550    0.0000    0.0000    0.0000  71.00
  72.00    6.0545E-02   -0.1071   -0.0843    0.0713   -0.0196    0.0168   -0.0522    0.0000    0.0000    0.0000  72.00
  73.00    5.7271E-02   -0.1041   -0.0747    0.0527   -0.0105    0.0165   -0.0482    0.0000    0.0000    0.0000  73.00
  74.00    5.4185E-02   -0.1004   -0.0658    0.0315   -0.0004    0.0160   -0.0430    0.0000    0.0000    0.0000  74.00
  75.00    5.1281E-02   -0.0960   -0.0579    0.0080    0.0106    0.0152   -0.0366    0.0000    0.0000    0.0000  75.00
  76.00    4.8551E-02   -0.0909   -0.0511   -0.0174    0.0222    0.0140   -0.0291    0.0000    0.0000    0.0000  76.00
  77.00    4.5980E-02   -0.0851   -0.0458   -0.0447    0.0345    0.0126   -0.0207    0.0000    0.0000    0.0000  77.00
  78.00    4.3560E-02   -0.0785   -0.0421   -0.0733    0.0472    0.0108   -0.0113    0.0000    0.0000    0.0000  78.00
  79.00    4.1281E-02   -0.0711   -0.0400   -0.1032    0.0603    0.0087   -0.0011    0.0000    0.0000    0.0000  79.00
  80.00    3.9138E-02   -0.0629   -0.0397   -0.1339    0.0735    0.0063    0.0098    0.0000    0.0000    0.0000  80.00
  81.00    3.7131E-02   -0.0537   -0.0412   -0.1650    0.0868    0.0035    0.0213    0.0000    0.0000    0.0000  81.00
  82.00    3.5262E-02   -0.0436   -0.0444   -0.1962    0.0999    0.0004    0.0333    0.0000    0.0000    0.0000  82.00
  83.00    3.3535E-02   -0.0324   -0.0490   -0.2269    0.1126   -0.0031    0.0456    0.0000    0.0000    0.0000  83.00
  84.00    3.1954E-02   -0.0201   -0.0549   -0.2563    0.1246   -0.0069    0.0579    0.0000    0.0000    0.0000  84.00
  85.00    3.0523E-02   -0.0068   -0.0618   -0.2839    0.1355   -0.0109    0.0701    0.0000    0.0000    0.0000  85.00
  86.00    2.9243E-02    0.0073   -0.0693   -0.3089    0.1451   -0.0151    0.0818    0.0000    0.0000    0.0000  86.00
  87.00    2.8112E-02    0.0222   -0.0770   -0.3304    0.1531   -0.0193    0.0928    0.0000    0.0000    0.0000  87.00
  88.00    2.7124E-02    0.0375   -0.0846   -0.3478    0.1591   -0.0236    0.1027    0.0000    0.0000    0.0000  88.00
  89.00    2.6268E-02    0.0530   -0.0915   -0.3606    0.1630   -0.0277    0.1112    0.0000    0.0000    0.0000  89.00
0Tot-sig   1.5437E+00
1Inelastic  36S(d,p)@ 16MeV    4492 keV  1p3/2 unbound ZR                  0/00/00
    THETA  -2                               -1                                0                                1   THETA cos(theta)
     0.00  |++++++++++++++++++++++++++++++++|++++++++++++++++++++++++++++++++|+++++++++++++++++++*++++++++++++|+    0.00    1.0000
     1.00  +                                                                                     *             +    1.00    0.9998
     2.00  +                                                                                    *              +    2.00    0.9994
     3.00  +                                                                                    *              +    3.00    0.9986
     4.00  +                                                                                    *              +    4.00    0.9976
     5.00  +                                                                                   *               +    5.00    0.9962
     6.00  +                                                                                  *                +    6.00    0.9945
     7.00  +                                                                                 *                 +    7.00    0.9925
     8.00  +                                                                                *                  +    8.00    0.9903
     9.00  +                                                                               *                   +    9.00    0.9877
    10.00  +                                                                             *                     +   10.00    0.9848
    11.00  +                                                                            *                      +   11.00    0.9816
    12.00  +                                                                          *                        +   12.00    0.9781
    13.00  +                                                                         *                         +   13.00    0.9744
    14.00  +                                                                       *                           +   14.00    0.9703
    15.00  +                                                                     *                             +   15.00    0.9659
    16.00  +                                                                    *                              +   16.00    0.9613
    17.00  +                                                                  *                                +   17.00    0.9563
    18.00  +                                                                *                                  +   18.00    0.9511
    19.00  +                                                              *                                    +   19.00    0.9455
    20.00  +                                                            *                                      +   20.00    0.9397
    21.00  +                                                           *                                       +   21.00    0.9336
    22.00  +                                                         *                                         +   22.00    0.9272
    23.00  +                                                       *                                           +   23.00    0.9205
    24.00  +                                                      *                                            +   24.00    0.9135
    25.00  +                                                    *                                              +   25.00    0.9063
    26.00  +                                                   *                                               +   26.00    0.8988
    27.00  +                                                  *                                                +   27.00    0.8910
    28.00  +                                                 *                                                 +   28.00    0.8829
    29.00  +                                                *                                                  +   29.00    0.8746
    30.00  +                                               *                                                   +   30.00    0.8660
    31.00  +                                              *                                                    +   31.00    0.8572
    32.00  +                                             *                                                     +   32.00    0.8480
    33.00  +                                             *                                                     +   33.00    0.8387
    34.00  +                                             *                                                     +   34.00    0.8290
    35.00  +                                            *                                                      +   35.00    0.8192
    36.00  +                                            *                                                      +   36.00    0.8090
    37.00  +                                           *                                                       +   37.00    0.7986
    38.00  +                                           *                                                       +   38.00    0.7880
    39.00  +                                           *                                                       +   39.00    0.7771
    40.00  +                                          *                                                        +   40.00    0.7660
    41.00  +                                          *                                                        +   41.00    0.7547
    42.00  +                                          *                                                        +   42.00    0.7431
    43.00  +                                         *                                                         +   43.00    0.7314
    44.00  +                                         *                                                         +   44.00    0.7193
    45.00  +                                        *                                                          +   45.00    0.7071
    46.00  +                                        *                                                          +   46.00    0.6947
    47.00  +                                       *                                                           +   47.00    0.6820
    48.00  +                                      *                                                            +   48.00    0.6691
    49.00  +                                      *                                                            +   49.00    0.6561
    50.00  +                                     *                                                             +   50.00    0.6428
    51.00  +                                    *                                                              +   51.00    0.6293
    52.00  +                                    *                                                              +   52.00    0.6157
    53.00  +                                   *                                                               +   53.00    0.6018
    54.00  +                                   *                                                               +   54.00    0.5878
    55.00  +                                   *                                                               +   55.00    0.5736
    56.00  +                                  *                                                                +   56.00    0.5592
    57.00  +                                  *                                                                +   57.00    0.5446
    58.00  +                                 *                                                                 +   58.00    0.5299
    59.00  +                                 *                                                                 +   59.00    0.5150
    60.00  +                                 *                                                                 +   60.00    0.5000
    61.00  +                                *                                                                  +   61.00    0.4848
    62.00  +                                *                                                                  +   62.00    0.4695
    63.00  +                               *                                                                   +   63.00    0.4540
    64.00  +                               *                                                                   +   64.00    0.4384
    65.00  +                              *                                                                    +   65.00    0.4226
    66.00  +                             *                                                                     +   66.00    0.4067
    67.00  +                             *                                                                     +   67.00    0.3907
    68.00  +                            *                                                                      +   68.00    0.3746
    69.00  +                           *                                                                       +   69.00    0.3584
    70.00  +                          *                                                                        +   70.00    0.3420
    71.00  +                          *                                                                        +   71.00    0.3256
    72.00  +                         *                                                                         +   72.00    0.3090
    73.00  +                        *                                                                          +   73.00    0.2924
    74.00  +                       *                                                                           +   74.00    0.2756
    75.00  +                      *                                                                            +   75.00    0.2588
    76.00  +                      *                                                                            +   76.00    0.2419
    77.00  +                     *                                                                             +   77.00    0.2250
    78.00  +                    *                                                                              +   78.00    0.2079
    79.00  +                   *                                                                               +   79.00    0.1908
    80.00  +                   *                                                                               +   80.00    0.1736
    81.00  +                  *                                                                                +   81.00    0.1564
    82.00  +                 *                                                                                 +   82.00    0.1392
    83.00  +                *                                                                                  +   83.00    0.1219
    84.00  +                *                                                                                  +   84.00    0.1045
    85.00  +               *                                                                                   +   85.00    0.0872
    86.00  +              *                                                                                    +   86.00    0.0698
    87.00  +              *                                                                                    +   87.00    0.0523
    88.00  +             *                                                                                     +   88.00    0.0349
    89.00  |+++++++++++++*++++++++++++++++++|++++++++++++++++++++++++++++++++|++++++++++++++++++++++++++++++++|+   89.00    0.0175
    THETA  -2                               -1                                0                                1   THETA cos(theta)
1Asymmetry  36S(d,p)@ 16MeV    4492 keV  1p3/2 unbound ZR                  0/00/00
    THETA  -1                                                 0                                                 1  THETA cos(theta)
     0.00  |+++++++++++++++++++++++++++++++++++++++++++++++++*+++++++++++++++++++++++++++++++++++++++++++++++++|    0.00    1.0000
     1.00  +                                                 *                                                 +    1.00    0.9998
     2.00  +                                                 *                                                 +    2.00    0.9994
     3.00  +                                                 *                                                 +    3.00    0.9986
     4.00  +                                                *+                                                 +    4.00    0.9976
     5.00  +                                                *+                                                 +    5.00    0.9962
     6.00  +                                                *+                                                 +    6.00    0.9945
     7.00  +                                                *+                                                 +    7.00    0.9925
     8.00  +                                               * +                                                 +    8.00    0.9903
     9.00  +                                               * +                                                 +    9.00    0.9877
    10.00  +                                               * +                                                 +   10.00    0.9848
    11.00  +                                              *  +                                                 +   11.00    0.9816
    12.00  +                                              *  +                                                 +   12.00    0.9781
    13.00  +                                             *   +                                                 +   13.00    0.9744
    14.00  +                                             *   +                                                 +   14.00    0.9703
    15.00  +                                            *    +                                                 +   15.00    0.9659
    16.00  +                                           *     +                                                 +   16.00    0.9613
    17.00  +                                          *      +                                                 +   17.00    0.9563
    18.00  +                                          *      +                                                 +   18.00    0.9511
    19.00  +                                         *       +                                                 +   19.00    0.9455
    20.00  +                                        *        +                                                 +   20.00    0.9397
    21.00  +                                       *         +                                                 +   21.00    0.9336
    22.00  +                                       *         +                                                 +   22.00    0.9272
    23.00  +                                      *          +                                                 +   23.00    0.9205
    24.00  +                                     *           +                                                 +   24.00    0.9135
    25.00  +                                     *           +                                                 +   25.00    0.9063
    26.00  +                                     *           +                                                 +   26.00    0.8988
    27.00  +                                     *           +                                                 +   27.00    0.8910
    28.00  +                                     *           +                                                 +   28.00    0.8829
    29.00  +                                     *           +                                                 +   29.00    0.8746
    30.00  +                                     *           +                                                 +   30.00    0.8660
    31.00  +                                     *           +                                                 +   31.00    0.8572
    32.00  +                                      *          +                                                 +   32.00    0.8480
    33.00  +                                      *          +                                                 +   33.00    0.8387
    34.00  +                                       *         +                                                 +   34.00    0.8290
    35.00  +                                       *         +                                                 +   35.00    0.8192
    36.00  +                                       *         +                                                 +   36.00    0.8090
    37.00  +                                        *        +                                                 +   37.00    0.7986
    38.00  +                                        *        +                                                 +   38.00    0.7880
    39.00  +                                        *        +                                                 +   39.00    0.7771
    40.00  +                                        *        +                                                 +   40.00    0.7660
    41.00  +                                        *        +                                                 +   41.00    0.7547
    42.00  +                                        *        +                                                 +   42.00    0.7431
    43.00  +                                        *        +                                                 +   43.00    0.7314
    44.00  +                                        *        +                                                 +   44.00    0.7193
    45.00  +                                        *        +                                                 +   45.00    0.7071
    46.00  +                                       *         +                                                 +   46.00    0.6947
    47.00  +                                       *         +                                                 +   47.00    0.6820
    48.00  +                                       *         +                                                 +   48.00    0.6691
    49.00  +                                      *          +                                                 +   49.00    0.6561
    50.00  +                                      *          +                                                 +   50.00    0.6428
    51.00  +                                     *           +                                                 +   51.00    0.6293
    52.00  +                                     *           +                                                 +   52.00    0.6157
    53.00  +                                     *           +                                                 +   53.00    0.6018
    54.00  +                                     *           +                                                 +   54.00    0.5878
    55.00  +                                     *           +                                                 +   55.00    0.5736
    56.00  +                                     *           +                                                 +   56.00    0.5592
    57.00  +                                     *           +                                                 +   57.00    0.5446
    58.00  +                                      *          +                                                 +   58.00    0.5299
    59.00  +                                      *          +                                                 +   59.00    0.5150
    60.00  +                                       *         +                                                 +   60.00    0.5000
    61.00  +                                       *         +                                                 +   61.00    0.4848
    62.00  +                                        *        +                                                 +   62.00    0.4695
    63.00  +                                        *        +                                                 +   63.00    0.4540
    64.00  +                                         *       +                                                 +   64.00    0.4384
    65.00  +                                         *       +                                                 +   65.00    0.4226
    66.00  +                                          *      +                                                 +   66.00    0.4067
    67.00  +                                          *      +                                                 +   67.00    0.3907
    68.00  +                                           *     +                                                 +   68.00    0.3746
    69.00  +                                           *     +                                                 +   69.00    0.3584
    70.00  +                                            *    +                                                 +   70.00    0.3420
    71.00  +                                            *    +                                                 +   71.00    0.3256
    72.00  +                                             *   +                                                 +   72.00    0.3090
    73.00  +                                             *   +                                                 +   73.00    0.2924
    74.00  +                                              *  +                                                 +   74.00    0.2756
    75.00  +                                              *  +                                                 +   75.00    0.2588
    76.00  +                                              *  +                                                 +   76.00    0.2419
    77.00  +                                               * +                                                 +   77.00    0.2250
    78.00  +                                               * +                                                 +   78.00    0.2079
    79.00  +                                               * +                                                 +   79.00    0.1908
    80.00  +                                               * +                                                 +   80.00    0.1736
    81.00  +                                               * +                                                 +   81.00    0.1564
    82.00  +                                               * +                                                 +   82.00    0.1392
    83.00  +                                               * +                                                 +   83.00    0.1219
    84.00  +                                              *  +                                                 +   84.00    0.1045
    85.00  +                                              *  +                                                 +   85.00    0.0872
    86.00  +                                              *  +                                                 +   86.00    0.0698
    87.00  +                                             *   +                                                 +   87.00    0.0523
    88.00  +                                             *   +                                                 +   88.00    0.0349
    89.00  |++++++++++++++++++++++++++++++++++++++++++++*++++|+++++++++++++++++++++++++++++++++++++++++++++++++|   89.00    0.0175
    THETA  -1                                                 0                                                 1  THETA cos(theta)
1DWUCK4-DISTORTED WAVES U.COLORADO- PC-VERSION  12/Jan /1995
 Elapsed time in seconds =   0.00
 Elapsed time in seconds =   0.00
0CONTROL INTEGERS
  1 2 3 4 5 6 7 8 9 A B C D E F G H I J K    RUN IDENTIFICATION                                             0/00/00   0.00.00
  1 0 1 1 0 0 0 0 3 0 0 0 0 0 0 0 0 0 0 0    36S(d,p)@ 16MeV    4458 keV  1p3/2 unbound ZR               
 36S(d,p)@ 16MeV    4458 keV  1p3/2 unbound ZR               
 Adwck4 entered
0ANGLE DATA          THETN=  90.0000   THET1=   0.0000   DTHET=   1.0000   A-ANG=   0.0000   B-ANG=   0.0000
0CARD SET 3 DATA     LMAX =  15          LTR=   1
                     NLTR =   1        2*JTR=   3
0CARD SET 4 DATA     DRF  =   0.1000   RZ   =   0.0000   RMAX = -15.0000   VCE  =   0.0000   FNRNG=   0.0000
 PARTICLE DATA 
0PARTICLE 1*******************************************************************************************************************
 INPUT DATA          ELAB =  16.0000   RC0  =   1.3030   AC   =   0.0000   2*STR=   2.0000
                     MASSP=   2.0000   MASST=  36.0000   Q    =   0.0000
                     ZP   =   1.0000   ZT   =  16.0000   PNLOC=   0.0000
 
 DERIVED DATA        ECM  =  15.1579   RC   =   4.3024   RHO  =   5.0434
                     K    =   1.1722   ETA  =   0.8909   DR   =   0.1000
0POTENTIAL PARAMETERS
 NX=1 VOLUME  W-S    V RL = -92.9760   R0RL =   1.1500   A RL =   0.7610   R RL =   3.7972   VSOR =   0.0000
                     V IM =  -1.6020   R0IM =   1.3350   A IM =   0.5250   R IM =   4.4081   VSOI =   0.0000   POWR =   0.0000
 NX=2 SURFACE W-S    V RL =   0.0000   R0RL =   0.0000   A RL =   0.0000   R RL =   0.0000   VSOR =   0.0000
                     V IM =  49.8740   R0IM =   1.3800   A IM =   0.7360   R IM =   4.5567   VSOI =   0.0000   POWR =   0.0000
 NX=4 L*S VOLUME     V RL = -14.2280   R0RL =   0.9720   A RL =   1.0110   R RL =   3.2095   VSOR =   0.0000
                     V IM =   0.0000   R0IM =   0.0000   A IM =   0.0000   R IM =   0.0000   VSOI =   0.0000   POWR =   0.0000
0PARTICLE 2*******************************************************************************************************************
 INPUT DATA          ELAB =  13.1243   RC0  =   1.2920   AC   =   0.0000   2*STR=   1.0000
                     MASSP=   1.0000   MASST=  37.0000   Q    =  -2.3790
                     ZP   =   1.0000   ZT   =  16.0000   PNLOC=   0.0000
 
 DERIVED DATA        ECM  =  12.7789   RC   =   4.3052   RHO  =   3.3218
                     K    =   0.7716   ETA  =   0.6955   DR   =   0.0973
0POTENTIAL PARAMETERS
 NX=1 VOLUME  W-S    V RL = -58.0540   R0RL =   1.1820   A RL =   0.6720   R RL =   3.9387   VSOR =   0.0000
                     V IM =  -1.1470   R0IM =   1.1820   A IM =   0.6720   R IM =   3.9387   VSOI =   0.0000   POWR =   0.0000
 NX=2 SURFACE W-S    V RL =   0.0000   R0RL =   0.0000   A RL =   0.0000   R RL =   0.0000   VSOR =   0.0000
                     V IM =  36.6860   R0IM =   1.2900   A IM =   0.5380   R IM =   4.2986   VSOI =   0.0000   POWR =   0.0000
 NX=4 L*S VOLUME     V RL = -22.4560   R0RL =   0.9910   A RL =   0.5900   R RL =   3.3022   VSOR =   0.0000
                     V IM =   0.2410   R0IM =   0.9910   A IM =   0.5900   R IM =   3.3022   VSOI =   0.0000   POWR =   0.0000
136S(d,p)@ 16MeV    4458 keV  1p3/2 unbound ZR                  0/ 0/ 0
0FORM FACTOR DATA 
0PARTICLE 3*******************************************************************************************************************
 INPUT DATA          ELAB =   0.1540   RC0  =   1.3000   AC   =   0.0000   2*STR=   1.0000
                     MASSP=   1.0000   MASST=  36.0000   Q    =   0.1540
                     ZP   =   0.0000   ZT   =  16.0000   PNLOC=   0.0000
 
 DERIVED DATA        ECM  =   0.1540   RC   =   4.2925   RHO  =   0.3634
                     K    =   0.0847   ETA  =   0.0000   DR   =   0.1000
0POTENTIAL PARAMETERS
 NX=1 VOLUME  W-S    V RL =  -1.0000   R0RL =   1.2800   A RL =   0.6500   R RL =   4.2265   VSOR =  24.0000
                     V IM =   0.0000   R0IM =   0.0000   A IM =   0.0000   R IM =   0.0000   VSOI =   0.0000   POWR =   0.0000
 
                     NODES=   1.0000   L    =   1.0000   2*J  =   3.0000   2*S  =   1.0000   FISW =   0.0000
 
0SINGLE PARTICLE WIDTH = 1.2645E -1  MEV     VOLUME TERM =  3.3781E+01     SURFACE TERM = -5.0131E+00
                     V    =  40.3968   DET  =  -0.0000   NODES=   1.0000   RM   =   6.8500   E    =   0.1540   ITER.=   5
0*****  Warning  *****  CLASSICAL TURNING POINT FOR BOUNDSTATE = 16.7027  IS GREATER THAN RMAX =-15.0000
0                    LMAX =  15        NSTEP= 150        NLTR =   1
 Bdwck4 entered
   Subroutine INTEG  entered
0REACSIG 1   1.50622E+02                                             REACSIG 2   9.81808E+01
   Subroutine RADINT entered
136S(d,p)@ 16MeV    4458 keV  1p3/2 unbound ZR                  0/00/00
0BASIC DATA          DR   =   0.1000   RMIN =   0.0000   RMAX =  15.0000   COUEX=   0.0000     IS1=   1.0000
                     FNRNG=   0.0000   PNLC1=   0.0000   PNLC2=   0.0000   PNLC3=   0.0000     IS2=   0.5000
 ANG MOM TRANSFER    LTR  =   1.       2*JTR=   3.       2*STR=   1.       Q    =  -2.3790
   Subroutine INSIG  entered
0 Theta Inelsig,fm**2      Polz       Asy       Ayy       A22       A21       A20       T22       T21       T20  Theta
   0.00    3.8509E+00    0.0000    0.0000   -0.0134    0.0000    0.0000    0.0195    0.0000    0.0000    0.0000   0.00
   1.00    3.8309E+00   -0.0015   -0.0029   -0.0133   -0.0000    0.0005    0.0195    0.0000    0.0000    0.0000   1.00
   2.00    3.7715E+00   -0.0031   -0.0059   -0.0133   -0.0000    0.0009    0.0194    0.0000    0.0000    0.0000   2.00
   3.00    3.6748E+00   -0.0049   -0.0091   -0.0132   -0.0001    0.0014    0.0194    0.0000    0.0000    0.0000   3.00
   4.00    3.5441E+00   -0.0068   -0.0126   -0.0130   -0.0001    0.0019    0.0193    0.0000    0.0000    0.0000   4.00
   5.00    3.3835E+00   -0.0090   -0.0165   -0.0128   -0.0002    0.0024    0.0192    0.0000    0.0000    0.0000   5.00
   6.00    3.1984E+00   -0.0115   -0.0208   -0.0125   -0.0003    0.0030    0.0190    0.0000    0.0000    0.0000   6.00
   7.00    2.9943E+00   -0.0144   -0.0257   -0.0121   -0.0004    0.0035    0.0187    0.0000    0.0000    0.0000   7.00
   8.00    2.7770E+00   -0.0178   -0.0314   -0.0116   -0.0005    0.0041    0.0184    0.0000    0.0000    0.0000   8.00
   9.00    2.5525E+00   -0.0219   -0.0378   -0.0110   -0.0007    0.0047    0.0179    0.0000    0.0000    0.0000   9.00
  10.00    2.3262E+00   -0.0265   -0.0453   -0.0102   -0.0009    0.0053    0.0172    0.0000    0.0000    0.0000  10.00
  11.00    2.1033E+00   -0.0319   -0.0537   -0.0091   -0.0012    0.0059    0.0164    0.0000    0.0000    0.0000  11.00
  12.00    1.8879E+00   -0.0382   -0.0633   -0.0079   -0.0015    0.0065    0.0153    0.0000    0.0000    0.0000  12.00
  13.00    1.6837E+00   -0.0452   -0.0742   -0.0063   -0.0018    0.0072    0.0139    0.0000    0.0000    0.0000  13.00
  14.00    1.4932E+00   -0.0532   -0.0863   -0.0045   -0.0021    0.0078    0.0122    0.0000    0.0000    0.0000  14.00
  15.00    1.3184E+00   -0.0619   -0.0997   -0.0024   -0.0025    0.0083    0.0101    0.0000    0.0000    0.0000  15.00
  16.00    1.1601E+00   -0.0714   -0.1142    0.0000   -0.0029    0.0088    0.0076    0.0000    0.0000    0.0000  16.00
  17.00    1.0188E+00   -0.0814   -0.1297    0.0027   -0.0033    0.0091    0.0048    0.0000    0.0000    0.0000  17.00
  18.00    8.9411E-01   -0.0916   -0.1459    0.0055   -0.0036    0.0093    0.0016    0.0000    0.0000    0.0000  18.00
  19.00    7.8526E-01   -0.1017   -0.1625    0.0084   -0.0038    0.0093   -0.0020    0.0000    0.0000    0.0000  19.00
  20.00    6.9117E-01   -0.1112   -0.1789    0.0110   -0.0038    0.0090   -0.0057    0.0000    0.0000    0.0000  20.00
  21.00    6.1053E-01   -0.1196   -0.1947    0.0133   -0.0036    0.0085   -0.0094    0.0000    0.0000    0.0000  21.00
  22.00    5.4192E-01   -0.1263   -0.2092    0.0149   -0.0031    0.0076   -0.0129    0.0000    0.0000    0.0000  22.00
  23.00    4.8394E-01   -0.1307   -0.2220    0.0155   -0.0021    0.0064   -0.0160    0.0000    0.0000    0.0000  23.00
  24.00    4.3519E-01   -0.1326   -0.2325    0.0147   -0.0007    0.0049   -0.0184    0.0000    0.0000    0.0000  24.00
  25.00    3.9442E-01   -0.1315   -0.2404    0.0124    0.0012    0.0031   -0.0199    0.0000    0.0000    0.0000  25.00
  26.00    3.6046E-01   -0.1274   -0.2455    0.0083    0.0037    0.0012   -0.0202    0.0000    0.0000    0.0000  26.00
  27.00    3.3230E-01   -0.1204   -0.2478    0.0024    0.0067   -0.0009   -0.0192    0.0000    0.0000    0.0000  27.00
  28.00    3.0903E-01   -0.1108   -0.2474   -0.0052    0.0101   -0.0030   -0.0168    0.0000    0.0000    0.0000  28.00
  29.00    2.8987E-01   -0.0990   -0.2445   -0.0144    0.0139   -0.0050   -0.0131    0.0000    0.0000    0.0000  29.00
  30.00    2.7415E-01   -0.0858   -0.2397   -0.0249    0.0180   -0.0068   -0.0083    0.0000    0.0000    0.0000  30.00
  31.00    2.6125E-01   -0.0717   -0.2333   -0.0363    0.0222   -0.0085   -0.0024    0.0000    0.0000    0.0000  31.00
  32.00    2.5063E-01   -0.0574   -0.2257   -0.0482    0.0264   -0.0098    0.0041    0.0000    0.0000    0.0000  32.00
  33.00    2.4183E-01   -0.0435   -0.2176   -0.0600    0.0304   -0.0109    0.0111    0.0000    0.0000    0.0000  33.00
  34.00    2.3441E-01   -0.0305   -0.2094   -0.0716    0.0341   -0.0117    0.0184    0.0000    0.0000    0.0000  34.00
  35.00    2.2798E-01   -0.0187   -0.2014   -0.0825    0.0374   -0.0122    0.0255    0.0000    0.0000    0.0000  35.00
  36.00    2.2219E-01   -0.0085   -0.1940   -0.0925    0.0404   -0.0124    0.0325    0.0000    0.0000    0.0000  36.00
  37.00    2.1676E-01    0.0001   -0.1876   -0.1014    0.0428   -0.0125    0.0390    0.0000    0.0000    0.0000  37.00
  38.00    2.1143E-01    0.0070   -0.1824   -0.1092    0.0448   -0.0123    0.0451    0.0000    0.0000    0.0000  38.00
  39.00    2.0601E-01    0.0122   -0.1786   -0.1157    0.0463   -0.0120    0.0507    0.0000    0.0000    0.0000  39.00
  40.00    2.0036E-01    0.0157   -0.1764   -0.1210    0.0473   -0.0116    0.0557    0.0000    0.0000    0.0000  40.00
  41.00    1.9441E-01    0.0176   -0.1757   -0.1249    0.0478   -0.0112    0.0600    0.0000    0.0000    0.0000  41.00
  42.00    1.8813E-01    0.0179   -0.1768   -0.1275    0.0478   -0.0106    0.0638    0.0000    0.0000    0.0000  42.00
  43.00    1.8154E-01    0.0167   -0.1795   -0.1286    0.0472   -0.0101    0.0668    0.0000    0.0000    0.0000  43.00
  44.00    1.7472E-01    0.0141   -0.1837   -0.1282    0.0460   -0.0094    0.0692    0.0000    0.0000    0.0000  44.00
  45.00    1.6775E-01    0.0101   -0.1894   -0.1261    0.0441   -0.0088    0.0707    0.0000    0.0000    0.0000  45.00
  46.00    1.6078E-01    0.0049   -0.1961   -0.1221    0.0416   -0.0081    0.0714    0.0000    0.0000    0.0000  46.00
  47.00    1.5391E-01   -0.0015   -0.2037   -0.1161    0.0382   -0.0073    0.0711    0.0000    0.0000    0.0000  47.00
  48.00    1.4729E-01   -0.0089   -0.2117   -0.1081    0.0341   -0.0065    0.0697    0.0000    0.0000    0.0000  48.00
  49.00    1.4103E-01   -0.0171   -0.2195   -0.0978    0.0293   -0.0056    0.0672    0.0000    0.0000    0.0000  49.00
  50.00    1.3520E-01   -0.0258   -0.2267   -0.0854    0.0236   -0.0047    0.0635    0.0000    0.0000    0.0000  50.00
  51.00    1.2986E-01   -0.0349   -0.2328   -0.0710    0.0173   -0.0036    0.0587    0.0000    0.0000    0.0000  51.00
  52.00    1.2504E-01   -0.0441   -0.2373   -0.0548    0.0104   -0.0025    0.0526    0.0000    0.0000    0.0000  52.00
  53.00    1.2071E-01   -0.0531   -0.2398   -0.0373    0.0031   -0.0014    0.0456    0.0000    0.0000    0.0000  53.00
  54.00    1.1683E-01   -0.0616   -0.2403   -0.0188   -0.0043   -0.0002    0.0378    0.0000    0.0000    0.0000  54.00
  55.00    1.1332E-01   -0.0695   -0.2387    0.0000   -0.0117    0.0011    0.0293    0.0000    0.0000    0.0000  55.00
  56.00    1.1009E-01   -0.0768   -0.2351    0.0188   -0.0189    0.0024    0.0204    0.0000    0.0000    0.0000  56.00
  57.00    1.0705E-01   -0.0832   -0.2297    0.0369   -0.0257    0.0037    0.0114    0.0000    0.0000    0.0000  57.00
  58.00    1.0408E-01   -0.0889   -0.2229    0.0541   -0.0320    0.0050    0.0024    0.0000    0.0000    0.0000  58.00
  59.00    1.0110E-01   -0.0938   -0.2149    0.0699   -0.0375    0.0062   -0.0064    0.0000    0.0000    0.0000  59.00
  60.00    9.8047E-02   -0.0981   -0.2061    0.0841   -0.0423    0.0075   -0.0148    0.0000    0.0000    0.0000  60.00
  61.00    9.4865E-02   -0.1018   -0.1967    0.0965   -0.0462    0.0087   -0.0226    0.0000    0.0000    0.0000  61.00
  62.00    9.1530E-02   -0.1050   -0.1870    0.1069   -0.0492    0.0099   -0.0299    0.0000    0.0000    0.0000  62.00
  63.00    8.8040E-02   -0.1077   -0.1769    0.1151   -0.0513    0.0111   -0.0365    0.0000    0.0000    0.0000  63.00
  64.00    8.4415E-02   -0.1099   -0.1668    0.1210   -0.0523    0.0121   -0.0424    0.0000    0.0000    0.0000  64.00
  65.00    8.0691E-02   -0.1117   -0.1564    0.1246   -0.0523    0.0131   -0.0474    0.0000    0.0000    0.0000  65.00
  66.00    7.6914E-02   -0.1130   -0.1460    0.1255   -0.0512    0.0141   -0.0515    0.0000    0.0000    0.0000  66.00
  67.00    7.3136E-02   -0.1138   -0.1356    0.1237   -0.0489    0.0149   -0.0545    0.0000    0.0000    0.0000  67.00
  68.00    6.9409E-02   -0.1140   -0.1250    0.1190   -0.0454    0.0156   -0.0565    0.0000    0.0000    0.0000  68.00
  69.00    6.5780E-02   -0.1136   -0.1144    0.1114   -0.0406    0.0161   -0.0574    0.0000    0.0000    0.0000  69.00
  70.00    6.2284E-02   -0.1126   -0.1039    0.1008   -0.0346    0.0165   -0.0570    0.0000    0.0000    0.0000  70.00
  71.00    5.8950E-02   -0.1109   -0.0935    0.0872   -0.0275    0.0166   -0.0554    0.0000    0.0000    0.0000  71.00
  72.00    5.5793E-02   -0.1085   -0.0835    0.0707   -0.0191    0.0166   -0.0524    0.0000    0.0000    0.0000  72.00
  73.00    5.2819E-02   -0.1054   -0.0741    0.0515   -0.0098    0.0163   -0.0483    0.0000    0.0000    0.0000  73.00
  74.00    5.0024E-02   -0.1016   -0.0654    0.0298    0.0006    0.0157   -0.0429    0.0000    0.0000    0.0000  74.00
  75.00    4.7400E-02   -0.0970   -0.0577    0.0058    0.0118    0.0148   -0.0364    0.0000    0.0000    0.0000  75.00
  76.00    4.4934E-02   -0.0918   -0.0512   -0.0202    0.0236    0.0136   -0.0287    0.0000    0.0000    0.0000  76.00
  77.00    4.2613E-02   -0.0858   -0.0462   -0.0478    0.0361    0.0122   -0.0201    0.0000    0.0000    0.0000  77.00
  78.00    4.0426E-02   -0.0790   -0.0427   -0.0768    0.0489    0.0104   -0.0106    0.0000    0.0000    0.0000  78.00
  79.00    3.8364E-02   -0.0714   -0.0409   -0.1069    0.0621    0.0082   -0.0003    0.0000    0.0000    0.0000  79.00
  80.00    3.6422E-02   -0.0630   -0.0409   -0.1377    0.0754    0.0058    0.0106    0.0000    0.0000    0.0000  80.00
  81.00    3.4598E-02   -0.0536   -0.0425   -0.1689    0.0887    0.0029    0.0222    0.0000    0.0000    0.0000  81.00
  82.00    3.2896E-02   -0.0432   -0.0458   -0.1999    0.1017   -0.0002    0.0342    0.0000    0.0000    0.0000  82.00
  83.00    3.1318E-02   -0.0317   -0.0506   -0.2303    0.1143   -0.0037    0.0464    0.0000    0.0000    0.0000  83.00
  84.00    2.9870E-02   -0.0191   -0.0566   -0.2595    0.1261   -0.0075    0.0587    0.0000    0.0000    0.0000  84.00
  85.00    2.8557E-02   -0.0056   -0.0635   -0.2866    0.1368   -0.0115    0.0707    0.0000    0.0000    0.0000  85.00
  86.00    2.7380E-02    0.0089   -0.0710   -0.3109    0.1462   -0.0157    0.0823    0.0000    0.0000    0.0000  86.00
  87.00    2.6340E-02    0.0241   -0.0786   -0.3318    0.1538   -0.0199    0.0930    0.0000    0.0000    0.0000  87.00
  88.00    2.5430E-02    0.0397   -0.0860   -0.3483    0.1594   -0.0241    0.1026    0.0000    0.0000    0.0000  88.00
  89.00    2.4644E-02    0.0555   -0.0927   -0.3601    0.1629   -0.0282    0.1108    0.0000    0.0000    0.0000  89.00
0Tot-sig   1.4805E+00
1Inelastic  36S(d,p)@ 16MeV    4458 keV  1p3/2 unbound ZR                  0/00/00
    THETA  -2                               -1                                0                                1   THETA cos(theta)
     0.00  |++++++++++++++++++++++++++++++++|++++++++++++++++++++++++++++++++|++++++++++++++++++*+++++++++++++|+    0.00    1.0000
     1.00  +                                                                                    *              +    1.00    0.9998
     2.00  +                                                                                    *              +    2.00    0.9994
     3.00  +                                                                                    *              +    3.00    0.9986
     4.00  +                                                                                   *               +    4.00    0.9976
     5.00  +                                                                                  *                +    5.00    0.9962
     6.00  +                                                                                  *                +    6.00    0.9945
     7.00  +                                                                                 *                 +    7.00    0.9925
     8.00  +                                                                                *                  +    8.00    0.9903
     9.00  +                                                                              *                    +    9.00    0.9877
    10.00  +                                                                             *                     +   10.00    0.9848
    11.00  +                                                                            *                      +   11.00    0.9816
    12.00  +                                                                          *                        +   12.00    0.9781
    13.00  +                                                                        *                          +   13.00    0.9744
    14.00  +                                                                       *                           +   14.00    0.9703
    15.00  +                                                                     *                             +   15.00    0.9659
    16.00  +                                                                   *                               +   16.00    0.9613
    17.00  +                                                                 *                                 +   17.00    0.9563
    18.00  +                                                               *                                   +   18.00    0.9511
    19.00  +                                                              *                                    +   19.00    0.9455
    20.00  +                                                            *                                      +   20.00    0.9397
    21.00  +                                                          *                                        +   21.00    0.9336
    22.00  +                                                        *                                          +   22.00    0.9272
    23.00  +                                                       *                                           +   23.00    0.9205
    24.00  +                                                     *                                             +   24.00    0.9135
    25.00  +                                                    *                                              +   25.00    0.9063
    26.00  +                                                  *                                                +   26.00    0.8988
    27.00  +                                                 *                                                 +   27.00    0.8910
    28.00  +                                                *                                                  +   28.00    0.8829
    29.00  +                                               *                                                   +   29.00    0.8746
    30.00  +                                              *                                                    +   30.00    0.8660
    31.00  +                                              *                                                    +   31.00    0.8572
    32.00  +                                             *                                                     +   32.00    0.8480
    33.00  +                                             *                                                     +   33.00    0.8387
    34.00  +                                            *                                                      +   34.00    0.8290
    35.00  +                                            *                                                      +   35.00    0.8192
    36.00  +                                           *                                                       +   36.00    0.8090
    37.00  +                                           *                                                       +   37.00    0.7986
    38.00  +                                           *                                                       +   38.00    0.7880
    39.00  +                                          *                                                        +   39.00    0.7771
    40.00  +                                          *                                                        +   40.00    0.7660
    41.00  +                                          *                                                        +   41.00    0.7547
    42.00  +                                         *                                                         +   42.00    0.7431
    43.00  +                                         *                                                         +   43.00    0.7314
    44.00  +                                        *                                                          +   44.00    0.7193
    45.00  +                                       *                                                           +   45.00    0.7071
    46.00  +                                       *                                                           +   46.00    0.6947
    47.00  +                                      *                                                            +   47.00    0.6820
    48.00  +                                      *                                                            +   48.00    0.6691
    49.00  +                                     *                                                             +   49.00    0.6561
    50.00  +                                    *                                                              +   50.00    0.6428
    51.00  +                                    *                                                              +   51.00    0.6293
    52.00  +                                   *                                                               +   52.00    0.6157
    53.00  +                                   *                                                               +   53.00    0.6018
    54.00  +                                  *                                                                +   54.00    0.5878
    55.00  +                                  *                                                                +   55.00    0.5736
    56.00  +                                 *                                                                 +   56.00    0.5592
    57.00  +                                 *                                                                 +   57.00    0.5446
    58.00  +                                 *                                                                 +   58.00    0.5299
    59.00  +                                *                                                                  +   59.00    0.5150
    60.00  +                                *                                                                  +   60.00    0.5000
    61.00  +                               *                                                                   +   61.00    0.4848
    62.00  +                               *                                                                   +   62.00    0.4695
    63.00  +                              *                                                                    +   63.00    0.4540
    64.00  +                              *                                                                    +   64.00    0.4384
    65.00  +                             *                                                                     +   65.00    0.4226
    66.00  +                            *                                                                      +   66.00    0.4067
    67.00  +                            *                                                                      +   67.00    0.3907
    68.00  +                           *                                                                       +   68.00    0.3746
    69.00  +                          *                                                                        +   69.00    0.3584
    70.00  +                         *                                                                         +   70.00    0.3420
    71.00  +                        *                                                                          +   71.00    0.3256
    72.00  +                        *                                                                          +   72.00    0.3090
    73.00  +                       *                                                                           +   73.00    0.2924
    74.00  +                      *                                                                            +   74.00    0.2756
    75.00  +                     *                                                                             +   75.00    0.2588
    76.00  +                     *                                                                             +   76.00    0.2419
    77.00  +                    *                                                                              +   77.00    0.2250
    78.00  +                   *                                                                               +   78.00    0.2079
    79.00  +                  *                                                                                +   79.00    0.1908
    80.00  +                  *                                                                                +   80.00    0.1736
    81.00  +                 *                                                                                 +   81.00    0.1564
    82.00  +                *                                                                                  +   82.00    0.1392
    83.00  +               *                                                                                   +   83.00    0.1219
    84.00  +               *                                                                                   +   84.00    0.1045
    85.00  +              *                                                                                    +   85.00    0.0872
    86.00  +             *                                                                                     +   86.00    0.0698
    87.00  +             *                                                                                     +   87.00    0.0523
    88.00  +            *                                                                                      +   88.00    0.0349
    89.00  |++++++++++++*+++++++++++++++++++|++++++++++++++++++++++++++++++++|++++++++++++++++++++++++++++++++|+   89.00    0.0175
    THETA  -2                               -1                                0                                1   THETA cos(theta)
1Asymmetry  36S(d,p)@ 16MeV    4458 keV  1p3/2 unbound ZR                  0/00/00
    THETA  -1                                                 0                                                 1  THETA cos(theta)
     0.00  |+++++++++++++++++++++++++++++++++++++++++++++++++*+++++++++++++++++++++++++++++++++++++++++++++++++|    0.00    1.0000
     1.00  +                                                 *                                                 +    1.00    0.9998
     2.00  +                                                 *                                                 +    2.00    0.9994
     3.00  +                                                 *                                                 +    3.00    0.9986
     4.00  +                                                *+                                                 +    4.00    0.9976
     5.00  +                                                *+                                                 +    5.00    0.9962
     6.00  +                                                *+                                                 +    6.00    0.9945
     7.00  +                                                *+                                                 +    7.00    0.9925
     8.00  +                                               * +                                                 +    8.00    0.9903
     9.00  +                                               * +                                                 +    9.00    0.9877
    10.00  +                                               * +                                                 +   10.00    0.9848
    11.00  +                                              *  +                                                 +   11.00    0.9816
    12.00  +                                              *  +                                                 +   12.00    0.9781
    13.00  +                                             *   +                                                 +   13.00    0.9744
    14.00  +                                             *   +                                                 +   14.00    0.9703
    15.00  +                                            *    +                                                 +   15.00    0.9659
    16.00  +                                           *     +                                                 +   16.00    0.9613
    17.00  +                                           *     +                                                 +   17.00    0.9563
    18.00  +                                          *      +                                                 +   18.00    0.9511
    19.00  +                                         *       +                                                 +   19.00    0.9455
    20.00  +                                        *        +                                                 +   20.00    0.9397
    21.00  +                                       *         +                                                 +   21.00    0.9336
    22.00  +                                       *         +                                                 +   22.00    0.9272
    23.00  +                                      *          +                                                 +   23.00    0.9205
    24.00  +                                     *           +                                                 +   24.00    0.9135
    25.00  +                                     *           +                                                 +   25.00    0.9063
    26.00  +                                     *           +                                                 +   26.00    0.8988
    27.00  +                                     *           +                                                 +   27.00    0.8910
    28.00  +                                     *           +                                                 +   28.00    0.8829
    29.00  +                                     *           +                                                 +   29.00    0.8746
    30.00  +                                     *           +                                                 +   30.00    0.8660
    31.00  +                                     *           +                                                 +   31.00    0.8572
    32.00  +                                      *          +                                                 +   32.00    0.8480
    33.00  +                                      *          +                                                 +   33.00    0.8387
    34.00  +                                       *         +                                                 +   34.00    0.8290
    35.00  +                                       *         +                                                 +   35.00    0.8192
    36.00  +                                       *         +                                                 +   36.00    0.8090
    37.00  +                                        *        +                                                 +   37.00    0.7986
    38.00  +                                        *        +                                                 +   38.00    0.7880
    39.00  +                                        *        +                                                 +   39.00    0.7771
    40.00  +                                        *        +                                                 +   40.00    0.7660
    41.00  +                                        *        +                                                 +   41.00    0.7547
    42.00  +                                        *        +                                                 +   42.00    0.7431
    43.00  +                                        *        +                                                 +   43.00    0.7314
    44.00  +                                        *        +                                                 +   44.00    0.7193
    45.00  +                                        *        +                                                 +   45.00    0.7071
    46.00  +                                       *         +                                                 +   46.00    0.6947
    47.00  +                                       *         +                                                 +   47.00    0.6820
    48.00  +                                      *          +                                                 +   48.00    0.6691
    49.00  +                                      *          +                                                 +   49.00    0.6561
    50.00  +                                      *          +                                                 +   50.00    0.6428
    51.00  +                                     *           +                                                 +   51.00    0.6293
    52.00  +                                     *           +                                                 +   52.00    0.6157
    53.00  +                                     *           +                                                 +   53.00    0.6018
    54.00  +                                     *           +                                                 +   54.00    0.5878
    55.00  +                                     *           +                                                 +   55.00    0.5736
    56.00  +                                     *           +                                                 +   56.00    0.5592
    57.00  +                                      *          +                                                 +   57.00    0.5446
    58.00  +                                      *          +                                                 +   58.00    0.5299
    59.00  +                                      *          +                                                 +   59.00    0.5150
    60.00  +                                       *         +                                                 +   60.00    0.5000
    61.00  +                                       *         +                                                 +   61.00    0.4848
    62.00  +                                        *        +                                                 +   62.00    0.4695
    63.00  +                                        *        +                                                 +   63.00    0.4540
    64.00  +                                         *       +                                                 +   64.00    0.4384
    65.00  +                                         *       +                                                 +   65.00    0.4226
    66.00  +                                          *      +                                                 +   66.00    0.4067
    67.00  +                                          *      +                                                 +   67.00    0.3907
    68.00  +                                           *     +                                                 +   68.00    0.3746
    69.00  +                                           *     +                                                 +   69.00    0.3584
    70.00  +                                            *    +                                                 +   70.00    0.3420
    71.00  +                                            *    +                                                 +   71.00    0.3256
    72.00  +                                             *   +                                                 +   72.00    0.3090
    73.00  +                                             *   +                                                 +   73.00    0.2924
    74.00  +                                              *  +                                                 +   74.00    0.2756
    75.00  +                                              *  +                                                 +   75.00    0.2588
    76.00  +                                              *  +                                                 +   76.00    0.2419
    77.00  +                                               * +                                                 +   77.00    0.2250
    78.00  +                                               * +                                                 +   78.00    0.2079
    79.00  +                                               * +                                                 +   79.00    0.1908
    80.00  +                                               * +                                                 +   80.00    0.1736
    81.00  +                                               * +                                                 +   81.00    0.1564
    82.00  +                                               * +                                                 +   82.00    0.1392
    83.00  +                                              *  +                                                 +   83.00    0.1219
    84.00  +                                              *  +                                                 +   84.00    0.1045
    85.00  +                                              *  +                                                 +   85.00    0.0872
    86.00  +                                             *   +                                                 +   86.00    0.0698
    87.00  +                                             *   +                                                 +   87.00    0.0523
    88.00  +                                             *   +                                                 +   88.00    0.0349
    89.00  |++++++++++++++++++++++++++++++++++++++++++++*++++|+++++++++++++++++++++++++++++++++++++++++++++++++|   89.00    0.0175
    THETA  -1                                                 0                                                 1  THETA cos(theta)
1DWUCK4-DISTORTED WAVES U.COLORADO- PC-VERSION  12/Jan /1995
 Elapsed time in seconds =   0.00
 Elapsed time in seconds =   0.00
0CONTROL INTEGERS
  1 2 3 4 5 6 7 8 9 A B C D E F G H I J K    RUN IDENTIFICATION                                             0/00/00   0.00.00
  1 0 1 1 0 0 0 0 3 0 0 0 0 0 0 0 0 0 0 0    36S(d,p)@ 16MeV    4675 keV  0f5/2 unbound ZR               
 36S(d,p)@ 16MeV    4675 keV  0f5/2 unbound ZR               
 Adwck4 entered
0ANGLE DATA          THETN=  90.0000   THET1=   0.0000   DTHET=   1.0000   A-ANG=   0.0000   B-ANG=   0.0000
0CARD SET 3 DATA     LMAX =  15          LTR=   3
                     NLTR =   1        2*JTR=   5
0CARD SET 4 DATA     DRF  =   0.1000   RZ   =   0.0000   RMAX = -15.0000   VCE  =   0.0000   FNRNG=   0.0000
 PARTICLE DATA 
0PARTICLE 1*******************************************************************************************************************
 INPUT DATA          ELAB =  16.0000   RC0  =   1.3030   AC   =   0.0000   2*STR=   2.0000
                     MASSP=   2.0000   MASST=  36.0000   Q    =   0.0000
                     ZP   =   1.0000   ZT   =  16.0000   PNLOC=   0.0000
 
 DERIVED DATA        ECM  =  15.1579   RC   =   4.3024   RHO  =   5.0434
                     K    =   1.1722   ETA  =   0.8909   DR   =   0.1000
0POTENTIAL PARAMETERS
 NX=1 VOLUME  W-S    V RL = -92.9760   R0RL =   1.1500   A RL =   0.7610   R RL =   3.7972   VSOR =   0.0000
                     V IM =  -1.6020   R0IM =   1.3350   A IM =   0.5250   R IM =   4.4081   VSOI =   0.0000   POWR =   0.0000
 NX=2 SURFACE W-S    V RL =   0.0000   R0RL =   0.0000   A RL =   0.0000   R RL =   0.0000   VSOR =   0.0000
                     V IM =  50.2410   R0IM =   1.3800   A IM =   0.7360   R IM =   4.5567   VSOI =   0.0000   POWR =   0.0000
 NX=4 L*S VOLUME     V RL = -14.2280   R0RL =   0.9720   A RL =   1.0110   R RL =   3.2095   VSOR =   0.0000
                     V IM =   0.0000   R0IM =   0.0000   A IM =   0.0000   R IM =   0.0000   VSOI =   0.0000   POWR =   0.0000
0PARTICLE 2*******************************************************************************************************************
 INPUT DATA          ELAB =  12.9014   RC0  =   1.2920   AC   =   0.0000   2*STR=   1.0000
                     MASSP=   1.0000   MASST=  37.0000   Q    =  -2.5960
                     ZP   =   1.0000   ZT   =  16.0000   PNLOC=   0.0000
 
 DERIVED DATA        ECM  =  12.5619   RC   =   4.3052   RHO  =   3.2935
                     K    =   0.7650   ETA  =   0.7015   DR   =   0.0973
0POTENTIAL PARAMETERS
 NX=1 VOLUME  W-S    V RL = -58.1420   R0RL =   1.1820   A RL =   0.6720   R RL =   3.9387   VSOR =   0.0000
                     V IM =  -1.1650   R0IM =   1.1820   A IM =   0.6720   R IM =   3.9387   VSOI =   0.0000   POWR =   0.0000
 NX=2 SURFACE W-S    V RL =   0.0000   R0RL =   0.0000   A RL =   0.0000   R RL =   0.0000   VSOR =   0.0000
                     V IM =  36.7760   R0IM =   1.2900   A IM =   0.5380   R IM =   4.2986   VSOI =   0.0000   POWR =   0.0000
 NX=4 L*S VOLUME     V RL = -22.4560   R0RL =   0.9910   A RL =   0.5900   R RL =   3.3022   VSOR =   0.0000
                     V IM =   0.2450   R0IM =   0.9910   A IM =   0.5900   R IM =   3.3022   VSOI =   0.0000   POWR =   0.0000
136S(d,p)@ 16MeV    4675 keV  0f5/2 unbound ZR                  0/ 0/ 0
0FORM FACTOR DATA 
0PARTICLE 3*******************************************************************************************************************
 INPUT DATA          ELAB =   0.3710   RC0  =   1.3000   AC   =   0.0000   2*STR=   1.0000
                     MASSP=   1.0000   MASST=  36.0000   Q    =   0.3710
                     ZP   =   0.0000   ZT   =  16.0000   PNLOC=   0.0000
 
 DERIVED DATA        ECM  =   0.3710   RC   =   4.2925   RHO  =   0.5641
                     K    =   0.1314   ETA  =   0.0000   DR   =   0.1000
0POTENTIAL PARAMETERS
 NX=1 VOLUME  W-S    V RL =  -1.0000   R0RL =   1.2800   A RL =   0.6500   R RL =   4.2265   VSOR =  24.0000
                     V IM =   0.0000   R0IM =   0.0000   A IM =   0.0000   R IM =   0.0000   VSOI =   0.0000   POWR =   0.0000
 
                     NODES=   0.0000   L    =   3.0000   2*J  =   5.0000   2*S  =   1.0000   FISW =   0.0000
 
0SINGLE PARTICLE WIDTH = 4.5110E -4  MEV     VOLUME TERM =  1.2482E+04     SURFACE TERM =  3.4588E+01
                     V    =  50.1296   DET  =  -0.0000   NODES=   0.0000   RM   =   4.8500   E    =   0.3710   ITER.=   3
0*****  Warning  *****  CLASSICAL TURNING POINT FOR BOUNDSTATE = 26.3593  IS GREATER THAN RMAX =-15.0000
0                    LMAX =  15        NSTEP= 150        NLTR =   1
 Bdwck4 entered
   Subroutine INTEG  entered
0REACSIG 1   1.50779E+02                                             REACSIG 2   9.80578E+01
   Subroutine RADINT entered
136S(d,p)@ 16MeV    4675 keV  0f5/2 unbound ZR                  0/00/00
0BASIC DATA          DR   =   0.1000   RMIN =   0.0000   RMAX =  15.0000   COUEX=   0.0000     IS1=   1.0000
                     FNRNG=   0.0000   PNLC1=   0.0000   PNLC2=   0.0000   PNLC3=   0.0000     IS2=   0.5000
 ANG MOM TRANSFER    LTR  =   3.       2*JTR=   5.       2*STR=   1.       Q    =  -2.5960
   Subroutine INSIG  entered
0 Theta Inelsig,fm**2      Polz       Asy       Ayy       A22       A21       A20       T22       T21       T20  Theta
   0.00    1.9934E+00    0.0000    0.0000    0.0074    0.0000    0.0000   -0.0098    0.0000    0.0000    0.0000   0.00
   1.00    1.9945E+00    0.0050    0.0100    0.0076   -0.0001   -0.0002   -0.0099    0.0000    0.0000    0.0000   1.00
   2.00    1.9977E+00    0.0100    0.0199    0.0083   -0.0004   -0.0004   -0.0102    0.0000    0.0000    0.0000   2.00
   3.00    2.0029E+00    0.0148    0.0294    0.0093   -0.0008   -0.0006   -0.0105    0.0000    0.0000    0.0000   3.00
   4.00    2.0096E+00    0.0195    0.0386    0.0107   -0.0014   -0.0008   -0.0111    0.0000    0.0000    0.0000   4.00
   5.00    2.0175E+00    0.0239    0.0472    0.0125   -0.0022   -0.0010   -0.0117    0.0000    0.0000    0.0000   5.00
   6.00    2.0260E+00    0.0280    0.0552    0.0145   -0.0031   -0.0012   -0.0124    0.0000    0.0000    0.0000   6.00
   7.00    2.0344E+00    0.0318    0.0624    0.0168   -0.0040   -0.0014   -0.0133    0.0000    0.0000    0.0000   7.00
   8.00    2.0420E+00    0.0352    0.0690    0.0192   -0.0050   -0.0016   -0.0142    0.0000    0.0000    0.0000   8.00
   9.00    2.0482E+00    0.0383    0.0748    0.0217   -0.0061   -0.0018   -0.0151    0.0000    0.0000    0.0000   9.00
  10.00    2.0520E+00    0.0410    0.0798    0.0242   -0.0072   -0.0019   -0.0160    0.0000    0.0000    0.0000  10.00
  11.00    2.0528E+00    0.0434    0.0841    0.0268   -0.0083   -0.0021   -0.0170    0.0000    0.0000    0.0000  11.00
  12.00    2.0499E+00    0.0455    0.0877    0.0293   -0.0093   -0.0023   -0.0179    0.0000    0.0000    0.0000  12.00
  13.00    2.0425E+00    0.0472    0.0907    0.0317   -0.0104   -0.0025   -0.0189    0.0000    0.0000    0.0000  13.00
  14.00    2.0302E+00    0.0486    0.0930    0.0340   -0.0113   -0.0027   -0.0198    0.0000    0.0000    0.0000  14.00
  15.00    2.0123E+00    0.0497    0.0948    0.0362   -0.0122   -0.0029   -0.0206    0.0000    0.0000    0.0000  15.00
  16.00    1.9887E+00    0.0505    0.0960    0.0382   -0.0131   -0.0031   -0.0214    0.0000    0.0000    0.0000  16.00
  17.00    1.9590E+00    0.0511    0.0967    0.0401   -0.0139   -0.0033   -0.0222    0.0000    0.0000    0.0000  17.00
  18.00    1.9232E+00    0.0514    0.0969    0.0418   -0.0146   -0.0035   -0.0229    0.0000    0.0000    0.0000  18.00
  19.00    1.8813E+00    0.0514    0.0967    0.0434   -0.0152   -0.0037   -0.0235    0.0000    0.0000    0.0000  19.00
  20.00    1.8336E+00    0.0512    0.0961    0.0448   -0.0158   -0.0040   -0.0241    0.0000    0.0000    0.0000  20.00
  21.00    1.7804E+00    0.0508    0.0951    0.0460   -0.0163   -0.0042   -0.0246    0.0000    0.0000    0.0000  21.00
  22.00    1.7221E+00    0.0501    0.0937    0.0470   -0.0167   -0.0044   -0.0250    0.0000    0.0000    0.0000  22.00
  23.00    1.6592E+00    0.0491    0.0919    0.0479   -0.0170   -0.0047   -0.0254    0.0000    0.0000    0.0000  23.00
  24.00    1.5926E+00    0.0479    0.0896    0.0486   -0.0173   -0.0049   -0.0257    0.0000    0.0000    0.0000  24.00
  25.00    1.5227E+00    0.0465    0.0870    0.0492   -0.0175   -0.0052   -0.0260    0.0000    0.0000    0.0000  25.00
  26.00    1.4503E+00    0.0448    0.0840    0.0496   -0.0177   -0.0054   -0.0262    0.0000    0.0000    0.0000  26.00
  27.00    1.3763E+00    0.0429    0.0806    0.0499   -0.0178   -0.0057   -0.0264    0.0000    0.0000    0.0000  27.00
  28.00    1.3013E+00    0.0407    0.0768    0.0501   -0.0179   -0.0060   -0.0264    0.0000    0.0000    0.0000  28.00
  29.00    1.2260E+00    0.0383    0.0726    0.0501   -0.0179   -0.0062   -0.0264    0.0000    0.0000    0.0000  29.00
  30.00    1.1511E+00    0.0357    0.0681    0.0501   -0.0179   -0.0065   -0.0264    0.0000    0.0000    0.0000  30.00
  31.00    1.0772E+00    0.0330    0.0632    0.0499   -0.0178   -0.0068   -0.0263    0.0000    0.0000    0.0000  31.00
  32.00    1.0050E+00    0.0301    0.0580    0.0495   -0.0177   -0.0070   -0.0261    0.0000    0.0000    0.0000  32.00
  33.00    9.3474E-01    0.0270    0.0525    0.0491   -0.0176   -0.0073   -0.0258    0.0000    0.0000    0.0000  33.00
  34.00    8.6701E-01    0.0240    0.0469    0.0485   -0.0174   -0.0075   -0.0254    0.0000    0.0000    0.0000  34.00
  35.00    8.0208E-01    0.0210    0.0412    0.0477   -0.0171   -0.0078   -0.0250    0.0000    0.0000    0.0000  35.00
  36.00    7.4025E-01    0.0181    0.0355    0.0467   -0.0168   -0.0080   -0.0244    0.0000    0.0000    0.0000  36.00
  37.00    6.8170E-01    0.0154    0.0299    0.0456   -0.0164   -0.0082   -0.0238    0.0000    0.0000    0.0000  37.00
  38.00    6.2658E-01    0.0131    0.0246    0.0441   -0.0159   -0.0083   -0.0230    0.0000    0.0000    0.0000  38.00
  39.00    5.7497E-01    0.0112    0.0197    0.0424   -0.0152   -0.0084   -0.0220    0.0000    0.0000    0.0000  39.00
  40.00    5.2692E-01    0.0099    0.0153    0.0403   -0.0145   -0.0085   -0.0210    0.0000    0.0000    0.0000  40.00
  41.00    4.8242E-01    0.0092    0.0116    0.0377   -0.0135   -0.0085   -0.0197    0.0000    0.0000    0.0000  41.00
  42.00    4.4142E-01    0.0094    0.0086    0.0347   -0.0123   -0.0085   -0.0183    0.0000    0.0000    0.0000  42.00
  43.00    4.0385E-01    0.0104    0.0065    0.0311   -0.0109   -0.0084   -0.0166    0.0000    0.0000    0.0000  43.00
  44.00    3.6961E-01    0.0124    0.0053    0.0268   -0.0092   -0.0082   -0.0147    0.0000    0.0000    0.0000  44.00
  45.00    3.3858E-01    0.0155    0.0051    0.0218   -0.0072   -0.0079   -0.0126    0.0000    0.0000    0.0000  45.00
  46.00    3.1061E-01    0.0196    0.0057    0.0160   -0.0048   -0.0076   -0.0103    0.0000    0.0000    0.0000  46.00
  47.00    2.8554E-01    0.0248    0.0072    0.0094   -0.0020   -0.0072   -0.0078    0.0000    0.0000    0.0000  47.00
  48.00    2.6319E-01    0.0310    0.0095    0.0020    0.0011   -0.0067   -0.0050    0.0000    0.0000    0.0000  48.00
  49.00    2.4336E-01    0.0380    0.0122   -0.0061    0.0046   -0.0061   -0.0021    0.0000    0.0000    0.0000  49.00
  50.00    2.2587E-01    0.0457    0.0152   -0.0149    0.0085   -0.0055    0.0009    0.0000    0.0000    0.0000  50.00
  51.00    2.1050E-01    0.0540    0.0183   -0.0242    0.0126   -0.0049    0.0040    0.0000    0.0000    0.0000  51.00
  52.00    1.9705E-01    0.0625    0.0212   -0.0339    0.0169   -0.0042    0.0071    0.0000    0.0000    0.0000  52.00
  53.00    1.8531E-01    0.0712    0.0236   -0.0437    0.0214   -0.0036    0.0101    0.0000    0.0000    0.0000  53.00
  54.00    1.7507E-01    0.0797    0.0255   -0.0535    0.0259   -0.0029    0.0129    0.0000    0.0000    0.0000  54.00
  55.00    1.6614E-01    0.0879    0.0267   -0.0629    0.0302   -0.0024    0.0155    0.0000    0.0000    0.0000  55.00
  56.00    1.5833E-01    0.0957    0.0271   -0.0718    0.0344   -0.0019    0.0179    0.0000    0.0000    0.0000  56.00
  57.00    1.5146E-01    0.1029    0.0267   -0.0801    0.0384   -0.0014    0.0199    0.0000    0.0000    0.0000  57.00
  58.00    1.4538E-01    0.1096    0.0256   -0.0875    0.0420   -0.0011    0.0215    0.0000    0.0000    0.0000  58.00
  59.00    1.3995E-01    0.1157    0.0240   -0.0940    0.0452   -0.0008    0.0229    0.0000    0.0000    0.0000  59.00
  60.00    1.3504E-01    0.1212    0.0219   -0.0996    0.0480   -0.0007    0.0238    0.0000    0.0000    0.0000  60.00
  61.00    1.3054E-01    0.1262    0.0194   -0.1042    0.0504   -0.0007    0.0245    0.0000    0.0000    0.0000  61.00
  62.00    1.2637E-01    0.1308    0.0167   -0.1079    0.0524   -0.0007    0.0249    0.0000    0.0000    0.0000  62.00
  63.00    1.2246E-01    0.1350    0.0139   -0.1108    0.0540   -0.0009    0.0250    0.0000    0.0000    0.0000  63.00
  64.00    1.1876E-01    0.1388    0.0110   -0.1128    0.0552   -0.0011    0.0248    0.0000    0.0000    0.0000  64.00
  65.00    1.1521E-01    0.1422    0.0082   -0.1140    0.0561   -0.0015    0.0245    0.0000    0.0000    0.0000  65.00
  66.00    1.1180E-01    0.1454    0.0053   -0.1147    0.0566   -0.0019    0.0240    0.0000    0.0000    0.0000  66.00
  67.00    1.0850E-01    0.1483    0.0024   -0.1147    0.0569   -0.0024    0.0234    0.0000    0.0000    0.0000  67.00
  68.00    1.0529E-01    0.1509   -0.0006   -0.1141    0.0568   -0.0029    0.0227    0.0000    0.0000    0.0000  68.00
  69.00    1.0216E-01    0.1532   -0.0035   -0.1131    0.0566   -0.0035    0.0219    0.0000    0.0000    0.0000  69.00
  70.00    9.9110E-02    0.1552   -0.0065   -0.1116    0.0560   -0.0042    0.0211    0.0000    0.0000    0.0000  70.00
  71.00    9.6133E-02    0.1570   -0.0096   -0.1096    0.0553   -0.0048    0.0202    0.0000    0.0000    0.0000  71.00
  72.00    9.3226E-02    0.1585   -0.0126   -0.1071    0.0542   -0.0055    0.0192    0.0000    0.0000    0.0000  72.00
  73.00    9.0385E-02    0.1598   -0.0157   -0.1041    0.0529   -0.0062    0.0181    0.0000    0.0000    0.0000  73.00
  74.00    8.7609E-02    0.1608   -0.0188   -0.1005    0.0513   -0.0069    0.0169    0.0000    0.0000    0.0000  74.00
  75.00    8.4896E-02    0.1617   -0.0217   -0.0962    0.0494   -0.0076    0.0156    0.0000    0.0000    0.0000  75.00
  76.00    8.2247E-02    0.1625   -0.0243   -0.0912    0.0471   -0.0083    0.0141    0.0000    0.0000    0.0000  76.00
  77.00    7.9661E-02    0.1632   -0.0267   -0.0853    0.0444   -0.0089    0.0124    0.0000    0.0000    0.0000  77.00
  78.00    7.7141E-02    0.1638   -0.0286   -0.0785    0.0413   -0.0094    0.0105    0.0000    0.0000    0.0000  78.00
  79.00    7.4690E-02    0.1643   -0.0300   -0.0707    0.0377   -0.0098    0.0083    0.0000    0.0000    0.0000  79.00
  80.00    7.2311E-02    0.1648   -0.0308   -0.0617    0.0335   -0.0101    0.0057    0.0000    0.0000    0.0000  80.00
  81.00    7.0009E-02    0.1651   -0.0310   -0.0515    0.0289   -0.0103    0.0028    0.0000    0.0000    0.0000  81.00
  82.00    6.7792E-02    0.1652   -0.0306   -0.0401    0.0236   -0.0103   -0.0006    0.0000    0.0000    0.0000  82.00
  83.00    6.5665E-02    0.1650   -0.0297   -0.0275    0.0179   -0.0101   -0.0043    0.0000    0.0000    0.0000  83.00
  84.00    6.3634E-02    0.1643   -0.0285   -0.0136    0.0116   -0.0098   -0.0085    0.0000    0.0000    0.0000  84.00
  85.00    6.1704E-02    0.1629   -0.0270    0.0014    0.0048   -0.0093   -0.0132    0.0000    0.0000    0.0000  85.00
  86.00    5.9878E-02    0.1608   -0.0256    0.0174   -0.0024   -0.0086   -0.0183    0.0000    0.0000    0.0000  86.00
  87.00    5.8158E-02    0.1576   -0.0245    0.0343   -0.0099   -0.0077   -0.0238    0.0000    0.0000    0.0000  87.00
  88.00    5.6542E-02    0.1533   -0.0240    0.0518   -0.0176   -0.0067   -0.0296    0.0000    0.0000    0.0000  88.00
  89.00    5.5026E-02    0.1476   -0.0244    0.0697   -0.0254   -0.0055   -0.0357    0.0000    0.0000    0.0000  89.00
0Tot-sig   2.8984E+00
1Inelastic  36S(d,p)@ 16MeV    4675 keV  0f5/2 unbound ZR                  0/00/00
    THETA  -2                               -1                                0                                1   THETA cos(theta)
     0.00  |++++++++++++++++++++++++++++++++|++++++++++++++++++++++++++++++++|+++++++++*++++++++++++++++++++++|+    0.00    1.0000
     1.00  +                                                                           *                       +    1.00    0.9998
     2.00  +                                                                           *                       +    2.00    0.9994
     3.00  +                                                                           *                       +    3.00    0.9986
     4.00  +                                                                           *                       +    4.00    0.9976
     5.00  +                                                                           *                       +    5.00    0.9962
     6.00  +                                                                           *                       +    6.00    0.9945
     7.00  +                                                                           *                       +    7.00    0.9925
     8.00  +                                                                           *                       +    8.00    0.9903
     9.00  +                                                                           *                       +    9.00    0.9877
    10.00  +                                                                           *                       +   10.00    0.9848
    11.00  +                                                                           *                       +   11.00    0.9816
    12.00  +                                                                           *                       +   12.00    0.9781
    13.00  +                                                                           *                       +   13.00    0.9744
    14.00  +                                                                           *                       +   14.00    0.9703
    15.00  +                                                                           *                       +   15.00    0.9659
    16.00  +                                                                           *                       +   16.00    0.9613
    17.00  +                                                                           *                       +   17.00    0.9563
    18.00  +                                                                          *                        +   18.00    0.9511
    19.00  +                                                                          *                        +   19.00    0.9455
    20.00  +                                                                          *                        +   20.00    0.9397
    21.00  +                                                                         *                         +   21.00    0.9336
    22.00  +                                                                         *                         +   22.00    0.9272
    23.00  +                                                                        *                          +   23.00    0.9205
    24.00  +                                                                        *                          +   24.00    0.9135
    25.00  +                                                                       *                           +   25.00    0.9063
    26.00  +                                                                      *                            +   26.00    0.8988
    27.00  +                                                                      *                            +   27.00    0.8910
    28.00  +                                                                     *                             +   28.00    0.8829
    29.00  +                                                                    *                              +   29.00    0.8746
    30.00  +                                                                   *                               +   30.00    0.8660
    31.00  +                                                                  *                                +   31.00    0.8572
    32.00  +                                                                 *                                 +   32.00    0.8480
    33.00  +                                                                *                                  +   33.00    0.8387
    34.00  +                                                               *                                   +   34.00    0.8290
    35.00  +                                                              *                                    +   35.00    0.8192
    36.00  +                                                             *                                     +   36.00    0.8090
    37.00  +                                                            *                                      +   37.00    0.7986
    38.00  +                                                          *                                        +   38.00    0.7880
    39.00  +                                                         *                                         +   39.00    0.7771
    40.00  +                                                        *                                          +   40.00    0.7660
    41.00  +                                                       *                                           +   41.00    0.7547
    42.00  +                                                     *                                             +   42.00    0.7431
    43.00  +                                                    *                                              +   43.00    0.7314
    44.00  +                                                   *                                               +   44.00    0.7193
    45.00  +                                                 *                                                 +   45.00    0.7071
    46.00  +                                                *                                                  +   46.00    0.6947
    47.00  +                                               *                                                   +   47.00    0.6820
    48.00  +                                              *                                                    +   48.00    0.6691
    49.00  +                                             *                                                     +   49.00    0.6561
    50.00  +                                            *                                                      +   50.00    0.6428
    51.00  +                                           *                                                       +   51.00    0.6293
    52.00  +                                          *                                                        +   52.00    0.6157
    53.00  +                                         *                                                         +   53.00    0.6018
    54.00  +                                        *                                                          +   54.00    0.5878
    55.00  +                                       *                                                           +   55.00    0.5736
    56.00  +                                       *                                                           +   56.00    0.5592
    57.00  +                                      *                                                            +   57.00    0.5446
    58.00  +                                     *                                                             +   58.00    0.5299
    59.00  +                                     *                                                             +   59.00    0.5150
    60.00  +                                    *                                                              +   60.00    0.5000
    61.00  +                                    *                                                              +   61.00    0.4848
    62.00  +                                   *                                                               +   62.00    0.4695
    63.00  +                                   *                                                               +   63.00    0.4540
    64.00  +                                  *                                                                +   64.00    0.4384
    65.00  +                                  *                                                                +   65.00    0.4226
    66.00  +                                  *                                                                +   66.00    0.4067
    67.00  +                                 *                                                                 +   67.00    0.3907
    68.00  +                                 *                                                                 +   68.00    0.3746
    69.00  +                                *                                                                  +   69.00    0.3584
    70.00  +                                *                                                                  +   70.00    0.3420
    71.00  +                               *                                                                   +   71.00    0.3256
    72.00  +                               *                                                                   +   72.00    0.3090
    73.00  +                               *                                                                   +   73.00    0.2924
    74.00  +                              *                                                                    +   74.00    0.2756
    75.00  +                              *                                                                    +   75.00    0.2588
    76.00  +                             *                                                                     +   76.00    0.2419
    77.00  +                             *                                                                     +   77.00    0.2250
    78.00  +                            *                                                                      +   78.00    0.2079
    79.00  +                            *                                                                      +   79.00    0.1908
    80.00  +                           *                                                                       +   80.00    0.1736
    81.00  +                           *                                                                       +   81.00    0.1564
    82.00  +                          *                                                                        +   82.00    0.1392
    83.00  +                          *                                                                        +   83.00    0.1219
    84.00  +                          *                                                                        +   84.00    0.1045
    85.00  +                         *                                                                         +   85.00    0.0872
    86.00  +                         *                                                                         +   86.00    0.0698
    87.00  +                        *                                                                          +   87.00    0.0523
    88.00  +                        *                                                                          +   88.00    0.0349
    89.00  |+++++++++++++++++++++++*++++++++|++++++++++++++++++++++++++++++++|++++++++++++++++++++++++++++++++|+   89.00    0.0175
    THETA  -2                               -1                                0                                1   THETA cos(theta)
1Asymmetry  36S(d,p)@ 16MeV    4675 keV  0f5/2 unbound ZR                  0/00/00
    THETA  -1                                                 0                                                 1  THETA cos(theta)
     0.00  |+++++++++++++++++++++++++++++++++++++++++++++++++*+++++++++++++++++++++++++++++++++++++++++++++++++|    0.00    1.0000
     1.00  +                                                 +*                                                +    1.00    0.9998
     2.00  +                                                 +*                                                +    2.00    0.9994
     3.00  +                                                 +*                                                +    3.00    0.9986
     4.00  +                                                 + *                                               +    4.00    0.9976
     5.00  +                                                 + *                                               +    5.00    0.9962
     6.00  +                                                 +  *                                              +    6.00    0.9945
     7.00  +                                                 +  *                                              +    7.00    0.9925
     8.00  +                                                 +  *                                              +    8.00    0.9903
     9.00  +                                                 +   *                                             +    9.00    0.9877
    10.00  +                                                 +   *                                             +   10.00    0.9848
    11.00  +                                                 +   *                                             +   11.00    0.9816
    12.00  +                                                 +   *                                             +   12.00    0.9781
    13.00  +                                                 +    *                                            +   13.00    0.9744
    14.00  +                                                 +    *                                            +   14.00    0.9703
    15.00  +                                                 +    *                                            +   15.00    0.9659
    16.00  +                                                 +    *                                            +   16.00    0.9613
    17.00  +                                                 +    *                                            +   17.00    0.9563
    18.00  +                                                 +    *                                            +   18.00    0.9511
    19.00  +                                                 +    *                                            +   19.00    0.9455
    20.00  +                                                 +    *                                            +   20.00    0.9397
    21.00  +                                                 +    *                                            +   21.00    0.9336
    22.00  +                                                 +    *                                            +   22.00    0.9272
    23.00  +                                                 +    *                                            +   23.00    0.9205
    24.00  +                                                 +   *                                             +   24.00    0.9135
    25.00  +                                                 +   *                                             +   25.00    0.9063
    26.00  +                                                 +   *                                             +   26.00    0.8988
    27.00  +                                                 +   *                                             +   27.00    0.8910
    28.00  +                                                 +   *                                             +   28.00    0.8829
    29.00  +                                                 +   *                                             +   29.00    0.8746
    30.00  +                                                 +  *                                              +   30.00    0.8660
    31.00  +                                                 +  *                                              +   31.00    0.8572
    32.00  +                                                 +  *                                              +   32.00    0.8480
    33.00  +                                                 +  *                                              +   33.00    0.8387
    34.00  +                                                 + *                                               +   34.00    0.8290
    35.00  +                                                 + *                                               +   35.00    0.8192
    36.00  +                                                 + *                                               +   36.00    0.8090
    37.00  +                                                 +*                                                +   37.00    0.7986
    38.00  +                                                 +*                                                +   38.00    0.7880
    39.00  +                                                 +*                                                +   39.00    0.7771
    40.00  +                                                 +*                                                +   40.00    0.7660
    41.00  +                                                 +*                                                +   41.00    0.7547
    42.00  +                                                 *                                                 +   42.00    0.7431
    43.00  +                                                 *                                                 +   43.00    0.7314
    44.00  +                                                 *                                                 +   44.00    0.7193
    45.00  +                                                 *                                                 +   45.00    0.7071
    46.00  +                                                 *                                                 +   46.00    0.6947
    47.00  +                                                 *                                                 +   47.00    0.6820
    48.00  +                                                 *                                                 +   48.00    0.6691
    49.00  +                                                 +*                                                +   49.00    0.6561
    50.00  +                                                 +*                                                +   50.00    0.6428
    51.00  +                                                 +*                                                +   51.00    0.6293
    52.00  +                                                 +*                                                +   52.00    0.6157
    53.00  +                                                 +*                                                +   53.00    0.6018
    54.00  +                                                 +*                                                +   54.00    0.5878
    55.00  +                                                 +*                                                +   55.00    0.5736
    56.00  +                                                 +*                                                +   56.00    0.5592
    57.00  +                                                 +*                                                +   57.00    0.5446
    58.00  +                                                 +*                                                +   58.00    0.5299
    59.00  +                                                 +*                                                +   59.00    0.5150
    60.00  +                                                 +*                                                +   60.00    0.5000
    61.00  +                                                 +*                                                +   61.00    0.4848
    62.00  +                                                 +*                                                +   62.00    0.4695
    63.00  +                                                 +*                                                +   63.00    0.4540
    64.00  +                                                 +*                                                +   64.00    0.4384
    65.00  +                                                 *                                                 +   65.00    0.4226
    66.00  +                                                 *                                                 +   66.00    0.4067
    67.00  +                                                 *                                                 +   67.00    0.3907
    68.00  +                                                 *                                                 +   68.00    0.3746
    69.00  +                                                 *                                                 +   69.00    0.3584
    70.00  +                                                 *                                                 +   70.00    0.3420
    71.00  +                                                 *                                                 +   71.00    0.3256
    72.00  +                                                *+                                                 +   72.00    0.3090
    73.00  +                                                *+                                                 +   73.00    0.2924
    74.00  +                                                *+                                                 +   74.00    0.2756
    75.00  +                                                *+                                                 +   75.00    0.2588
    76.00  +                                                *+                                                 +   76.00    0.2419
    77.00  +                                                *+                                                 +   77.00    0.2250
    78.00  +                                                *+                                                 +   78.00    0.2079
    79.00  +                                                *+                                                 +   79.00    0.1908
    80.00  +                                               * +                                                 +   80.00    0.1736
    81.00  +                                               * +                                                 +   81.00    0.1564
    82.00  +                                               * +                                                 +   82.00    0.1392
    83.00  +                                                *+                                                 +   83.00    0.1219
    84.00  +                                                *+                                                 +   84.00    0.1045
    85.00  +                                                *+                                                 +   85.00    0.0872
    86.00  +                                                *+                                                 +   86.00    0.0698
    87.00  +                                                *+                                                 +   87.00    0.0523
    88.00  +                                                *+                                                 +   88.00    0.0349
    89.00  |++++++++++++++++++++++++++++++++++++++++++++++++*|+++++++++++++++++++++++++++++++++++++++++++++++++|   89.00    0.0175
    THETA  -1                                                 0                                                 1  THETA cos(theta)
1DWUCK4-DISTORTED WAVES U.COLORADO- PC-VERSION  12/Jan /1995
 Elapsed time in seconds =   0.00
 Elapsed time in seconds =   0.00
0CONTROL INTEGERS
  1 2 3 4 5 6 7 8 9 A B C D E F G H I J K    RUN IDENTIFICATION                                             0/00/00   0.00.00
  1 0 1 1 0 0 0 0 3 0 0 0 0 0 0 0 0 0 0 0    36S(d,p)@ 16MeV    4812 keV  1p3/2 unbound ZR               
 36S(d,p)@ 16MeV    4812 keV  1p3/2 unbound ZR               
 Adwck4 entered
0ANGLE DATA          THETN=  90.0000   THET1=   0.0000   DTHET=   1.0000   A-ANG=   0.0000   B-ANG=   0.0000
0CARD SET 3 DATA     LMAX =  15          LTR=   1
                     NLTR =   1        2*JTR=   3
0CARD SET 4 DATA     DRF  =   0.1000   RZ   =   0.0000   RMAX = -15.0000   VCE  =   0.0000   FNRNG=   0.0000
 PARTICLE DATA 
0PARTICLE 1*******************************************************************************************************************
 INPUT DATA          ELAB =  16.0000   RC0  =   1.3030   AC   =   0.0000   2*STR=   2.0000
                     MASSP=   2.0000   MASST=  36.0000   Q    =   0.0000
                     ZP   =   1.0000   ZT   =  16.0000   PNLOC=   0.0000
 
 DERIVED DATA        ECM  =  15.1579   RC   =   4.3024   RHO  =   5.0434
                     K    =   1.1722   ETA  =   0.8909   DR   =   0.1000
0POTENTIAL PARAMETERS
 NX=1 VOLUME  W-S    V RL = -92.9760   R0RL =   1.1500   A RL =   0.7610   R RL =   3.7972   VSOR =   0.0000
                     V IM =  -1.6020   R0IM =   1.3350   A IM =   0.5250   R IM =   4.4081   VSOI =   0.0000   POWR =   0.0000
 NX=2 SURFACE W-S    V RL =   0.0000   R0RL =   0.0000   A RL =   0.0000   R RL =   0.0000   VSOR =   0.0000
                     V IM =  50.4720   R0IM =   1.3800   A IM =   0.7360   R IM =   4.5567   VSOI =   0.0000   POWR =   0.0000
 NX=4 L*S VOLUME     V RL = -14.2280   R0RL =   0.9720   A RL =   1.0110   R RL =   3.2095   VSOR =   0.0000
                     V IM =   0.0000   R0IM =   0.0000   A IM =   0.0000   R IM =   0.0000   VSOI =   0.0000   POWR =   0.0000
0PARTICLE 2*******************************************************************************************************************
 INPUT DATA          ELAB =  12.7607   RC0  =   1.2920   AC   =   0.0000   2*STR=   1.0000
                     MASSP=   1.0000   MASST=  37.0000   Q    =  -2.7330
                     ZP   =   1.0000   ZT   =  16.0000   PNLOC=   0.0000
 
 DERIVED DATA        ECM  =  12.4249   RC   =   4.3052   RHO  =   3.2754
                     K    =   0.7608   ETA  =   0.7054   DR   =   0.0973
0POTENTIAL PARAMETERS
 NX=1 VOLUME  W-S    V RL = -58.1980   R0RL =   1.1820   A RL =   0.6720   R RL =   3.9387   VSOR =   0.0000
                     V IM =  -1.1760   R0IM =   1.1820   A IM =   0.6720   R IM =   3.9387   VSOI =   0.0000   POWR =   0.0000
 NX=2 SURFACE W-S    V RL =   0.0000   R0RL =   0.0000   A RL =   0.0000   R RL =   0.0000   VSOR =   0.0000
                     V IM =  36.8330   R0IM =   1.2900   A IM =   0.5380   R IM =   4.2986   VSOI =   0.0000   POWR =   0.0000
 NX=4 L*S VOLUME     V RL = -22.4560   R0RL =   0.9910   A RL =   0.5900   R RL =   3.3022   VSOR =   0.0000
                     V IM =   0.2470   R0IM =   0.9910   A IM =   0.5900   R IM =   3.3022   VSOI =   0.0000   POWR =   0.0000
136S(d,p)@ 16MeV    4812 keV  1p3/2 unbound ZR                  0/ 0/ 0
0FORM FACTOR DATA 
0PARTICLE 3*******************************************************************************************************************
 INPUT DATA          ELAB =   0.5080   RC0  =   1.3000   AC   =   0.0000   2*STR=   1.0000
                     MASSP=   1.0000   MASST=  36.0000   Q    =   0.5080
                     ZP   =   0.0000   ZT   =  16.0000   PNLOC=   0.0000
 
 DERIVED DATA        ECM  =   0.5080   RC   =   4.2925   RHO  =   0.6601
                     K    =   0.1538   ETA  =   0.0000   DR   =   0.1000
0POTENTIAL PARAMETERS
 NX=1 VOLUME  W-S    V RL =  -1.0000   R0RL =   1.2800   A RL =   0.6500   R RL =   4.2265   VSOR =  24.0000
                     V IM =   0.0000   R0IM =   0.0000   A IM =   0.0000   R IM =   0.0000   VSOI =   0.0000   POWR =   0.0000
 
                     NODES=   1.0000   L    =   1.0000   2*J  =   3.0000   2*S  =   1.0000   FISW =   0.0000
 
0SINGLE PARTICLE WIDTH = 1.1435E  0  MEV     VOLUME TERM =  1.3625E+01     SURFACE TERM = -7.8475E+00
                     V    =  39.1537   DET  =   0.0000   NODES=   1.0000   RM   =   7.5500   E    =   0.5080   ITER.=   5
0                    LMAX =  15        NSTEP= 150        NLTR =   1
 Bdwck4 entered
   Subroutine INTEG  entered
0REACSIG 1   1.50878E+02                                             REACSIG 2   9.79648E+01
   Subroutine RADINT entered
136S(d,p)@ 16MeV    4812 keV  1p3/2 unbound ZR                  0/00/00
0BASIC DATA          DR   =   0.1000   RMIN =   0.0000   RMAX =  15.0000   COUEX=   0.0000     IS1=   1.0000
                     FNRNG=   0.0000   PNLC1=   0.0000   PNLC2=   0.0000   PNLC3=   0.0000     IS2=   0.5000
 ANG MOM TRANSFER    LTR  =   1.       2*JTR=   3.       2*STR=   1.       Q    =  -2.7330
   Subroutine INSIG  entered
0 Theta Inelsig,fm**2      Polz       Asy       Ayy       A22       A21       A20       T22       T21       T20  Theta
   0.00    6.5541E+00    0.0000    0.0000   -0.0134    0.0000    0.0000    0.0195    0.0000    0.0000    0.0000   0.00
   1.00    6.5040E+00   -0.0016   -0.0037   -0.0134   -0.0000    0.0004    0.0195    0.0000    0.0000    0.0000   1.00
   2.00    6.3562E+00   -0.0033   -0.0076   -0.0134   -0.0000    0.0008    0.0195    0.0000    0.0000    0.0000   2.00
   3.00    6.1193E+00   -0.0052   -0.0117   -0.0134   -0.0000    0.0012    0.0196    0.0000    0.0000    0.0000   3.00
   4.00    5.8061E+00   -0.0074   -0.0164   -0.0134   -0.0001    0.0017    0.0197    0.0000    0.0000    0.0000   4.00
   5.00    5.4332E+00   -0.0099   -0.0217   -0.0133   -0.0001    0.0022    0.0198    0.0000    0.0000    0.0000   5.00
   6.00    5.0193E+00   -0.0130   -0.0279   -0.0132   -0.0002    0.0027    0.0198    0.0000    0.0000    0.0000   6.00
   7.00    4.5837E+00   -0.0166   -0.0352   -0.0130   -0.0003    0.0033    0.0197    0.0000    0.0000    0.0000   7.00
   8.00    4.1449E+00   -0.0212   -0.0438   -0.0125   -0.0004    0.0040    0.0194    0.0000    0.0000    0.0000   8.00
   9.00    3.7191E+00   -0.0266   -0.0541   -0.0119   -0.0006    0.0047    0.0188    0.0000    0.0000    0.0000   9.00
  10.00    3.3193E+00   -0.0332   -0.0661   -0.0108   -0.0008    0.0054    0.0180    0.0000    0.0000    0.0000  10.00
  11.00    2.9548E+00   -0.0410   -0.0800   -0.0094   -0.0011    0.0062    0.0166    0.0000    0.0000    0.0000  11.00
  12.00    2.6309E+00   -0.0499   -0.0955   -0.0076   -0.0014    0.0070    0.0148    0.0000    0.0000    0.0000  12.00
  13.00    2.3489E+00   -0.0597   -0.1123   -0.0052   -0.0018    0.0077    0.0124    0.0000    0.0000    0.0000  13.00
  14.00    2.1072E+00   -0.0702   -0.1299   -0.0024   -0.0023    0.0083    0.0096    0.0000    0.0000    0.0000  14.00
  15.00    1.9016E+00   -0.0810   -0.1475    0.0007   -0.0027    0.0088    0.0062    0.0000    0.0000    0.0000  15.00
  16.00    1.7263E+00   -0.0915   -0.1644    0.0041   -0.0031    0.0091    0.0026    0.0000    0.0000    0.0000  16.00
  17.00    1.5747E+00   -0.1014   -0.1799    0.0075   -0.0036    0.0091   -0.0013    0.0000    0.0000    0.0000  17.00
  18.00    1.4407E+00   -0.1103   -0.1936    0.0108   -0.0039    0.0090   -0.0051    0.0000    0.0000    0.0000  18.00
  19.00    1.3188E+00   -0.1179   -0.2053    0.0140   -0.0042    0.0087   -0.0088    0.0000    0.0000    0.0000  19.00
  20.00    1.2047E+00   -0.1242   -0.2149    0.0168   -0.0044    0.0082   -0.0123    0.0000    0.0000    0.0000  20.00
  21.00    1.0956E+00   -0.1291   -0.2227    0.0191   -0.0045    0.0074   -0.0155    0.0000    0.0000    0.0000  21.00
  22.00    9.9023E-01   -0.1325   -0.2287    0.0210   -0.0044    0.0066   -0.0183    0.0000    0.0000    0.0000  22.00
  23.00    8.8832E-01   -0.1344   -0.2332    0.0222   -0.0041    0.0055   -0.0208    0.0000    0.0000    0.0000  23.00
  24.00    7.9064E-01   -0.1345   -0.2362    0.0225   -0.0035    0.0041   -0.0227    0.0000    0.0000    0.0000  24.00
  25.00    6.9851E-01   -0.1326   -0.2380    0.0218   -0.0025    0.0025   -0.0240    0.0000    0.0000    0.0000  25.00
  26.00    6.1343E-01   -0.1284   -0.2385    0.0196   -0.0011    0.0006   -0.0245    0.0000    0.0000    0.0000  26.00
  27.00    5.3680E-01   -0.1214   -0.2377    0.0156    0.0010   -0.0017   -0.0240    0.0000    0.0000    0.0000  27.00
  28.00    4.6968E-01   -0.1114   -0.2359    0.0093    0.0038   -0.0043   -0.0220    0.0000    0.0000    0.0000  28.00
  29.00    4.1268E-01   -0.0981   -0.2330    0.0004    0.0075   -0.0072   -0.0184    0.0000    0.0000    0.0000  29.00
  30.00    3.6588E-01   -0.0817   -0.2294   -0.0114    0.0121   -0.0102   -0.0128    0.0000    0.0000    0.0000  30.00
  31.00    3.2891E-01   -0.0628   -0.2253   -0.0260    0.0174   -0.0133   -0.0053    0.0000    0.0000    0.0000  31.00
  32.00    3.0101E-01   -0.0428   -0.2210   -0.0427    0.0233   -0.0161    0.0038    0.0000    0.0000    0.0000  32.00
  33.00    2.8112E-01   -0.0229   -0.2168   -0.0606    0.0294   -0.0184    0.0142    0.0000    0.0000    0.0000  33.00
  34.00    2.6806E-01   -0.0048   -0.2128   -0.0784    0.0353   -0.0199    0.0249    0.0000    0.0000    0.0000  34.00
  35.00    2.6056E-01    0.0106   -0.2088   -0.0950    0.0407   -0.0207    0.0353    0.0000    0.0000    0.0000  35.00
  36.00    2.5738E-01    0.0227   -0.2048   -0.1097    0.0453   -0.0207    0.0449    0.0000    0.0000    0.0000  36.00
  37.00    2.5737E-01    0.0314   -0.2006   -0.1221    0.0490   -0.0201    0.0532    0.0000    0.0000    0.0000  37.00
  38.00    2.5946E-01    0.0373   -0.1961   -0.1320    0.0519   -0.0191    0.0601    0.0000    0.0000    0.0000  38.00
  39.00    2.6269E-01    0.0407   -0.1915   -0.1398    0.0541   -0.0177    0.0658    0.0000    0.0000    0.0000  39.00
  40.00    2.6623E-01    0.0423   -0.1870   -0.1458    0.0556   -0.0163    0.0705    0.0000    0.0000    0.0000  40.00
  41.00    2.6936E-01    0.0424   -0.1830   -0.1502    0.0567   -0.0147    0.0742    0.0000    0.0000    0.0000  41.00
  42.00    2.7149E-01    0.0413   -0.1799   -0.1535    0.0573   -0.0132    0.0773    0.0000    0.0000    0.0000  42.00
  43.00    2.7216E-01    0.0392   -0.1779   -0.1558    0.0576   -0.0118    0.0798    0.0000    0.0000    0.0000  43.00
  44.00    2.7108E-01    0.0363   -0.1774   -0.1571    0.0575   -0.0105    0.0820    0.0000    0.0000    0.0000  44.00
  45.00    2.6811E-01    0.0325   -0.1787   -0.1576    0.0570   -0.0092    0.0838    0.0000    0.0000    0.0000  45.00
  46.00    2.6330E-01    0.0279   -0.1819   -0.1571    0.0561   -0.0080    0.0852    0.0000    0.0000    0.0000  46.00
  47.00    2.5685E-01    0.0224   -0.1869   -0.1552    0.0547   -0.0069    0.0861    0.0000    0.0000    0.0000  47.00
  48.00    2.4912E-01    0.0160   -0.1937   -0.1518    0.0526   -0.0058    0.0864    0.0000    0.0000    0.0000  48.00
  49.00    2.4058E-01    0.0087   -0.2018   -0.1463    0.0496   -0.0047    0.0858    0.0000    0.0000    0.0000  49.00
  50.00    2.3178E-01    0.0005   -0.2107   -0.1383    0.0457   -0.0035    0.0842    0.0000    0.0000    0.0000  50.00
  51.00    2.2324E-01   -0.0084   -0.2196   -0.1273    0.0406   -0.0023    0.0812    0.0000    0.0000    0.0000  51.00
  52.00    2.1545E-01   -0.0178   -0.2279   -0.1132    0.0343   -0.0010    0.0765    0.0000    0.0000    0.0000  52.00
  53.00    2.0879E-01   -0.0275   -0.2345   -0.0960    0.0270    0.0004    0.0702    0.0000    0.0000    0.0000  53.00
  54.00    2.0352E-01   -0.0371   -0.2387   -0.0759    0.0187    0.0019    0.0621    0.0000    0.0000    0.0000  54.00
  55.00    1.9971E-01   -0.0463   -0.2402   -0.0539    0.0098    0.0033    0.0527    0.0000    0.0000    0.0000  55.00
  56.00    1.9728E-01   -0.0547   -0.2386   -0.0308    0.0008    0.0048    0.0421    0.0000    0.0000    0.0000  56.00
  57.00    1.9600E-01   -0.0623   -0.2344   -0.0077   -0.0080    0.0063    0.0310    0.0000    0.0000    0.0000  57.00
  58.00    1.9555E-01   -0.0688   -0.2279    0.0144   -0.0162    0.0076    0.0198    0.0000    0.0000    0.0000  58.00
  59.00    1.9552E-01   -0.0745   -0.2199    0.0348   -0.0235    0.0089    0.0088    0.0000    0.0000    0.0000  59.00
  60.00    1.9549E-01   -0.0793   -0.2109    0.0530   -0.0298    0.0101   -0.0014    0.0000    0.0000    0.0000  60.00
  61.00    1.9508E-01   -0.0833   -0.2014    0.0687   -0.0350    0.0112   -0.0108    0.0000    0.0000    0.0000  61.00
  62.00    1.9397E-01   -0.0868   -0.1918    0.0818   -0.0391    0.0122   -0.0193    0.0000    0.0000    0.0000  62.00
  63.00    1.9190E-01   -0.0898   -0.1823    0.0924   -0.0421    0.0131   -0.0268    0.0000    0.0000    0.0000  63.00
  64.00    1.8877E-01   -0.0923   -0.1728    0.1004   -0.0441    0.0139   -0.0333    0.0000    0.0000    0.0000  64.00
  65.00    1.8453E-01   -0.0944   -0.1635    0.1061   -0.0451    0.0147   -0.0389    0.0000    0.0000    0.0000  65.00
  66.00    1.7926E-01   -0.0962   -0.1540    0.1094   -0.0452    0.0154   -0.0434    0.0000    0.0000    0.0000  66.00
  67.00    1.7308E-01   -0.0975   -0.1444    0.1104   -0.0443    0.0161   -0.0471    0.0000    0.0000    0.0000  67.00
  68.00    1.6616E-01   -0.0983   -0.1344    0.1090   -0.0424    0.0166   -0.0497    0.0000    0.0000    0.0000  68.00
  69.00    1.5872E-01   -0.0986   -0.1239    0.1051   -0.0395    0.0171   -0.0513    0.0000    0.0000    0.0000  69.00
  70.00    1.5094E-01   -0.0983   -0.1130    0.0988   -0.0356    0.0174   -0.0519    0.0000    0.0000    0.0000  70.00
  71.00    1.4300E-01   -0.0974   -0.1016    0.0901   -0.0307    0.0176   -0.0515    0.0000    0.0000    0.0000  71.00
  72.00    1.3505E-01   -0.0960   -0.0901    0.0789   -0.0249    0.0177   -0.0499    0.0000    0.0000    0.0000  72.00
  73.00    1.2721E-01   -0.0941   -0.0785    0.0652   -0.0181    0.0176   -0.0473    0.0000    0.0000    0.0000  73.00
  74.00    1.1954E-01   -0.0917   -0.0672    0.0492   -0.0103    0.0173   -0.0436    0.0000    0.0000    0.0000  74.00
  75.00    1.1212E-01   -0.0888   -0.0566    0.0309   -0.0017    0.0168   -0.0389    0.0000    0.0000    0.0000  75.00
  76.00    1.0496E-01   -0.0856   -0.0470    0.0103    0.0078    0.0161   -0.0331    0.0000    0.0000    0.0000  76.00
  77.00    9.8105E-02   -0.0819   -0.0388   -0.0125    0.0182    0.0151   -0.0262    0.0000    0.0000    0.0000  77.00
  78.00    9.1561E-02   -0.0778   -0.0324   -0.0373    0.0293    0.0137   -0.0184    0.0000    0.0000    0.0000  78.00
  79.00    8.5353E-02   -0.0731   -0.0280   -0.0643    0.0412    0.0121   -0.0095    0.0000    0.0000    0.0000  79.00
  80.00    7.9505E-02   -0.0677   -0.0257   -0.0932    0.0539    0.0101    0.0004    0.0000    0.0000    0.0000  80.00
  81.00    7.4046E-02   -0.0615   -0.0258   -0.1239    0.0672    0.0076    0.0113    0.0000    0.0000    0.0000  81.00
  82.00    6.9007E-02   -0.0542   -0.0281   -0.1562    0.0810    0.0047    0.0231    0.0000    0.0000    0.0000  82.00
  83.00    6.4417E-02   -0.0457   -0.0326   -0.1896    0.0951    0.0014    0.0358    0.0000    0.0000    0.0000  83.00
  84.00    6.0296E-02   -0.0357   -0.0390   -0.2236    0.1092   -0.0024    0.0492    0.0000    0.0000    0.0000  84.00
  85.00    5.6655E-02   -0.0244   -0.0470   -0.2571    0.1229   -0.0065    0.0631    0.0000    0.0000    0.0000  85.00
  86.00    5.3489E-02   -0.0118   -0.0561   -0.2893    0.1358   -0.0110    0.0770    0.0000    0.0000    0.0000  86.00
  87.00    5.0778E-02    0.0019   -0.0659   -0.3190    0.1474   -0.0156    0.0907    0.0000    0.0000    0.0000  87.00
  88.00    4.8484E-02    0.0162   -0.0757   -0.3452    0.1572   -0.0203    0.1035    0.0000    0.0000    0.0000  88.00
  89.00    4.6555E-02    0.0308   -0.0851   -0.3669    0.1650   -0.0249    0.1153    0.0000    0.0000    0.0000  89.00
0Tot-sig   2.4141E+00
1Inelastic  36S(d,p)@ 16MeV    4812 keV  1p3/2 unbound ZR                  0/00/00
    THETA  -2                               -1                                0                                1   THETA cos(theta)
     0.00  |++++++++++++++++++++++++++++++++|++++++++++++++++++++++++++++++++|++++++++++++++++++++++++++*+++++|+    0.00    1.0000
     1.00  +                                                                                            *      +    1.00    0.9998
     2.00  +                                                                                            *      +    2.00    0.9994
     3.00  +                                                                                           *       +    3.00    0.9986
     4.00  +                                                                                          *        +    4.00    0.9976
     5.00  +                                                                                         *         +    5.00    0.9962
     6.00  +                                                                                        *          +    6.00    0.9945
     7.00  +                                                                                       *           +    7.00    0.9925
     8.00  +                                                                                     *             +    8.00    0.9903
     9.00  +                                                                                    *              +    9.00    0.9877
    10.00  +                                                                                  *                +   10.00    0.9848
    11.00  +                                                                                 *                 +   11.00    0.9816
    12.00  +                                                                               *                   +   12.00    0.9781
    13.00  +                                                                             *                     +   13.00    0.9744
    14.00  +                                                                            *                      +   14.00    0.9703
    15.00  +                                                                          *                        +   15.00    0.9659
    16.00  +                                                                         *                         +   16.00    0.9613
    17.00  +                                                                        *                          +   17.00    0.9563
    18.00  +                                                                      *                            +   18.00    0.9511
    19.00  +                                                                     *                             +   19.00    0.9455
    20.00  +                                                                    *                              +   20.00    0.9397
    21.00  +                                                                  *                                +   21.00    0.9336
    22.00  +                                                                 *                                 +   22.00    0.9272
    23.00  +                                                               *                                   +   23.00    0.9205
    24.00  +                                                              *                                    +   24.00    0.9135
    25.00  +                                                            *                                      +   25.00    0.9063
    26.00  +                                                          *                                        +   26.00    0.8988
    27.00  +                                                        *                                          +   27.00    0.8910
    28.00  +                                                      *                                            +   28.00    0.8829
    29.00  +                                                    *                                              +   29.00    0.8746
    30.00  +                                                   *                                               +   30.00    0.8660
    31.00  +                                                 *                                                 +   31.00    0.8572
    32.00  +                                                *                                                  +   32.00    0.8480
    33.00  +                                               *                                                   +   33.00    0.8387
    34.00  +                                              *                                                    +   34.00    0.8290
    35.00  +                                              *                                                    +   35.00    0.8192
    36.00  +                                              *                                                    +   36.00    0.8090
    37.00  +                                              *                                                    +   37.00    0.7986
    38.00  +                                              *                                                    +   38.00    0.7880
    39.00  +                                              *                                                    +   39.00    0.7771
    40.00  +                                              *                                                    +   40.00    0.7660
    41.00  +                                              *                                                    +   41.00    0.7547
    42.00  +                                              *                                                    +   42.00    0.7431
    43.00  +                                              *                                                    +   43.00    0.7314
    44.00  +                                              *                                                    +   44.00    0.7193
    45.00  +                                              *                                                    +   45.00    0.7071
    46.00  +                                              *                                                    +   46.00    0.6947
    47.00  +                                              *                                                    +   47.00    0.6820
    48.00  +                                             *                                                     +   48.00    0.6691
    49.00  +                                             *                                                     +   49.00    0.6561
    50.00  +                                            *                                                      +   50.00    0.6428
    51.00  +                                            *                                                      +   51.00    0.6293
    52.00  +                                           *                                                       +   52.00    0.6157
    53.00  +                                           *                                                       +   53.00    0.6018
    54.00  +                                          *                                                        +   54.00    0.5878
    55.00  +                                          *                                                        +   55.00    0.5736
    56.00  +                                          *                                                        +   56.00    0.5592
    57.00  +                                          *                                                        +   57.00    0.5446
    58.00  +                                          *                                                        +   58.00    0.5299
    59.00  +                                          *                                                        +   59.00    0.5150
    60.00  +                                          *                                                        +   60.00    0.5000
    61.00  +                                          *                                                        +   61.00    0.4848
    62.00  +                                         *                                                         +   62.00    0.4695
    63.00  +                                         *                                                         +   63.00    0.4540
    64.00  +                                         *                                                         +   64.00    0.4384
    65.00  +                                         *                                                         +   65.00    0.4226
    66.00  +                                        *                                                          +   66.00    0.4067
    67.00  +                                        *                                                          +   67.00    0.3907
    68.00  +                                       *                                                           +   68.00    0.3746
    69.00  +                                       *                                                           +   69.00    0.3584
    70.00  +                                      *                                                            +   70.00    0.3420
    71.00  +                                     *                                                             +   71.00    0.3256
    72.00  +                                    *                                                              +   72.00    0.3090
    73.00  +                                   *                                                               +   73.00    0.2924
    74.00  +                                   *                                                               +   74.00    0.2756
    75.00  +                                  *                                                                +   75.00    0.2588
    76.00  +                                 *                                                                 +   76.00    0.2419
    77.00  +                                *                                                                  +   77.00    0.2250
    78.00  +                               *                                                                   +   78.00    0.2079
    79.00  +                              *                                                                    +   79.00    0.1908
    80.00  +                             *                                                                     +   80.00    0.1736
    81.00  +                            *                                                                      +   81.00    0.1564
    82.00  +                           *                                                                       +   82.00    0.1392
    83.00  +                          *                                                                        +   83.00    0.1219
    84.00  +                         *                                                                         +   84.00    0.1045
    85.00  +                        *                                                                          +   85.00    0.0872
    86.00  +                       *                                                                           +   86.00    0.0698
    87.00  +                      *                                                                            +   87.00    0.0523
    88.00  +                      *                                                                            +   88.00    0.0349
    89.00  |+++++++++++++++++++++*++++++++++|++++++++++++++++++++++++++++++++|++++++++++++++++++++++++++++++++|+   89.00    0.0175
    THETA  -2                               -1                                0                                1   THETA cos(theta)
1Asymmetry  36S(d,p)@ 16MeV    4812 keV  1p3/2 unbound ZR                  0/00/00
    THETA  -1                                                 0                                                 1  THETA cos(theta)
     0.00  |+++++++++++++++++++++++++++++++++++++++++++++++++*+++++++++++++++++++++++++++++++++++++++++++++++++|    0.00    1.0000
     1.00  +                                                 *                                                 +    1.00    0.9998
     2.00  +                                                 *                                                 +    2.00    0.9994
     3.00  +                                                *+                                                 +    3.00    0.9986
     4.00  +                                                *+                                                 +    4.00    0.9976
     5.00  +                                                *+                                                 +    5.00    0.9962
     6.00  +                                                *+                                                 +    6.00    0.9945
     7.00  +                                               * +                                                 +    7.00    0.9925
     8.00  +                                               * +                                                 +    8.00    0.9903
     9.00  +                                              *  +                                                 +    9.00    0.9877
    10.00  +                                              *  +                                                 +   10.00    0.9848
    11.00  +                                             *   +                                                 +   11.00    0.9816
    12.00  +                                            *    +                                                 +   12.00    0.9781
    13.00  +                                           *     +                                                 +   13.00    0.9744
    14.00  +                                           *     +                                                 +   14.00    0.9703
    15.00  +                                          *      +                                                 +   15.00    0.9659
    16.00  +                                         *       +                                                 +   16.00    0.9613
    17.00  +                                        *        +                                                 +   17.00    0.9563
    18.00  +                                       *         +                                                 +   18.00    0.9511
    19.00  +                                       *         +                                                 +   19.00    0.9455
    20.00  +                                      *          +                                                 +   20.00    0.9397
    21.00  +                                      *          +                                                 +   21.00    0.9336
    22.00  +                                      *          +                                                 +   22.00    0.9272
    23.00  +                                     *           +                                                 +   23.00    0.9205
    24.00  +                                     *           +                                                 +   24.00    0.9135
    25.00  +                                     *           +                                                 +   25.00    0.9063
    26.00  +                                     *           +                                                 +   26.00    0.8988
    27.00  +                                     *           +                                                 +   27.00    0.8910
    28.00  +                                     *           +                                                 +   28.00    0.8829
    29.00  +                                     *           +                                                 +   29.00    0.8746
    30.00  +                                      *          +                                                 +   30.00    0.8660
    31.00  +                                      *          +                                                 +   31.00    0.8572
    32.00  +                                      *          +                                                 +   32.00    0.8480
    33.00  +                                      *          +                                                 +   33.00    0.8387
    34.00  +                                      *          +                                                 +   34.00    0.8290
    35.00  +                                       *         +                                                 +   35.00    0.8192
    36.00  +                                       *         +                                                 +   36.00    0.8090
    37.00  +                                       *         +                                                 +   37.00    0.7986
    38.00  +                                       *         +                                                 +   38.00    0.7880
    39.00  +                                       *         +                                                 +   39.00    0.7771
    40.00  +                                        *        +                                                 +   40.00    0.7660
    41.00  +                                        *        +                                                 +   41.00    0.7547
    42.00  +                                        *        +                                                 +   42.00    0.7431
    43.00  +                                        *        +                                                 +   43.00    0.7314
    44.00  +                                        *        +                                                 +   44.00    0.7193
    45.00  +                                        *        +                                                 +   45.00    0.7071
    46.00  +                                        *        +                                                 +   46.00    0.6947
    47.00  +                                        *        +                                                 +   47.00    0.6820
    48.00  +                                       *         +                                                 +   48.00    0.6691
    49.00  +                                       *         +                                                 +   49.00    0.6561
    50.00  +                                      *          +                                                 +   50.00    0.6428
    51.00  +                                      *          +                                                 +   51.00    0.6293
    52.00  +                                      *          +                                                 +   52.00    0.6157
    53.00  +                                     *           +                                                 +   53.00    0.6018
    54.00  +                                     *           +                                                 +   54.00    0.5878
    55.00  +                                     *           +                                                 +   55.00    0.5736
    56.00  +                                     *           +                                                 +   56.00    0.5592
    57.00  +                                     *           +                                                 +   57.00    0.5446
    58.00  +                                      *          +                                                 +   58.00    0.5299
    59.00  +                                      *          +                                                 +   59.00    0.5150
    60.00  +                                      *          +                                                 +   60.00    0.5000
    61.00  +                                       *         +                                                 +   61.00    0.4848
    62.00  +                                       *         +                                                 +   62.00    0.4695
    63.00  +                                        *        +                                                 +   63.00    0.4540
    64.00  +                                        *        +                                                 +   64.00    0.4384
    65.00  +                                         *       +                                                 +   65.00    0.4226
    66.00  +                                         *       +                                                 +   66.00    0.4067
    67.00  +                                          *      +                                                 +   67.00    0.3907
    68.00  +                                          *      +                                                 +   68.00    0.3746
    69.00  +                                           *     +                                                 +   69.00    0.3584
    70.00  +                                           *     +                                                 +   70.00    0.3420
    71.00  +                                            *    +                                                 +   71.00    0.3256
    72.00  +                                            *    +                                                 +   72.00    0.3090
    73.00  +                                             *   +                                                 +   73.00    0.2924
    74.00  +                                              *  +                                                 +   74.00    0.2756
    75.00  +                                              *  +                                                 +   75.00    0.2588
    76.00  +                                               * +                                                 +   76.00    0.2419
    77.00  +                                               * +                                                 +   77.00    0.2250
    78.00  +                                               * +                                                 +   78.00    0.2079
    79.00  +                                                *+                                                 +   79.00    0.1908
    80.00  +                                                *+                                                 +   80.00    0.1736
    81.00  +                                                *+                                                 +   81.00    0.1564
    82.00  +                                                *+                                                 +   82.00    0.1392
    83.00  +                                               * +                                                 +   83.00    0.1219
    84.00  +                                               * +                                                 +   84.00    0.1045
    85.00  +                                               * +                                                 +   85.00    0.0872
    86.00  +                                              *  +                                                 +   86.00    0.0698
    87.00  +                                              *  +                                                 +   87.00    0.0523
    88.00  +                                             *   +                                                 +   88.00    0.0349
    89.00  |+++++++++++++++++++++++++++++++++++++++++++++*+++|+++++++++++++++++++++++++++++++++++++++++++++++++|   89.00    0.0175
    THETA  -1                                                 0                                                 1  THETA cos(theta)
1DWUCK4-DISTORTED WAVES U.COLORADO- PC-VERSION  12/Jan /1995
 Elapsed time in seconds =   0.00
 Elapsed time in seconds =   0.00
0CONTROL INTEGERS
  1 2 3 4 5 6 7 8 9 A B C D E F G H I J K    RUN IDENTIFICATION                                             0/00/00   0.00.00
  1 0 1 1 0 0 0 0 3 0 0 0 0 0 0 0 0 0 0 0    36S(d,p)@ 16MeV    4858 keV  0f5/2 unbound ZR               
 36S(d,p)@ 16MeV    4858 keV  0f5/2 unbound ZR               
 Adwck4 entered
0ANGLE DATA          THETN=  90.0000   THET1=   0.0000   DTHET=   1.0000   A-ANG=   0.0000   B-ANG=   0.0000
0CARD SET 3 DATA     LMAX =  15          LTR=   3
                     NLTR =   1        2*JTR=   5
0CARD SET 4 DATA     DRF  =   0.1000   RZ   =   0.0000   RMAX = -15.0000   VCE  =   0.0000   FNRNG=   0.0000
 PARTICLE DATA 
0PARTICLE 1*******************************************************************************************************************
 INPUT DATA          ELAB =  16.0000   RC0  =   1.3030   AC   =   0.0000   2*STR=   2.0000
                     MASSP=   2.0000   MASST=  36.0000   Q    =   0.0000
                     ZP   =   1.0000   ZT   =  16.0000   PNLOC=   0.0000
 
 DERIVED DATA        ECM  =  15.1579   RC   =   4.3024   RHO  =   5.0434
                     K    =   1.1722   ETA  =   0.8909   DR   =   0.1000
0POTENTIAL PARAMETERS
 NX=1 VOLUME  W-S    V RL = -92.9760   R0RL =   1.1500   A RL =   0.7610   R RL =   3.7972   VSOR =   0.0000
                     V IM =  -1.6020   R0IM =   1.3350   A IM =   0.5250   R IM =   4.4081   VSOI =   0.0000   POWR =   0.0000
 NX=2 SURFACE W-S    V RL =   0.0000   R0RL =   0.0000   A RL =   0.0000   R RL =   0.0000   VSOR =   0.0000
                     V IM =  50.5500   R0IM =   1.3800   A IM =   0.7360   R IM =   4.5567   VSOI =   0.0000   POWR =   0.0000
 NX=4 L*S VOLUME     V RL = -14.2280   R0RL =   0.9720   A RL =   1.0110   R RL =   3.2095   VSOR =   0.0000
                     V IM =   0.0000   R0IM =   0.0000   A IM =   0.0000   R IM =   0.0000   VSOI =   0.0000   POWR =   0.0000
0PARTICLE 2*******************************************************************************************************************
 INPUT DATA          ELAB =  12.7135   RC0  =   1.2920   AC   =   0.0000   2*STR=   1.0000
                     MASSP=   1.0000   MASST=  37.0000   Q    =  -2.7790
                     ZP   =   1.0000   ZT   =  16.0000   PNLOC=   0.0000
 
 DERIVED DATA        ECM  =  12.3789   RC   =   4.3052   RHO  =   3.2694
                     K    =   0.7594   ETA  =   0.7067   DR   =   0.0973
0POTENTIAL PARAMETERS
 NX=1 VOLUME  W-S    V RL = -58.2160   R0RL =   1.1820   A RL =   0.6720   R RL =   3.9387   VSOR =   0.0000
                     V IM =  -1.1790   R0IM =   1.1820   A IM =   0.6720   R IM =   3.9387   VSOI =   0.0000   POWR =   0.0000
 NX=2 SURFACE W-S    V RL =   0.0000   R0RL =   0.0000   A RL =   0.0000   R RL =   0.0000   VSOR =   0.0000
                     V IM =  36.8520   R0IM =   1.2900   A IM =   0.5380   R IM =   4.2986   VSOI =   0.0000   POWR =   0.0000
 NX=4 L*S VOLUME     V RL = -22.4560   R0RL =   0.9910   A RL =   0.5900   R RL =   3.3022   VSOR =   0.0000
                     V IM =   0.2480   R0IM =   0.9910   A IM =   0.5900   R IM =   3.3022   VSOI =   0.0000   POWR =   0.0000
136S(d,p)@ 16MeV    4858 keV  0f5/2 unbound ZR                  0/ 0/ 0
0FORM FACTOR DATA 
0PARTICLE 3*******************************************************************************************************************
 INPUT DATA          ELAB =   0.5540   RC0  =   1.3000   AC   =   0.0000   2*STR=   1.0000
                     MASSP=   1.0000   MASST=  36.0000   Q    =   0.5540
                     ZP   =   0.0000   ZT   =  16.0000   PNLOC=   0.0000
 
 DERIVED DATA        ECM  =   0.5540   RC   =   4.2925   RHO  =   0.6893
                     K    =   0.1606   ETA  =   0.0000   DR   =   0.1000
0POTENTIAL PARAMETERS
 NX=1 VOLUME  W-S    V RL =  -1.0000   R0RL =   1.2800   A RL =   0.6500   R RL =   4.2265   VSOR =  24.0000
                     V IM =   0.0000   R0IM =   0.0000   A IM =   0.0000   R IM =   0.0000   VSOI =   0.0000   POWR =   0.0000
 
                     NODES=   0.0000   L    =   3.0000   2*J  =   5.0000   2*S  =   1.0000   FISW =   0.0000
 
0SINGLE PARTICLE WIDTH = 1.7667E -3  MEV     VOLUME TERM =  3.8946E+03     SURFACE TERM =  1.0747E+01
                     V    =  49.7318   DET  =   0.0000   NODES=   0.0000   RM   =   4.8500   E    =   0.5540   ITER.=   3
0*****  Warning  *****  CLASSICAL TURNING POINT FOR BOUNDSTATE = 21.5708  IS GREATER THAN RMAX =-15.0000
0                    LMAX =  15        NSTEP= 150        NLTR =   1
 Bdwck4 entered
   Subroutine INTEG  entered
0REACSIG 1   1.50911E+02                                             REACSIG 2   9.79295E+01
   Subroutine RADINT entered
136S(d,p)@ 16MeV    4858 keV  0f5/2 unbound ZR                  0/00/00
0BASIC DATA          DR   =   0.1000   RMIN =   0.0000   RMAX =  15.0000   COUEX=   0.0000     IS1=   1.0000
                     FNRNG=   0.0000   PNLC1=   0.0000   PNLC2=   0.0000   PNLC3=   0.0000     IS2=   0.5000
 ANG MOM TRANSFER    LTR  =   3.       2*JTR=   5.       2*STR=   1.       Q    =  -2.7790
   Subroutine INSIG  entered
0 Theta Inelsig,fm**2      Polz       Asy       Ayy       A22       A21       A20       T22       T21       T20  Theta
   0.00    2.2015E+00    0.0000    0.0000    0.0067    0.0000    0.0000   -0.0089    0.0000    0.0000    0.0000   0.00
   1.00    2.2022E+00    0.0049    0.0097    0.0069   -0.0001   -0.0002   -0.0090    0.0000    0.0000    0.0000   1.00
   2.00    2.2041E+00    0.0097    0.0193    0.0075   -0.0003   -0.0003   -0.0092    0.0000    0.0000    0.0000   2.00
   3.00    2.2071E+00    0.0145    0.0287    0.0085   -0.0008   -0.0005   -0.0096    0.0000    0.0000    0.0000   3.00
   4.00    2.2108E+00    0.0190    0.0377    0.0099   -0.0013   -0.0007   -0.0101    0.0000    0.0000    0.0000   4.00
   5.00    2.2149E+00    0.0234    0.0462    0.0115   -0.0020   -0.0009   -0.0107    0.0000    0.0000    0.0000   5.00
   6.00    2.2188E+00    0.0275    0.0542    0.0135   -0.0029   -0.0010   -0.0115    0.0000    0.0000    0.0000   6.00
   7.00    2.2219E+00    0.0313    0.0616    0.0157   -0.0038   -0.0012   -0.0123    0.0000    0.0000    0.0000   7.00
   8.00    2.2235E+00    0.0349    0.0684    0.0180   -0.0048   -0.0014   -0.0132    0.0000    0.0000    0.0000   8.00
   9.00    2.2229E+00    0.0382    0.0745    0.0205   -0.0058   -0.0016   -0.0142    0.0000    0.0000    0.0000   9.00
  10.00    2.2195E+00    0.0411    0.0800    0.0230   -0.0068   -0.0018   -0.0151    0.0000    0.0000    0.0000  10.00
  11.00    2.2125E+00    0.0438    0.0848    0.0255   -0.0079   -0.0019   -0.0161    0.0000    0.0000    0.0000  11.00
  12.00    2.2014E+00    0.0462    0.0890    0.0281   -0.0090   -0.0021   -0.0171    0.0000    0.0000    0.0000  12.00
  13.00    2.1855E+00    0.0482    0.0926    0.0306   -0.0100   -0.0023   -0.0181    0.0000    0.0000    0.0000  13.00
  14.00    2.1644E+00    0.0500    0.0956    0.0330   -0.0110   -0.0025   -0.0191    0.0000    0.0000    0.0000  14.00
  15.00    2.1376E+00    0.0515    0.0981    0.0353   -0.0119   -0.0027   -0.0200    0.0000    0.0000    0.0000  15.00
  16.00    2.1050E+00    0.0528    0.1001    0.0374   -0.0128   -0.0029   -0.0209    0.0000    0.0000    0.0000  16.00
  17.00    2.0663E+00    0.0538    0.1016    0.0395   -0.0136   -0.0031   -0.0218    0.0000    0.0000    0.0000  17.00
  18.00    2.0217E+00    0.0545    0.1026    0.0414   -0.0144   -0.0033   -0.0226    0.0000    0.0000    0.0000  18.00
  19.00    1.9712E+00    0.0550    0.1032    0.0431   -0.0151   -0.0035   -0.0233    0.0000    0.0000    0.0000  19.00
  20.00    1.9152E+00    0.0553    0.1034    0.0447   -0.0157   -0.0038   -0.0240    0.0000    0.0000    0.0000  20.00
  21.00    1.8540E+00    0.0553    0.1032    0.0461   -0.0163   -0.0040   -0.0247    0.0000    0.0000    0.0000  21.00
  22.00    1.7881E+00    0.0550    0.1026    0.0473   -0.0168   -0.0042   -0.0252    0.0000    0.0000    0.0000  22.00
  23.00    1.7182E+00    0.0545    0.1016    0.0484   -0.0172   -0.0045   -0.0258    0.0000    0.0000    0.0000  23.00
  24.00    1.6448E+00    0.0538    0.1002    0.0494   -0.0176   -0.0047   -0.0262    0.0000    0.0000    0.0000  24.00
  25.00    1.5688E+00    0.0528    0.0983    0.0502   -0.0179   -0.0050   -0.0266    0.0000    0.0000    0.0000  25.00
  26.00    1.4909E+00    0.0515    0.0961    0.0509   -0.0181   -0.0053   -0.0269    0.0000    0.0000    0.0000  26.00
  27.00    1.4118E+00    0.0500    0.0934    0.0514   -0.0183   -0.0055   -0.0272    0.0000    0.0000    0.0000  27.00
  28.00    1.3322E+00    0.0482    0.0903    0.0518   -0.0185   -0.0058   -0.0274    0.0000    0.0000    0.0000  28.00
  29.00    1.2528E+00    0.0462    0.0868    0.0521   -0.0186   -0.0061   -0.0275    0.0000    0.0000    0.0000  29.00
  30.00    1.1744E+00    0.0440    0.0829    0.0522   -0.0186   -0.0063   -0.0276    0.0000    0.0000    0.0000  30.00
  31.00    1.0974E+00    0.0415    0.0787    0.0522   -0.0186   -0.0066   -0.0276    0.0000    0.0000    0.0000  31.00
  32.00    1.0223E+00    0.0389    0.0741    0.0521   -0.0186   -0.0069   -0.0275    0.0000    0.0000    0.0000  32.00
  33.00    9.4977E-01    0.0362    0.0692    0.0518   -0.0185   -0.0071   -0.0274    0.0000    0.0000    0.0000  33.00
  34.00    8.8002E-01    0.0335    0.0642    0.0514   -0.0183   -0.0074   -0.0271    0.0000    0.0000    0.0000  34.00
  35.00    8.1339E-01    0.0307    0.0590    0.0508   -0.0181   -0.0076   -0.0268    0.0000    0.0000    0.0000  35.00
  36.00    7.5012E-01    0.0281    0.0538    0.0500   -0.0179   -0.0078   -0.0263    0.0000    0.0000    0.0000  36.00
  37.00    6.9037E-01    0.0256    0.0487    0.0490   -0.0175   -0.0080   -0.0258    0.0000    0.0000    0.0000  37.00
  38.00    6.3425E-01    0.0235    0.0439    0.0477   -0.0170   -0.0081   -0.0251    0.0000    0.0000    0.0000  38.00
  39.00    5.8182E-01    0.0218    0.0394    0.0461   -0.0165   -0.0082   -0.0243    0.0000    0.0000    0.0000  39.00
  40.00    5.3309E-01    0.0206    0.0355    0.0442   -0.0157   -0.0083   -0.0234    0.0000    0.0000    0.0000  40.00
  41.00    4.8804E-01    0.0200    0.0321    0.0418   -0.0148   -0.0083   -0.0222    0.0000    0.0000    0.0000  41.00
  42.00    4.4659E-01    0.0203    0.0296    0.0389   -0.0137   -0.0082   -0.0209    0.0000    0.0000    0.0000  42.00
  43.00    4.0866E-01    0.0214    0.0278    0.0355   -0.0123   -0.0081   -0.0194    0.0000    0.0000    0.0000  43.00
  44.00    3.7412E-01    0.0234    0.0270    0.0314   -0.0106   -0.0079   -0.0177    0.0000    0.0000    0.0000  44.00
  45.00    3.4284E-01    0.0265    0.0270    0.0266   -0.0087   -0.0076   -0.0157    0.0000    0.0000    0.0000  45.00
  46.00    3.1466E-01    0.0306    0.0280    0.0210   -0.0063   -0.0073   -0.0135    0.0000    0.0000    0.0000  46.00
  47.00    2.8940E-01    0.0356    0.0297    0.0146   -0.0036   -0.0068   -0.0112    0.0000    0.0000    0.0000  47.00
  48.00    2.6688E-01    0.0417    0.0321    0.0075   -0.0006   -0.0063   -0.0086    0.0000    0.0000    0.0000  48.00
  49.00    2.4690E-01    0.0485    0.0349   -0.0003    0.0028   -0.0058   -0.0058    0.0000    0.0000    0.0000  49.00
  50.00    2.2925E-01    0.0560    0.0380   -0.0088    0.0065   -0.0052   -0.0030    0.0000    0.0000    0.0000  50.00
  51.00    2.1372E-01    0.0639    0.0411   -0.0178    0.0105   -0.0045   -0.0000    0.0000    0.0000    0.0000  51.00
  52.00    2.0011E-01    0.0721    0.0439   -0.0270    0.0147   -0.0039    0.0029    0.0000    0.0000    0.0000  52.00
  53.00    1.8820E-01    0.0804    0.0463   -0.0364    0.0189   -0.0032    0.0057    0.0000    0.0000    0.0000  53.00
  54.00    1.7779E-01    0.0886    0.0480   -0.0457    0.0232   -0.0026    0.0084    0.0000    0.0000    0.0000  54.00
  55.00    1.6868E-01    0.0964    0.0491   -0.0547    0.0274   -0.0020    0.0109    0.0000    0.0000    0.0000  55.00
  56.00    1.6067E-01    0.1039    0.0493   -0.0631    0.0313   -0.0015    0.0131    0.0000    0.0000    0.0000  56.00
  57.00    1.5361E-01    0.1108    0.0489   -0.0709    0.0350   -0.0011    0.0150    0.0000    0.0000    0.0000  57.00
  58.00    1.4733E-01    0.1172    0.0477   -0.0778    0.0384   -0.0008    0.0166    0.0000    0.0000    0.0000  58.00
  59.00    1.4168E-01    0.1231    0.0460   -0.0838    0.0413   -0.0005    0.0178    0.0000    0.0000    0.0000  59.00
  60.00    1.3656E-01    0.1285    0.0439   -0.0888    0.0439   -0.0004    0.0187    0.0000    0.0000    0.0000  60.00
  61.00    1.3186E-01    0.1334    0.0414   -0.0929    0.0460   -0.0003    0.0193    0.0000    0.0000    0.0000  61.00
  62.00    1.2748E-01    0.1380    0.0388   -0.0961    0.0478   -0.0003    0.0195    0.0000    0.0000    0.0000  62.00
  63.00    1.2337E-01    0.1421    0.0360   -0.0984    0.0491   -0.0005    0.0195    0.0000    0.0000    0.0000  63.00
  64.00    1.1947E-01    0.1460    0.0332   -0.0999    0.0500   -0.0007    0.0193    0.0000    0.0000    0.0000  64.00
  65.00    1.1573E-01    0.1496    0.0305   -0.1007    0.0507   -0.0010    0.0189    0.0000    0.0000    0.0000  65.00
  66.00    1.1214E-01    0.1529    0.0277   -0.1008    0.0510   -0.0013    0.0183    0.0000    0.0000    0.0000  66.00
  67.00    1.0866E-01    0.1560    0.0250   -0.1003    0.0510   -0.0017    0.0176    0.0000    0.0000    0.0000  67.00
  68.00    1.0529E-01    0.1589    0.0223   -0.0993    0.0507   -0.0022    0.0168    0.0000    0.0000    0.0000  68.00
  69.00    1.0200E-01    0.1614    0.0196   -0.0979    0.0503   -0.0027    0.0159    0.0000    0.0000    0.0000  69.00
  70.00    9.8808E-02    0.1638    0.0168   -0.0960    0.0496   -0.0033    0.0149    0.0000    0.0000    0.0000  70.00
  71.00    9.5694E-02    0.1659    0.0141   -0.0937    0.0486   -0.0039    0.0139    0.0000    0.0000    0.0000  71.00
  72.00    9.2657E-02    0.1678    0.0113   -0.0910    0.0475   -0.0045    0.0129    0.0000    0.0000    0.0000  72.00
  73.00    8.9695E-02    0.1695    0.0086   -0.0878    0.0461   -0.0051    0.0118    0.0000    0.0000    0.0000  73.00
  74.00    8.6805E-02    0.1710    0.0059   -0.0841    0.0445   -0.0057    0.0106    0.0000    0.0000    0.0000  74.00
  75.00    8.3986E-02    0.1724    0.0035   -0.0799    0.0425   -0.0063    0.0094    0.0000    0.0000    0.0000  75.00
  76.00    8.1235E-02    0.1738    0.0014   -0.0750    0.0403   -0.0068    0.0079    0.0000    0.0000    0.0000  76.00
  77.00    7.8555E-02    0.1751   -0.0004   -0.0693    0.0377   -0.0073    0.0064    0.0000    0.0000    0.0000  77.00
  78.00    7.5946E-02    0.1764   -0.0016   -0.0628    0.0347   -0.0077    0.0046    0.0000    0.0000    0.0000  78.00
  79.00    7.3411E-02    0.1777   -0.0022   -0.0553    0.0312   -0.0080    0.0025    0.0000    0.0000    0.0000  79.00
  80.00    7.0955E-02    0.1790   -0.0021   -0.0468    0.0272   -0.0082    0.0001    0.0000    0.0000    0.0000  80.00
  81.00    6.8584E-02    0.1802   -0.0013   -0.0371    0.0227   -0.0083   -0.0026    0.0000    0.0000    0.0000  81.00
  82.00    6.6302E-02    0.1813    0.0001   -0.0263    0.0177   -0.0082   -0.0057    0.0000    0.0000    0.0000  82.00
  83.00    6.4118E-02    0.1821    0.0022   -0.0142    0.0122   -0.0080   -0.0092    0.0000    0.0000    0.0000  83.00
  84.00    6.2037E-02    0.1824    0.0046   -0.0010    0.0062   -0.0076   -0.0131    0.0000    0.0000    0.0000  84.00
  85.00    6.0065E-02    0.1821    0.0074    0.0134   -0.0003   -0.0070   -0.0175    0.0000    0.0000    0.0000  85.00
  86.00    5.8205E-02    0.1810    0.0101    0.0287   -0.0073   -0.0062   -0.0222    0.0000    0.0000    0.0000  86.00
  87.00    5.6458E-02    0.1788    0.0124    0.0449   -0.0145   -0.0052   -0.0274    0.0000    0.0000    0.0000  87.00
  88.00    5.4824E-02    0.1753    0.0142    0.0618   -0.0220   -0.0041   -0.0329    0.0000    0.0000    0.0000  88.00
  89.00    5.3297E-02    0.1705    0.0149    0.0790   -0.0295   -0.0028   -0.0387    0.0000    0.0000    0.0000  89.00
0Tot-sig   2.9712E+00
1Inelastic  36S(d,p)@ 16MeV    4858 keV  0f5/2 unbound ZR                  0/00/00
    THETA  -2                               -1                                0                                1   THETA cos(theta)
     0.00  |++++++++++++++++++++++++++++++++|++++++++++++++++++++++++++++++++|++++++++++*+++++++++++++++++++++|+    0.00    1.0000
     1.00  +                                                                            *                      +    1.00    0.9998
     2.00  +                                                                            *                      +    2.00    0.9994
     3.00  +                                                                            *                      +    3.00    0.9986
     4.00  +                                                                            *                      +    4.00    0.9976
     5.00  +                                                                            *                      +    5.00    0.9962
     6.00  +                                                                            *                      +    6.00    0.9945
     7.00  +                                                                            *                      +    7.00    0.9925
     8.00  +                                                                            *                      +    8.00    0.9903
     9.00  +                                                                            *                      +    9.00    0.9877
    10.00  +                                                                            *                      +   10.00    0.9848
    11.00  +                                                                            *                      +   11.00    0.9816
    12.00  +                                                                            *                      +   12.00    0.9781
    13.00  +                                                                            *                      +   13.00    0.9744
    14.00  +                                                                            *                      +   14.00    0.9703
    15.00  +                                                                            *                      +   15.00    0.9659
    16.00  +                                                                            *                      +   16.00    0.9613
    17.00  +                                                                           *                       +   17.00    0.9563
    18.00  +                                                                           *                       +   18.00    0.9511
    19.00  +                                                                           *                       +   19.00    0.9455
    20.00  +                                                                          *                        +   20.00    0.9397
    21.00  +                                                                          *                        +   21.00    0.9336
    22.00  +                                                                         *                         +   22.00    0.9272
    23.00  +                                                                         *                         +   23.00    0.9205
    24.00  +                                                                        *                          +   24.00    0.9135
    25.00  +                                                                       *                           +   25.00    0.9063
    26.00  +                                                                       *                           +   26.00    0.8988
    27.00  +                                                                      *                            +   27.00    0.8910
    28.00  +                                                                     *                             +   28.00    0.8829
    29.00  +                                                                    *                              +   29.00    0.8746
    30.00  +                                                                   *                               +   30.00    0.8660
    31.00  +                                                                  *                                +   31.00    0.8572
    32.00  +                                                                 *                                 +   32.00    0.8480
    33.00  +                                                                *                                  +   33.00    0.8387
    34.00  +                                                               *                                   +   34.00    0.8290
    35.00  +                                                              *                                    +   35.00    0.8192
    36.00  +                                                             *                                     +   36.00    0.8090
    37.00  +                                                            *                                      +   37.00    0.7986
    38.00  +                                                          *                                        +   38.00    0.7880
    39.00  +                                                         *                                         +   39.00    0.7771
    40.00  +                                                        *                                          +   40.00    0.7660
    41.00  +                                                       *                                           +   41.00    0.7547
    42.00  +                                                     *                                             +   42.00    0.7431
    43.00  +                                                    *                                              +   43.00    0.7314
    44.00  +                                                   *                                               +   44.00    0.7193
    45.00  +                                                  *                                                +   45.00    0.7071
    46.00  +                                                *                                                  +   46.00    0.6947
    47.00  +                                               *                                                   +   47.00    0.6820
    48.00  +                                              *                                                    +   48.00    0.6691
    49.00  +                                             *                                                     +   49.00    0.6561
    50.00  +                                            *                                                      +   50.00    0.6428
    51.00  +                                           *                                                       +   51.00    0.6293
    52.00  +                                          *                                                        +   52.00    0.6157
    53.00  +                                         *                                                         +   53.00    0.6018
    54.00  +                                        *                                                          +   54.00    0.5878
    55.00  +                                       *                                                           +   55.00    0.5736
    56.00  +                                       *                                                           +   56.00    0.5592
    57.00  +                                      *                                                            +   57.00    0.5446
    58.00  +                                      *                                                            +   58.00    0.5299
    59.00  +                                     *                                                             +   59.00    0.5150
    60.00  +                                    *                                                              +   60.00    0.5000
    61.00  +                                    *                                                              +   61.00    0.4848
    62.00  +                                   *                                                               +   62.00    0.4695
    63.00  +                                   *                                                               +   63.00    0.4540
    64.00  +                                   *                                                               +   64.00    0.4384
    65.00  +                                  *                                                                +   65.00    0.4226
    66.00  +                                  *                                                                +   66.00    0.4067
    67.00  +                                 *                                                                 +   67.00    0.3907
    68.00  +                                 *                                                                 +   68.00    0.3746
    69.00  +                                *                                                                  +   69.00    0.3584
    70.00  +                                *                                                                  +   70.00    0.3420
    71.00  +                               *                                                                   +   71.00    0.3256
    72.00  +                               *                                                                   +   72.00    0.3090
    73.00  +                              *                                                                    +   73.00    0.2924
    74.00  +                              *                                                                    +   74.00    0.2756
    75.00  +                             *                                                                     +   75.00    0.2588
    76.00  +                             *                                                                     +   76.00    0.2419
    77.00  +                             *                                                                     +   77.00    0.2250
    78.00  +                            *                                                                      +   78.00    0.2079
    79.00  +                            *                                                                      +   79.00    0.1908
    80.00  +                           *                                                                       +   80.00    0.1736
    81.00  +                           *                                                                       +   81.00    0.1564
    82.00  +                          *                                                                        +   82.00    0.1392
    83.00  +                          *                                                                        +   83.00    0.1219
    84.00  +                         *                                                                         +   84.00    0.1045
    85.00  +                         *                                                                         +   85.00    0.0872
    86.00  +                        *                                                                          +   86.00    0.0698
    87.00  +                        *                                                                          +   87.00    0.0523
    88.00  +                       *                                                                           +   88.00    0.0349
    89.00  |+++++++++++++++++++++++*++++++++|++++++++++++++++++++++++++++++++|++++++++++++++++++++++++++++++++|+   89.00    0.0175
    THETA  -2                               -1                                0                                1   THETA cos(theta)
1Asymmetry  36S(d,p)@ 16MeV    4858 keV  0f5/2 unbound ZR                  0/00/00
    THETA  -1                                                 0                                                 1  THETA cos(theta)
     0.00  |+++++++++++++++++++++++++++++++++++++++++++++++++*+++++++++++++++++++++++++++++++++++++++++++++++++|    0.00    1.0000
     1.00  +                                                 *                                                 +    1.00    0.9998
     2.00  +                                                 +*                                                +    2.00    0.9994
     3.00  +                                                 +*                                                +    3.00    0.9986
     4.00  +                                                 + *                                               +    4.00    0.9976
     5.00  +                                                 + *                                               +    5.00    0.9962
     6.00  +                                                 +  *                                              +    6.00    0.9945
     7.00  +                                                 +  *                                              +    7.00    0.9925
     8.00  +                                                 +  *                                              +    8.00    0.9903
     9.00  +                                                 +   *                                             +    9.00    0.9877
    10.00  +                                                 +   *                                             +   10.00    0.9848
    11.00  +                                                 +   *                                             +   11.00    0.9816
    12.00  +                                                 +   *                                             +   12.00    0.9781
    13.00  +                                                 +    *                                            +   13.00    0.9744
    14.00  +                                                 +    *                                            +   14.00    0.9703
    15.00  +                                                 +    *                                            +   15.00    0.9659
    16.00  +                                                 +    *                                            +   16.00    0.9613
    17.00  +                                                 +    *                                            +   17.00    0.9563
    18.00  +                                                 +    *                                            +   18.00    0.9511
    19.00  +                                                 +    *                                            +   19.00    0.9455
    20.00  +                                                 +    *                                            +   20.00    0.9397
    21.00  +                                                 +    *                                            +   21.00    0.9336
    22.00  +                                                 +    *                                            +   22.00    0.9272
    23.00  +                                                 +    *                                            +   23.00    0.9205
    24.00  +                                                 +    *                                            +   24.00    0.9135
    25.00  +                                                 +    *                                            +   25.00    0.9063
    26.00  +                                                 +    *                                            +   26.00    0.8988
    27.00  +                                                 +    *                                            +   27.00    0.8910
    28.00  +                                                 +    *                                            +   28.00    0.8829
    29.00  +                                                 +   *                                             +   29.00    0.8746
    30.00  +                                                 +   *                                             +   30.00    0.8660
    31.00  +                                                 +   *                                             +   31.00    0.8572
    32.00  +                                                 +   *                                             +   32.00    0.8480
    33.00  +                                                 +  *                                              +   33.00    0.8387
    34.00  +                                                 +  *                                              +   34.00    0.8290
    35.00  +                                                 +  *                                              +   35.00    0.8192
    36.00  +                                                 +  *                                              +   36.00    0.8090
    37.00  +                                                 + *                                               +   37.00    0.7986
    38.00  +                                                 + *                                               +   38.00    0.7880
    39.00  +                                                 + *                                               +   39.00    0.7771
    40.00  +                                                 + *                                               +   40.00    0.7660
    41.00  +                                                 + *                                               +   41.00    0.7547
    42.00  +                                                 +*                                                +   42.00    0.7431
    43.00  +                                                 +*                                                +   43.00    0.7314
    44.00  +                                                 +*                                                +   44.00    0.7193
    45.00  +                                                 +*                                                +   45.00    0.7071
    46.00  +                                                 +*                                                +   46.00    0.6947
    47.00  +                                                 +*                                                +   47.00    0.6820
    48.00  +                                                 + *                                               +   48.00    0.6691
    49.00  +                                                 + *                                               +   49.00    0.6561
    50.00  +                                                 + *                                               +   50.00    0.6428
    51.00  +                                                 + *                                               +   51.00    0.6293
    52.00  +                                                 + *                                               +   52.00    0.6157
    53.00  +                                                 + *                                               +   53.00    0.6018
    54.00  +                                                 + *                                               +   54.00    0.5878
    55.00  +                                                 + *                                               +   55.00    0.5736
    56.00  +                                                 + *                                               +   56.00    0.5592
    57.00  +                                                 + *                                               +   57.00    0.5446
    58.00  +                                                 + *                                               +   58.00    0.5299
    59.00  +                                                 + *                                               +   59.00    0.5150
    60.00  +                                                 + *                                               +   60.00    0.5000
    61.00  +                                                 + *                                               +   61.00    0.4848
    62.00  +                                                 + *                                               +   62.00    0.4695
    63.00  +                                                 + *                                               +   63.00    0.4540
    64.00  +                                                 + *                                               +   64.00    0.4384
    65.00  +                                                 + *                                               +   65.00    0.4226
    66.00  +                                                 +*                                                +   66.00    0.4067
    67.00  +                                                 +*                                                +   67.00    0.3907
    68.00  +                                                 +*                                                +   68.00    0.3746
    69.00  +                                                 +*                                                +   69.00    0.3584
    70.00  +                                                 +*                                                +   70.00    0.3420
    71.00  +                                                 +*                                                +   71.00    0.3256
    72.00  +                                                 +*                                                +   72.00    0.3090
    73.00  +                                                 *                                                 +   73.00    0.2924
    74.00  +                                                 *                                                 +   74.00    0.2756
    75.00  +                                                 *                                                 +   75.00    0.2588
    76.00  +                                                 *                                                 +   76.00    0.2419
    77.00  +                                                 *                                                 +   77.00    0.2250
    78.00  +                                                 *                                                 +   78.00    0.2079
    79.00  +                                                 *                                                 +   79.00    0.1908
    80.00  +                                                 *                                                 +   80.00    0.1736
    81.00  +                                                 *                                                 +   81.00    0.1564
    82.00  +                                                 *                                                 +   82.00    0.1392
    83.00  +                                                 *                                                 +   83.00    0.1219
    84.00  +                                                 *                                                 +   84.00    0.1045
    85.00  +                                                 *                                                 +   85.00    0.0872
    86.00  +                                                 +*                                                +   86.00    0.0698
    87.00  +                                                 +*                                                +   87.00    0.0523
    88.00  +                                                 +*                                                +   88.00    0.0349
    89.00  |+++++++++++++++++++++++++++++++++++++++++++++++++|*++++++++++++++++++++++++++++++++++++++++++++++++|   89.00    0.0175
    THETA  -1                                                 0                                                 1  THETA cos(theta)
1DWUCK4-DISTORTED WAVES U.COLORADO- PC-VERSION  12/Jan /1995
 Elapsed time in seconds =   0.00
 Elapsed time in seconds =   0.00
0CONTROL INTEGERS
  1 2 3 4 5 6 7 8 9 A B C D E F G H I J K    RUN IDENTIFICATION                                             0/00/00   0.00.00
  1 0 1 1 0 0 0 0 3 0 0 0 0 0 0 0 0 0 0 0    36S(d,p)@ 16MeV    4882 keV  0f5/2 unbound ZR               
 36S(d,p)@ 16MeV    4882 keV  0f5/2 unbound ZR               
 Adwck4 entered
0ANGLE DATA          THETN=  90.0000   THET1=   0.0000   DTHET=   1.0000   A-ANG=   0.0000   B-ANG=   0.0000
0CARD SET 3 DATA     LMAX =  15          LTR=   3
                     NLTR =   1        2*JTR=   5
0CARD SET 4 DATA     DRF  =   0.1000   RZ   =   0.0000   RMAX = -15.0000   VCE  =   0.0000   FNRNG=   0.0000
 PARTICLE DATA 
0PARTICLE 1*******************************************************************************************************************
 INPUT DATA          ELAB =  16.0000   RC0  =   1.3030   AC   =   0.0000   2*STR=   2.0000
                     MASSP=   2.0000   MASST=  36.0000   Q    =   0.0000
                     ZP   =   1.0000   ZT   =  16.0000   PNLOC=   0.0000
 
 DERIVED DATA        ECM  =  15.1579   RC   =   4.3024   RHO  =   5.0434
                     K    =   1.1722   ETA  =   0.8909   DR   =   0.1000
0POTENTIAL PARAMETERS
 NX=1 VOLUME  W-S    V RL = -92.9760   R0RL =   1.1500   A RL =   0.7610   R RL =   3.7972   VSOR =   0.0000
                     V IM =  -1.6020   R0IM =   1.3350   A IM =   0.5250   R IM =   4.4081   VSOI =   0.0000   POWR =   0.0000
 NX=2 SURFACE W-S    V RL =   0.0000   R0RL =   0.0000   A RL =   0.0000   R RL =   0.0000   VSOR =   0.0000
                     V IM =  50.5910   R0IM =   1.3800   A IM =   0.7360   R IM =   4.5567   VSOI =   0.0000   POWR =   0.0000
 NX=4 L*S VOLUME     V RL = -14.2280   R0RL =   0.9720   A RL =   1.0110   R RL =   3.2095   VSOR =   0.0000
                     V IM =   0.0000   R0IM =   0.0000   A IM =   0.0000   R IM =   0.0000   VSOI =   0.0000   POWR =   0.0000
0PARTICLE 2*******************************************************************************************************************
 INPUT DATA          ELAB =  12.6888   RC0  =   1.2920   AC   =   0.0000   2*STR=   1.0000
                     MASSP=   1.0000   MASST=  37.0000   Q    =  -2.8030
                     ZP   =   1.0000   ZT   =  16.0000   PNLOC=   0.0000
 
 DERIVED DATA        ECM  =  12.3549   RC   =   4.3052   RHO  =   3.2662
                     K    =   0.7587   ETA  =   0.7074   DR   =   0.0973
0POTENTIAL PARAMETERS
 NX=1 VOLUME  W-S    V RL = -58.2260   R0RL =   1.1820   A RL =   0.6720   R RL =   3.9387   VSOR =   0.0000
                     V IM =  -1.1810   R0IM =   1.1820   A IM =   0.6720   R IM =   3.9387   VSOI =   0.0000   POWR =   0.0000
 NX=2 SURFACE W-S    V RL =   0.0000   R0RL =   0.0000   A RL =   0.0000   R RL =   0.0000   VSOR =   0.0000
                     V IM =  36.8620   R0IM =   1.2900   A IM =   0.5380   R IM =   4.2986   VSOI =   0.0000   POWR =   0.0000
 NX=4 L*S VOLUME     V RL = -22.4560   R0RL =   0.9910   A RL =   0.5900   R RL =   3.3022   VSOR =   0.0000
                     V IM =   0.2490   R0IM =   0.9910   A IM =   0.5900   R IM =   3.3022   VSOI =   0.0000   POWR =   0.0000
136S(d,p)@ 16MeV    4882 keV  0f5/2 unbound ZR                  0/ 0/ 0
0FORM FACTOR DATA 
0PARTICLE 3*******************************************************************************************************************
 INPUT DATA          ELAB =   0.5780   RC0  =   1.3000   AC   =   0.0000   2*STR=   1.0000
                     MASSP=   1.0000   MASST=  36.0000   Q    =   0.5780
                     ZP   =   0.0000   ZT   =  16.0000   PNLOC=   0.0000
 
 DERIVED DATA        ECM  =   0.5780   RC   =   4.2925   RHO  =   0.7041
                     K    =   0.1640   ETA  =   0.0000   DR   =   0.1000
0POTENTIAL PARAMETERS
 NX=1 VOLUME  W-S    V RL =  -1.0000   R0RL =   1.2800   A RL =   0.6500   R RL =   4.2265   VSOR =  24.0000
                     V IM =   0.0000   R0IM =   0.0000   A IM =   0.0000   R IM =   0.0000   VSOI =   0.0000   POWR =   0.0000
 
                     NODES=   0.0000   L    =   3.0000   2*J  =   5.0000   2*S  =   1.0000   FISW =   0.0000
 
0SINGLE PARTICLE WIDTH = 2.0390E -3  MEV     VOLUME TERM =  3.4471E+03     SURFACE TERM =  9.1629E+00
                     V    =  49.6790   DET  =   0.0001   NODES=   0.0000   RM   =   4.8500   E    =   0.5780   ITER.=   3
0*****  Warning  *****  CLASSICAL TURNING POINT FOR BOUNDSTATE = 21.1182  IS GREATER THAN RMAX =-15.0000
0                    LMAX =  15        NSTEP= 150        NLTR =   1
 Bdwck4 entered
   Subroutine INTEG  entered
0REACSIG 1   1.50928E+02                                             REACSIG 2   9.79115E+01
   Subroutine RADINT entered
136S(d,p)@ 16MeV    4882 keV  0f5/2 unbound ZR                  0/00/00
0BASIC DATA          DR   =   0.1000   RMIN =   0.0000   RMAX =  15.0000   COUEX=   0.0000     IS1=   1.0000
                     FNRNG=   0.0000   PNLC1=   0.0000   PNLC2=   0.0000   PNLC3=   0.0000     IS2=   0.5000
 ANG MOM TRANSFER    LTR  =   3.       2*JTR=   5.       2*STR=   1.       Q    =  -2.8030
   Subroutine INSIG  entered
0 Theta Inelsig,fm**2      Polz       Asy       Ayy       A22       A21       A20       T22       T21       T20  Theta
   0.00    2.2302E+00    0.0000    0.0000    0.0066    0.0000    0.0000   -0.0087    0.0000    0.0000    0.0000   0.00
   1.00    2.2308E+00    0.0049    0.0097    0.0068   -0.0001   -0.0002   -0.0088    0.0000    0.0000    0.0000   1.00
   2.00    2.2326E+00    0.0097    0.0193    0.0074   -0.0003   -0.0003   -0.0091    0.0000    0.0000    0.0000   2.00
   3.00    2.2353E+00    0.0144    0.0286    0.0084   -0.0008   -0.0005   -0.0094    0.0000    0.0000    0.0000   3.00
   4.00    2.2386E+00    0.0190    0.0376    0.0098   -0.0013   -0.0007   -0.0100    0.0000    0.0000    0.0000   4.00
   5.00    2.2421E+00    0.0233    0.0461    0.0114   -0.0020   -0.0009   -0.0106    0.0000    0.0000    0.0000   5.00
   6.00    2.2453E+00    0.0274    0.0541    0.0134   -0.0028   -0.0010   -0.0113    0.0000    0.0000    0.0000   6.00
   7.00    2.2476E+00    0.0313    0.0616    0.0155   -0.0037   -0.0012   -0.0122    0.0000    0.0000    0.0000   7.00
   8.00    2.2483E+00    0.0349    0.0684    0.0179   -0.0047   -0.0014   -0.0131    0.0000    0.0000    0.0000   8.00
   9.00    2.2468E+00    0.0382    0.0745    0.0203   -0.0057   -0.0016   -0.0140    0.0000    0.0000    0.0000   9.00
  10.00    2.2423E+00    0.0412    0.0801    0.0228   -0.0068   -0.0017   -0.0150    0.0000    0.0000    0.0000  10.00
  11.00    2.2343E+00    0.0439    0.0849    0.0254   -0.0079   -0.0019   -0.0160    0.0000    0.0000    0.0000  11.00
  12.00    2.2220E+00    0.0463    0.0892    0.0279   -0.0089   -0.0021   -0.0170    0.0000    0.0000    0.0000  12.00
  13.00    2.2049E+00    0.0484    0.0929    0.0304   -0.0099   -0.0023   -0.0180    0.0000    0.0000    0.0000  13.00
  14.00    2.1825E+00    0.0502    0.0960    0.0328   -0.0109   -0.0025   -0.0190    0.0000    0.0000    0.0000  14.00
  15.00    2.1545E+00    0.0518    0.0986    0.0351   -0.0119   -0.0027   -0.0200    0.0000    0.0000    0.0000  15.00
  16.00    2.1207E+00    0.0531    0.1006    0.0373   -0.0128   -0.0029   -0.0209    0.0000    0.0000    0.0000  16.00
  17.00    2.0808E+00    0.0541    0.1022    0.0394   -0.0136   -0.0031   -0.0217    0.0000    0.0000    0.0000  17.00
  18.00    2.0349E+00    0.0549    0.1034    0.0413   -0.0144   -0.0033   -0.0226    0.0000    0.0000    0.0000  18.00
  19.00    1.9833E+00    0.0555    0.1041    0.0430   -0.0151   -0.0035   -0.0233    0.0000    0.0000    0.0000  19.00
  20.00    1.9261E+00    0.0558    0.1044    0.0446   -0.0157   -0.0037   -0.0240    0.0000    0.0000    0.0000  20.00
  21.00    1.8638E+00    0.0558    0.1043    0.0461   -0.0163   -0.0040   -0.0247    0.0000    0.0000    0.0000  21.00
  22.00    1.7969E+00    0.0557    0.1038    0.0474   -0.0168   -0.0042   -0.0253    0.0000    0.0000    0.0000  22.00
  23.00    1.7260E+00    0.0552    0.1029    0.0485   -0.0172   -0.0045   -0.0258    0.0000    0.0000    0.0000  23.00
  24.00    1.6518E+00    0.0546    0.1016    0.0495   -0.0176   -0.0047   -0.0263    0.0000    0.0000    0.0000  24.00
  25.00    1.5750E+00    0.0536    0.0998    0.0503   -0.0179   -0.0050   -0.0267    0.0000    0.0000    0.0000  25.00
  26.00    1.4963E+00    0.0524    0.0977    0.0510   -0.0182   -0.0052   -0.0270    0.0000    0.0000    0.0000  26.00
  27.00    1.4165E+00    0.0509    0.0951    0.0516   -0.0184   -0.0055   -0.0273    0.0000    0.0000    0.0000  27.00
  28.00    1.3363E+00    0.0492    0.0921    0.0520   -0.0185   -0.0058   -0.0275    0.0000    0.0000    0.0000  28.00
  29.00    1.2564E+00    0.0473    0.0887    0.0523   -0.0186   -0.0061   -0.0277    0.0000    0.0000    0.0000  29.00
  30.00    1.1774E+00    0.0451    0.0849    0.0524   -0.0187   -0.0063   -0.0277    0.0000    0.0000    0.0000  30.00
  31.00    1.1000E+00    0.0427    0.0807    0.0525   -0.0187   -0.0066   -0.0278    0.0000    0.0000    0.0000  31.00
  32.00    1.0246E+00    0.0401    0.0762    0.0524   -0.0187   -0.0069   -0.0277    0.0000    0.0000    0.0000  32.00
  33.00    9.5177E-01    0.0375    0.0715    0.0521   -0.0186   -0.0071   -0.0275    0.0000    0.0000    0.0000  33.00
  34.00    8.8175E-01    0.0347    0.0665    0.0517   -0.0185   -0.0073   -0.0273    0.0000    0.0000    0.0000  34.00
  35.00    8.1490E-01    0.0320    0.0614    0.0512   -0.0183   -0.0076   -0.0270    0.0000    0.0000    0.0000  35.00
  36.00    7.5143E-01    0.0294    0.0563    0.0504   -0.0180   -0.0078   -0.0266    0.0000    0.0000    0.0000  36.00
  37.00    6.9152E-01    0.0270    0.0513    0.0494   -0.0176   -0.0079   -0.0260    0.0000    0.0000    0.0000  37.00
  38.00    6.3528E-01    0.0249    0.0465    0.0482   -0.0172   -0.0081   -0.0254    0.0000    0.0000    0.0000  38.00
  39.00    5.8274E-01    0.0232    0.0421    0.0466   -0.0166   -0.0082   -0.0246    0.0000    0.0000    0.0000  39.00
  40.00    5.3393E-01    0.0220    0.0382    0.0447   -0.0159   -0.0082   -0.0237    0.0000    0.0000    0.0000  40.00
  41.00    4.8880E-01    0.0215    0.0349    0.0423   -0.0150   -0.0082   -0.0225    0.0000    0.0000    0.0000  41.00
  42.00    4.4729E-01    0.0217    0.0324    0.0395   -0.0139   -0.0082   -0.0213    0.0000    0.0000    0.0000  42.00
  43.00    4.0931E-01    0.0228    0.0307    0.0360   -0.0125   -0.0080   -0.0198    0.0000    0.0000    0.0000  43.00
  44.00    3.7473E-01    0.0249    0.0299    0.0319   -0.0108   -0.0078   -0.0180    0.0000    0.0000    0.0000  44.00
  45.00    3.4342E-01    0.0280    0.0300    0.0272   -0.0089   -0.0076   -0.0161    0.0000    0.0000    0.0000  45.00
  46.00    3.1521E-01    0.0320    0.0309    0.0216   -0.0065   -0.0072   -0.0140    0.0000    0.0000    0.0000  46.00
  47.00    2.8992E-01    0.0371    0.0327    0.0153   -0.0039   -0.0068   -0.0116    0.0000    0.0000    0.0000  47.00
  48.00    2.6737E-01    0.0431    0.0351    0.0082   -0.0008   -0.0063   -0.0090    0.0000    0.0000    0.0000  48.00
  49.00    2.4737E-01    0.0499    0.0380    0.0004    0.0026   -0.0057   -0.0063    0.0000    0.0000    0.0000  49.00
  50.00    2.2970E-01    0.0573    0.0410   -0.0080    0.0063   -0.0051   -0.0034    0.0000    0.0000    0.0000  50.00
  51.00    2.1416E-01    0.0653    0.0441   -0.0169    0.0102   -0.0045   -0.0005    0.0000    0.0000    0.0000  51.00
  52.00    2.0052E-01    0.0734    0.0469   -0.0262    0.0144   -0.0038    0.0024    0.0000    0.0000    0.0000  52.00
  53.00    1.8859E-01    0.0817    0.0493   -0.0355    0.0186   -0.0032    0.0052    0.0000    0.0000    0.0000  53.00
  54.00    1.7815E-01    0.0898    0.0510   -0.0447    0.0229   -0.0026    0.0079    0.0000    0.0000    0.0000  54.00
  55.00    1.6902E-01    0.0976    0.0521   -0.0536    0.0270   -0.0020    0.0103    0.0000    0.0000    0.0000  55.00
  56.00    1.6099E-01    0.1050    0.0523   -0.0620    0.0309   -0.0015    0.0125    0.0000    0.0000    0.0000  56.00
  57.00    1.5390E-01    0.1119    0.0518   -0.0697    0.0346   -0.0011    0.0144    0.0000    0.0000    0.0000  57.00
  58.00    1.4759E-01    0.1183    0.0507   -0.0765    0.0379   -0.0007    0.0160    0.0000    0.0000    0.0000  58.00
  59.00    1.4192E-01    0.1241    0.0490   -0.0825    0.0408   -0.0005    0.0172    0.0000    0.0000    0.0000  59.00
  60.00    1.3677E-01    0.1295    0.0468   -0.0874    0.0434   -0.0003    0.0180    0.0000    0.0000    0.0000  60.00
  61.00    1.3203E-01    0.1344    0.0444   -0.0915    0.0455   -0.0003    0.0186    0.0000    0.0000    0.0000  61.00
  62.00    1.2763E-01    0.1389    0.0417   -0.0946    0.0471   -0.0003    0.0188    0.0000    0.0000    0.0000  62.00
  63.00    1.2349E-01    0.1431    0.0390   -0.0968    0.0484   -0.0004    0.0188    0.0000    0.0000    0.0000  63.00
  64.00    1.1957E-01    0.1470    0.0362   -0.0982    0.0494   -0.0006    0.0186    0.0000    0.0000    0.0000  64.00
  65.00    1.1581E-01    0.1506    0.0335   -0.0989    0.0499   -0.0009    0.0181    0.0000    0.0000    0.0000  65.00
  66.00    1.1219E-01    0.1539    0.0308   -0.0989    0.0502   -0.0013    0.0175    0.0000    0.0000    0.0000  66.00
  67.00    1.0869E-01    0.1571    0.0281   -0.0984    0.0502   -0.0017    0.0168    0.0000    0.0000    0.0000  67.00
  68.00    1.0529E-01    0.1599    0.0254   -0.0973    0.0499   -0.0021    0.0160    0.0000    0.0000    0.0000  68.00
  69.00    1.0199E-01    0.1625    0.0227   -0.0958    0.0494   -0.0026    0.0151    0.0000    0.0000    0.0000  69.00
  70.00    9.8773E-02    0.1649    0.0200   -0.0939    0.0487   -0.0032    0.0141    0.0000    0.0000    0.0000  70.00
  71.00    9.5641E-02    0.1671    0.0173   -0.0916    0.0478   -0.0038    0.0131    0.0000    0.0000    0.0000  71.00
  72.00    9.2588E-02    0.1690    0.0145   -0.0888    0.0466   -0.0044    0.0121    0.0000    0.0000    0.0000  72.00
  73.00    8.9609E-02    0.1707    0.0118   -0.0857    0.0452   -0.0050    0.0110    0.0000    0.0000    0.0000  73.00
  74.00    8.6704E-02    0.1723    0.0093   -0.0820    0.0436   -0.0055    0.0098    0.0000    0.0000    0.0000  74.00
  75.00    8.3871E-02    0.1738    0.0069   -0.0777    0.0416   -0.0061    0.0085    0.0000    0.0000    0.0000  75.00
  76.00    8.1108E-02    0.1752    0.0048   -0.0728    0.0394   -0.0066    0.0071    0.0000    0.0000    0.0000  76.00
  77.00    7.8415E-02    0.1766    0.0032   -0.0672    0.0368   -0.0071    0.0056    0.0000    0.0000    0.0000  77.00
  78.00    7.5794E-02    0.1780    0.0020   -0.0607    0.0338   -0.0075    0.0038    0.0000    0.0000    0.0000  78.00
  79.00    7.3249E-02    0.1794    0.0015   -0.0533    0.0303   -0.0078    0.0017    0.0000    0.0000    0.0000  79.00
  80.00    7.0783E-02    0.1809    0.0017   -0.0448    0.0264   -0.0080   -0.0006    0.0000    0.0000    0.0000  80.00
  81.00    6.8402E-02    0.1822    0.0026   -0.0352    0.0219   -0.0081   -0.0033    0.0000    0.0000    0.0000  81.00
  82.00    6.6113E-02    0.1834    0.0042   -0.0245    0.0170   -0.0080   -0.0063    0.0000    0.0000    0.0000  82.00
  83.00    6.3921E-02    0.1843    0.0064   -0.0125    0.0115   -0.0077   -0.0098    0.0000    0.0000    0.0000  83.00
  84.00    6.1834E-02    0.1848    0.0091    0.0007    0.0055   -0.0073   -0.0137    0.0000    0.0000    0.0000  84.00
  85.00    5.9856E-02    0.1846    0.0120    0.0150   -0.0010   -0.0067   -0.0180    0.0000    0.0000    0.0000  85.00
  86.00    5.7992E-02    0.1836    0.0148    0.0302   -0.0079   -0.0059   -0.0228    0.0000    0.0000    0.0000  86.00
  87.00    5.6242E-02    0.1816    0.0174    0.0463   -0.0151   -0.0049   -0.0279    0.0000    0.0000    0.0000  87.00
  88.00    5.4605E-02    0.1782    0.0193    0.0631   -0.0225   -0.0037   -0.0334    0.0000    0.0000    0.0000  88.00
  89.00    5.3078E-02    0.1735    0.0202    0.0802   -0.0301   -0.0024   -0.0391    0.0000    0.0000    0.0000  89.00
0Tot-sig   2.9811E+00
1Inelastic  36S(d,p)@ 16MeV    4882 keV  0f5/2 unbound ZR                  0/00/00
    THETA  -2                               -1                                0                                1   THETA cos(theta)
     0.00  |++++++++++++++++++++++++++++++++|++++++++++++++++++++++++++++++++|++++++++++*+++++++++++++++++++++|+    0.00    1.0000
     1.00  +                                                                            *                      +    1.00    0.9998
     2.00  +                                                                             *                     +    2.00    0.9994
     3.00  +                                                                             *                     +    3.00    0.9986
     4.00  +                                                                             *                     +    4.00    0.9976
     5.00  +                                                                             *                     +    5.00    0.9962
     6.00  +                                                                             *                     +    6.00    0.9945
     7.00  +                                                                             *                     +    7.00    0.9925
     8.00  +                                                                             *                     +    8.00    0.9903
     9.00  +                                                                             *                     +    9.00    0.9877
    10.00  +                                                                             *                     +   10.00    0.9848
    11.00  +                                                                             *                     +   11.00    0.9816
    12.00  +                                                                            *                      +   12.00    0.9781
    13.00  +                                                                            *                      +   13.00    0.9744
    14.00  +                                                                            *                      +   14.00    0.9703
    15.00  +                                                                            *                      +   15.00    0.9659
    16.00  +                                                                            *                      +   16.00    0.9613
    17.00  +                                                                            *                      +   17.00    0.9563
    18.00  +                                                                           *                       +   18.00    0.9511
    19.00  +                                                                           *                       +   19.00    0.9455
    20.00  +                                                                          *                        +   20.00    0.9397
    21.00  +                                                                          *                        +   21.00    0.9336
    22.00  +                                                                         *                         +   22.00    0.9272
    23.00  +                                                                         *                         +   23.00    0.9205
    24.00  +                                                                        *                          +   24.00    0.9135
    25.00  +                                                                        *                          +   25.00    0.9063
    26.00  +                                                                       *                           +   26.00    0.8988
    27.00  +                                                                      *                            +   27.00    0.8910
    28.00  +                                                                     *                             +   28.00    0.8829
    29.00  +                                                                    *                              +   29.00    0.8746
    30.00  +                                                                   *                               +   30.00    0.8660
    31.00  +                                                                  *                                +   31.00    0.8572
    32.00  +                                                                 *                                 +   32.00    0.8480
    33.00  +                                                                *                                  +   33.00    0.8387
    34.00  +                                                               *                                   +   34.00    0.8290
    35.00  +                                                              *                                    +   35.00    0.8192
    36.00  +                                                             *                                     +   36.00    0.8090
    37.00  +                                                            *                                      +   37.00    0.7986
    38.00  +                                                          *                                        +   38.00    0.7880
    39.00  +                                                         *                                         +   39.00    0.7771
    40.00  +                                                        *                                          +   40.00    0.7660
    41.00  +                                                       *                                           +   41.00    0.7547
    42.00  +                                                     *                                             +   42.00    0.7431
    43.00  +                                                    *                                              +   43.00    0.7314
    44.00  +                                                   *                                               +   44.00    0.7193
    45.00  +                                                  *                                                +   45.00    0.7071
    46.00  +                                                *                                                  +   46.00    0.6947
    47.00  +                                               *                                                   +   47.00    0.6820
    48.00  +                                              *                                                    +   48.00    0.6691
    49.00  +                                             *                                                     +   49.00    0.6561
    50.00  +                                            *                                                      +   50.00    0.6428
    51.00  +                                           *                                                       +   51.00    0.6293
    52.00  +                                          *                                                        +   52.00    0.6157
    53.00  +                                         *                                                         +   53.00    0.6018
    54.00  +                                        *                                                          +   54.00    0.5878
    55.00  +                                        *                                                          +   55.00    0.5736
    56.00  +                                       *                                                           +   56.00    0.5592
    57.00  +                                      *                                                            +   57.00    0.5446
    58.00  +                                      *                                                            +   58.00    0.5299
    59.00  +                                     *                                                             +   59.00    0.5150
    60.00  +                                    *                                                              +   60.00    0.5000
    61.00  +                                    *                                                              +   61.00    0.4848
    62.00  +                                   *                                                               +   62.00    0.4695
    63.00  +                                   *                                                               +   63.00    0.4540
    64.00  +                                   *                                                               +   64.00    0.4384
    65.00  +                                  *                                                                +   65.00    0.4226
    66.00  +                                  *                                                                +   66.00    0.4067
    67.00  +                                 *                                                                 +   67.00    0.3907
    68.00  +                                 *                                                                 +   68.00    0.3746
    69.00  +                                *                                                                  +   69.00    0.3584
    70.00  +                                *                                                                  +   70.00    0.3420
    71.00  +                               *                                                                   +   71.00    0.3256
    72.00  +                               *                                                                   +   72.00    0.3090
    73.00  +                              *                                                                    +   73.00    0.2924
    74.00  +                              *                                                                    +   74.00    0.2756
    75.00  +                             *                                                                     +   75.00    0.2588
    76.00  +                             *                                                                     +   76.00    0.2419
    77.00  +                             *                                                                     +   77.00    0.2250
    78.00  +                            *                                                                      +   78.00    0.2079
    79.00  +                            *                                                                      +   79.00    0.1908
    80.00  +                           *                                                                       +   80.00    0.1736
    81.00  +                           *                                                                       +   81.00    0.1564
    82.00  +                          *                                                                        +   82.00    0.1392
    83.00  +                          *                                                                        +   83.00    0.1219
    84.00  +                         *                                                                         +   84.00    0.1045
    85.00  +                         *                                                                         +   85.00    0.0872
    86.00  +                        *                                                                          +   86.00    0.0698
    87.00  +                        *                                                                          +   87.00    0.0523
    88.00  +                       *                                                                           +   88.00    0.0349
    89.00  |+++++++++++++++++++++++*++++++++|++++++++++++++++++++++++++++++++|++++++++++++++++++++++++++++++++|+   89.00    0.0175
    THETA  -2                               -1                                0                                1   THETA cos(theta)
1Asymmetry  36S(d,p)@ 16MeV    4882 keV  0f5/2 unbound ZR                  0/00/00
    THETA  -1                                                 0                                                 1  THETA cos(theta)
     0.00  |+++++++++++++++++++++++++++++++++++++++++++++++++*+++++++++++++++++++++++++++++++++++++++++++++++++|    0.00    1.0000
     1.00  +                                                 *                                                 +    1.00    0.9998
     2.00  +                                                 +*                                                +    2.00    0.9994
     3.00  +                                                 +*                                                +    3.00    0.9986
     4.00  +                                                 + *                                               +    4.00    0.9976
     5.00  +                                                 + *                                               +    5.00    0.9962
     6.00  +                                                 +  *                                              +    6.00    0.9945
     7.00  +                                                 +  *                                              +    7.00    0.9925
     8.00  +                                                 +  *                                              +    8.00    0.9903
     9.00  +                                                 +   *                                             +    9.00    0.9877
    10.00  +                                                 +   *                                             +   10.00    0.9848
    11.00  +                                                 +   *                                             +   11.00    0.9816
    12.00  +                                                 +   *                                             +   12.00    0.9781
    13.00  +                                                 +    *                                            +   13.00    0.9744
    14.00  +                                                 +    *                                            +   14.00    0.9703
    15.00  +                                                 +    *                                            +   15.00    0.9659
    16.00  +                                                 +    *                                            +   16.00    0.9613
    17.00  +                                                 +    *                                            +   17.00    0.9563
    18.00  +                                                 +    *                                            +   18.00    0.9511
    19.00  +                                                 +    *                                            +   19.00    0.9455
    20.00  +                                                 +    *                                            +   20.00    0.9397
    21.00  +                                                 +    *                                            +   21.00    0.9336
    22.00  +                                                 +    *                                            +   22.00    0.9272
    23.00  +                                                 +    *                                            +   23.00    0.9205
    24.00  +                                                 +    *                                            +   24.00    0.9135
    25.00  +                                                 +    *                                            +   25.00    0.9063
    26.00  +                                                 +    *                                            +   26.00    0.8988
    27.00  +                                                 +    *                                            +   27.00    0.8910
    28.00  +                                                 +    *                                            +   28.00    0.8829
    29.00  +                                                 +   *                                             +   29.00    0.8746
    30.00  +                                                 +   *                                             +   30.00    0.8660
    31.00  +                                                 +   *                                             +   31.00    0.8572
    32.00  +                                                 +   *                                             +   32.00    0.8480
    33.00  +                                                 +   *                                             +   33.00    0.8387
    34.00  +                                                 +  *                                              +   34.00    0.8290
    35.00  +                                                 +  *                                              +   35.00    0.8192
    36.00  +                                                 +  *                                              +   36.00    0.8090
    37.00  +                                                 +  *                                              +   37.00    0.7986
    38.00  +                                                 + *                                               +   38.00    0.7880
    39.00  +                                                 + *                                               +   39.00    0.7771
    40.00  +                                                 + *                                               +   40.00    0.7660
    41.00  +                                                 + *                                               +   41.00    0.7547
    42.00  +                                                 + *                                               +   42.00    0.7431
    43.00  +                                                 + *                                               +   43.00    0.7314
    44.00  +                                                 +*                                                +   44.00    0.7193
    45.00  +                                                 +*                                                +   45.00    0.7071
    46.00  +                                                 + *                                               +   46.00    0.6947
    47.00  +                                                 + *                                               +   47.00    0.6820
    48.00  +                                                 + *                                               +   48.00    0.6691
    49.00  +                                                 + *                                               +   49.00    0.6561
    50.00  +                                                 + *                                               +   50.00    0.6428
    51.00  +                                                 + *                                               +   51.00    0.6293
    52.00  +                                                 + *                                               +   52.00    0.6157
    53.00  +                                                 + *                                               +   53.00    0.6018
    54.00  +                                                 +  *                                              +   54.00    0.5878
    55.00  +                                                 +  *                                              +   55.00    0.5736
    56.00  +                                                 +  *                                              +   56.00    0.5592
    57.00  +                                                 +  *                                              +   57.00    0.5446
    58.00  +                                                 +  *                                              +   58.00    0.5299
    59.00  +                                                 + *                                               +   59.00    0.5150
    60.00  +                                                 + *                                               +   60.00    0.5000
    61.00  +                                                 + *                                               +   61.00    0.4848
    62.00  +                                                 + *                                               +   62.00    0.4695
    63.00  +                                                 + *                                               +   63.00    0.4540
    64.00  +                                                 + *                                               +   64.00    0.4384
    65.00  +                                                 + *                                               +   65.00    0.4226
    66.00  +                                                 + *                                               +   66.00    0.4067
    67.00  +                                                 +*                                                +   67.00    0.3907
    68.00  +                                                 +*                                                +   68.00    0.3746
    69.00  +                                                 +*                                                +   69.00    0.3584
    70.00  +                                                 +*                                                +   70.00    0.3420
    71.00  +                                                 +*                                                +   71.00    0.3256
    72.00  +                                                 +*                                                +   72.00    0.3090
    73.00  +                                                 +*                                                +   73.00    0.2924
    74.00  +                                                 *                                                 +   74.00    0.2756
    75.00  +                                                 *                                                 +   75.00    0.2588
    76.00  +                                                 *                                                 +   76.00    0.2419
    77.00  +                                                 *                                                 +   77.00    0.2250
    78.00  +                                                 *                                                 +   78.00    0.2079
    79.00  +                                                 *                                                 +   79.00    0.1908
    80.00  +                                                 *                                                 +   80.00    0.1736
    81.00  +                                                 *                                                 +   81.00    0.1564
    82.00  +                                                 *                                                 +   82.00    0.1392
    83.00  +                                                 *                                                 +   83.00    0.1219
    84.00  +                                                 *                                                 +   84.00    0.1045
    85.00  +                                                 +*                                                +   85.00    0.0872
    86.00  +                                                 +*                                                +   86.00    0.0698
    87.00  +                                                 +*                                                +   87.00    0.0523
    88.00  +                                                 +*                                                +   88.00    0.0349
    89.00  |+++++++++++++++++++++++++++++++++++++++++++++++++|*++++++++++++++++++++++++++++++++++++++++++++++++|   89.00    0.0175
    THETA  -1                                                 0                                                 1  THETA cos(theta)
1DWUCK4-DISTORTED WAVES U.COLORADO- PC-VERSION  12/Jan /1995
 Elapsed time in seconds =   0.00
 Elapsed time in seconds =   0.00
0CONTROL INTEGERS
  1 2 3 4 5 6 7 8 9 A B C D E F G H I J K    RUN IDENTIFICATION                                             0/00/00   0.00.00
  1 0 1 1 0 0 0 0 3 0 0 0 0 0 0 0 0 0 0 0    36S(d,p)@ 16MeV    4893 keV  1p3/2 unbound ZR               
 36S(d,p)@ 16MeV    4893 keV  1p3/2 unbound ZR               
 Adwck4 entered
0ANGLE DATA          THETN=  90.0000   THET1=   0.0000   DTHET=   1.0000   A-ANG=   0.0000   B-ANG=   0.0000
0CARD SET 3 DATA     LMAX =  15          LTR=   1
                     NLTR =   1        2*JTR=   3
0CARD SET 4 DATA     DRF  =   0.1000   RZ   =   0.0000   RMAX = -15.0000   VCE  =   0.0000   FNRNG=   0.0000
 PARTICLE DATA 
0PARTICLE 1*******************************************************************************************************************
 INPUT DATA          ELAB =  16.0000   RC0  =   1.3030   AC   =   0.0000   2*STR=   2.0000
                     MASSP=   2.0000   MASST=  36.0000   Q    =   0.0000
                     ZP   =   1.0000   ZT   =  16.0000   PNLOC=   0.0000
 
 DERIVED DATA        ECM  =  15.1579   RC   =   4.3024   RHO  =   5.0434
                     K    =   1.1722   ETA  =   0.8909   DR   =   0.1000
0POTENTIAL PARAMETERS
 NX=1 VOLUME  W-S    V RL = -92.9760   R0RL =   1.1500   A RL =   0.7610   R RL =   3.7972   VSOR =   0.0000
                     V IM =  -1.6020   R0IM =   1.3350   A IM =   0.5250   R IM =   4.4081   VSOI =   0.0000   POWR =   0.0000
 NX=2 SURFACE W-S    V RL =   0.0000   R0RL =   0.0000   A RL =   0.0000   R RL =   0.0000   VSOR =   0.0000
                     V IM =  50.6090   R0IM =   1.3800   A IM =   0.7360   R IM =   4.5567   VSOI =   0.0000   POWR =   0.0000
 NX=4 L*S VOLUME     V RL = -14.2280   R0RL =   0.9720   A RL =   1.0110   R RL =   3.2095   VSOR =   0.0000
                     V IM =   0.0000   R0IM =   0.0000   A IM =   0.0000   R IM =   0.0000   VSOI =   0.0000   POWR =   0.0000
0PARTICLE 2*******************************************************************************************************************
 INPUT DATA          ELAB =  12.6775   RC0  =   1.2920   AC   =   0.0000   2*STR=   1.0000
                     MASSP=   1.0000   MASST=  37.0000   Q    =  -2.8140
                     ZP   =   1.0000   ZT   =  16.0000   PNLOC=   0.0000
 
 DERIVED DATA        ECM  =  12.3439   RC   =   4.3052   RHO  =   3.2648
                     K    =   0.7583   ETA  =   0.7077   DR   =   0.0973
0POTENTIAL PARAMETERS
 NX=1 VOLUME  W-S    V RL = -58.2310   R0RL =   1.1820   A RL =   0.6720   R RL =   3.9387   VSOR =   0.0000
                     V IM =  -1.1820   R0IM =   1.1820   A IM =   0.6720   R IM =   3.9387   VSOI =   0.0000   POWR =   0.0000
 NX=2 SURFACE W-S    V RL =   0.0000   R0RL =   0.0000   A RL =   0.0000   R RL =   0.0000   VSOR =   0.0000
                     V IM =  36.8670   R0IM =   1.2900   A IM =   0.5380   R IM =   4.2986   VSOI =   0.0000   POWR =   0.0000
 NX=4 L*S VOLUME     V RL = -22.4560   R0RL =   0.9910   A RL =   0.5900   R RL =   3.3022   VSOR =   0.0000
                     V IM =   0.2490   R0IM =   0.9910   A IM =   0.5900   R IM =   3.3022   VSOI =   0.0000   POWR =   0.0000
136S(d,p)@ 16MeV    4893 keV  1p3/2 unbound ZR                  0/ 0/ 0
0FORM FACTOR DATA 
0PARTICLE 3*******************************************************************************************************************
 INPUT DATA          ELAB =   0.5890   RC0  =   1.3000   AC   =   0.0000   2*STR=   1.0000
                     MASSP=   1.0000   MASST=  36.0000   Q    =   0.5890
                     ZP   =   0.0000   ZT   =  16.0000   PNLOC=   0.0000
 
 DERIVED DATA        ECM  =   0.5890   RC   =   4.2925   RHO  =   0.7108
                     K    =   0.1656   ETA  =   0.0000   DR   =   0.1000
0POTENTIAL PARAMETERS
 NX=1 VOLUME  W-S    V RL =  -1.0000   R0RL =   1.2800   A RL =   0.6500   R RL =   4.2265   VSOR =  24.0000
                     V IM =   0.0000   R0IM =   0.0000   A IM =   0.0000   R IM =   0.0000   VSOI =   0.0000   POWR =   0.0000
 
                     NODES=   1.0000   L    =   1.0000   2*J  =   3.0000   2*S  =   1.0000   FISW =   0.0000
 
0SINGLE PARTICLE WIDTH = 1.6093E  0  MEV     VOLUME TERM =  1.1859E+01     SURFACE TERM = -7.4383E+00
                     V    =  38.9735   DET  =   0.0000   NODES=   1.0000   RM   =   5.6500   E    =   0.5890   ITER.=   7
0                    LMAX =  15        NSTEP= 150        NLTR =   1
 Bdwck4 entered
   Subroutine INTEG  entered
0REACSIG 1   1.50936E+02                                             REACSIG 2   9.79035E+01
   Subroutine RADINT entered
136S(d,p)@ 16MeV    4893 keV  1p3/2 unbound ZR                  0/00/00
0BASIC DATA          DR   =   0.1000   RMIN =   0.0000   RMAX =  15.0000   COUEX=   0.0000     IS1=   1.0000
                     FNRNG=   0.0000   PNLC1=   0.0000   PNLC2=   0.0000   PNLC3=   0.0000     IS2=   0.5000
 ANG MOM TRANSFER    LTR  =   1.       2*JTR=   3.       2*STR=   1.       Q    =  -2.8140
   Subroutine INSIG  entered
0 Theta Inelsig,fm**2      Polz       Asy       Ayy       A22       A21       A20       T22       T21       T20  Theta
   0.00    8.6614E+00    0.0000    0.0000   -0.0124    0.0000    0.0000    0.0182    0.0000    0.0000    0.0000   0.00
   1.00    8.5857E+00   -0.0022   -0.0050   -0.0125   -0.0000    0.0003    0.0182    0.0000    0.0000    0.0000   1.00
   2.00    8.3631E+00   -0.0045   -0.0102   -0.0125   -0.0000    0.0007    0.0183    0.0000    0.0000    0.0000   2.00
   3.00    8.0074E+00   -0.0069   -0.0157   -0.0126   -0.0000    0.0011    0.0184    0.0000    0.0000    0.0000   3.00
   4.00    7.5396E+00   -0.0096   -0.0216   -0.0126   -0.0001    0.0015    0.0186    0.0000    0.0000    0.0000   4.00
   5.00    6.9867E+00   -0.0126   -0.0283   -0.0127   -0.0001    0.0019    0.0187    0.0000    0.0000    0.0000   5.00
   6.00    6.3790E+00   -0.0162   -0.0358   -0.0126   -0.0002    0.0024    0.0188    0.0000    0.0000    0.0000   6.00
   7.00    5.7473E+00   -0.0203   -0.0444   -0.0125   -0.0002    0.0030    0.0189    0.0000    0.0000    0.0000   7.00
   8.00    5.1208E+00   -0.0253   -0.0545   -0.0122   -0.0004    0.0037    0.0187    0.0000    0.0000    0.0000   8.00
   9.00    4.5246E+00   -0.0312   -0.0663   -0.0116   -0.0005    0.0044    0.0182    0.0000    0.0000    0.0000   9.00
  10.00    3.9782E+00   -0.0383   -0.0799   -0.0106   -0.0007    0.0052    0.0173    0.0000    0.0000    0.0000  10.00
  11.00    3.4945E+00   -0.0466   -0.0953   -0.0091   -0.0010    0.0060    0.0159    0.0000    0.0000    0.0000  11.00
  12.00    3.0797E+00   -0.0561   -0.1124   -0.0072   -0.0013    0.0068    0.0139    0.0000    0.0000    0.0000  12.00
  13.00    2.7337E+00   -0.0664   -0.1305   -0.0046   -0.0017    0.0076    0.0111    0.0000    0.0000    0.0000  13.00
  14.00    2.4510E+00   -0.0773   -0.1489   -0.0016   -0.0021    0.0081    0.0078    0.0000    0.0000    0.0000  14.00
  15.00    2.2225E+00   -0.0881   -0.1667    0.0018   -0.0025    0.0086    0.0040    0.0000    0.0000    0.0000  15.00
  16.00    2.0368E+00   -0.0983   -0.1829    0.0053   -0.0028    0.0087    0.0000    0.0000    0.0000    0.0000  16.00
  17.00    1.8817E+00   -0.1075   -0.1972    0.0088   -0.0032    0.0087   -0.0040    0.0000    0.0000    0.0000  17.00
  18.00    1.7461E+00   -0.1156   -0.2092    0.0120   -0.0035    0.0084   -0.0078    0.0000    0.0000    0.0000  18.00
  19.00    1.6206E+00   -0.1225   -0.2192    0.0148   -0.0037    0.0080   -0.0113    0.0000    0.0000    0.0000  19.00
  20.00    1.4983E+00   -0.1281   -0.2274    0.0173   -0.0038    0.0074   -0.0145    0.0000    0.0000    0.0000  20.00
  21.00    1.3751E+00   -0.1326   -0.2342    0.0192   -0.0038    0.0067   -0.0173    0.0000    0.0000    0.0000  21.00
  22.00    1.2498E+00   -0.1360   -0.2397    0.0207   -0.0037    0.0058   -0.0197    0.0000    0.0000    0.0000  22.00
  23.00    1.1229E+00   -0.1382   -0.2442    0.0215   -0.0033    0.0047   -0.0217    0.0000    0.0000    0.0000  23.00
  24.00    9.9702E-01   -0.1388   -0.2475    0.0217   -0.0028    0.0034   -0.0232    0.0000    0.0000    0.0000  24.00
  25.00    8.7522E-01   -0.1376   -0.2496    0.0208   -0.0019    0.0019   -0.0241    0.0000    0.0000    0.0000  25.00
  26.00    7.6094E-01   -0.1339   -0.2501    0.0187   -0.0006    0.0001   -0.0243    0.0000    0.0000    0.0000  26.00
  27.00    6.5715E-01   -0.1270   -0.2487    0.0149    0.0012   -0.0022   -0.0234    0.0000    0.0000    0.0000  27.00
  28.00    5.6610E-01   -0.1162   -0.2452    0.0089    0.0038   -0.0049   -0.0212    0.0000    0.0000    0.0000  28.00
  29.00    4.8902E-01   -0.1012   -0.2394    0.0002    0.0071   -0.0079   -0.0171    0.0000    0.0000    0.0000  29.00
  30.00    4.2615E-01   -0.0818   -0.2317   -0.0114    0.0113   -0.0113   -0.0111    0.0000    0.0000    0.0000  30.00
  31.00    3.7687E-01   -0.0590   -0.2228   -0.0258    0.0164   -0.0148   -0.0030    0.0000    0.0000    0.0000  31.00
  32.00    3.3988E-01   -0.0344   -0.2139   -0.0426    0.0220   -0.0180    0.0069    0.0000    0.0000    0.0000  32.00
  33.00    3.1347E-01   -0.0101   -0.2062   -0.0606    0.0279   -0.0207    0.0180    0.0000    0.0000    0.0000  33.00
  34.00    2.9579E-01    0.0116   -0.2004   -0.0787    0.0336   -0.0226    0.0295    0.0000    0.0000    0.0000  34.00
  35.00    2.8499E-01    0.0293   -0.1969   -0.0957    0.0389   -0.0236    0.0404    0.0000    0.0000    0.0000  35.00
  36.00    2.7944E-01    0.0423   -0.1953   -0.1108    0.0436   -0.0237    0.0504    0.0000    0.0000    0.0000  36.00
  37.00    2.7773E-01    0.0509   -0.1946   -0.1237    0.0476   -0.0231    0.0589    0.0000    0.0000    0.0000  37.00
  38.00    2.7868E-01    0.0557   -0.1942   -0.1343    0.0509   -0.0219    0.0659    0.0000    0.0000    0.0000  38.00
  39.00    2.8136E-01    0.0577   -0.1935   -0.1429    0.0535   -0.0204    0.0716    0.0000    0.0000    0.0000  39.00
  40.00    2.8496E-01    0.0576   -0.1921   -0.1496    0.0555   -0.0186    0.0761    0.0000    0.0000    0.0000  40.00
  41.00    2.8879E-01    0.0560   -0.1900   -0.1548    0.0570   -0.0168    0.0797    0.0000    0.0000    0.0000  41.00
  42.00    2.9225E-01    0.0534   -0.1877   -0.1586    0.0581   -0.0149    0.0825    0.0000    0.0000    0.0000  42.00
  43.00    2.9478E-01    0.0501   -0.1857   -0.1614    0.0588   -0.0132    0.0847    0.0000    0.0000    0.0000  43.00
  44.00    2.9591E-01    0.0461   -0.1843   -0.1632    0.0592   -0.0115    0.0864    0.0000    0.0000    0.0000  44.00
  45.00    2.9528E-01    0.0415   -0.1842   -0.1641    0.0591   -0.0100    0.0878    0.0000    0.0000    0.0000  45.00
  46.00    2.9271E-01    0.0363   -0.1856   -0.1641    0.0586   -0.0085    0.0890    0.0000    0.0000    0.0000  46.00
  47.00    2.8818E-01    0.0304   -0.1888   -0.1629    0.0576   -0.0072    0.0897    0.0000    0.0000    0.0000  47.00
  48.00    2.8188E-01    0.0238   -0.1937   -0.1603    0.0560   -0.0059    0.0900    0.0000    0.0000    0.0000  48.00
  49.00    2.7420E-01    0.0164   -0.2004   -0.1559    0.0536   -0.0046    0.0896    0.0000    0.0000    0.0000  49.00
  50.00    2.6567E-01    0.0082   -0.2082   -0.1492    0.0503   -0.0033    0.0883    0.0000    0.0000    0.0000  50.00
  51.00    2.5690E-01   -0.0007   -0.2167   -0.1397    0.0459   -0.0020    0.0857    0.0000    0.0000    0.0000  51.00
  52.00    2.4854E-01   -0.0103   -0.2249   -0.1270    0.0402   -0.0005    0.0817    0.0000    0.0000    0.0000  52.00
  53.00    2.4115E-01   -0.0203   -0.2322   -0.1109    0.0333    0.0009    0.0759    0.0000    0.0000    0.0000  53.00
  54.00    2.3517E-01   -0.0305   -0.2375   -0.0916    0.0252    0.0025    0.0683    0.0000    0.0000    0.0000  54.00
  55.00    2.3085E-01   -0.0403   -0.2402   -0.0698    0.0164    0.0040    0.0591    0.0000    0.0000    0.0000  55.00
  56.00    2.2823E-01   -0.0497   -0.2401   -0.0462    0.0071    0.0056    0.0485    0.0000    0.0000    0.0000  56.00
  57.00    2.2716E-01   -0.0582   -0.2372   -0.0222   -0.0021    0.0071    0.0371    0.0000    0.0000    0.0000  57.00
  58.00    2.2729E-01   -0.0657   -0.2319    0.0013   -0.0109    0.0085    0.0254    0.0000    0.0000    0.0000  58.00
  59.00    2.2817E-01   -0.0723   -0.2248    0.0232   -0.0188    0.0098    0.0139    0.0000    0.0000    0.0000  59.00
  60.00    2.2929E-01   -0.0779   -0.2166    0.0429   -0.0258    0.0110    0.0031    0.0000    0.0000    0.0000  60.00
  61.00    2.3012E-01   -0.0827   -0.2078    0.0600   -0.0316    0.0120   -0.0070    0.0000    0.0000    0.0000  61.00
  62.00    2.3021E-01   -0.0868   -0.1988    0.0744   -0.0362    0.0130   -0.0160    0.0000    0.0000    0.0000  62.00
  63.00    2.2920E-01   -0.0903   -0.1898    0.0861   -0.0397    0.0138   -0.0239    0.0000    0.0000    0.0000  63.00
  64.00    2.2685E-01   -0.0934   -0.1809    0.0952   -0.0421    0.0146   -0.0308    0.0000    0.0000    0.0000  64.00
  65.00    2.2308E-01   -0.0959   -0.1719    0.1018   -0.0435    0.0153   -0.0367    0.0000    0.0000    0.0000  65.00
  66.00    2.1791E-01   -0.0980   -0.1628    0.1060   -0.0440    0.0159   -0.0416    0.0000    0.0000    0.0000  66.00
  67.00    2.1148E-01   -0.0995   -0.1533    0.1077   -0.0434    0.0165   -0.0454    0.0000    0.0000    0.0000  67.00
  68.00    2.0399E-01   -0.1004   -0.1433    0.1072   -0.0419    0.0169   -0.0483    0.0000    0.0000    0.0000  68.00
  69.00    1.9567E-01   -0.1008   -0.1327    0.1042   -0.0394    0.0173   -0.0501    0.0000    0.0000    0.0000  69.00
  70.00    1.8678E-01   -0.1005   -0.1214    0.0989   -0.0360    0.0176   -0.0509    0.0000    0.0000    0.0000  70.00
  71.00    1.7753E-01   -0.0997   -0.1095    0.0912   -0.0317    0.0178   -0.0507    0.0000    0.0000    0.0000  71.00
  72.00    1.6812E-01   -0.0982   -0.0971    0.0811   -0.0264    0.0178   -0.0495    0.0000    0.0000    0.0000  72.00
  73.00    1.5869E-01   -0.0962   -0.0846    0.0687   -0.0201    0.0177   -0.0472    0.0000    0.0000    0.0000  73.00
  74.00    1.4936E-01   -0.0937   -0.0722    0.0540   -0.0130    0.0174   -0.0438    0.0000    0.0000    0.0000  74.00
  75.00    1.4019E-01   -0.0909   -0.0605    0.0372   -0.0051    0.0169   -0.0395    0.0000    0.0000    0.0000  75.00
  76.00    1.3125E-01   -0.0878   -0.0497    0.0181    0.0037    0.0163   -0.0342    0.0000    0.0000    0.0000  76.00
  77.00    1.2256E-01   -0.0844   -0.0404   -0.0030    0.0134    0.0153   -0.0279    0.0000    0.0000    0.0000  77.00
  78.00    1.1416E-01   -0.0806   -0.0329   -0.0263    0.0238    0.0141   -0.0205    0.0000    0.0000    0.0000  78.00
  79.00    1.0610E-01   -0.0765   -0.0274   -0.0518    0.0351    0.0126   -0.0122    0.0000    0.0000    0.0000  79.00
  80.00    9.8426E-02   -0.0719   -0.0243   -0.0795    0.0473    0.0108   -0.0028    0.0000    0.0000    0.0000  80.00
  81.00    9.1200E-02   -0.0664   -0.0235   -0.1095    0.0603    0.0085    0.0077    0.0000    0.0000    0.0000  81.00
  82.00    8.4484E-02   -0.0598   -0.0253   -0.1415    0.0741    0.0057    0.0193    0.0000    0.0000    0.0000  82.00
  83.00    7.8337E-02   -0.0519   -0.0294   -0.1754    0.0885    0.0025    0.0320    0.0000    0.0000    0.0000  83.00
  84.00    7.2809E-02   -0.0425   -0.0356   -0.2105    0.1032   -0.0013    0.0456    0.0000    0.0000    0.0000  84.00
  85.00    6.7930E-02   -0.0313   -0.0436   -0.2461    0.1178   -0.0054    0.0600    0.0000    0.0000    0.0000  85.00
  86.00    6.3710E-02   -0.0185   -0.0530   -0.2809    0.1319   -0.0100    0.0747    0.0000    0.0000    0.0000  86.00
  87.00    6.0129E-02   -0.0044   -0.0631   -0.3136    0.1448   -0.0148    0.0894    0.0000    0.0000    0.0000  87.00
  88.00    5.7141E-02    0.0107   -0.0734   -0.3430    0.1560   -0.0197    0.1034    0.0000    0.0000    0.0000  88.00
  89.00    5.4678E-02    0.0261   -0.0833   -0.3680    0.1651   -0.0245    0.1164    0.0000    0.0000    0.0000  89.00
0Tot-sig   2.8909E+00
1Inelastic  36S(d,p)@ 16MeV    4893 keV  1p3/2 unbound ZR                  0/00/00
    THETA  -2                               -1                                0                                1   THETA cos(theta)
     0.00  |++++++++++++++++++++++++++++++++|++++++++++++++++++++++++++++++++|++++++++++++++++++++++++++++++*+|+    0.00    1.0000
     1.00  +                                                                                                *  +    1.00    0.9998
     2.00  +                                                                                               *   +    2.00    0.9994
     3.00  +                                                                                               *   +    3.00    0.9986
     4.00  +                                                                                              *    +    4.00    0.9976
     5.00  +                                                                                             *     +    5.00    0.9962
     6.00  +                                                                                            *      +    6.00    0.9945
     7.00  +                                                                                          *        +    7.00    0.9925
     8.00  +                                                                                        *          +    8.00    0.9903
     9.00  +                                                                                       *           +    9.00    0.9877
    10.00  +                                                                                     *             +   10.00    0.9848
    11.00  +                                                                                   *               +   11.00    0.9816
    12.00  +                                                                                 *                 +   12.00    0.9781
    13.00  +                                                                               *                   +   13.00    0.9744
    14.00  +                                                                              *                    +   14.00    0.9703
    15.00  +                                                                            *                      +   15.00    0.9659
    16.00  +                                                                           *                       +   16.00    0.9613
    17.00  +                                                                          *                        +   17.00    0.9563
    18.00  +                                                                         *                         +   18.00    0.9511
    19.00  +                                                                        *                          +   19.00    0.9455
    20.00  +                                                                       *                           +   20.00    0.9397
    21.00  +                                                                      *                            +   21.00    0.9336
    22.00  +                                                                    *                              +   22.00    0.9272
    23.00  +                                                                   *                               +   23.00    0.9205
    24.00  +                                                                 *                                 +   24.00    0.9135
    25.00  +                                                               *                                   +   25.00    0.9063
    26.00  +                                                             *                                     +   26.00    0.8988
    27.00  +                                                           *                                       +   27.00    0.8910
    28.00  +                                                         *                                         +   28.00    0.8829
    29.00  +                                                       *                                           +   29.00    0.8746
    30.00  +                                                     *                                             +   30.00    0.8660
    31.00  +                                                   *                                               +   31.00    0.8572
    32.00  +                                                  *                                                +   32.00    0.8480
    33.00  +                                                *                                                  +   33.00    0.8387
    34.00  +                                                *                                                  +   34.00    0.8290
    35.00  +                                               *                                                   +   35.00    0.8192
    36.00  +                                               *                                                   +   36.00    0.8090
    37.00  +                                               *                                                   +   37.00    0.7986
    38.00  +                                               *                                                   +   38.00    0.7880
    39.00  +                                               *                                                   +   39.00    0.7771
    40.00  +                                               *                                                   +   40.00    0.7660
    41.00  +                                               *                                                   +   41.00    0.7547
    42.00  +                                               *                                                   +   42.00    0.7431
    43.00  +                                               *                                                   +   43.00    0.7314
    44.00  +                                                *                                                  +   44.00    0.7193
    45.00  +                                                *                                                  +   45.00    0.7071
    46.00  +                                               *                                                   +   46.00    0.6947
    47.00  +                                               *                                                   +   47.00    0.6820
    48.00  +                                               *                                                   +   48.00    0.6691
    49.00  +                                              *                                                    +   49.00    0.6561
    50.00  +                                              *                                                    +   50.00    0.6428
    51.00  +                                              *                                                    +   51.00    0.6293
    52.00  +                                             *                                                     +   52.00    0.6157
    53.00  +                                             *                                                     +   53.00    0.6018
    54.00  +                                            *                                                      +   54.00    0.5878
    55.00  +                                            *                                                      +   55.00    0.5736
    56.00  +                                            *                                                      +   56.00    0.5592
    57.00  +                                            *                                                      +   57.00    0.5446
    58.00  +                                            *                                                      +   58.00    0.5299
    59.00  +                                            *                                                      +   59.00    0.5150
    60.00  +                                            *                                                      +   60.00    0.5000
    61.00  +                                            *                                                      +   61.00    0.4848
    62.00  +                                            *                                                      +   62.00    0.4695
    63.00  +                                            *                                                      +   63.00    0.4540
    64.00  +                                            *                                                      +   64.00    0.4384
    65.00  +                                           *                                                       +   65.00    0.4226
    66.00  +                                           *                                                       +   66.00    0.4067
    67.00  +                                           *                                                       +   67.00    0.3907
    68.00  +                                          *                                                        +   68.00    0.3746
    69.00  +                                          *                                                        +   69.00    0.3584
    70.00  +                                         *                                                         +   70.00    0.3420
    71.00  +                                        *                                                          +   71.00    0.3256
    72.00  +                                       *                                                           +   72.00    0.3090
    73.00  +                                       *                                                           +   73.00    0.2924
    74.00  +                                      *                                                            +   74.00    0.2756
    75.00  +                                     *                                                             +   75.00    0.2588
    76.00  +                                    *                                                              +   76.00    0.2419
    77.00  +                                   *                                                               +   77.00    0.2250
    78.00  +                                  *                                                                +   78.00    0.2079
    79.00  +                                 *                                                                 +   79.00    0.1908
    80.00  +                                *                                                                  +   80.00    0.1736
    81.00  +                               *                                                                   +   81.00    0.1564
    82.00  +                              *                                                                    +   82.00    0.1392
    83.00  +                             *                                                                     +   83.00    0.1219
    84.00  +                           *                                                                       +   84.00    0.1045
    85.00  +                          *                                                                        +   85.00    0.0872
    86.00  +                          *                                                                        +   86.00    0.0698
    87.00  +                         *                                                                         +   87.00    0.0523
    88.00  +                        *                                                                          +   88.00    0.0349
    89.00  |+++++++++++++++++++++++*++++++++|++++++++++++++++++++++++++++++++|++++++++++++++++++++++++++++++++|+   89.00    0.0175
    THETA  -2                               -1                                0                                1   THETA cos(theta)
1Asymmetry  36S(d,p)@ 16MeV    4893 keV  1p3/2 unbound ZR                  0/00/00
    THETA  -1                                                 0                                                 1  THETA cos(theta)
     0.00  |+++++++++++++++++++++++++++++++++++++++++++++++++*+++++++++++++++++++++++++++++++++++++++++++++++++|    0.00    1.0000
     1.00  +                                                 *                                                 +    1.00    0.9998
     2.00  +                                                *+                                                 +    2.00    0.9994
     3.00  +                                                *+                                                 +    3.00    0.9986
     4.00  +                                                *+                                                 +    4.00    0.9976
     5.00  +                                                *+                                                 +    5.00    0.9962
     6.00  +                                               * +                                                 +    6.00    0.9945
     7.00  +                                               * +                                                 +    7.00    0.9925
     8.00  +                                              *  +                                                 +    8.00    0.9903
     9.00  +                                              *  +                                                 +    9.00    0.9877
    10.00  +                                             *   +                                                 +   10.00    0.9848
    11.00  +                                            *    +                                                 +   11.00    0.9816
    12.00  +                                           *     +                                                 +   12.00    0.9781
    13.00  +                                          *      +                                                 +   13.00    0.9744
    14.00  +                                          *      +                                                 +   14.00    0.9703
    15.00  +                                         *       +                                                 +   15.00    0.9659
    16.00  +                                        *        +                                                 +   16.00    0.9613
    17.00  +                                       *         +                                                 +   17.00    0.9563
    18.00  +                                       *         +                                                 +   18.00    0.9511
    19.00  +                                      *          +                                                 +   19.00    0.9455
    20.00  +                                      *          +                                                 +   20.00    0.9397
    21.00  +                                     *           +                                                 +   21.00    0.9336
    22.00  +                                     *           +                                                 +   22.00    0.9272
    23.00  +                                     *           +                                                 +   23.00    0.9205
    24.00  +                                     *           +                                                 +   24.00    0.9135
    25.00  +                                     *           +                                                 +   25.00    0.9063
    26.00  +                                    *            +                                                 +   26.00    0.8988
    27.00  +                                     *           +                                                 +   27.00    0.8910
    28.00  +                                     *           +                                                 +   28.00    0.8829
    29.00  +                                     *           +                                                 +   29.00    0.8746
    30.00  +                                     *           +                                                 +   30.00    0.8660
    31.00  +                                      *          +                                                 +   31.00    0.8572
    32.00  +                                      *          +                                                 +   32.00    0.8480
    33.00  +                                       *         +                                                 +   33.00    0.8387
    34.00  +                                       *         +                                                 +   34.00    0.8290
    35.00  +                                       *         +                                                 +   35.00    0.8192
    36.00  +                                       *         +                                                 +   36.00    0.8090
    37.00  +                                       *         +                                                 +   37.00    0.7986
    38.00  +                                       *         +                                                 +   38.00    0.7880
    39.00  +                                       *         +                                                 +   39.00    0.7771
    40.00  +                                       *         +                                                 +   40.00    0.7660
    41.00  +                                       *         +                                                 +   41.00    0.7547
    42.00  +                                        *        +                                                 +   42.00    0.7431
    43.00  +                                        *        +                                                 +   43.00    0.7314
    44.00  +                                        *        +                                                 +   44.00    0.7193
    45.00  +                                        *        +                                                 +   45.00    0.7071
    46.00  +                                        *        +                                                 +   46.00    0.6947
    47.00  +                                        *        +                                                 +   47.00    0.6820
    48.00  +                                       *         +                                                 +   48.00    0.6691
    49.00  +                                       *         +                                                 +   49.00    0.6561
    50.00  +                                       *         +                                                 +   50.00    0.6428
    51.00  +                                      *          +                                                 +   51.00    0.6293
    52.00  +                                      *          +                                                 +   52.00    0.6157
    53.00  +                                     *           +                                                 +   53.00    0.6018
    54.00  +                                     *           +                                                 +   54.00    0.5878
    55.00  +                                     *           +                                                 +   55.00    0.5736
    56.00  +                                     *           +                                                 +   56.00    0.5592
    57.00  +                                     *           +                                                 +   57.00    0.5446
    58.00  +                                     *           +                                                 +   58.00    0.5299
    59.00  +                                      *          +                                                 +   59.00    0.5150
    60.00  +                                      *          +                                                 +   60.00    0.5000
    61.00  +                                       *         +                                                 +   61.00    0.4848
    62.00  +                                       *         +                                                 +   62.00    0.4695
    63.00  +                                        *        +                                                 +   63.00    0.4540
    64.00  +                                        *        +                                                 +   64.00    0.4384
    65.00  +                                        *        +                                                 +   65.00    0.4226
    66.00  +                                         *       +                                                 +   66.00    0.4067
    67.00  +                                         *       +                                                 +   67.00    0.3907
    68.00  +                                          *      +                                                 +   68.00    0.3746
    69.00  +                                          *      +                                                 +   69.00    0.3584
    70.00  +                                           *     +                                                 +   70.00    0.3420
    71.00  +                                            *    +                                                 +   71.00    0.3256
    72.00  +                                            *    +                                                 +   72.00    0.3090
    73.00  +                                             *   +                                                 +   73.00    0.2924
    74.00  +                                             *   +                                                 +   74.00    0.2756
    75.00  +                                              *  +                                                 +   75.00    0.2588
    76.00  +                                               * +                                                 +   76.00    0.2419
    77.00  +                                               * +                                                 +   77.00    0.2250
    78.00  +                                               * +                                                 +   78.00    0.2079
    79.00  +                                                *+                                                 +   79.00    0.1908
    80.00  +                                                *+                                                 +   80.00    0.1736
    81.00  +                                                *+                                                 +   81.00    0.1564
    82.00  +                                                *+                                                 +   82.00    0.1392
    83.00  +                                                *+                                                 +   83.00    0.1219
    84.00  +                                               * +                                                 +   84.00    0.1045
    85.00  +                                               * +                                                 +   85.00    0.0872
    86.00  +                                              *  +                                                 +   86.00    0.0698
    87.00  +                                              *  +                                                 +   87.00    0.0523
    88.00  +                                             *   +                                                 +   88.00    0.0349
    89.00  |+++++++++++++++++++++++++++++++++++++++++++++*+++|+++++++++++++++++++++++++++++++++++++++++++++++++|   89.00    0.0175
    THETA  -1                                                 0                                                 1  THETA cos(theta)
1DWUCK4-DISTORTED WAVES U.COLORADO- PC-VERSION  12/Jan /1995
 Elapsed time in seconds =   0.00
 Elapsed time in seconds =   0.00
0CONTROL INTEGERS
  1 2 3 4 5 6 7 8 9 A B C D E F G H I J K    RUN IDENTIFICATION                                             0/00/00   0.00.00
  1 0 1 1 0 0 0 0 3 0 0 0 0 0 0 0 0 0 0 0    36S(d,p)@ 16MeV    5054 keV  0g9/2 unbound ZR               
 36S(d,p)@ 16MeV    5054 keV  0g9/2 unbound ZR               
 Adwck4 entered
0ANGLE DATA          THETN=  90.0000   THET1=   0.0000   DTHET=   1.0000   A-ANG=   0.0000   B-ANG=   0.0000
0CARD SET 3 DATA     LMAX =  15          LTR=   4
                     NLTR =   1        2*JTR=   9
0CARD SET 4 DATA     DRF  =   0.1000   RZ   =   0.0000   RMAX = -15.0000   VCE  =   0.0000   FNRNG=   0.0000
 PARTICLE DATA 
0PARTICLE 1*******************************************************************************************************************
 INPUT DATA          ELAB =  16.0000   RC0  =   1.3030   AC   =   0.0000   2*STR=   2.0000
                     MASSP=   2.0000   MASST=  36.0000   Q    =   0.0000
                     ZP   =   1.0000   ZT   =  16.0000   PNLOC=   0.0000
 
 DERIVED DATA        ECM  =  15.1579   RC   =   4.3024   RHO  =   5.0434
                     K    =   1.1722   ETA  =   0.8909   DR   =   0.1000
0POTENTIAL PARAMETERS
 NX=1 VOLUME  W-S    V RL = -92.9760   R0RL =   1.1500   A RL =   0.7610   R RL =   3.7972   VSOR =   0.0000
                     V IM =  -1.6020   R0IM =   1.3350   A IM =   0.5250   R IM =   4.4081   VSOI =   0.0000   POWR =   0.0000
 NX=2 SURFACE W-S    V RL =   0.0000   R0RL =   0.0000   A RL =   0.0000   R RL =   0.0000   VSOR =   0.0000
                     V IM =  50.8810   R0IM =   1.3800   A IM =   0.7360   R IM =   4.5567   VSOI =   0.0000   POWR =   0.0000
 NX=4 L*S VOLUME     V RL = -14.2280   R0RL =   0.9720   A RL =   1.0110   R RL =   3.2095   VSOR =   0.0000
                     V IM =   0.0000   R0IM =   0.0000   A IM =   0.0000   R IM =   0.0000   VSOI =   0.0000   POWR =   0.0000
0PARTICLE 2*******************************************************************************************************************
 INPUT DATA          ELAB =  12.5122   RC0  =   1.2920   AC   =   0.0000   2*STR=   1.0000
                     MASSP=   1.0000   MASST=  37.0000   Q    =  -2.9750
                     ZP   =   1.0000   ZT   =  16.0000   PNLOC=   0.0000
 
 DERIVED DATA        ECM  =  12.1829   RC   =   4.3052   RHO  =   3.2434
                     K    =   0.7534   ETA  =   0.7124   DR   =   0.0973
0POTENTIAL PARAMETERS
 NX=1 VOLUME  W-S    V RL = -58.2960   R0RL =   1.1820   A RL =   0.6720   R RL =   3.9387   VSOR =   0.0000
                     V IM =  -1.1950   R0IM =   1.1820   A IM =   0.6720   R IM =   3.9387   VSOI =   0.0000   POWR =   0.0000
 NX=2 SURFACE W-S    V RL =   0.0000   R0RL =   0.0000   A RL =   0.0000   R RL =   0.0000   VSOR =   0.0000
                     V IM =  36.9330   R0IM =   1.2900   A IM =   0.5380   R IM =   4.2986   VSOI =   0.0000   POWR =   0.0000
 NX=4 L*S VOLUME     V RL = -22.4560   R0RL =   0.9910   A RL =   0.5900   R RL =   3.3022   VSOR =   0.0000
                     V IM =   0.2520   R0IM =   0.9910   A IM =   0.5900   R IM =   3.3022   VSOI =   0.0000   POWR =   0.0000
136S(d,p)@ 16MeV    5054 keV  0g9/2 unbound ZR                  0/ 0/ 0
0FORM FACTOR DATA 
0PARTICLE 3*******************************************************************************************************************
 INPUT DATA          ELAB =   0.7500   RC0  =   1.3000   AC   =   0.0000   2*STR=   1.0000
                     MASSP=   1.0000   MASST=  36.0000   Q    =   0.7500
                     ZP   =   0.0000   ZT   =  16.0000   PNLOC=   0.0000
 
 DERIVED DATA        ECM  =   0.7500   RC   =   4.2925   RHO  =   0.8021
                     K    =   0.1869   ETA  =   0.0000   DR   =   0.1000
0POTENTIAL PARAMETERS
 NX=1 VOLUME  W-S    V RL =  -1.0000   R0RL =   1.2800   A RL =   0.6500   R RL =   4.2265   VSOR =  24.0000
                     V IM =   0.0000   R0IM =   0.0000   A IM =   0.0000   R IM =   0.0000   VSOI =   0.0000   POWR =   0.0000
 
                     NODES=   0.0000   L    =   4.0000   2*J  =   9.0000   2*S  =   1.0000   FISW =   0.0000
 
0SINGLE PARTICLE WIDTH = 1.3973E -4  MEV     VOLUME TERM =  5.7422E+04     SURFACE TERM =  3.1008E+01
                     V    =  58.2324   DET  =  -0.0000   NODES=   0.0000   RM   =   5.0500   E    =   0.7500   ITER.=   8
0*****  Warning  *****  CLASSICAL TURNING POINT FOR BOUNDSTATE = 23.9340  IS GREATER THAN RMAX =-15.0000
0                    LMAX =  15        NSTEP= 150        NLTR =   1
 Bdwck4 entered
   Subroutine INTEG  entered
0REACSIG 1   1.51051E+02                                             REACSIG 2   9.77707E+01
   Subroutine RADINT entered
136S(d,p)@ 16MeV    5054 keV  0g9/2 unbound ZR                  0/00/00
0BASIC DATA          DR   =   0.1000   RMIN =   0.0000   RMAX =  15.0000   COUEX=   0.0000     IS1=   1.0000
                     FNRNG=   0.0000   PNLC1=   0.0000   PNLC2=   0.0000   PNLC3=   0.0000     IS2=   0.5000
 ANG MOM TRANSFER    LTR  =   4.       2*JTR=   9.       2*STR=   1.       Q    =  -2.9750
   Subroutine INSIG  entered
0 Theta Inelsig,fm**2      Polz       Asy       Ayy       A22       A21       A20       T22       T21       T20  Theta
   0.00    1.2799E+00    0.0000    0.0000   -0.0520    0.0000    0.0000    0.0740    0.0000    0.0000    0.0000   0.00
   1.00    1.2814E+00   -0.0047   -0.0136   -0.0515   -0.0001    0.0003    0.0737    0.0000    0.0000    0.0000   1.00
   2.00    1.2858E+00   -0.0093   -0.0271   -0.0502   -0.0005    0.0006    0.0727    0.0000    0.0000    0.0000   2.00
   3.00    1.2931E+00   -0.0138   -0.0401   -0.0480   -0.0011    0.0009    0.0711    0.0000    0.0000    0.0000   3.00
   4.00    1.3032E+00   -0.0183   -0.0526   -0.0450   -0.0019    0.0011    0.0688    0.0000    0.0000    0.0000   4.00
   5.00    1.3157E+00   -0.0226   -0.0644   -0.0414   -0.0029    0.0013    0.0661    0.0000    0.0000    0.0000   5.00
   6.00    1.3305E+00   -0.0267   -0.0754   -0.0372   -0.0040    0.0015    0.0629    0.0000    0.0000    0.0000   6.00
   7.00    1.3473E+00   -0.0306   -0.0854   -0.0325   -0.0053    0.0017    0.0594    0.0000    0.0000    0.0000   7.00
   8.00    1.3655E+00   -0.0343   -0.0945   -0.0275   -0.0066    0.0019    0.0555    0.0000    0.0000    0.0000   8.00
   9.00    1.3850E+00   -0.0378   -0.1024   -0.0222   -0.0080    0.0020    0.0515    0.0000    0.0000    0.0000   9.00
  10.00    1.4052E+00   -0.0409   -0.1093   -0.0169   -0.0093    0.0021    0.0473    0.0000    0.0000    0.0000  10.00
  11.00    1.4256E+00   -0.0437   -0.1151   -0.0116   -0.0107    0.0022    0.0431    0.0000    0.0000    0.0000  11.00
  12.00    1.4458E+00   -0.0462   -0.1198   -0.0063   -0.0120    0.0023    0.0389    0.0000    0.0000    0.0000  12.00
  13.00    1.4653E+00   -0.0483   -0.1234   -0.0012   -0.0133    0.0023    0.0348    0.0000    0.0000    0.0000  13.00
  14.00    1.4836E+00   -0.0500   -0.1260    0.0036   -0.0145    0.0023    0.0308    0.0000    0.0000    0.0000  14.00
  15.00    1.5002E+00   -0.0514   -0.1276    0.0082   -0.0155    0.0024    0.0270    0.0000    0.0000    0.0000  15.00
  16.00    1.5145E+00   -0.0523   -0.1283    0.0125   -0.0165    0.0024    0.0233    0.0000    0.0000    0.0000  16.00
  17.00    1.5263E+00   -0.0529   -0.1281    0.0164   -0.0173    0.0024    0.0199    0.0000    0.0000    0.0000  17.00
  18.00    1.5350E+00   -0.0530   -0.1270    0.0199   -0.0181    0.0025    0.0167    0.0000    0.0000    0.0000  18.00
  19.00    1.5403E+00   -0.0527   -0.1252    0.0231   -0.0187    0.0025    0.0137    0.0000    0.0000    0.0000  19.00
  20.00    1.5419E+00   -0.0519   -0.1226    0.0259   -0.0192    0.0026    0.0109    0.0000    0.0000    0.0000  20.00
  21.00    1.5397E+00   -0.0507   -0.1192    0.0283   -0.0195    0.0026    0.0084    0.0000    0.0000    0.0000  21.00
  22.00    1.5333E+00   -0.0491   -0.1152    0.0303   -0.0198    0.0027    0.0061    0.0000    0.0000    0.0000  22.00
  23.00    1.5228E+00   -0.0471   -0.1106    0.0320   -0.0199    0.0028    0.0041    0.0000    0.0000    0.0000  23.00
  24.00    1.5082E+00   -0.0446   -0.1053    0.0334   -0.0199    0.0030    0.0022    0.0000    0.0000    0.0000  24.00
  25.00    1.4894E+00   -0.0418   -0.0995    0.0344   -0.0199    0.0031    0.0006    0.0000    0.0000    0.0000  25.00
  26.00    1.4666E+00   -0.0384   -0.0930    0.0351   -0.0197    0.0033   -0.0008    0.0000    0.0000    0.0000  26.00
  27.00    1.4400E+00   -0.0347   -0.0860    0.0355   -0.0194    0.0035   -0.0021    0.0000    0.0000    0.0000  27.00
  28.00    1.4098E+00   -0.0306   -0.0784    0.0356   -0.0191    0.0038   -0.0031    0.0000    0.0000    0.0000  28.00
  29.00    1.3764E+00   -0.0261   -0.0703    0.0355   -0.0186    0.0041   -0.0041    0.0000    0.0000    0.0000  29.00
  30.00    1.3401E+00   -0.0211   -0.0616    0.0352   -0.0181    0.0044   -0.0048    0.0000    0.0000    0.0000  30.00
  31.00    1.3013E+00   -0.0158   -0.0525    0.0346   -0.0175    0.0047   -0.0054    0.0000    0.0000    0.0000  31.00
  32.00    1.2602E+00   -0.0102   -0.0428    0.0338   -0.0168    0.0051   -0.0059    0.0000    0.0000    0.0000  32.00
  33.00    1.2175E+00   -0.0042   -0.0327    0.0328   -0.0161    0.0056   -0.0063    0.0000    0.0000    0.0000  33.00
  34.00    1.1733E+00    0.0021   -0.0221    0.0317   -0.0153    0.0061   -0.0066    0.0000    0.0000    0.0000  34.00
  35.00    1.1282E+00    0.0088   -0.0112    0.0304   -0.0145    0.0066   -0.0069    0.0000    0.0000    0.0000  35.00
  36.00    1.0824E+00    0.0156    0.0002    0.0290   -0.0136    0.0071   -0.0070    0.0000    0.0000    0.0000  36.00
  37.00    1.0363E+00    0.0227    0.0119    0.0275   -0.0127    0.0077   -0.0071    0.0000    0.0000    0.0000  37.00
  38.00    9.9017E-01    0.0300    0.0238    0.0259   -0.0118    0.0084   -0.0072    0.0000    0.0000    0.0000  38.00
  39.00    9.4432E-01    0.0374    0.0359    0.0243   -0.0108    0.0091   -0.0072    0.0000    0.0000    0.0000  39.00
  40.00    8.9897E-01    0.0449    0.0482    0.0227   -0.0099    0.0098   -0.0072    0.0000    0.0000    0.0000  40.00
  41.00    8.5430E-01    0.0524    0.0605    0.0210   -0.0089    0.0106   -0.0073    0.0000    0.0000    0.0000  41.00
  42.00    8.1049E-01    0.0600    0.0727    0.0193   -0.0079    0.0114   -0.0073    0.0000    0.0000    0.0000  42.00
  43.00    7.6766E-01    0.0675    0.0848    0.0177   -0.0070    0.0122   -0.0073    0.0000    0.0000    0.0000  43.00
  44.00    7.2594E-01    0.0750    0.0968    0.0162   -0.0061    0.0131   -0.0074    0.0000    0.0000    0.0000  44.00
  45.00    6.8540E-01    0.0823    0.1084    0.0147   -0.0052    0.0141   -0.0075    0.0000    0.0000    0.0000  45.00
  46.00    6.4613E-01    0.0895    0.1197    0.0133   -0.0043    0.0150   -0.0077    0.0000    0.0000    0.0000  46.00
  47.00    6.0819E-01    0.0965    0.1305    0.0120   -0.0035    0.0161   -0.0079    0.0000    0.0000    0.0000  47.00
  48.00    5.7163E-01    0.1034    0.1408    0.0109   -0.0027    0.0171   -0.0081    0.0000    0.0000    0.0000  48.00
  49.00    5.3649E-01    0.1100    0.1505    0.0099   -0.0020    0.0183   -0.0084    0.0000    0.0000    0.0000  49.00
  50.00    5.0283E-01    0.1164    0.1597    0.0091   -0.0014    0.0194   -0.0087    0.0000    0.0000    0.0000  50.00
  51.00    4.7067E-01    0.1227    0.1682    0.0085   -0.0009    0.0206   -0.0091    0.0000    0.0000    0.0000  51.00
  52.00    4.4006E-01    0.1287    0.1761    0.0081   -0.0006    0.0219   -0.0095    0.0000    0.0000    0.0000  52.00
  53.00    4.1104E-01    0.1345    0.1833    0.0080   -0.0003    0.0232   -0.0099    0.0000    0.0000    0.0000  53.00
  54.00    3.8363E-01    0.1402    0.1899    0.0081   -0.0002    0.0245   -0.0104    0.0000    0.0000    0.0000  54.00
  55.00    3.5787E-01    0.1457    0.1959    0.0085   -0.0002    0.0259   -0.0109    0.0000    0.0000    0.0000  55.00
  56.00    3.3376E-01    0.1511    0.2013    0.0093   -0.0005    0.0273   -0.0114    0.0000    0.0000    0.0000  56.00
  57.00    3.1132E-01    0.1563    0.2062    0.0105   -0.0010    0.0288   -0.0119    0.0000    0.0000    0.0000  57.00
  58.00    2.9055E-01    0.1614    0.2107    0.0121   -0.0017    0.0302   -0.0124    0.0000    0.0000    0.0000  58.00
  59.00    2.7143E-01    0.1664    0.2147    0.0141   -0.0027    0.0316   -0.0129    0.0000    0.0000    0.0000  59.00
  60.00    2.5394E-01    0.1713    0.2185    0.0167   -0.0039    0.0331   -0.0134    0.0000    0.0000    0.0000  60.00
  61.00    2.3803E-01    0.1761    0.2221    0.0198   -0.0055    0.0345   -0.0139    0.0000    0.0000    0.0000  61.00
  62.00    2.2366E-01    0.1807    0.2256    0.0235   -0.0074    0.0358   -0.0144    0.0000    0.0000    0.0000  62.00
  63.00    2.1076E-01    0.1852    0.2291    0.0277   -0.0096    0.0371   -0.0150    0.0000    0.0000    0.0000  63.00
  64.00    1.9925E-01    0.1896    0.2328    0.0325   -0.0122    0.0382   -0.0155    0.0000    0.0000    0.0000  64.00
  65.00    1.8905E-01    0.1938    0.2366    0.0379   -0.0150    0.0393   -0.0162    0.0000    0.0000    0.0000  65.00
  66.00    1.8007E-01    0.1979    0.2407    0.0438   -0.0182    0.0403   -0.0168    0.0000    0.0000    0.0000  66.00
  67.00    1.7222E-01    0.2019    0.2452    0.0502   -0.0216    0.0411   -0.0175    0.0000    0.0000    0.0000  67.00
  68.00    1.6540E-01    0.2057    0.2501    0.0570   -0.0252    0.0418   -0.0183    0.0000    0.0000    0.0000  68.00
  69.00    1.5951E-01    0.2094    0.2554    0.0642   -0.0290    0.0423   -0.0192    0.0000    0.0000    0.0000  69.00
  70.00    1.5446E-01    0.2129    0.2611    0.0717   -0.0329    0.0428   -0.0202    0.0000    0.0000    0.0000  70.00
  71.00    1.5016E-01    0.2164    0.2673    0.0794   -0.0369    0.0431   -0.0212    0.0000    0.0000    0.0000  71.00
  72.00    1.4651E-01    0.2199    0.2739    0.0873   -0.0410    0.0432   -0.0223    0.0000    0.0000    0.0000  72.00
  73.00    1.4344E-01    0.2233    0.2808    0.0951   -0.0451    0.0433   -0.0235    0.0000    0.0000    0.0000  73.00
  74.00    1.4086E-01    0.2266    0.2880    0.1030   -0.0491    0.0433   -0.0248    0.0000    0.0000    0.0000  74.00
  75.00    1.3872E-01    0.2300    0.2954    0.1108   -0.0530    0.0432   -0.0262    0.0000    0.0000    0.0000  75.00
  76.00    1.3693E-01    0.2333    0.3030    0.1184   -0.0569    0.0430   -0.0276    0.0000    0.0000    0.0000  76.00
  77.00    1.3545E-01    0.2365    0.3107    0.1259   -0.0606    0.0428   -0.0290    0.0000    0.0000    0.0000  77.00
  78.00    1.3423E-01    0.2397    0.3183    0.1331   -0.0641    0.0426   -0.0305    0.0000    0.0000    0.0000  78.00
  79.00    1.3320E-01    0.2427    0.3258    0.1401   -0.0676    0.0423   -0.0320    0.0000    0.0000    0.0000  79.00
  80.00    1.3233E-01    0.2455    0.3331    0.1467   -0.0708    0.0420   -0.0334    0.0000    0.0000    0.0000  80.00
  81.00    1.3158E-01    0.2481    0.3401    0.1530   -0.0738    0.0418   -0.0349    0.0000    0.0000    0.0000  81.00
  82.00    1.3090E-01    0.2503    0.3466    0.1589   -0.0767    0.0415   -0.0363    0.0000    0.0000    0.0000  82.00
  83.00    1.3027E-01    0.2522    0.3526    0.1644   -0.0793    0.0412   -0.0376    0.0000    0.0000    0.0000  83.00
  84.00    1.2966E-01    0.2534    0.3580    0.1694   -0.0817    0.0410   -0.0388    0.0000    0.0000    0.0000  84.00
  85.00    1.2903E-01    0.2542    0.3627    0.1739   -0.0839    0.0408   -0.0400    0.0000    0.0000    0.0000  85.00
  86.00    1.2836E-01    0.2542    0.3665    0.1780   -0.0858    0.0407   -0.0410    0.0000    0.0000    0.0000  86.00
  87.00    1.2762E-01    0.2535    0.3696    0.1815   -0.0875    0.0406   -0.0418    0.0000    0.0000    0.0000  87.00
  88.00    1.2680E-01    0.2520    0.3717    0.1844   -0.0889    0.0405   -0.0424    0.0000    0.0000    0.0000  88.00
  89.00    1.2588E-01    0.2497    0.3729    0.1867   -0.0900    0.0405   -0.0429    0.0000    0.0000    0.0000  89.00
0Tot-sig   3.7779E+00
1Inelastic  36S(d,p)@ 16MeV    5054 keV  0g9/2 unbound ZR                  0/00/00
    THETA  -2                               -1                                0                                1   THETA cos(theta)
     0.00  |++++++++++++++++++++++++++++++++|++++++++++++++++++++++++++++++++|+++*++++++++++++++++++++++++++++|+    0.00    1.0000
     1.00  +                                                                     *                             +    1.00    0.9998
     2.00  +                                                                     *                             +    2.00    0.9994
     3.00  +                                                                     *                             +    3.00    0.9986
     4.00  +                                                                     *                             +    4.00    0.9976
     5.00  +                                                                     *                             +    5.00    0.9962
     6.00  +                                                                     *                             +    6.00    0.9945
     7.00  +                                                                     *                             +    7.00    0.9925
     8.00  +                                                                     *                             +    8.00    0.9903
     9.00  +                                                                      *                            +    9.00    0.9877
    10.00  +                                                                      *                            +   10.00    0.9848
    11.00  +                                                                      *                            +   11.00    0.9816
    12.00  +                                                                      *                            +   12.00    0.9781
    13.00  +                                                                      *                            +   13.00    0.9744
    14.00  +                                                                       *                           +   14.00    0.9703
    15.00  +                                                                       *                           +   15.00    0.9659
    16.00  +                                                                       *                           +   16.00    0.9613
    17.00  +                                                                       *                           +   17.00    0.9563
    18.00  +                                                                       *                           +   18.00    0.9511
    19.00  +                                                                       *                           +   19.00    0.9455
    20.00  +                                                                       *                           +   20.00    0.9397
    21.00  +                                                                       *                           +   21.00    0.9336
    22.00  +                                                                       *                           +   22.00    0.9272
    23.00  +                                                                       *                           +   23.00    0.9205
    24.00  +                                                                       *                           +   24.00    0.9135
    25.00  +                                                                       *                           +   25.00    0.9063
    26.00  +                                                                      *                            +   26.00    0.8988
    27.00  +                                                                      *                            +   27.00    0.8910
    28.00  +                                                                      *                            +   28.00    0.8829
    29.00  +                                                                      *                            +   29.00    0.8746
    30.00  +                                                                     *                             +   30.00    0.8660
    31.00  +                                                                     *                             +   31.00    0.8572
    32.00  +                                                                    *                              +   32.00    0.8480
    33.00  +                                                                    *                              +   33.00    0.8387
    34.00  +                                                                   *                               +   34.00    0.8290
    35.00  +                                                                   *                               +   35.00    0.8192
    36.00  +                                                                  *                                +   36.00    0.8090
    37.00  +                                                                  *                                +   37.00    0.7986
    38.00  +                                                                 *                                 +   38.00    0.7880
    39.00  +                                                                *                                  +   39.00    0.7771
    40.00  +                                                               *                                   +   40.00    0.7660
    41.00  +                                                               *                                   +   41.00    0.7547
    42.00  +                                                              *                                    +   42.00    0.7431
    43.00  +                                                             *                                     +   43.00    0.7314
    44.00  +                                                            *                                      +   44.00    0.7193
    45.00  +                                                            *                                      +   45.00    0.7071
    46.00  +                                                           *                                       +   46.00    0.6947
    47.00  +                                                          *                                        +   47.00    0.6820
    48.00  +                                                         *                                         +   48.00    0.6691
    49.00  +                                                        *                                          +   49.00    0.6561
    50.00  +                                                       *                                           +   50.00    0.6428
    51.00  +                                                      *                                            +   51.00    0.6293
    52.00  +                                                     *                                             +   52.00    0.6157
    53.00  +                                                    *                                              +   53.00    0.6018
    54.00  +                                                   *                                               +   54.00    0.5878
    55.00  +                                                  *                                                +   55.00    0.5736
    56.00  +                                                 *                                                 +   56.00    0.5592
    57.00  +                                                *                                                  +   57.00    0.5446
    58.00  +                                               *                                                   +   58.00    0.5299
    59.00  +                                              *                                                    +   59.00    0.5150
    60.00  +                                             *                                                     +   60.00    0.5000
    61.00  +                                            *                                                      +   61.00    0.4848
    62.00  +                                            *                                                      +   62.00    0.4695
    63.00  +                                           *                                                       +   63.00    0.4540
    64.00  +                                          *                                                        +   64.00    0.4384
    65.00  +                                         *                                                         +   65.00    0.4226
    66.00  +                                        *                                                          +   66.00    0.4067
    67.00  +                                        *                                                          +   67.00    0.3907
    68.00  +                                       *                                                           +   68.00    0.3746
    69.00  +                                       *                                                           +   69.00    0.3584
    70.00  +                                      *                                                            +   70.00    0.3420
    71.00  +                                      *                                                            +   71.00    0.3256
    72.00  +                                     *                                                             +   72.00    0.3090
    73.00  +                                     *                                                             +   73.00    0.2924
    74.00  +                                     *                                                             +   74.00    0.2756
    75.00  +                                     *                                                             +   75.00    0.2588
    76.00  +                                     *                                                             +   76.00    0.2419
    77.00  +                                    *                                                              +   77.00    0.2250
    78.00  +                                    *                                                              +   78.00    0.2079
    79.00  +                                    *                                                              +   79.00    0.1908
    80.00  +                                    *                                                              +   80.00    0.1736
    81.00  +                                    *                                                              +   81.00    0.1564
    82.00  +                                    *                                                              +   82.00    0.1392
    83.00  +                                    *                                                              +   83.00    0.1219
    84.00  +                                    *                                                              +   84.00    0.1045
    85.00  +                                    *                                                              +   85.00    0.0872
    86.00  +                                    *                                                              +   86.00    0.0698
    87.00  +                                   *                                                               +   87.00    0.0523
    88.00  +                                   *                                                               +   88.00    0.0349
    89.00  |++++++++++++++++++++++++++++++++|++*+++++++++++++++++++++++++++++|++++++++++++++++++++++++++++++++|+   89.00    0.0175
    THETA  -2                               -1                                0                                1   THETA cos(theta)
1Asymmetry  36S(d,p)@ 16MeV    5054 keV  0g9/2 unbound ZR                  0/00/00
    THETA  -1                                                 0                                                 1  THETA cos(theta)
     0.00  |+++++++++++++++++++++++++++++++++++++++++++++++++*+++++++++++++++++++++++++++++++++++++++++++++++++|    0.00    1.0000
     1.00  +                                                *+                                                 +    1.00    0.9998
     2.00  +                                                *+                                                 +    2.00    0.9994
     3.00  +                                               * +                                                 +    3.00    0.9986
     4.00  +                                              *  +                                                 +    4.00    0.9976
     5.00  +                                              *  +                                                 +    5.00    0.9962
     6.00  +                                             *   +                                                 +    6.00    0.9945
     7.00  +                                             *   +                                                 +    7.00    0.9925
     8.00  +                                            *    +                                                 +    8.00    0.9903
     9.00  +                                            *    +                                                 +    9.00    0.9877
    10.00  +                                            *    +                                                 +   10.00    0.9848
    11.00  +                                           *     +                                                 +   11.00    0.9816
    12.00  +                                           *     +                                                 +   12.00    0.9781
    13.00  +                                           *     +                                                 +   13.00    0.9744
    14.00  +                                           *     +                                                 +   14.00    0.9703
    15.00  +                                           *     +                                                 +   15.00    0.9659
    16.00  +                                           *     +                                                 +   16.00    0.9613
    17.00  +                                           *     +                                                 +   17.00    0.9563
    18.00  +                                           *     +                                                 +   18.00    0.9511
    19.00  +                                           *     +                                                 +   19.00    0.9455
    20.00  +                                           *     +                                                 +   20.00    0.9397
    21.00  +                                           *     +                                                 +   21.00    0.9336
    22.00  +                                           *     +                                                 +   22.00    0.9272
    23.00  +                                           *     +                                                 +   23.00    0.9205
    24.00  +                                            *    +                                                 +   24.00    0.9135
    25.00  +                                            *    +                                                 +   25.00    0.9063
    26.00  +                                            *    +                                                 +   26.00    0.8988
    27.00  +                                             *   +                                                 +   27.00    0.8910
    28.00  +                                             *   +                                                 +   28.00    0.8829
    29.00  +                                             *   +                                                 +   29.00    0.8746
    30.00  +                                              *  +                                                 +   30.00    0.8660
    31.00  +                                              *  +                                                 +   31.00    0.8572
    32.00  +                                               * +                                                 +   32.00    0.8480
    33.00  +                                               * +                                                 +   33.00    0.8387
    34.00  +                                                *+                                                 +   34.00    0.8290
    35.00  +                                                *+                                                 +   35.00    0.8192
    36.00  +                                                 *                                                 +   36.00    0.8090
    37.00  +                                                 +*                                                +   37.00    0.7986
    38.00  +                                                 +*                                                +   38.00    0.7880
    39.00  +                                                 + *                                               +   39.00    0.7771
    40.00  +                                                 + *                                               +   40.00    0.7660
    41.00  +                                                 +  *                                              +   41.00    0.7547
    42.00  +                                                 +   *                                             +   42.00    0.7431
    43.00  +                                                 +   *                                             +   43.00    0.7314
    44.00  +                                                 +    *                                            +   44.00    0.7193
    45.00  +                                                 +    *                                            +   45.00    0.7071
    46.00  +                                                 +     *                                           +   46.00    0.6947
    47.00  +                                                 +      *                                          +   47.00    0.6820
    48.00  +                                                 +      *                                          +   48.00    0.6691
    49.00  +                                                 +       *                                         +   49.00    0.6561
    50.00  +                                                 +       *                                         +   50.00    0.6428
    51.00  +                                                 +       *                                         +   51.00    0.6293
    52.00  +                                                 +        *                                        +   52.00    0.6157
    53.00  +                                                 +        *                                        +   53.00    0.6018
    54.00  +                                                 +        *                                        +   54.00    0.5878
    55.00  +                                                 +         *                                       +   55.00    0.5736
    56.00  +                                                 +         *                                       +   56.00    0.5592
    57.00  +                                                 +         *                                       +   57.00    0.5446
    58.00  +                                                 +          *                                      +   58.00    0.5299
    59.00  +                                                 +          *                                      +   59.00    0.5150
    60.00  +                                                 +          *                                      +   60.00    0.5000
    61.00  +                                                 +          *                                      +   61.00    0.4848
    62.00  +                                                 +          *                                      +   62.00    0.4695
    63.00  +                                                 +          *                                      +   63.00    0.4540
    64.00  +                                                 +           *                                     +   64.00    0.4384
    65.00  +                                                 +           *                                     +   65.00    0.4226
    66.00  +                                                 +           *                                     +   66.00    0.4067
    67.00  +                                                 +           *                                     +   67.00    0.3907
    68.00  +                                                 +            *                                    +   68.00    0.3746
    69.00  +                                                 +            *                                    +   69.00    0.3584
    70.00  +                                                 +            *                                    +   70.00    0.3420
    71.00  +                                                 +            *                                    +   71.00    0.3256
    72.00  +                                                 +             *                                   +   72.00    0.3090
    73.00  +                                                 +             *                                   +   73.00    0.2924
    74.00  +                                                 +             *                                   +   74.00    0.2756
    75.00  +                                                 +              *                                  +   75.00    0.2588
    76.00  +                                                 +              *                                  +   76.00    0.2419
    77.00  +                                                 +               *                                 +   77.00    0.2250
    78.00  +                                                 +               *                                 +   78.00    0.2079
    79.00  +                                                 +               *                                 +   79.00    0.1908
    80.00  +                                                 +                *                                +   80.00    0.1736
    81.00  +                                                 +                *                                +   81.00    0.1564
    82.00  +                                                 +                *                                +   82.00    0.1392
    83.00  +                                                 +                 *                               +   83.00    0.1219
    84.00  +                                                 +                 *                               +   84.00    0.1045
    85.00  +                                                 +                 *                               +   85.00    0.0872
    86.00  +                                                 +                 *                               +   86.00    0.0698
    87.00  +                                                 +                 *                               +   87.00    0.0523
    88.00  +                                                 +                  *                              +   88.00    0.0349
    89.00  |+++++++++++++++++++++++++++++++++++++++++++++++++|++++++++++++++++++*++++++++++++++++++++++++++++++|   89.00    0.0175
    THETA  -1                                                 0                                                 1  THETA cos(theta)
1DWUCK4-DISTORTED WAVES U.COLORADO- PC-VERSION  12/Jan /1995
 Elapsed time in seconds =   0.00
 Elapsed time in seconds =   0.00
0CONTROL INTEGERS
  1 2 3 4 5 6 7 8 9 A B C D E F G H I J K    RUN IDENTIFICATION                                             0/00/00   0.00.00
  1 0 1 1 0 0 0 0 3 0 0 0 0 0 0 0 0 0 0 0    36S(d,p)@ 16MeV    5090 keV  0g9/2 unbound ZR               
 36S(d,p)@ 16MeV    5090 keV  0g9/2 unbound ZR               
 Adwck4 entered
0ANGLE DATA          THETN=  90.0000   THET1=   0.0000   DTHET=   1.0000   A-ANG=   0.0000   B-ANG=   0.0000
0CARD SET 3 DATA     LMAX =  15          LTR=   4
                     NLTR =   1        2*JTR=   9
0CARD SET 4 DATA     DRF  =   0.1000   RZ   =   0.0000   RMAX = -15.0000   VCE  =   0.0000   FNRNG=   0.0000
 PARTICLE DATA 
0PARTICLE 1*******************************************************************************************************************
 INPUT DATA          ELAB =  16.0000   RC0  =   1.3030   AC   =   0.0000   2*STR=   2.0000
                     MASSP=   2.0000   MASST=  36.0000   Q    =   0.0000
                     ZP   =   1.0000   ZT   =  16.0000   PNLOC=   0.0000
 
 DERIVED DATA        ECM  =  15.1579   RC   =   4.3024   RHO  =   5.0434
                     K    =   1.1722   ETA  =   0.8909   DR   =   0.1000
0POTENTIAL PARAMETERS
 NX=1 VOLUME  W-S    V RL = -92.9760   R0RL =   1.1500   A RL =   0.7610   R RL =   3.7972   VSOR =   0.0000
                     V IM =  -1.6020   R0IM =   1.3350   A IM =   0.5250   R IM =   4.4081   VSOI =   0.0000   POWR =   0.0000
 NX=2 SURFACE W-S    V RL =   0.0000   R0RL =   0.0000   A RL =   0.0000   R RL =   0.0000   VSOR =   0.0000
                     V IM =  50.9420   R0IM =   1.3800   A IM =   0.7360   R IM =   4.5567   VSOI =   0.0000   POWR =   0.0000
 NX=4 L*S VOLUME     V RL = -14.2280   R0RL =   0.9720   A RL =   1.0110   R RL =   3.2095   VSOR =   0.0000
                     V IM =   0.0000   R0IM =   0.0000   A IM =   0.0000   R IM =   0.0000   VSOI =   0.0000   POWR =   0.0000
0PARTICLE 2*******************************************************************************************************************
 INPUT DATA          ELAB =  12.4752   RC0  =   1.2920   AC   =   0.0000   2*STR=   1.0000
                     MASSP=   1.0000   MASST=  37.0000   Q    =  -3.0110
                     ZP   =   1.0000   ZT   =  16.0000   PNLOC=   0.0000
 
 DERIVED DATA        ECM  =  12.1469   RC   =   4.3052   RHO  =   3.2386
                     K    =   0.7522   ETA  =   0.7134   DR   =   0.0973
0POTENTIAL PARAMETERS
 NX=1 VOLUME  W-S    V RL = -58.3100   R0RL =   1.1820   A RL =   0.6720   R RL =   3.9387   VSOR =   0.0000
                     V IM =  -1.1980   R0IM =   1.1820   A IM =   0.6720   R IM =   3.9387   VSOI =   0.0000   POWR =   0.0000
 NX=2 SURFACE W-S    V RL =   0.0000   R0RL =   0.0000   A RL =   0.0000   R RL =   0.0000   VSOR =   0.0000
                     V IM =  36.9480   R0IM =   1.2900   A IM =   0.5380   R IM =   4.2986   VSOI =   0.0000   POWR =   0.0000
 NX=4 L*S VOLUME     V RL = -22.4560   R0RL =   0.9910   A RL =   0.5900   R RL =   3.3022   VSOR =   0.0000
                     V IM =   0.2530   R0IM =   0.9910   A IM =   0.5900   R IM =   3.3022   VSOI =   0.0000   POWR =   0.0000
136S(d,p)@ 16MeV    5090 keV  0g9/2 unbound ZR                  0/ 0/ 0
0FORM FACTOR DATA 
0PARTICLE 3*******************************************************************************************************************
 INPUT DATA          ELAB =   0.7860   RC0  =   1.3000   AC   =   0.0000   2*STR=   1.0000
                     MASSP=   1.0000   MASST=  36.0000   Q    =   0.7860
                     ZP   =   0.0000   ZT   =  16.0000   PNLOC=   0.0000
 
 DERIVED DATA        ECM  =   0.7860   RC   =   4.2925   RHO  =   0.8211
                     K    =   0.1913   ETA  =   0.0000   DR   =   0.1000
0POTENTIAL PARAMETERS
 NX=1 VOLUME  W-S    V RL =  -1.0000   R0RL =   1.2800   A RL =   0.6500   R RL =   4.2265   VSOR =  24.0000
                     V IM =   0.0000   R0IM =   0.0000   A IM =   0.0000   R IM =   0.0000   VSOI =   0.0000   POWR =   0.0000
 
                     NODES=   0.0000   L    =   4.0000   2*J  =   9.0000   2*S  =   1.0000   FISW =   0.0000
 
0SINGLE PARTICLE WIDTH = 1.7165E -4  MEV     VOLUME TERM =  4.7849E+04     SURFACE TERM =  2.6820E+01
                     V    =  58.1683   DET  =  -0.0000   NODES=   0.0000   RM   =   5.0500   E    =   0.7860   ITER.=   8
0*****  Warning  *****  CLASSICAL TURNING POINT FOR BOUNDSTATE = 23.3795  IS GREATER THAN RMAX =-15.0000
0                    LMAX =  15        NSTEP= 150        NLTR =   1
 Bdwck4 entered
   Subroutine INTEG  entered
0REACSIG 1   1.51076E+02                                             REACSIG 2   9.77390E+01
   Subroutine RADINT entered
136S(d,p)@ 16MeV    5090 keV  0g9/2 unbound ZR                  0/00/00
0BASIC DATA          DR   =   0.1000   RMIN =   0.0000   RMAX =  15.0000   COUEX=   0.0000     IS1=   1.0000
                     FNRNG=   0.0000   PNLC1=   0.0000   PNLC2=   0.0000   PNLC3=   0.0000     IS2=   0.5000
 ANG MOM TRANSFER    LTR  =   4.       2*JTR=   9.       2*STR=   1.       Q    =  -3.0110
   Subroutine INSIG  entered
0 Theta Inelsig,fm**2      Polz       Asy       Ayy       A22       A21       A20       T22       T21       T20  Theta
   0.00    1.3067E+00    0.0000    0.0000   -0.0510    0.0000    0.0000    0.0727    0.0000    0.0000    0.0000   0.00
   1.00    1.3082E+00   -0.0046   -0.0136   -0.0506   -0.0001    0.0003    0.0724    0.0000    0.0000    0.0000   1.00
   2.00    1.3126E+00   -0.0093   -0.0270   -0.0493   -0.0005    0.0006    0.0714    0.0000    0.0000    0.0000   2.00
   3.00    1.3199E+00   -0.0138   -0.0400   -0.0472   -0.0011    0.0008    0.0698    0.0000    0.0000    0.0000   3.00
   4.00    1.3299E+00   -0.0183   -0.0525   -0.0443   -0.0018    0.0011    0.0677    0.0000    0.0000    0.0000   4.00
   5.00    1.3423E+00   -0.0226   -0.0643   -0.0407   -0.0028    0.0013    0.0650    0.0000    0.0000    0.0000   5.00
   6.00    1.3570E+00   -0.0267   -0.0752   -0.0366   -0.0039    0.0015    0.0619    0.0000    0.0000    0.0000   6.00
   7.00    1.3736E+00   -0.0306   -0.0852   -0.0321   -0.0051    0.0017    0.0585    0.0000    0.0000    0.0000   7.00
   8.00    1.3917E+00   -0.0343   -0.0943   -0.0272   -0.0064    0.0018    0.0547    0.0000    0.0000    0.0000   8.00
   9.00    1.4109E+00   -0.0378   -0.1023   -0.0221   -0.0078    0.0020    0.0508    0.0000    0.0000    0.0000   9.00
  10.00    1.4308E+00   -0.0409   -0.1092   -0.0168   -0.0091    0.0021    0.0467    0.0000    0.0000    0.0000  10.00
  11.00    1.4509E+00   -0.0437   -0.1150   -0.0116   -0.0105    0.0021    0.0426    0.0000    0.0000    0.0000  11.00
  12.00    1.4707E+00   -0.0462   -0.1197   -0.0065   -0.0118    0.0022    0.0385    0.0000    0.0000    0.0000  12.00
  13.00    1.4897E+00   -0.0484   -0.1234   -0.0015   -0.0130    0.0023    0.0345    0.0000    0.0000    0.0000  13.00
  14.00    1.5075E+00   -0.0501   -0.1261    0.0033   -0.0141    0.0023    0.0306    0.0000    0.0000    0.0000  14.00
  15.00    1.5235E+00   -0.0515   -0.1278    0.0078   -0.0152    0.0023    0.0268    0.0000    0.0000    0.0000  15.00
  16.00    1.5372E+00   -0.0525   -0.1285    0.0120   -0.0162    0.0024    0.0232    0.0000    0.0000    0.0000  16.00
  17.00    1.5483E+00   -0.0530   -0.1284    0.0158   -0.0170    0.0024    0.0198    0.0000    0.0000    0.0000  17.00
  18.00    1.5563E+00   -0.0532   -0.1274    0.0193   -0.0177    0.0024    0.0167    0.0000    0.0000    0.0000  18.00
  19.00    1.5608E+00   -0.0529   -0.1256    0.0224   -0.0183    0.0025    0.0137    0.0000    0.0000    0.0000  19.00
  20.00    1.5616E+00   -0.0522   -0.1231    0.0252   -0.0188    0.0025    0.0110    0.0000    0.0000    0.0000  20.00
  21.00    1.5585E+00   -0.0510   -0.1199    0.0276   -0.0192    0.0026    0.0085    0.0000    0.0000    0.0000  21.00
  22.00    1.5513E+00   -0.0495   -0.1160    0.0296   -0.0194    0.0027    0.0063    0.0000    0.0000    0.0000  22.00
  23.00    1.5398E+00   -0.0475   -0.1114    0.0313   -0.0196    0.0028    0.0042    0.0000    0.0000    0.0000  23.00
  24.00    1.5242E+00   -0.0451   -0.1062    0.0327   -0.0196    0.0029    0.0024    0.0000    0.0000    0.0000  24.00
  25.00    1.5044E+00   -0.0422   -0.1004    0.0337   -0.0195    0.0031    0.0008    0.0000    0.0000    0.0000  25.00
  26.00    1.4807E+00   -0.0390   -0.0941    0.0344   -0.0194    0.0033   -0.0006    0.0000    0.0000    0.0000  26.00
  27.00    1.4531E+00   -0.0353   -0.0871    0.0348   -0.0191    0.0035   -0.0019    0.0000    0.0000    0.0000  27.00
  28.00    1.4220E+00   -0.0312   -0.0796    0.0350   -0.0188    0.0037   -0.0029    0.0000    0.0000    0.0000  28.00
  29.00    1.3877E+00   -0.0267   -0.0716    0.0349   -0.0183    0.0040   -0.0038    0.0000    0.0000    0.0000  29.00
  30.00    1.3505E+00   -0.0219   -0.0630    0.0345   -0.0178    0.0044   -0.0046    0.0000    0.0000    0.0000  30.00
  31.00    1.3107E+00   -0.0166   -0.0539    0.0340   -0.0172    0.0047   -0.0052    0.0000    0.0000    0.0000  31.00
  32.00    1.2689E+00   -0.0110   -0.0443    0.0332   -0.0166    0.0051   -0.0057    0.0000    0.0000    0.0000  32.00
  33.00    1.2253E+00   -0.0050   -0.0342    0.0322   -0.0159    0.0055   -0.0061    0.0000    0.0000    0.0000  33.00
  34.00    1.1804E+00    0.0013   -0.0237    0.0311   -0.0151    0.0060   -0.0064    0.0000    0.0000    0.0000  34.00
  35.00    1.1346E+00    0.0078   -0.0128    0.0298   -0.0143    0.0065   -0.0066    0.0000    0.0000    0.0000  35.00
  36.00    1.0882E+00    0.0147   -0.0014    0.0284   -0.0134    0.0071   -0.0067    0.0000    0.0000    0.0000  36.00
  37.00    1.0415E+00    0.0217    0.0102    0.0270   -0.0125    0.0077   -0.0068    0.0000    0.0000    0.0000  37.00
  38.00    9.9485E-01    0.0290    0.0221    0.0254   -0.0116    0.0083   -0.0069    0.0000    0.0000    0.0000  38.00
  39.00    9.4852E-01    0.0363    0.0342    0.0238   -0.0106    0.0090   -0.0069    0.0000    0.0000    0.0000  39.00
  40.00    9.0272E-01    0.0438    0.0464    0.0221   -0.0097    0.0097   -0.0069    0.0000    0.0000    0.0000  40.00
  41.00    8.5766E-01    0.0513    0.0587    0.0205   -0.0087    0.0105   -0.0070    0.0000    0.0000    0.0000  41.00
  42.00    8.1350E-01    0.0589    0.0710    0.0188   -0.0078    0.0113   -0.0070    0.0000    0.0000    0.0000  42.00
  43.00    7.7036E-01    0.0664    0.0831    0.0172   -0.0068    0.0121   -0.0070    0.0000    0.0000    0.0000  43.00
  44.00    7.2836E-01    0.0738    0.0950    0.0156   -0.0059    0.0130   -0.0071    0.0000    0.0000    0.0000  44.00
  45.00    6.8759E-01    0.0811    0.1066    0.0141   -0.0050    0.0140   -0.0072    0.0000    0.0000    0.0000  45.00
  46.00    6.4811E-01    0.0883    0.1178    0.0127   -0.0041    0.0150   -0.0074    0.0000    0.0000    0.0000  46.00
  47.00    6.0999E-01    0.0953    0.1286    0.0115   -0.0033    0.0160   -0.0075    0.0000    0.0000    0.0000  47.00
  48.00    5.7327E-01    0.1021    0.1389    0.0103   -0.0025    0.0170   -0.0078    0.0000    0.0000    0.0000  48.00
  49.00    5.3800E-01    0.1087    0.1487    0.0094   -0.0019    0.0182   -0.0081    0.0000    0.0000    0.0000  49.00
  50.00    5.0421E-01    0.1151    0.1578    0.0086   -0.0013    0.0193   -0.0084    0.0000    0.0000    0.0000  50.00
  51.00    4.7195E-01    0.1214    0.1663    0.0079   -0.0008    0.0205   -0.0087    0.0000    0.0000    0.0000  51.00
  52.00    4.4126E-01    0.1274    0.1741    0.0076   -0.0004    0.0218   -0.0091    0.0000    0.0000    0.0000  52.00
  53.00    4.1216E-01    0.1332    0.1813    0.0074   -0.0001    0.0230   -0.0096    0.0000    0.0000    0.0000  53.00
  54.00    3.8469E-01    0.1388    0.1879    0.0076   -0.0000    0.0244   -0.0100    0.0000    0.0000    0.0000  54.00
  55.00    3.5886E-01    0.1443    0.1938    0.0080   -0.0001    0.0257   -0.0105    0.0000    0.0000    0.0000  55.00
  56.00    3.3470E-01    0.1497    0.1992    0.0088   -0.0003    0.0271   -0.0110    0.0000    0.0000    0.0000  56.00
  57.00    3.1222E-01    0.1549    0.2040    0.0100   -0.0008    0.0285   -0.0115    0.0000    0.0000    0.0000  57.00
  58.00    2.9140E-01    0.1600    0.2084    0.0116   -0.0015    0.0300   -0.0120    0.0000    0.0000    0.0000  58.00
  59.00    2.7224E-01    0.1650    0.2125    0.0137   -0.0025    0.0314   -0.0125    0.0000    0.0000    0.0000  59.00
  60.00    2.5471E-01    0.1699    0.2162    0.0162   -0.0038    0.0328   -0.0130    0.0000    0.0000    0.0000  60.00
  61.00    2.3877E-01    0.1746    0.2198    0.0193   -0.0054    0.0341   -0.0135    0.0000    0.0000    0.0000  61.00
  62.00    2.2436E-01    0.1793    0.2233    0.0230   -0.0073    0.0355   -0.0141    0.0000    0.0000    0.0000  62.00
  63.00    2.1143E-01    0.1838    0.2268    0.0273   -0.0095    0.0367   -0.0146    0.0000    0.0000    0.0000  63.00
  64.00    1.9989E-01    0.1882    0.2304    0.0321   -0.0121    0.0379   -0.0152    0.0000    0.0000    0.0000  64.00
  65.00    1.8966E-01    0.1925    0.2342    0.0375   -0.0149    0.0389   -0.0158    0.0000    0.0000    0.0000  65.00
  66.00    1.8065E-01    0.1966    0.2383    0.0434   -0.0181    0.0399   -0.0165    0.0000    0.0000    0.0000  66.00
  67.00    1.7277E-01    0.2006    0.2428    0.0498   -0.0215    0.0407   -0.0173    0.0000    0.0000    0.0000  67.00
  68.00    1.6592E-01    0.2045    0.2477    0.0567   -0.0251    0.0413   -0.0181    0.0000    0.0000    0.0000  68.00
  69.00    1.6000E-01    0.2082    0.2531    0.0639   -0.0289    0.0419   -0.0190    0.0000    0.0000    0.0000  69.00
  70.00    1.5492E-01    0.2118    0.2588    0.0714   -0.0328    0.0423   -0.0199    0.0000    0.0000    0.0000  70.00
  71.00    1.5059E-01    0.2153    0.2650    0.0791   -0.0368    0.0426   -0.0210    0.0000    0.0000    0.0000  71.00
  72.00    1.4691E-01    0.2188    0.2716    0.0869   -0.0409    0.0428   -0.0222    0.0000    0.0000    0.0000  72.00
  73.00    1.4381E-01    0.2222    0.2785    0.0948   -0.0449    0.0429   -0.0234    0.0000    0.0000    0.0000  73.00
  74.00    1.4121E-01    0.2256    0.2858    0.1027   -0.0489    0.0428   -0.0247    0.0000    0.0000    0.0000  74.00
  75.00    1.3904E-01    0.2289    0.2932    0.1105   -0.0529    0.0427   -0.0261    0.0000    0.0000    0.0000  75.00
  76.00    1.3723E-01    0.2323    0.3009    0.1181   -0.0567    0.0426   -0.0275    0.0000    0.0000    0.0000  76.00
  77.00    1.3572E-01    0.2355    0.3085    0.1256   -0.0604    0.0424   -0.0290    0.0000    0.0000    0.0000  77.00
  78.00    1.3447E-01    0.2387    0.3162    0.1329   -0.0640    0.0421   -0.0305    0.0000    0.0000    0.0000  78.00
  79.00    1.3342E-01    0.2417    0.3237    0.1398   -0.0674    0.0419   -0.0319    0.0000    0.0000    0.0000  79.00
  80.00    1.3253E-01    0.2445    0.3310    0.1465   -0.0707    0.0416   -0.0334    0.0000    0.0000    0.0000  80.00
  81.00    1.3175E-01    0.2471    0.3380    0.1528   -0.0737    0.0413   -0.0349    0.0000    0.0000    0.0000  81.00
  82.00    1.3106E-01    0.2493    0.3446    0.1587   -0.0765    0.0411   -0.0363    0.0000    0.0000    0.0000  82.00
  83.00    1.3041E-01    0.2511    0.3506    0.1642   -0.0792    0.0408   -0.0376    0.0000    0.0000    0.0000  83.00
  84.00    1.2977E-01    0.2524    0.3560    0.1693   -0.0816    0.0406   -0.0389    0.0000    0.0000    0.0000  84.00
  85.00    1.2912E-01    0.2531    0.3606    0.1738   -0.0838    0.0404   -0.0400    0.0000    0.0000    0.0000  85.00
  86.00    1.2843E-01    0.2531    0.3645    0.1779   -0.0857    0.0403   -0.0410    0.0000    0.0000    0.0000  86.00
  87.00    1.2768E-01    0.2524    0.3675    0.1814   -0.0874    0.0402   -0.0419    0.0000    0.0000    0.0000  87.00
  88.00    1.2684E-01    0.2508    0.3696    0.1844   -0.0888    0.0402   -0.0426    0.0000    0.0000    0.0000  88.00
  89.00    1.2589E-01    0.2484    0.3707    0.1868   -0.0900    0.0402   -0.0430    0.0000    0.0000    0.0000  89.00
0Tot-sig   3.8003E+00
1Inelastic  36S(d,p)@ 16MeV    5090 keV  0g9/2 unbound ZR                  0/00/00
    THETA  -2                               -1                                0                                1   THETA cos(theta)
     0.00  |++++++++++++++++++++++++++++++++|++++++++++++++++++++++++++++++++|+++*++++++++++++++++++++++++++++|+    0.00    1.0000
     1.00  +                                                                     *                             +    1.00    0.9998
     2.00  +                                                                     *                             +    2.00    0.9994
     3.00  +                                                                     *                             +    3.00    0.9986
     4.00  +                                                                     *                             +    4.00    0.9976
     5.00  +                                                                     *                             +    5.00    0.9962
     6.00  +                                                                     *                             +    6.00    0.9945
     7.00  +                                                                      *                            +    7.00    0.9925
     8.00  +                                                                      *                            +    8.00    0.9903
     9.00  +                                                                      *                            +    9.00    0.9877
    10.00  +                                                                      *                            +   10.00    0.9848
    11.00  +                                                                      *                            +   11.00    0.9816
    12.00  +                                                                       *                           +   12.00    0.9781
    13.00  +                                                                       *                           +   13.00    0.9744
    14.00  +                                                                       *                           +   14.00    0.9703
    15.00  +                                                                       *                           +   15.00    0.9659
    16.00  +                                                                       *                           +   16.00    0.9613
    17.00  +                                                                       *                           +   17.00    0.9563
    18.00  +                                                                       *                           +   18.00    0.9511
    19.00  +                                                                       *                           +   19.00    0.9455
    20.00  +                                                                       *                           +   20.00    0.9397
    21.00  +                                                                       *                           +   21.00    0.9336
    22.00  +                                                                       *                           +   22.00    0.9272
    23.00  +                                                                       *                           +   23.00    0.9205
    24.00  +                                                                       *                           +   24.00    0.9135
    25.00  +                                                                       *                           +   25.00    0.9063
    26.00  +                                                                       *                           +   26.00    0.8988
    27.00  +                                                                      *                            +   27.00    0.8910
    28.00  +                                                                      *                            +   28.00    0.8829
    29.00  +                                                                      *                            +   29.00    0.8746
    30.00  +                                                                     *                             +   30.00    0.8660
    31.00  +                                                                     *                             +   31.00    0.8572
    32.00  +                                                                    *                              +   32.00    0.8480
    33.00  +                                                                    *                              +   33.00    0.8387
    34.00  +                                                                   *                               +   34.00    0.8290
    35.00  +                                                                   *                               +   35.00    0.8192
    36.00  +                                                                  *                                +   36.00    0.8090
    37.00  +                                                                  *                                +   37.00    0.7986
    38.00  +                                                                 *                                 +   38.00    0.7880
    39.00  +                                                                *                                  +   39.00    0.7771
    40.00  +                                                                *                                  +   40.00    0.7660
    41.00  +                                                               *                                   +   41.00    0.7547
    42.00  +                                                              *                                    +   42.00    0.7431
    43.00  +                                                             *                                     +   43.00    0.7314
    44.00  +                                                            *                                      +   44.00    0.7193
    45.00  +                                                            *                                      +   45.00    0.7071
    46.00  +                                                           *                                       +   46.00    0.6947
    47.00  +                                                          *                                        +   47.00    0.6820
    48.00  +                                                         *                                         +   48.00    0.6691
    49.00  +                                                        *                                          +   49.00    0.6561
    50.00  +                                                       *                                           +   50.00    0.6428
    51.00  +                                                      *                                            +   51.00    0.6293
    52.00  +                                                     *                                             +   52.00    0.6157
    53.00  +                                                    *                                              +   53.00    0.6018
    54.00  +                                                   *                                               +   54.00    0.5878
    55.00  +                                                  *                                                +   55.00    0.5736
    56.00  +                                                 *                                                 +   56.00    0.5592
    57.00  +                                                *                                                  +   57.00    0.5446
    58.00  +                                               *                                                   +   58.00    0.5299
    59.00  +                                              *                                                    +   59.00    0.5150
    60.00  +                                             *                                                     +   60.00    0.5000
    61.00  +                                            *                                                      +   61.00    0.4848
    62.00  +                                            *                                                      +   62.00    0.4695
    63.00  +                                           *                                                       +   63.00    0.4540
    64.00  +                                          *                                                        +   64.00    0.4384
    65.00  +                                         *                                                         +   65.00    0.4226
    66.00  +                                        *                                                          +   66.00    0.4067
    67.00  +                                        *                                                          +   67.00    0.3907
    68.00  +                                       *                                                           +   68.00    0.3746
    69.00  +                                       *                                                           +   69.00    0.3584
    70.00  +                                      *                                                            +   70.00    0.3420
    71.00  +                                      *                                                            +   71.00    0.3256
    72.00  +                                      *                                                            +   72.00    0.3090
    73.00  +                                     *                                                             +   73.00    0.2924
    74.00  +                                     *                                                             +   74.00    0.2756
    75.00  +                                     *                                                             +   75.00    0.2588
    76.00  +                                     *                                                             +   76.00    0.2419
    77.00  +                                    *                                                              +   77.00    0.2250
    78.00  +                                    *                                                              +   78.00    0.2079
    79.00  +                                    *                                                              +   79.00    0.1908
    80.00  +                                    *                                                              +   80.00    0.1736
    81.00  +                                    *                                                              +   81.00    0.1564
    82.00  +                                    *                                                              +   82.00    0.1392
    83.00  +                                    *                                                              +   83.00    0.1219
    84.00  +                                    *                                                              +   84.00    0.1045
    85.00  +                                    *                                                              +   85.00    0.0872
    86.00  +                                    *                                                              +   86.00    0.0698
    87.00  +                                    *                                                              +   87.00    0.0523
    88.00  +                                   *                                                               +   88.00    0.0349
    89.00  |++++++++++++++++++++++++++++++++|++*+++++++++++++++++++++++++++++|++++++++++++++++++++++++++++++++|+   89.00    0.0175
    THETA  -2                               -1                                0                                1   THETA cos(theta)
1Asymmetry  36S(d,p)@ 16MeV    5090 keV  0g9/2 unbound ZR                  0/00/00
    THETA  -1                                                 0                                                 1  THETA cos(theta)
     0.00  |+++++++++++++++++++++++++++++++++++++++++++++++++*+++++++++++++++++++++++++++++++++++++++++++++++++|    0.00    1.0000
     1.00  +                                                *+                                                 +    1.00    0.9998
     2.00  +                                                *+                                                 +    2.00    0.9994
     3.00  +                                               * +                                                 +    3.00    0.9986
     4.00  +                                              *  +                                                 +    4.00    0.9976
     5.00  +                                              *  +                                                 +    5.00    0.9962
     6.00  +                                             *   +                                                 +    6.00    0.9945
     7.00  +                                             *   +                                                 +    7.00    0.9925
     8.00  +                                            *    +                                                 +    8.00    0.9903
     9.00  +                                            *    +                                                 +    9.00    0.9877
    10.00  +                                            *    +                                                 +   10.00    0.9848
    11.00  +                                           *     +                                                 +   11.00    0.9816
    12.00  +                                           *     +                                                 +   12.00    0.9781
    13.00  +                                           *     +                                                 +   13.00    0.9744
    14.00  +                                           *     +                                                 +   14.00    0.9703
    15.00  +                                           *     +                                                 +   15.00    0.9659
    16.00  +                                           *     +                                                 +   16.00    0.9613
    17.00  +                                           *     +                                                 +   17.00    0.9563
    18.00  +                                           *     +                                                 +   18.00    0.9511
    19.00  +                                           *     +                                                 +   19.00    0.9455
    20.00  +                                           *     +                                                 +   20.00    0.9397
    21.00  +                                           *     +                                                 +   21.00    0.9336
    22.00  +                                           *     +                                                 +   22.00    0.9272
    23.00  +                                           *     +                                                 +   23.00    0.9205
    24.00  +                                            *    +                                                 +   24.00    0.9135
    25.00  +                                            *    +                                                 +   25.00    0.9063
    26.00  +                                            *    +                                                 +   26.00    0.8988
    27.00  +                                             *   +                                                 +   27.00    0.8910
    28.00  +                                             *   +                                                 +   28.00    0.8829
    29.00  +                                             *   +                                                 +   29.00    0.8746
    30.00  +                                              *  +                                                 +   30.00    0.8660
    31.00  +                                              *  +                                                 +   31.00    0.8572
    32.00  +                                               * +                                                 +   32.00    0.8480
    33.00  +                                               * +                                                 +   33.00    0.8387
    34.00  +                                                *+                                                 +   34.00    0.8290
    35.00  +                                                *+                                                 +   35.00    0.8192
    36.00  +                                                 *                                                 +   36.00    0.8090
    37.00  +                                                 +*                                                +   37.00    0.7986
    38.00  +                                                 +*                                                +   38.00    0.7880
    39.00  +                                                 + *                                               +   39.00    0.7771
    40.00  +                                                 + *                                               +   40.00    0.7660
    41.00  +                                                 +  *                                              +   41.00    0.7547
    42.00  +                                                 +   *                                             +   42.00    0.7431
    43.00  +                                                 +   *                                             +   43.00    0.7314
    44.00  +                                                 +    *                                            +   44.00    0.7193
    45.00  +                                                 +    *                                            +   45.00    0.7071
    46.00  +                                                 +     *                                           +   46.00    0.6947
    47.00  +                                                 +     *                                           +   47.00    0.6820
    48.00  +                                                 +      *                                          +   48.00    0.6691
    49.00  +                                                 +      *                                          +   49.00    0.6561
    50.00  +                                                 +       *                                         +   50.00    0.6428
    51.00  +                                                 +       *                                         +   51.00    0.6293
    52.00  +                                                 +        *                                        +   52.00    0.6157
    53.00  +                                                 +        *                                        +   53.00    0.6018
    54.00  +                                                 +        *                                        +   54.00    0.5878
    55.00  +                                                 +         *                                       +   55.00    0.5736
    56.00  +                                                 +         *                                       +   56.00    0.5592
    57.00  +                                                 +         *                                       +   57.00    0.5446
    58.00  +                                                 +         *                                       +   58.00    0.5299
    59.00  +                                                 +          *                                      +   59.00    0.5150
    60.00  +                                                 +          *                                      +   60.00    0.5000
    61.00  +                                                 +          *                                      +   61.00    0.4848
    62.00  +                                                 +          *                                      +   62.00    0.4695
    63.00  +                                                 +          *                                      +   63.00    0.4540
    64.00  +                                                 +           *                                     +   64.00    0.4384
    65.00  +                                                 +           *                                     +   65.00    0.4226
    66.00  +                                                 +           *                                     +   66.00    0.4067
    67.00  +                                                 +           *                                     +   67.00    0.3907
    68.00  +                                                 +           *                                     +   68.00    0.3746
    69.00  +                                                 +            *                                    +   69.00    0.3584
    70.00  +                                                 +            *                                    +   70.00    0.3420
    71.00  +                                                 +            *                                    +   71.00    0.3256
    72.00  +                                                 +             *                                   +   72.00    0.3090
    73.00  +                                                 +             *                                   +   73.00    0.2924
    74.00  +                                                 +             *                                   +   74.00    0.2756
    75.00  +                                                 +              *                                  +   75.00    0.2588
    76.00  +                                                 +              *                                  +   76.00    0.2419
    77.00  +                                                 +              *                                  +   77.00    0.2250
    78.00  +                                                 +               *                                 +   78.00    0.2079
    79.00  +                                                 +               *                                 +   79.00    0.1908
    80.00  +                                                 +                *                                +   80.00    0.1736
    81.00  +                                                 +                *                                +   81.00    0.1564
    82.00  +                                                 +                *                                +   82.00    0.1392
    83.00  +                                                 +                 *                               +   83.00    0.1219
    84.00  +                                                 +                 *                               +   84.00    0.1045
    85.00  +                                                 +                 *                               +   85.00    0.0872
    86.00  +                                                 +                 *                               +   86.00    0.0698
    87.00  +                                                 +                 *                               +   87.00    0.0523
    88.00  +                                                 +                 *                               +   88.00    0.0349
    89.00  |+++++++++++++++++++++++++++++++++++++++++++++++++|++++++++++++++++++*++++++++++++++++++++++++++++++|   89.00    0.0175
    THETA  -1                                                 0                                                 1  THETA cos(theta)
1DWUCK4-DISTORTED WAVES U.COLORADO- PC-VERSION  12/Jan /1995
 Elapsed time in seconds =   0.00
 Elapsed time in seconds =   0.00
0CONTROL INTEGERS
  1 2 3 4 5 6 7 8 9 A B C D E F G H I J K    RUN IDENTIFICATION                                             0/00/00   0.00.00
  1 0 1 1 0 0 0 0 3 0 0 0 0 0 0 0 0 0 0 0    36S(d,p)@ 16MeV    5122 keV  0g9/2 unbound ZR               
 36S(d,p)@ 16MeV    5122 keV  0g9/2 unbound ZR               
 Adwck4 entered
0ANGLE DATA          THETN=  90.0000   THET1=   0.0000   DTHET=   1.0000   A-ANG=   0.0000   B-ANG=   0.0000
0CARD SET 3 DATA     LMAX =  15          LTR=   4
                     NLTR =   1        2*JTR=   9
0CARD SET 4 DATA     DRF  =   0.1000   RZ   =   0.0000   RMAX = -15.0000   VCE  =   0.0000   FNRNG=   0.0000
 PARTICLE DATA 
0PARTICLE 1*******************************************************************************************************************
 INPUT DATA          ELAB =  16.0000   RC0  =   1.3030   AC   =   0.0000   2*STR=   2.0000
                     MASSP=   2.0000   MASST=  36.0000   Q    =   0.0000
                     ZP   =   1.0000   ZT   =  16.0000   PNLOC=   0.0000
 
 DERIVED DATA        ECM  =  15.1579   RC   =   4.3024   RHO  =   5.0434
                     K    =   1.1722   ETA  =   0.8909   DR   =   0.1000
0POTENTIAL PARAMETERS
 NX=1 VOLUME  W-S    V RL = -92.9760   R0RL =   1.1500   A RL =   0.7610   R RL =   3.7972   VSOR =   0.0000
                     V IM =  -1.6020   R0IM =   1.3350   A IM =   0.5250   R IM =   4.4081   VSOI =   0.0000   POWR =   0.0000
 NX=2 SURFACE W-S    V RL =   0.0000   R0RL =   0.0000   A RL =   0.0000   R RL =   0.0000   VSOR =   0.0000
                     V IM =  50.9960   R0IM =   1.3800   A IM =   0.7360   R IM =   4.5567   VSOI =   0.0000   POWR =   0.0000
 NX=4 L*S VOLUME     V RL = -14.2280   R0RL =   0.9720   A RL =   1.0110   R RL =   3.2095   VSOR =   0.0000
                     V IM =   0.0000   R0IM =   0.0000   A IM =   0.0000   R IM =   0.0000   VSOI =   0.0000   POWR =   0.0000
0PARTICLE 2*******************************************************************************************************************
 INPUT DATA          ELAB =  12.4423   RC0  =   1.2920   AC   =   0.0000   2*STR=   1.0000
                     MASSP=   1.0000   MASST=  37.0000   Q    =  -3.0430
                     ZP   =   1.0000   ZT   =  16.0000   PNLOC=   0.0000
 
 DERIVED DATA        ECM  =  12.1149   RC   =   4.3052   RHO  =   3.2343
                     K    =   0.7513   ETA  =   0.7143   DR   =   0.0973
0POTENTIAL PARAMETERS
 NX=1 VOLUME  W-S    V RL = -58.3230   R0RL =   1.1820   A RL =   0.6720   R RL =   3.9387   VSOR =   0.0000
                     V IM =  -1.2010   R0IM =   1.1820   A IM =   0.6720   R IM =   3.9387   VSOI =   0.0000   POWR =   0.0000
 NX=2 SURFACE W-S    V RL =   0.0000   R0RL =   0.0000   A RL =   0.0000   R RL =   0.0000   VSOR =   0.0000
                     V IM =  36.9620   R0IM =   1.2900   A IM =   0.5380   R IM =   4.2986   VSOI =   0.0000   POWR =   0.0000
 NX=4 L*S VOLUME     V RL = -22.4560   R0RL =   0.9910   A RL =   0.5900   R RL =   3.3022   VSOR =   0.0000
                     V IM =   0.2530   R0IM =   0.9910   A IM =   0.5900   R IM =   3.3022   VSOI =   0.0000   POWR =   0.0000
136S(d,p)@ 16MeV    5122 keV  0g9/2 unbound ZR                  0/ 0/ 0
0FORM FACTOR DATA 
0PARTICLE 3*******************************************************************************************************************
 INPUT DATA          ELAB =   0.8180   RC0  =   1.3000   AC   =   0.0000   2*STR=   1.0000
                     MASSP=   1.0000   MASST=  36.0000   Q    =   0.8180
                     ZP   =   0.0000   ZT   =  16.0000   PNLOC=   0.0000
 
 DERIVED DATA        ECM  =   0.8180   RC   =   4.2925   RHO  =   0.8376
                     K    =   0.1951   ETA  =   0.0000   DR   =   0.1000
0POTENTIAL PARAMETERS
 NX=1 VOLUME  W-S    V RL =  -1.0000   R0RL =   1.2800   A RL =   0.6500   R RL =   4.2265   VSOR =  24.0000
                     V IM =   0.0000   R0IM =   0.0000   A IM =   0.0000   R IM =   0.0000   VSOI =   0.0000   POWR =   0.0000
 
                     NODES=   0.0000   L    =   4.0000   2*J  =   9.0000   2*S  =   1.0000   FISW =   0.0000
 
0SINGLE PARTICLE WIDTH = 2.0447E -4  MEV     VOLUME TERM =  4.0979E+04     SURFACE TERM =  2.3635E+01
                     V    =  58.1113   DET  =  -0.0000   NODES=   0.0000   RM   =   5.0500   E    =   0.8180   ITER.=   8
0*****  Warning  *****  CLASSICAL TURNING POINT FOR BOUNDSTATE = 22.9176  IS GREATER THAN RMAX =-15.0000
0                    LMAX =  15        NSTEP= 150        NLTR =   1
 Bdwck4 entered
   Subroutine INTEG  entered
0REACSIG 1   1.51099E+02                                             REACSIG 2   9.77110E+01
   Subroutine RADINT entered
136S(d,p)@ 16MeV    5122 keV  0g9/2 unbound ZR                  0/00/00
0BASIC DATA          DR   =   0.1000   RMIN =   0.0000   RMAX =  15.0000   COUEX=   0.0000     IS1=   1.0000
                     FNRNG=   0.0000   PNLC1=   0.0000   PNLC2=   0.0000   PNLC3=   0.0000     IS2=   0.5000
 ANG MOM TRANSFER    LTR  =   4.       2*JTR=   9.       2*STR=   1.       Q    =  -3.0430
   Subroutine INSIG  entered
0 Theta Inelsig,fm**2      Polz       Asy       Ayy       A22       A21       A20       T22       T21       T20  Theta
   0.00    1.3311E+00    0.0000    0.0000   -0.0502    0.0000    0.0000    0.0716    0.0000    0.0000    0.0000   0.00
   1.00    1.3326E+00   -0.0046   -0.0135   -0.0498   -0.0001    0.0003    0.0713    0.0000    0.0000    0.0000   1.00
   2.00    1.3370E+00   -0.0093   -0.0269   -0.0485   -0.0005    0.0005    0.0703    0.0000    0.0000    0.0000   2.00
   3.00    1.3442E+00   -0.0138   -0.0399   -0.0465   -0.0010    0.0008    0.0688    0.0000    0.0000    0.0000   3.00
   4.00    1.3541E+00   -0.0183   -0.0523   -0.0436   -0.0018    0.0010    0.0667    0.0000    0.0000    0.0000   4.00
   5.00    1.3664E+00   -0.0226   -0.0641   -0.0402   -0.0027    0.0013    0.0641    0.0000    0.0000    0.0000   5.00
   6.00    1.3810E+00   -0.0267   -0.0750   -0.0362   -0.0038    0.0015    0.0610    0.0000    0.0000    0.0000   6.00
   7.00    1.3974E+00   -0.0306   -0.0851   -0.0317   -0.0050    0.0016    0.0576    0.0000    0.0000    0.0000   7.00
   8.00    1.4153E+00   -0.0343   -0.0941   -0.0269   -0.0063    0.0018    0.0540    0.0000    0.0000    0.0000   8.00
   9.00    1.4343E+00   -0.0378   -0.1021   -0.0219   -0.0076    0.0019    0.0501    0.0000    0.0000    0.0000   9.00
  10.00    1.4539E+00   -0.0409   -0.1090   -0.0168   -0.0089    0.0020    0.0462    0.0000    0.0000    0.0000  10.00
  11.00    1.4737E+00   -0.0438   -0.1149   -0.0117   -0.0102    0.0021    0.0421    0.0000    0.0000    0.0000  11.00
  12.00    1.4931E+00   -0.0463   -0.1197   -0.0066   -0.0115    0.0022    0.0381    0.0000    0.0000    0.0000  12.00
  13.00    1.5118E+00   -0.0484   -0.1234   -0.0017   -0.0127    0.0022    0.0342    0.0000    0.0000    0.0000  13.00
  14.00    1.5291E+00   -0.0502   -0.1261    0.0030   -0.0139    0.0023    0.0303    0.0000    0.0000    0.0000  14.00
  15.00    1.5445E+00   -0.0516   -0.1279    0.0074   -0.0149    0.0023    0.0266    0.0000    0.0000    0.0000  15.00
  16.00    1.5577E+00   -0.0526   -0.1287    0.0115   -0.0158    0.0023    0.0231    0.0000    0.0000    0.0000  16.00
  17.00    1.5681E+00   -0.0532   -0.1287    0.0153   -0.0167    0.0023    0.0198    0.0000    0.0000    0.0000  17.00
  18.00    1.5754E+00   -0.0533   -0.1278    0.0188   -0.0174    0.0024    0.0166    0.0000    0.0000    0.0000  18.00
  19.00    1.5793E+00   -0.0531   -0.1261    0.0219   -0.0180    0.0024    0.0137    0.0000    0.0000    0.0000  19.00
  20.00    1.5793E+00   -0.0524   -0.1236    0.0246   -0.0185    0.0025    0.0111    0.0000    0.0000    0.0000  20.00
  21.00    1.5754E+00   -0.0513   -0.1205    0.0270   -0.0189    0.0026    0.0086    0.0000    0.0000    0.0000  21.00
  22.00    1.5673E+00   -0.0498   -0.1166    0.0290   -0.0191    0.0027    0.0064    0.0000    0.0000    0.0000  22.00
  23.00    1.5550E+00   -0.0478   -0.1121    0.0307   -0.0193    0.0028    0.0044    0.0000    0.0000    0.0000  23.00
  24.00    1.5385E+00   -0.0455   -0.1070    0.0321   -0.0193    0.0029    0.0026    0.0000    0.0000    0.0000  24.00
  25.00    1.5179E+00   -0.0427   -0.1013    0.0331   -0.0193    0.0031    0.0010    0.0000    0.0000    0.0000  25.00
  26.00    1.4933E+00   -0.0395   -0.0950    0.0338   -0.0191    0.0032   -0.0004    0.0000    0.0000    0.0000  26.00
  27.00    1.4648E+00   -0.0358   -0.0881    0.0342   -0.0188    0.0035   -0.0017    0.0000    0.0000    0.0000  27.00
  28.00    1.4329E+00   -0.0318   -0.0807    0.0344   -0.0185    0.0037   -0.0027    0.0000    0.0000    0.0000  28.00
  29.00    1.3977E+00   -0.0274   -0.0727    0.0343   -0.0181    0.0040   -0.0036    0.0000    0.0000    0.0000  29.00
  30.00    1.3597E+00   -0.0225   -0.0642    0.0340   -0.0176    0.0043   -0.0044    0.0000    0.0000    0.0000  30.00
  31.00    1.3192E+00   -0.0173   -0.0551    0.0334   -0.0170    0.0047   -0.0050    0.0000    0.0000    0.0000  31.00
  32.00    1.2766E+00   -0.0117   -0.0456    0.0326   -0.0164    0.0051   -0.0055    0.0000    0.0000    0.0000  32.00
  33.00    1.2323E+00   -0.0058   -0.0356    0.0317   -0.0157    0.0055   -0.0059    0.0000    0.0000    0.0000  33.00
  34.00    1.1868E+00    0.0004   -0.0251    0.0306   -0.0149    0.0060   -0.0061    0.0000    0.0000    0.0000  34.00
  35.00    1.1403E+00    0.0070   -0.0142    0.0293   -0.0141    0.0065   -0.0064    0.0000    0.0000    0.0000  35.00
  36.00    1.0933E+00    0.0138   -0.0029    0.0280   -0.0132    0.0070   -0.0065    0.0000    0.0000    0.0000  36.00
  37.00    1.0461E+00    0.0208    0.0087    0.0265   -0.0123    0.0076   -0.0066    0.0000    0.0000    0.0000  37.00
  38.00    9.9901E-01    0.0280    0.0206    0.0249   -0.0114    0.0083   -0.0067    0.0000    0.0000    0.0000  38.00
  39.00    9.5224E-01    0.0354    0.0327    0.0233   -0.0105    0.0090   -0.0067    0.0000    0.0000    0.0000  39.00
  40.00    9.0605E-01    0.0428    0.0449    0.0216   -0.0095    0.0097   -0.0067    0.0000    0.0000    0.0000  40.00
  41.00    8.6064E-01    0.0504    0.0572    0.0200   -0.0085    0.0104   -0.0067    0.0000    0.0000    0.0000  41.00
  42.00    8.1616E-01    0.0579    0.0694    0.0183   -0.0076    0.0112   -0.0067    0.0000    0.0000    0.0000  42.00
  43.00    7.7275E-01    0.0654    0.0815    0.0167   -0.0066    0.0121   -0.0068    0.0000    0.0000    0.0000  43.00
  44.00    7.3051E-01    0.0728    0.0934    0.0151   -0.0057    0.0130   -0.0068    0.0000    0.0000    0.0000  44.00
  45.00    6.8952E-01    0.0801    0.1050    0.0137   -0.0048    0.0139   -0.0069    0.0000    0.0000    0.0000  45.00
  46.00    6.4986E-01    0.0872    0.1162    0.0123   -0.0039    0.0149   -0.0071    0.0000    0.0000    0.0000  46.00
  47.00    6.1158E-01    0.0942    0.1270    0.0110   -0.0031    0.0159   -0.0073    0.0000    0.0000    0.0000  47.00
  48.00    5.7472E-01    0.1010    0.1373    0.0099   -0.0024    0.0170   -0.0075    0.0000    0.0000    0.0000  48.00
  49.00    5.3932E-01    0.1076    0.1470    0.0089   -0.0017    0.0181   -0.0078    0.0000    0.0000    0.0000  49.00
  50.00    5.0543E-01    0.1140    0.1561    0.0081   -0.0011    0.0192   -0.0081    0.0000    0.0000    0.0000  50.00
  51.00    4.7309E-01    0.1202    0.1646    0.0075   -0.0006    0.0204   -0.0084    0.0000    0.0000    0.0000  51.00
  52.00    4.4231E-01    0.1262    0.1724    0.0071   -0.0002    0.0216   -0.0088    0.0000    0.0000    0.0000  52.00
  53.00    4.1315E-01    0.1320    0.1795    0.0069    0.0000    0.0229   -0.0093    0.0000    0.0000    0.0000  53.00
  54.00    3.8562E-01    0.1376    0.1861    0.0071    0.0001    0.0242   -0.0097    0.0000    0.0000    0.0000  54.00
  55.00    3.5974E-01    0.1431    0.1920    0.0075    0.0000    0.0256   -0.0102    0.0000    0.0000    0.0000  55.00
  56.00    3.3553E-01    0.1484    0.1973    0.0084   -0.0002    0.0269   -0.0107    0.0000    0.0000    0.0000  56.00
  57.00    3.1301E-01    0.1536    0.2021    0.0095   -0.0007    0.0283   -0.0112    0.0000    0.0000    0.0000  57.00
  58.00    2.9216E-01    0.1587    0.2065    0.0112   -0.0014    0.0297   -0.0117    0.0000    0.0000    0.0000  58.00
  59.00    2.7296E-01    0.1637    0.2105    0.0132   -0.0024    0.0311   -0.0122    0.0000    0.0000    0.0000  59.00
  60.00    2.5540E-01    0.1686    0.2142    0.0158   -0.0037    0.0325   -0.0127    0.0000    0.0000    0.0000  60.00
  61.00    2.3943E-01    0.1734    0.2177    0.0189   -0.0053    0.0339   -0.0132    0.0000    0.0000    0.0000  61.00
  62.00    2.2499E-01    0.1780    0.2211    0.0226   -0.0072    0.0352   -0.0138    0.0000    0.0000    0.0000  62.00
  63.00    2.1202E-01    0.1826    0.2246    0.0269   -0.0094    0.0364   -0.0143    0.0000    0.0000    0.0000  63.00
  64.00    2.0045E-01    0.1870    0.2282    0.0317   -0.0120    0.0375   -0.0149    0.0000    0.0000    0.0000  64.00
  65.00    1.9020E-01    0.1913    0.2321    0.0371   -0.0148    0.0386   -0.0156    0.0000    0.0000    0.0000  65.00
  66.00    1.8116E-01    0.1955    0.2362    0.0430   -0.0180    0.0395   -0.0162    0.0000    0.0000    0.0000  66.00
  67.00    1.7325E-01    0.1995    0.2407    0.0495   -0.0214    0.0403   -0.0170    0.0000    0.0000    0.0000  67.00
  68.00    1.6638E-01    0.2034    0.2456    0.0563   -0.0250    0.0410   -0.0178    0.0000    0.0000    0.0000  68.00
  69.00    1.6043E-01    0.2071    0.2509    0.0635   -0.0288    0.0415   -0.0187    0.0000    0.0000    0.0000  69.00
  70.00    1.5533E-01    0.2108    0.2567    0.0710   -0.0327    0.0419   -0.0197    0.0000    0.0000    0.0000  70.00
  71.00    1.5097E-01    0.2143    0.2629    0.0787   -0.0367    0.0422   -0.0208    0.0000    0.0000    0.0000  71.00
  72.00    1.4727E-01    0.2178    0.2696    0.0866   -0.0408    0.0424   -0.0220    0.0000    0.0000    0.0000  72.00
  73.00    1.4414E-01    0.2213    0.2765    0.0945   -0.0448    0.0424   -0.0232    0.0000    0.0000    0.0000  73.00
  74.00    1.4152E-01    0.2247    0.2838    0.1024   -0.0488    0.0424   -0.0246    0.0000    0.0000    0.0000  74.00
  75.00    1.3932E-01    0.2280    0.2913    0.1102   -0.0528    0.0423   -0.0260    0.0000    0.0000    0.0000  75.00
  76.00    1.3749E-01    0.2314    0.2989    0.1179   -0.0566    0.0422   -0.0274    0.0000    0.0000    0.0000  76.00
  77.00    1.3596E-01    0.2346    0.3066    0.1254   -0.0603    0.0420   -0.0289    0.0000    0.0000    0.0000  77.00
  78.00    1.3469E-01    0.2378    0.3143    0.1326   -0.0639    0.0418   -0.0304    0.0000    0.0000    0.0000  78.00
  79.00    1.3361E-01    0.2408    0.3219    0.1396   -0.0673    0.0415   -0.0319    0.0000    0.0000    0.0000  79.00
  80.00    1.3270E-01    0.2436    0.3292    0.1463   -0.0705    0.0412   -0.0334    0.0000    0.0000    0.0000  80.00
  81.00    1.3191E-01    0.2462    0.3362    0.1526   -0.0736    0.0410   -0.0349    0.0000    0.0000    0.0000  81.00
  82.00    1.3119E-01    0.2484    0.3427    0.1585   -0.0764    0.0407   -0.0363    0.0000    0.0000    0.0000  82.00
  83.00    1.3053E-01    0.2502    0.3488    0.1641   -0.0791    0.0405   -0.0377    0.0000    0.0000    0.0000  83.00
  84.00    1.2987E-01    0.2514    0.3541    0.1691   -0.0815    0.0403   -0.0389    0.0000    0.0000    0.0000  84.00
  85.00    1.2921E-01    0.2521    0.3588    0.1737   -0.0837    0.0401   -0.0401    0.0000    0.0000    0.0000  85.00
  86.00    1.2850E-01    0.2521    0.3627    0.1778   -0.0856    0.0400   -0.0411    0.0000    0.0000    0.0000  86.00
  87.00    1.2772E-01    0.2513    0.3657    0.1814   -0.0873    0.0399   -0.0420    0.0000    0.0000    0.0000  87.00
  88.00    1.2686E-01    0.2498    0.3677    0.1844   -0.0888    0.0398   -0.0427    0.0000    0.0000    0.0000  88.00
  89.00    1.2590E-01    0.2473    0.3689    0.1868   -0.0900    0.0398   -0.0432    0.0000    0.0000    0.0000  89.00
0Tot-sig   3.8204E+00
1Inelastic  36S(d,p)@ 16MeV    5122 keV  0g9/2 unbound ZR                  0/00/00
    THETA  -2                               -1                                0                                1   THETA cos(theta)
     0.00  |++++++++++++++++++++++++++++++++|++++++++++++++++++++++++++++++++|+++*++++++++++++++++++++++++++++|+    0.00    1.0000
     1.00  +                                                                     *                             +    1.00    0.9998
     2.00  +                                                                     *                             +    2.00    0.9994
     3.00  +                                                                     *                             +    3.00    0.9986
     4.00  +                                                                     *                             +    4.00    0.9976
     5.00  +                                                                     *                             +    5.00    0.9962
     6.00  +                                                                      *                            +    6.00    0.9945
     7.00  +                                                                      *                            +    7.00    0.9925
     8.00  +                                                                      *                            +    8.00    0.9903
     9.00  +                                                                      *                            +    9.00    0.9877
    10.00  +                                                                      *                            +   10.00    0.9848
    11.00  +                                                                       *                           +   11.00    0.9816
    12.00  +                                                                       *                           +   12.00    0.9781
    13.00  +                                                                       *                           +   13.00    0.9744
    14.00  +                                                                       *                           +   14.00    0.9703
    15.00  +                                                                       *                           +   15.00    0.9659
    16.00  +                                                                       *                           +   16.00    0.9613
    17.00  +                                                                       *                           +   17.00    0.9563
    18.00  +                                                                        *                          +   18.00    0.9511
    19.00  +                                                                        *                          +   19.00    0.9455
    20.00  +                                                                        *                          +   20.00    0.9397
    21.00  +                                                                        *                          +   21.00    0.9336
    22.00  +                                                                       *                           +   22.00    0.9272
    23.00  +                                                                       *                           +   23.00    0.9205
    24.00  +                                                                       *                           +   24.00    0.9135
    25.00  +                                                                       *                           +   25.00    0.9063
    26.00  +                                                                       *                           +   26.00    0.8988
    27.00  +                                                                      *                            +   27.00    0.8910
    28.00  +                                                                      *                            +   28.00    0.8829
    29.00  +                                                                      *                            +   29.00    0.8746
    30.00  +                                                                     *                             +   30.00    0.8660
    31.00  +                                                                     *                             +   31.00    0.8572
    32.00  +                                                                    *                              +   32.00    0.8480
    33.00  +                                                                    *                              +   33.00    0.8387
    34.00  +                                                                   *                               +   34.00    0.8290
    35.00  +                                                                   *                               +   35.00    0.8192
    36.00  +                                                                  *                                +   36.00    0.8090
    37.00  +                                                                  *                                +   37.00    0.7986
    38.00  +                                                                 *                                 +   38.00    0.7880
    39.00  +                                                                *                                  +   39.00    0.7771
    40.00  +                                                                *                                  +   40.00    0.7660
    41.00  +                                                               *                                   +   41.00    0.7547
    42.00  +                                                              *                                    +   42.00    0.7431
    43.00  +                                                             *                                     +   43.00    0.7314
    44.00  +                                                            *                                      +   44.00    0.7193
    45.00  +                                                            *                                      +   45.00    0.7071
    46.00  +                                                           *                                       +   46.00    0.6947
    47.00  +                                                          *                                        +   47.00    0.6820
    48.00  +                                                         *                                         +   48.00    0.6691
    49.00  +                                                        *                                          +   49.00    0.6561
    50.00  +                                                       *                                           +   50.00    0.6428
    51.00  +                                                      *                                            +   51.00    0.6293
    52.00  +                                                     *                                             +   52.00    0.6157
    53.00  +                                                    *                                              +   53.00    0.6018
    54.00  +                                                   *                                               +   54.00    0.5878
    55.00  +                                                  *                                                +   55.00    0.5736
    56.00  +                                                 *                                                 +   56.00    0.5592
    57.00  +                                                *                                                  +   57.00    0.5446
    58.00  +                                               *                                                   +   58.00    0.5299
    59.00  +                                              *                                                    +   59.00    0.5150
    60.00  +                                             *                                                     +   60.00    0.5000
    61.00  +                                             *                                                     +   61.00    0.4848
    62.00  +                                            *                                                      +   62.00    0.4695
    63.00  +                                           *                                                       +   63.00    0.4540
    64.00  +                                          *                                                        +   64.00    0.4384
    65.00  +                                         *                                                         +   65.00    0.4226
    66.00  +                                         *                                                         +   66.00    0.4067
    67.00  +                                        *                                                          +   67.00    0.3907
    68.00  +                                       *                                                           +   68.00    0.3746
    69.00  +                                       *                                                           +   69.00    0.3584
    70.00  +                                      *                                                            +   70.00    0.3420
    71.00  +                                      *                                                            +   71.00    0.3256
    72.00  +                                      *                                                            +   72.00    0.3090
    73.00  +                                     *                                                             +   73.00    0.2924
    74.00  +                                     *                                                             +   74.00    0.2756
    75.00  +                                     *                                                             +   75.00    0.2588
    76.00  +                                     *                                                             +   76.00    0.2419
    77.00  +                                    *                                                              +   77.00    0.2250
    78.00  +                                    *                                                              +   78.00    0.2079
    79.00  +                                    *                                                              +   79.00    0.1908
    80.00  +                                    *                                                              +   80.00    0.1736
    81.00  +                                    *                                                              +   81.00    0.1564
    82.00  +                                    *                                                              +   82.00    0.1392
    83.00  +                                    *                                                              +   83.00    0.1219
    84.00  +                                    *                                                              +   84.00    0.1045
    85.00  +                                    *                                                              +   85.00    0.0872
    86.00  +                                    *                                                              +   86.00    0.0698
    87.00  +                                    *                                                              +   87.00    0.0523
    88.00  +                                   *                                                               +   88.00    0.0349
    89.00  |++++++++++++++++++++++++++++++++|++*+++++++++++++++++++++++++++++|++++++++++++++++++++++++++++++++|+   89.00    0.0175
    THETA  -2                               -1                                0                                1   THETA cos(theta)
1Asymmetry  36S(d,p)@ 16MeV    5122 keV  0g9/2 unbound ZR                  0/00/00
    THETA  -1                                                 0                                                 1  THETA cos(theta)
     0.00  |+++++++++++++++++++++++++++++++++++++++++++++++++*+++++++++++++++++++++++++++++++++++++++++++++++++|    0.00    1.0000
     1.00  +                                                *+                                                 +    1.00    0.9998
     2.00  +                                                *+                                                 +    2.00    0.9994
     3.00  +                                               * +                                                 +    3.00    0.9986
     4.00  +                                              *  +                                                 +    4.00    0.9976
     5.00  +                                              *  +                                                 +    5.00    0.9962
     6.00  +                                             *   +                                                 +    6.00    0.9945
     7.00  +                                             *   +                                                 +    7.00    0.9925
     8.00  +                                            *    +                                                 +    8.00    0.9903
     9.00  +                                            *    +                                                 +    9.00    0.9877
    10.00  +                                            *    +                                                 +   10.00    0.9848
    11.00  +                                           *     +                                                 +   11.00    0.9816
    12.00  +                                           *     +                                                 +   12.00    0.9781
    13.00  +                                           *     +                                                 +   13.00    0.9744
    14.00  +                                           *     +                                                 +   14.00    0.9703
    15.00  +                                           *     +                                                 +   15.00    0.9659
    16.00  +                                           *     +                                                 +   16.00    0.9613
    17.00  +                                           *     +                                                 +   17.00    0.9563
    18.00  +                                           *     +                                                 +   18.00    0.9511
    19.00  +                                           *     +                                                 +   19.00    0.9455
    20.00  +                                           *     +                                                 +   20.00    0.9397
    21.00  +                                           *     +                                                 +   21.00    0.9336
    22.00  +                                           *     +                                                 +   22.00    0.9272
    23.00  +                                           *     +                                                 +   23.00    0.9205
    24.00  +                                            *    +                                                 +   24.00    0.9135
    25.00  +                                            *    +                                                 +   25.00    0.9063
    26.00  +                                            *    +                                                 +   26.00    0.8988
    27.00  +                                             *   +                                                 +   27.00    0.8910
    28.00  +                                             *   +                                                 +   28.00    0.8829
    29.00  +                                             *   +                                                 +   29.00    0.8746
    30.00  +                                              *  +                                                 +   30.00    0.8660
    31.00  +                                              *  +                                                 +   31.00    0.8572
    32.00  +                                               * +                                                 +   32.00    0.8480
    33.00  +                                               * +                                                 +   33.00    0.8387
    34.00  +                                                *+                                                 +   34.00    0.8290
    35.00  +                                                *+                                                 +   35.00    0.8192
    36.00  +                                                 *                                                 +   36.00    0.8090
    37.00  +                                                 *                                                 +   37.00    0.7986
    38.00  +                                                 +*                                                +   38.00    0.7880
    39.00  +                                                 + *                                               +   39.00    0.7771
    40.00  +                                                 + *                                               +   40.00    0.7660
    41.00  +                                                 +  *                                              +   41.00    0.7547
    42.00  +                                                 +  *                                              +   42.00    0.7431
    43.00  +                                                 +   *                                             +   43.00    0.7314
    44.00  +                                                 +    *                                            +   44.00    0.7193
    45.00  +                                                 +    *                                            +   45.00    0.7071
    46.00  +                                                 +     *                                           +   46.00    0.6947
    47.00  +                                                 +     *                                           +   47.00    0.6820
    48.00  +                                                 +      *                                          +   48.00    0.6691
    49.00  +                                                 +      *                                          +   49.00    0.6561
    50.00  +                                                 +       *                                         +   50.00    0.6428
    51.00  +                                                 +       *                                         +   51.00    0.6293
    52.00  +                                                 +        *                                        +   52.00    0.6157
    53.00  +                                                 +        *                                        +   53.00    0.6018
    54.00  +                                                 +        *                                        +   54.00    0.5878
    55.00  +                                                 +         *                                       +   55.00    0.5736
    56.00  +                                                 +         *                                       +   56.00    0.5592
    57.00  +                                                 +         *                                       +   57.00    0.5446
    58.00  +                                                 +         *                                       +   58.00    0.5299
    59.00  +                                                 +          *                                      +   59.00    0.5150
    60.00  +                                                 +          *                                      +   60.00    0.5000
    61.00  +                                                 +          *                                      +   61.00    0.4848
    62.00  +                                                 +          *                                      +   62.00    0.4695
    63.00  +                                                 +          *                                      +   63.00    0.4540
    64.00  +                                                 +          *                                      +   64.00    0.4384
    65.00  +                                                 +           *                                     +   65.00    0.4226
    66.00  +                                                 +           *                                     +   66.00    0.4067
    67.00  +                                                 +           *                                     +   67.00    0.3907
    68.00  +                                                 +           *                                     +   68.00    0.3746
    69.00  +                                                 +            *                                    +   69.00    0.3584
    70.00  +                                                 +            *                                    +   70.00    0.3420
    71.00  +                                                 +            *                                    +   71.00    0.3256
    72.00  +                                                 +            *                                    +   72.00    0.3090
    73.00  +                                                 +             *                                   +   73.00    0.2924
    74.00  +                                                 +             *                                   +   74.00    0.2756
    75.00  +                                                 +              *                                  +   75.00    0.2588
    76.00  +                                                 +              *                                  +   76.00    0.2419
    77.00  +                                                 +              *                                  +   77.00    0.2250
    78.00  +                                                 +               *                                 +   78.00    0.2079
    79.00  +                                                 +               *                                 +   79.00    0.1908
    80.00  +                                                 +               *                                 +   80.00    0.1736
    81.00  +                                                 +                *                                +   81.00    0.1564
    82.00  +                                                 +                *                                +   82.00    0.1392
    83.00  +                                                 +                *                                +   83.00    0.1219
    84.00  +                                                 +                 *                               +   84.00    0.1045
    85.00  +                                                 +                 *                               +   85.00    0.0872
    86.00  +                                                 +                 *                               +   86.00    0.0698
    87.00  +                                                 +                 *                               +   87.00    0.0523
    88.00  +                                                 +                 *                               +   88.00    0.0349
    89.00  |+++++++++++++++++++++++++++++++++++++++++++++++++|+++++++++++++++++*+++++++++++++++++++++++++++++++|   89.00    0.0175
    THETA  -1                                                 0                                                 1  THETA cos(theta)
1DWUCK4-DISTORTED WAVES U.COLORADO- PC-VERSION  12/Jan /1995
 Elapsed time in seconds =   0.00
 Elapsed time in seconds =   0.00
0CONTROL INTEGERS
  1 2 3 4 5 6 7 8 9 A B C D E F G H I J K    RUN IDENTIFICATION                                             0/00/00   0.00.00
  1 0 1 1 0 0 0 0 3 0 0 0 0 0 0 0 0 0 0 0    36S(d,p)@ 16MeV    5505 keV  0f5/2 unbound ZR               
 36S(d,p)@ 16MeV    5505 keV  0f5/2 unbound ZR               
 Adwck4 entered
0ANGLE DATA          THETN=  90.0000   THET1=   0.0000   DTHET=   1.0000   A-ANG=   0.0000   B-ANG=   0.0000
0CARD SET 3 DATA     LMAX =  15          LTR=   3
                     NLTR =   1        2*JTR=   5
0CARD SET 4 DATA     DRF  =   0.1000   RZ   =   0.0000   RMAX = -15.0000   VCE  =   0.0000   FNRNG=   0.0000
 PARTICLE DATA 
0PARTICLE 1*******************************************************************************************************************
 INPUT DATA          ELAB =  16.0000   RC0  =   1.3030   AC   =   0.0000   2*STR=   2.0000
                     MASSP=   2.0000   MASST=  36.0000   Q    =   0.0000
                     ZP   =   1.0000   ZT   =  16.0000   PNLOC=   0.0000
 
 DERIVED DATA        ECM  =  15.1579   RC   =   4.3024   RHO  =   5.0434
                     K    =   1.1722   ETA  =   0.8909   DR   =   0.1000
0POTENTIAL PARAMETERS
 NX=1 VOLUME  W-S    V RL = -92.9760   R0RL =   1.1500   A RL =   0.7610   R RL =   3.7972   VSOR =   0.0000
                     V IM =  -1.6020   R0IM =   1.3350   A IM =   0.5250   R IM =   4.4081   VSOI =   0.0000   POWR =   0.0000
 NX=2 SURFACE W-S    V RL =   0.0000   R0RL =   0.0000   A RL =   0.0000   R RL =   0.0000   VSOR =   0.0000
                     V IM =  51.6430   R0IM =   1.3800   A IM =   0.7360   R IM =   4.5567   VSOI =   0.0000   POWR =   0.0000
 NX=4 L*S VOLUME     V RL = -14.2280   R0RL =   0.9720   A RL =   1.0110   R RL =   3.2095   VSOR =   0.0000
                     V IM =   0.0000   R0IM =   0.0000   A IM =   0.0000   R IM =   0.0000   VSOI =   0.0000   POWR =   0.0000
0PARTICLE 2*******************************************************************************************************************
 INPUT DATA          ELAB =  12.0490   RC0  =   1.2920   AC   =   0.0000   2*STR=   1.0000
                     MASSP=   1.0000   MASST=  37.0000   Q    =  -3.4260
                     ZP   =   1.0000   ZT   =  16.0000   PNLOC=   0.0000
 
 DERIVED DATA        ECM  =  11.7319   RC   =   4.3052   RHO  =   3.1828
                     K    =   0.7393   ETA  =   0.7259   DR   =   0.0973
0POTENTIAL PARAMETERS
 NX=1 VOLUME  W-S    V RL = -58.4790   R0RL =   1.1820   A RL =   0.6720   R RL =   3.9387   VSOR =   0.0000
                     V IM =  -1.2320   R0IM =   1.1820   A IM =   0.6720   R IM =   3.9387   VSOI =   0.0000   POWR =   0.0000
 NX=2 SURFACE W-S    V RL =   0.0000   R0RL =   0.0000   A RL =   0.0000   R RL =   0.0000   VSOR =   0.0000
                     V IM =  37.1210   R0IM =   1.2900   A IM =   0.5380   R IM =   4.2986   VSOI =   0.0000   POWR =   0.0000
 NX=4 L*S VOLUME     V RL = -22.4560   R0RL =   0.9910   A RL =   0.5900   R RL =   3.3022   VSOR =   0.0000
                     V IM =   0.2610   R0IM =   0.9910   A IM =   0.5900   R IM =   3.3022   VSOI =   0.0000   POWR =   0.0000
136S(d,p)@ 16MeV    5505 keV  0f5/2 unbound ZR                  0/ 0/ 0
0FORM FACTOR DATA 
0PARTICLE 3*******************************************************************************************************************
 INPUT DATA          ELAB =   1.2010   RC0  =   1.3000   AC   =   0.0000   2*STR=   1.0000
                     MASSP=   1.0000   MASST=  36.0000   Q    =   1.2010
                     ZP   =   0.0000   ZT   =  16.0000   PNLOC=   0.0000
 
 DERIVED DATA        ECM  =   1.2010   RC   =   4.2925   RHO  =   1.0150
                     K    =   0.2365   ETA  =   0.0000   DR   =   0.1000
0POTENTIAL PARAMETERS
 NX=1 VOLUME  W-S    V RL =  -1.0000   R0RL =   1.2800   A RL =   0.6500   R RL =   4.2265   VSOR =  24.0000
                     V IM =   0.0000   R0IM =   0.0000   A IM =   0.0000   R IM =   0.0000   VSOI =   0.0000   POWR =   0.0000
 
                     NODES=   0.0000   L    =   3.0000   2*J  =   5.0000   2*S  =   1.0000   FISW =   0.0000
 
0SINGLE PARTICLE WIDTH = 2.3096E -2  MEV     VOLUME TERM =  4.4476E+02     SURFACE TERM = -4.9262E+00
                     V    =  48.2659   DET  =   0.0000   NODES=   0.0000   RM   =   4.8500   E    =   1.2010   ITER.=   4
0                    LMAX =  15        NSTEP= 150        NLTR =   1
 Bdwck4 entered
   Subroutine INTEG  entered
0REACSIG 1   1.51370E+02                                             REACSIG 2   9.73125E+01
   Subroutine RADINT entered
136S(d,p)@ 16MeV    5505 keV  0f5/2 unbound ZR                  0/00/00
0BASIC DATA          DR   =   0.1000   RMIN =   0.0000   RMAX =  15.0000   COUEX=   0.0000     IS1=   1.0000
                     FNRNG=   0.0000   PNLC1=   0.0000   PNLC2=   0.0000   PNLC3=   0.0000     IS2=   0.5000
 ANG MOM TRANSFER    LTR  =   3.       2*JTR=   5.       2*STR=   1.       Q    =  -3.4260
   Subroutine INSIG  entered
0 Theta Inelsig,fm**2      Polz       Asy       Ayy       A22       A21       A20       T22       T21       T20  Theta
   0.00    3.1072E+00    0.0000    0.0000    0.0044    0.0000    0.0000   -0.0057    0.0000    0.0000    0.0000   0.00
   1.00    3.1055E+00    0.0045    0.0090    0.0046   -0.0001   -0.0001   -0.0058    0.0000    0.0000    0.0000   1.00
   2.00    3.1005E+00    0.0090    0.0179    0.0051   -0.0003   -0.0002   -0.0060    0.0000    0.0000    0.0000   2.00
   3.00    3.0920E+00    0.0134    0.0268    0.0059   -0.0006   -0.0003   -0.0063    0.0000    0.0000    0.0000   3.00
   4.00    3.0798E+00    0.0178    0.0354    0.0070   -0.0010   -0.0004   -0.0068    0.0000    0.0000    0.0000   4.00
   5.00    3.0638E+00    0.0221    0.0439    0.0084   -0.0016   -0.0006   -0.0074    0.0000    0.0000    0.0000   5.00
   6.00    3.0438E+00    0.0263    0.0521    0.0101   -0.0023   -0.0007   -0.0081    0.0000    0.0000    0.0000   6.00
   7.00    3.0194E+00    0.0304    0.0600    0.0120   -0.0030   -0.0008   -0.0089    0.0000    0.0000    0.0000   7.00
   8.00    2.9904E+00    0.0344    0.0676    0.0140   -0.0038   -0.0009   -0.0099    0.0000    0.0000    0.0000   8.00
   9.00    2.9564E+00    0.0382    0.0749    0.0163   -0.0047   -0.0011   -0.0108    0.0000    0.0000    0.0000   9.00
  10.00    2.9173E+00    0.0420    0.0819    0.0187   -0.0057   -0.0012   -0.0119    0.0000    0.0000    0.0000  10.00
  11.00    2.8729E+00    0.0455    0.0884    0.0211   -0.0066   -0.0014   -0.0130    0.0000    0.0000    0.0000  11.00
  12.00    2.8228E+00    0.0490    0.0946    0.0237   -0.0076   -0.0015   -0.0141    0.0000    0.0000    0.0000  12.00
  13.00    2.7672E+00    0.0522    0.1005    0.0262   -0.0087   -0.0017   -0.0153    0.0000    0.0000    0.0000  13.00
  14.00    2.7058E+00    0.0553    0.1060    0.0288   -0.0097   -0.0019   -0.0164    0.0000    0.0000    0.0000  14.00
  15.00    2.6389E+00    0.0583    0.1111    0.0314   -0.0107   -0.0021   -0.0176    0.0000    0.0000    0.0000  15.00
  16.00    2.5665E+00    0.0611    0.1158    0.0339   -0.0116   -0.0023   -0.0188    0.0000    0.0000    0.0000  16.00
  17.00    2.4890E+00    0.0636    0.1201    0.0363   -0.0126   -0.0025   -0.0199    0.0000    0.0000    0.0000  17.00
  18.00    2.4067E+00    0.0660    0.1241    0.0387   -0.0135   -0.0027   -0.0210    0.0000    0.0000    0.0000  18.00
  19.00    2.3200E+00    0.0682    0.1277    0.0410   -0.0144   -0.0029   -0.0221    0.0000    0.0000    0.0000  19.00
  20.00    2.2295E+00    0.0702    0.1310    0.0432   -0.0152   -0.0031   -0.0232    0.0000    0.0000    0.0000  20.00
  21.00    2.1359E+00    0.0719    0.1338    0.0453   -0.0160   -0.0034   -0.0242    0.0000    0.0000    0.0000  21.00
  22.00    2.0397E+00    0.0734    0.1362    0.0472   -0.0167   -0.0036   -0.0252    0.0000    0.0000    0.0000  22.00
  23.00    1.9416E+00    0.0746    0.1382    0.0490   -0.0174   -0.0038   -0.0261    0.0000    0.0000    0.0000  23.00
  24.00    1.8425E+00    0.0756    0.1398    0.0507   -0.0180   -0.0041   -0.0269    0.0000    0.0000    0.0000  24.00
  25.00    1.7430E+00    0.0762    0.1408    0.0522   -0.0186   -0.0044   -0.0277    0.0000    0.0000    0.0000  25.00
  26.00    1.6438E+00    0.0766    0.1414    0.0536   -0.0191   -0.0046   -0.0285    0.0000    0.0000    0.0000  26.00
  27.00    1.5456E+00    0.0767    0.1415    0.0549   -0.0195   -0.0049   -0.0291    0.0000    0.0000    0.0000  27.00
  28.00    1.4490E+00    0.0764    0.1411    0.0560   -0.0199   -0.0052   -0.0297    0.0000    0.0000    0.0000  28.00
  29.00    1.3547E+00    0.0759    0.1402    0.0570   -0.0203   -0.0055   -0.0303    0.0000    0.0000    0.0000  29.00
  30.00    1.2631E+00    0.0750    0.1388    0.0578   -0.0206   -0.0057   -0.0307    0.0000    0.0000    0.0000  30.00
  31.00    1.1746E+00    0.0739    0.1370    0.0584   -0.0208   -0.0060   -0.0311    0.0000    0.0000    0.0000  31.00
  32.00    1.0897E+00    0.0726    0.1346    0.0590   -0.0209   -0.0063   -0.0314    0.0000    0.0000    0.0000  32.00
  33.00    1.0086E+00    0.0710    0.1320    0.0593   -0.0211   -0.0065   -0.0317    0.0000    0.0000    0.0000  33.00
  34.00    9.3158E-01    0.0693    0.1290    0.0595   -0.0211   -0.0067   -0.0318    0.0000    0.0000    0.0000  34.00
  35.00    8.5876E-01    0.0675    0.1257    0.0594   -0.0211   -0.0069   -0.0318    0.0000    0.0000    0.0000  35.00
  36.00    7.9025E-01    0.0658    0.1224    0.0592   -0.0209   -0.0071   -0.0318    0.0000    0.0000    0.0000  36.00
  37.00    7.2608E-01    0.0641    0.1191    0.0587   -0.0207   -0.0073   -0.0316    0.0000    0.0000    0.0000  37.00
  38.00    6.6626E-01    0.0627    0.1159    0.0579   -0.0204   -0.0074   -0.0313    0.0000    0.0000    0.0000  38.00
  39.00    6.1072E-01    0.0616    0.1131    0.0569   -0.0200   -0.0074   -0.0309    0.0000    0.0000    0.0000  39.00
  40.00    5.5939E-01    0.0610    0.1106    0.0554   -0.0193   -0.0075   -0.0304    0.0000    0.0000    0.0000  40.00
  41.00    5.1215E-01    0.0609    0.1087    0.0536   -0.0186   -0.0074   -0.0297    0.0000    0.0000    0.0000  41.00
  42.00    4.6887E-01    0.0614    0.1075    0.0512   -0.0176   -0.0073   -0.0288    0.0000    0.0000    0.0000  42.00
  43.00    4.2938E-01    0.0628    0.1071    0.0484   -0.0163   -0.0072   -0.0277    0.0000    0.0000    0.0000  43.00
  44.00    3.9352E-01    0.0649    0.1074    0.0449   -0.0149   -0.0069   -0.0265    0.0000    0.0000    0.0000  44.00
  45.00    3.6110E-01    0.0680    0.1086    0.0408   -0.0131   -0.0066   -0.0250    0.0000    0.0000    0.0000  45.00
  46.00    3.3191E-01    0.0719    0.1105    0.0360   -0.0110   -0.0063   -0.0233    0.0000    0.0000    0.0000  46.00
  47.00    3.0575E-01    0.0766    0.1131    0.0305   -0.0086   -0.0058   -0.0215    0.0000    0.0000    0.0000  47.00
  48.00    2.8240E-01    0.0821    0.1162    0.0244   -0.0059   -0.0054   -0.0194    0.0000    0.0000    0.0000  48.00
  49.00    2.6165E-01    0.0882    0.1196    0.0176   -0.0029   -0.0048   -0.0173    0.0000    0.0000    0.0000  49.00
  50.00    2.4326E-01    0.0948    0.1231    0.0104    0.0004   -0.0042   -0.0150    0.0000    0.0000    0.0000  50.00
  51.00    2.2702E-01    0.1018    0.1264    0.0028    0.0038   -0.0037   -0.0126    0.0000    0.0000    0.0000  51.00
  52.00    2.1269E-01    0.1089    0.1294   -0.0050    0.0073   -0.0031   -0.0103    0.0000    0.0000    0.0000  52.00
  53.00    2.0007E-01    0.1160    0.1319   -0.0128    0.0109   -0.0025   -0.0080    0.0000    0.0000    0.0000  53.00
  54.00    1.8893E-01    0.1229    0.1337   -0.0204    0.0144   -0.0019   -0.0058    0.0000    0.0000    0.0000  54.00
  55.00    1.7907E-01    0.1295    0.1347   -0.0276    0.0178   -0.0014   -0.0038    0.0000    0.0000    0.0000  55.00
  56.00    1.7032E-01    0.1358    0.1350   -0.0343    0.0209   -0.0010   -0.0021    0.0000    0.0000    0.0000  56.00
  57.00    1.6249E-01    0.1417    0.1346   -0.0402    0.0237   -0.0006   -0.0006    0.0000    0.0000    0.0000  57.00
  58.00    1.5544E-01    0.1472    0.1335   -0.0452    0.0261   -0.0003    0.0006    0.0000    0.0000    0.0000  58.00
  59.00    1.4902E-01    0.1523    0.1319   -0.0494    0.0282   -0.0000    0.0014    0.0000    0.0000    0.0000  59.00
  60.00    1.4312E-01    0.1570    0.1300   -0.0525    0.0298    0.0001    0.0019    0.0000    0.0000    0.0000  60.00
  61.00    1.3765E-01    0.1615    0.1278   -0.0547    0.0310    0.0002    0.0020    0.0000    0.0000    0.0000  61.00
  62.00    1.3252E-01    0.1657    0.1255   -0.0559    0.0318    0.0003    0.0019    0.0000    0.0000    0.0000  62.00
  63.00    1.2767E-01    0.1698    0.1231   -0.0563    0.0321    0.0002    0.0015    0.0000    0.0000    0.0000  63.00
  64.00    1.2305E-01    0.1737    0.1208   -0.0559    0.0322    0.0001    0.0009    0.0000    0.0000    0.0000  64.00
  65.00    1.1862E-01    0.1774    0.1185   -0.0547    0.0318    0.0000    0.0000    0.0000    0.0000    0.0000  65.00
  66.00    1.1437E-01    0.1810    0.1162   -0.0530    0.0312   -0.0002   -0.0010    0.0000    0.0000    0.0000  66.00
  67.00    1.1026E-01    0.1845    0.1140   -0.0507    0.0304   -0.0004   -0.0021    0.0000    0.0000    0.0000  67.00
  68.00    1.0628E-01    0.1878    0.1118   -0.0481    0.0294   -0.0006   -0.0033    0.0000    0.0000    0.0000  68.00
  69.00    1.0244E-01    0.1910    0.1097   -0.0451    0.0282   -0.0009   -0.0046    0.0000    0.0000    0.0000  69.00
  70.00    9.8709E-02    0.1941    0.1075   -0.0419    0.0268   -0.0011   -0.0059    0.0000    0.0000    0.0000  70.00
  71.00    9.5096E-02    0.1970    0.1054   -0.0384    0.0253   -0.0014   -0.0071    0.0000    0.0000    0.0000  71.00
  72.00    9.1591E-02    0.1998    0.1034   -0.0348    0.0238   -0.0017   -0.0084    0.0000    0.0000    0.0000  72.00
  73.00    8.8191E-02    0.2026    0.1015   -0.0310    0.0221   -0.0020   -0.0096    0.0000    0.0000    0.0000  73.00
  74.00    8.4891E-02    0.2053    0.0998   -0.0270    0.0202   -0.0023   -0.0108    0.0000    0.0000    0.0000  74.00
  75.00    8.1688E-02    0.2081    0.0986   -0.0227    0.0183   -0.0025   -0.0120    0.0000    0.0000    0.0000  75.00
  76.00    7.8580E-02    0.2110    0.0978   -0.0181    0.0161   -0.0027   -0.0133    0.0000    0.0000    0.0000  76.00
  77.00    7.5566E-02    0.2141    0.0978   -0.0131    0.0137   -0.0028   -0.0145    0.0000    0.0000    0.0000  77.00
  78.00    7.2647E-02    0.2175    0.0986   -0.0075    0.0111   -0.0029   -0.0159    0.0000    0.0000    0.0000  78.00
  79.00    6.9825E-02    0.2211    0.1004   -0.0013    0.0081   -0.0029   -0.0175    0.0000    0.0000    0.0000  79.00
  80.00    6.7106E-02    0.2249    0.1033    0.0057    0.0048   -0.0027   -0.0192    0.0000    0.0000    0.0000  80.00
  81.00    6.4495E-02    0.2290    0.1073    0.0136    0.0010   -0.0025   -0.0211    0.0000    0.0000    0.0000  81.00
  82.00    6.2000E-02    0.2331    0.1123    0.0225   -0.0032   -0.0020   -0.0234    0.0000    0.0000    0.0000  82.00
  83.00    5.9628E-02    0.2372    0.1184    0.0323   -0.0078   -0.0014   -0.0259    0.0000    0.0000    0.0000  83.00
  84.00    5.7386E-02    0.2409    0.1252    0.0432   -0.0129   -0.0007   -0.0289    0.0000    0.0000    0.0000  84.00
  85.00    5.5281E-02    0.2441    0.1324    0.0550   -0.0184    0.0002   -0.0321    0.0000    0.0000    0.0000  85.00
  86.00    5.3315E-02    0.2464    0.1397    0.0677   -0.0243    0.0013   -0.0358    0.0000    0.0000    0.0000  86.00
  87.00    5.1492E-02    0.2475    0.1466    0.0812   -0.0304    0.0026   -0.0397    0.0000    0.0000    0.0000  87.00
  88.00    4.9808E-02    0.2471    0.1526    0.0952   -0.0367    0.0040   -0.0440    0.0000    0.0000    0.0000  88.00
  89.00    4.8259E-02    0.2450    0.1574    0.1095   -0.0431    0.0056   -0.0485    0.0000    0.0000    0.0000  89.00
0Tot-sig   3.2767E+00
1Inelastic  36S(d,p)@ 16MeV    5505 keV  0f5/2 unbound ZR                  0/00/00
    THETA  -2                               -1                                0                                1   THETA cos(theta)
     0.00  |++++++++++++++++++++++++++++++++|++++++++++++++++++++++++++++++++|+++++++++++++++*++++++++++++++++|+    0.00    1.0000
     1.00  +                                                                                 *                 +    1.00    0.9998
     2.00  +                                                                                 *                 +    2.00    0.9994
     3.00  +                                                                                 *                 +    3.00    0.9986
     4.00  +                                                                                 *                 +    4.00    0.9976
     5.00  +                                                                                 *                 +    5.00    0.9962
     6.00  +                                                                                 *                 +    6.00    0.9945
     7.00  +                                                                                 *                 +    7.00    0.9925
     8.00  +                                                                                 *                 +    8.00    0.9903
     9.00  +                                                                                 *                 +    9.00    0.9877
    10.00  +                                                                                *                  +   10.00    0.9848
    11.00  +                                                                                *                  +   11.00    0.9816
    12.00  +                                                                                *                  +   12.00    0.9781
    13.00  +                                                                                *                  +   13.00    0.9744
    14.00  +                                                                               *                   +   14.00    0.9703
    15.00  +                                                                               *                   +   15.00    0.9659
    16.00  +                                                                               *                   +   16.00    0.9613
    17.00  +                                                                              *                    +   17.00    0.9563
    18.00  +                                                                              *                    +   18.00    0.9511
    19.00  +                                                                             *                     +   19.00    0.9455
    20.00  +                                                                            *                      +   20.00    0.9397
    21.00  +                                                                            *                      +   21.00    0.9336
    22.00  +                                                                           *                       +   22.00    0.9272
    23.00  +                                                                           *                       +   23.00    0.9205
    24.00  +                                                                          *                        +   24.00    0.9135
    25.00  +                                                                         *                         +   25.00    0.9063
    26.00  +                                                                        *                          +   26.00    0.8988
    27.00  +                                                                       *                           +   27.00    0.8910
    28.00  +                                                                      *                            +   28.00    0.8829
    29.00  +                                                                     *                             +   29.00    0.8746
    30.00  +                                                                    *                              +   30.00    0.8660
    31.00  +                                                                   *                               +   31.00    0.8572
    32.00  +                                                                  *                                +   32.00    0.8480
    33.00  +                                                                 *                                 +   33.00    0.8387
    34.00  +                                                                *                                  +   34.00    0.8290
    35.00  +                                                               *                                   +   35.00    0.8192
    36.00  +                                                              *                                    +   36.00    0.8090
    37.00  +                                                            *                                      +   37.00    0.7986
    38.00  +                                                           *                                       +   38.00    0.7880
    39.00  +                                                          *                                        +   39.00    0.7771
    40.00  +                                                         *                                         +   40.00    0.7660
    41.00  +                                                       *                                           +   41.00    0.7547
    42.00  +                                                      *                                            +   42.00    0.7431
    43.00  +                                                     *                                             +   43.00    0.7314
    44.00  +                                                    *                                              +   44.00    0.7193
    45.00  +                                                  *                                                +   45.00    0.7071
    46.00  +                                                 *                                                 +   46.00    0.6947
    47.00  +                                                *                                                  +   47.00    0.6820
    48.00  +                                               *                                                   +   48.00    0.6691
    49.00  +                                              *                                                    +   49.00    0.6561
    50.00  +                                             *                                                     +   50.00    0.6428
    51.00  +                                            *                                                      +   51.00    0.6293
    52.00  +                                           *                                                       +   52.00    0.6157
    53.00  +                                          *                                                        +   53.00    0.6018
    54.00  +                                         *                                                         +   54.00    0.5878
    55.00  +                                        *                                                          +   55.00    0.5736
    56.00  +                                        *                                                          +   56.00    0.5592
    57.00  +                                       *                                                           +   57.00    0.5446
    58.00  +                                      *                                                            +   58.00    0.5299
    59.00  +                                      *                                                            +   59.00    0.5150
    60.00  +                                     *                                                             +   60.00    0.5000
    61.00  +                                     *                                                             +   61.00    0.4848
    62.00  +                                    *                                                              +   62.00    0.4695
    63.00  +                                    *                                                              +   63.00    0.4540
    64.00  +                                   *                                                               +   64.00    0.4384
    65.00  +                                  *                                                                +   65.00    0.4226
    66.00  +                                  *                                                                +   66.00    0.4067
    67.00  +                                 *                                                                 +   67.00    0.3907
    68.00  +                                 *                                                                 +   68.00    0.3746
    69.00  +                                *                                                                  +   69.00    0.3584
    70.00  +                                *                                                                  +   70.00    0.3420
    71.00  +                               *                                                                   +   71.00    0.3256
    72.00  +                               *                                                                   +   72.00    0.3090
    73.00  +                              *                                                                    +   73.00    0.2924
    74.00  +                              *                                                                    +   74.00    0.2756
    75.00  +                             *                                                                     +   75.00    0.2588
    76.00  +                             *                                                                     +   76.00    0.2419
    77.00  +                            *                                                                      +   77.00    0.2250
    78.00  +                           *                                                                       +   78.00    0.2079
    79.00  +                           *                                                                       +   79.00    0.1908
    80.00  +                          *                                                                        +   80.00    0.1736
    81.00  +                          *                                                                        +   81.00    0.1564
    82.00  +                         *                                                                         +   82.00    0.1392
    83.00  +                         *                                                                         +   83.00    0.1219
    84.00  +                        *                                                                          +   84.00    0.1045
    85.00  +                        *                                                                          +   85.00    0.0872
    86.00  +                       *                                                                           +   86.00    0.0698
    87.00  +                      *                                                                            +   87.00    0.0523
    88.00  +                      *                                                                            +   88.00    0.0349
    89.00  |++++++++++++++++++++++*+++++++++|++++++++++++++++++++++++++++++++|++++++++++++++++++++++++++++++++|+   89.00    0.0175
    THETA  -2                               -1                                0                                1   THETA cos(theta)
1Asymmetry  36S(d,p)@ 16MeV    5505 keV  0f5/2 unbound ZR                  0/00/00
    THETA  -1                                                 0                                                 1  THETA cos(theta)
     0.00  |+++++++++++++++++++++++++++++++++++++++++++++++++*+++++++++++++++++++++++++++++++++++++++++++++++++|    0.00    1.0000
     1.00  +                                                 *                                                 +    1.00    0.9998
     2.00  +                                                 +*                                                +    2.00    0.9994
     3.00  +                                                 +*                                                +    3.00    0.9986
     4.00  +                                                 + *                                               +    4.00    0.9976
     5.00  +                                                 + *                                               +    5.00    0.9962
     6.00  +                                                 +  *                                              +    6.00    0.9945
     7.00  +                                                 +  *                                              +    7.00    0.9925
     8.00  +                                                 +  *                                              +    8.00    0.9903
     9.00  +                                                 +   *                                             +    9.00    0.9877
    10.00  +                                                 +   *                                             +   10.00    0.9848
    11.00  +                                                 +   *                                             +   11.00    0.9816
    12.00  +                                                 +    *                                            +   12.00    0.9781
    13.00  +                                                 +    *                                            +   13.00    0.9744
    14.00  +                                                 +    *                                            +   14.00    0.9703
    15.00  +                                                 +     *                                           +   15.00    0.9659
    16.00  +                                                 +     *                                           +   16.00    0.9613
    17.00  +                                                 +     *                                           +   17.00    0.9563
    18.00  +                                                 +     *                                           +   18.00    0.9511
    19.00  +                                                 +     *                                           +   19.00    0.9455
    20.00  +                                                 +      *                                          +   20.00    0.9397
    21.00  +                                                 +      *                                          +   21.00    0.9336
    22.00  +                                                 +      *                                          +   22.00    0.9272
    23.00  +                                                 +      *                                          +   23.00    0.9205
    24.00  +                                                 +      *                                          +   24.00    0.9135
    25.00  +                                                 +      *                                          +   25.00    0.9063
    26.00  +                                                 +      *                                          +   26.00    0.8988
    27.00  +                                                 +      *                                          +   27.00    0.8910
    28.00  +                                                 +      *                                          +   28.00    0.8829
    29.00  +                                                 +      *                                          +   29.00    0.8746
    30.00  +                                                 +      *                                          +   30.00    0.8660
    31.00  +                                                 +      *                                          +   31.00    0.8572
    32.00  +                                                 +      *                                          +   32.00    0.8480
    33.00  +                                                 +      *                                          +   33.00    0.8387
    34.00  +                                                 +     *                                           +   34.00    0.8290
    35.00  +                                                 +     *                                           +   35.00    0.8192
    36.00  +                                                 +     *                                           +   36.00    0.8090
    37.00  +                                                 +     *                                           +   37.00    0.7986
    38.00  +                                                 +     *                                           +   38.00    0.7880
    39.00  +                                                 +     *                                           +   39.00    0.7771
    40.00  +                                                 +     *                                           +   40.00    0.7660
    41.00  +                                                 +    *                                            +   41.00    0.7547
    42.00  +                                                 +    *                                            +   42.00    0.7431
    43.00  +                                                 +    *                                            +   43.00    0.7314
    44.00  +                                                 +    *                                            +   44.00    0.7193
    45.00  +                                                 +    *                                            +   45.00    0.7071
    46.00  +                                                 +     *                                           +   46.00    0.6947
    47.00  +                                                 +     *                                           +   47.00    0.6820
    48.00  +                                                 +     *                                           +   48.00    0.6691
    49.00  +                                                 +     *                                           +   49.00    0.6561
    50.00  +                                                 +     *                                           +   50.00    0.6428
    51.00  +                                                 +     *                                           +   51.00    0.6293
    52.00  +                                                 +     *                                           +   52.00    0.6157
    53.00  +                                                 +      *                                          +   53.00    0.6018
    54.00  +                                                 +      *                                          +   54.00    0.5878
    55.00  +                                                 +      *                                          +   55.00    0.5736
    56.00  +                                                 +      *                                          +   56.00    0.5592
    57.00  +                                                 +      *                                          +   57.00    0.5446
    58.00  +                                                 +      *                                          +   58.00    0.5299
    59.00  +                                                 +      *                                          +   59.00    0.5150
    60.00  +                                                 +      *                                          +   60.00    0.5000
    61.00  +                                                 +     *                                           +   61.00    0.4848
    62.00  +                                                 +     *                                           +   62.00    0.4695
    63.00  +                                                 +     *                                           +   63.00    0.4540
    64.00  +                                                 +     *                                           +   64.00    0.4384
    65.00  +                                                 +     *                                           +   65.00    0.4226
    66.00  +                                                 +     *                                           +   66.00    0.4067
    67.00  +                                                 +     *                                           +   67.00    0.3907
    68.00  +                                                 +     *                                           +   68.00    0.3746
    69.00  +                                                 +    *                                            +   69.00    0.3584
    70.00  +                                                 +    *                                            +   70.00    0.3420
    71.00  +                                                 +    *                                            +   71.00    0.3256
    72.00  +                                                 +    *                                            +   72.00    0.3090
    73.00  +                                                 +    *                                            +   73.00    0.2924
    74.00  +                                                 +    *                                            +   74.00    0.2756
    75.00  +                                                 +    *                                            +   75.00    0.2588
    76.00  +                                                 +    *                                            +   76.00    0.2419
    77.00  +                                                 +    *                                            +   77.00    0.2250
    78.00  +                                                 +    *                                            +   78.00    0.2079
    79.00  +                                                 +    *                                            +   79.00    0.1908
    80.00  +                                                 +    *                                            +   80.00    0.1736
    81.00  +                                                 +    *                                            +   81.00    0.1564
    82.00  +                                                 +     *                                           +   82.00    0.1392
    83.00  +                                                 +     *                                           +   83.00    0.1219
    84.00  +                                                 +     *                                           +   84.00    0.1045
    85.00  +                                                 +      *                                          +   85.00    0.0872
    86.00  +                                                 +      *                                          +   86.00    0.0698
    87.00  +                                                 +      *                                          +   87.00    0.0523
    88.00  +                                                 +       *                                         +   88.00    0.0349
    89.00  |+++++++++++++++++++++++++++++++++++++++++++++++++|+++++++*+++++++++++++++++++++++++++++++++++++++++|   89.00    0.0175
    THETA  -1                                                 0                                                 1  THETA cos(theta)
1DWUCK4-DISTORTED WAVES U.COLORADO- PC-VERSION  12/Jan /1995
 Elapsed time in seconds =   0.00
 Elapsed time in seconds =   0.00
0CONTROL INTEGERS
  1 2 3 4 5 6 7 8 9 A B C D E F G H I J K    RUN IDENTIFICATION                                             0/00/00   0.00.00
  1 0 1 1 0 0 0 0 3 0 0 0 0 0 0 0 0 0 0 0    36S(d,p)@ 16MeV    5666 keV  0f5/2 unbound ZR               
 36S(d,p)@ 16MeV    5666 keV  0f5/2 unbound ZR               
 Adwck4 entered
0ANGLE DATA          THETN=  90.0000   THET1=   0.0000   DTHET=   1.0000   A-ANG=   0.0000   B-ANG=   0.0000
0CARD SET 3 DATA     LMAX =  15          LTR=   3
                     NLTR =   1        2*JTR=   5
0CARD SET 4 DATA     DRF  =   0.1000   RZ   =   0.0000   RMAX = -15.0000   VCE  =   0.0000   FNRNG=   0.0000
 PARTICLE DATA 
0PARTICLE 1*******************************************************************************************************************
 INPUT DATA          ELAB =  16.0000   RC0  =   1.3030   AC   =   0.0000   2*STR=   2.0000
                     MASSP=   2.0000   MASST=  36.0000   Q    =   0.0000
                     ZP   =   1.0000   ZT   =  16.0000   PNLOC=   0.0000
 
 DERIVED DATA        ECM  =  15.1579   RC   =   4.3024   RHO  =   5.0434
                     K    =   1.1722   ETA  =   0.8909   DR   =   0.1000
0POTENTIAL PARAMETERS
 NX=1 VOLUME  W-S    V RL = -92.9760   R0RL =   1.1500   A RL =   0.7610   R RL =   3.7972   VSOR =   0.0000
                     V IM =  -1.6020   R0IM =   1.3350   A IM =   0.5250   R IM =   4.4081   VSOI =   0.0000   POWR =   0.0000
 NX=2 SURFACE W-S    V RL =   0.0000   R0RL =   0.0000   A RL =   0.0000   R RL =   0.0000   VSOR =   0.0000
                     V IM =  51.9160   R0IM =   1.3800   A IM =   0.7360   R IM =   4.5567   VSOI =   0.0000   POWR =   0.0000
 NX=4 L*S VOLUME     V RL = -14.2280   R0RL =   0.9720   A RL =   1.0110   R RL =   3.2095   VSOR =   0.0000
                     V IM =   0.0000   R0IM =   0.0000   A IM =   0.0000   R IM =   0.0000   VSOI =   0.0000   POWR =   0.0000
0PARTICLE 2*******************************************************************************************************************
 INPUT DATA          ELAB =  11.8836   RC0  =   1.2920   AC   =   0.0000   2*STR=   1.0000
                     MASSP=   1.0000   MASST=  37.0000   Q    =  -3.5870
                     ZP   =   1.0000   ZT   =  16.0000   PNLOC=   0.0000
 
 DERIVED DATA        ECM  =  11.5709   RC   =   4.3052   RHO  =   3.1609
                     K    =   0.7342   ETA  =   0.7309   DR   =   0.0973
0POTENTIAL PARAMETERS
 NX=1 VOLUME  W-S    V RL = -58.5440   R0RL =   1.1820   A RL =   0.6720   R RL =   3.9387   VSOR =   0.0000
                     V IM =  -1.2450   R0IM =   1.1820   A IM =   0.6720   R IM =   3.9387   VSOI =   0.0000   POWR =   0.0000
 NX=2 SURFACE W-S    V RL =   0.0000   R0RL =   0.0000   A RL =   0.0000   R RL =   0.0000   VSOR =   0.0000
                     V IM =  37.1870   R0IM =   1.2900   A IM =   0.5380   R IM =   4.2986   VSOI =   0.0000   POWR =   0.0000
 NX=4 L*S VOLUME     V RL = -22.4560   R0RL =   0.9910   A RL =   0.5900   R RL =   3.3022   VSOR =   0.0000
                     V IM =   0.2640   R0IM =   0.9910   A IM =   0.5900   R IM =   3.3022   VSOI =   0.0000   POWR =   0.0000
136S(d,p)@ 16MeV    5666 keV  0f5/2 unbound ZR                  0/ 0/ 0
0FORM FACTOR DATA 
0PARTICLE 3*******************************************************************************************************************
 INPUT DATA          ELAB =   1.3620   RC0  =   1.3000   AC   =   0.0000   2*STR=   1.0000
                     MASSP=   1.0000   MASST=  36.0000   Q    =   1.3620
                     ZP   =   0.0000   ZT   =  16.0000   PNLOC=   0.0000
 
 DERIVED DATA        ECM  =   1.3620   RC   =   4.2925   RHO  =   1.0809
                     K    =   0.2518   ETA  =   0.0000   DR   =   0.1000
0POTENTIAL PARAMETERS
 NX=1 VOLUME  W-S    V RL =  -1.0000   R0RL =   1.2800   A RL =   0.6500   R RL =   4.2265   VSOR =  24.0000
                     V IM =   0.0000   R0IM =   0.0000   A IM =   0.0000   R IM =   0.0000   VSOI =   0.0000   POWR =   0.0000
 
                     NODES=   0.0000   L    =   3.0000   2*J  =   5.0000   2*S  =   1.0000   FISW =   0.0000
 
0SINGLE PARTICLE WIDTH = 3.4676E -2  MEV     VOLUME TERM =  3.1771E+02     SURFACE TERM = -5.7287E+00
                     V    =  47.8873   DET  =   0.0001   NODES=   0.0000   RM   =   4.9500   E    =   1.3620   ITER.=   4
0                    LMAX =  15        NSTEP= 150        NLTR =   1
 Bdwck4 entered
   Subroutine INTEG  entered
0REACSIG 1   1.51483E+02                                             REACSIG 2   9.71163E+01
   Subroutine RADINT entered
136S(d,p)@ 16MeV    5666 keV  0f5/2 unbound ZR                  0/00/00
0BASIC DATA          DR   =   0.1000   RMIN =   0.0000   RMAX =  15.0000   COUEX=   0.0000     IS1=   1.0000
                     FNRNG=   0.0000   PNLC1=   0.0000   PNLC2=   0.0000   PNLC3=   0.0000     IS2=   0.5000
 ANG MOM TRANSFER    LTR  =   3.       2*JTR=   5.       2*STR=   1.       Q    =  -3.5870
   Subroutine INSIG  entered
0 Theta Inelsig,fm**2      Polz       Asy       Ayy       A22       A21       A20       T22       T21       T20  Theta
   0.00    3.3800E+00    0.0000    0.0000    0.0039    0.0000    0.0000   -0.0049    0.0000    0.0000    0.0000   0.00
   1.00    3.3775E+00    0.0044    0.0089    0.0041   -0.0001   -0.0001   -0.0050    0.0000    0.0000    0.0000   1.00
   2.00    3.3701E+00    0.0088    0.0177    0.0045   -0.0002   -0.0002   -0.0052    0.0000    0.0000    0.0000   2.00
   3.00    3.3575E+00    0.0132    0.0265    0.0053   -0.0006   -0.0003   -0.0055    0.0000    0.0000    0.0000   3.00
   4.00    3.3399E+00    0.0176    0.0351    0.0064   -0.0010   -0.0004   -0.0060    0.0000    0.0000    0.0000   4.00
   5.00    3.3170E+00    0.0219    0.0436    0.0077   -0.0015   -0.0005   -0.0066    0.0000    0.0000    0.0000   5.00
   6.00    3.2888E+00    0.0261    0.0519    0.0093   -0.0021   -0.0006   -0.0073    0.0000    0.0000    0.0000   6.00
   7.00    3.2551E+00    0.0303    0.0600    0.0111   -0.0028   -0.0007   -0.0081    0.0000    0.0000    0.0000   7.00
   8.00    3.2158E+00    0.0344    0.0678    0.0131   -0.0036   -0.0008   -0.0090    0.0000    0.0000    0.0000   8.00
   9.00    3.1708E+00    0.0384    0.0754    0.0153   -0.0045   -0.0010   -0.0100    0.0000    0.0000    0.0000   9.00
  10.00    3.1200E+00    0.0423    0.0827    0.0176   -0.0054   -0.0011   -0.0111    0.0000    0.0000    0.0000  10.00
  11.00    3.0634E+00    0.0461    0.0898    0.0200   -0.0063   -0.0013   -0.0122    0.0000    0.0000    0.0000  11.00
  12.00    3.0009E+00    0.0498    0.0965    0.0225   -0.0073   -0.0014   -0.0133    0.0000    0.0000    0.0000  12.00
  13.00    2.9327E+00    0.0534    0.1029    0.0251   -0.0083   -0.0016   -0.0145    0.0000    0.0000    0.0000  13.00
  14.00    2.8589E+00    0.0569    0.1090    0.0277   -0.0093   -0.0017   -0.0157    0.0000    0.0000    0.0000  14.00
  15.00    2.7796E+00    0.0602    0.1147    0.0303   -0.0103   -0.0019   -0.0169    0.0000    0.0000    0.0000  15.00
  16.00    2.6952E+00    0.0633    0.1202    0.0329   -0.0113   -0.0021   -0.0181    0.0000    0.0000    0.0000  16.00
  17.00    2.6061E+00    0.0663    0.1253    0.0354   -0.0123   -0.0023   -0.0193    0.0000    0.0000    0.0000  17.00
  18.00    2.5127E+00    0.0691    0.1300    0.0379   -0.0132   -0.0025   -0.0205    0.0000    0.0000    0.0000  18.00
  19.00    2.4155E+00    0.0717    0.1344    0.0403   -0.0142   -0.0027   -0.0217    0.0000    0.0000    0.0000  19.00
  20.00    2.3152E+00    0.0741    0.1384    0.0426   -0.0150   -0.0030   -0.0228    0.0000    0.0000    0.0000  20.00
  21.00    2.2124E+00    0.0763    0.1421    0.0448   -0.0158   -0.0032   -0.0239    0.0000    0.0000    0.0000  21.00
  22.00    2.1077E+00    0.0783    0.1453    0.0469   -0.0166   -0.0034   -0.0249    0.0000    0.0000    0.0000  22.00
  23.00    2.0020E+00    0.0800    0.1481    0.0488   -0.0174   -0.0037   -0.0259    0.0000    0.0000    0.0000  23.00
  24.00    1.8958E+00    0.0814    0.1504    0.0507   -0.0180   -0.0039   -0.0269    0.0000    0.0000    0.0000  24.00
  25.00    1.7900E+00    0.0825    0.1522    0.0524   -0.0186   -0.0042   -0.0278    0.0000    0.0000    0.0000  25.00
  26.00    1.6851E+00    0.0833    0.1536    0.0539   -0.0192   -0.0045   -0.0286    0.0000    0.0000    0.0000  26.00
  27.00    1.5819E+00    0.0838    0.1544    0.0553   -0.0197   -0.0047   -0.0294    0.0000    0.0000    0.0000  27.00
  28.00    1.4809E+00    0.0840    0.1547    0.0566   -0.0202   -0.0050   -0.0301    0.0000    0.0000    0.0000  28.00
  29.00    1.3827E+00    0.0838    0.1544    0.0577   -0.0205   -0.0053   -0.0307    0.0000    0.0000    0.0000  29.00
  30.00    1.2877E+00    0.0833    0.1537    0.0587   -0.0209   -0.0056   -0.0312    0.0000    0.0000    0.0000  30.00
  31.00    1.1963E+00    0.0825    0.1524    0.0595   -0.0212   -0.0058   -0.0317    0.0000    0.0000    0.0000  31.00
  32.00    1.1089E+00    0.0815    0.1506    0.0601   -0.0214   -0.0061   -0.0321    0.0000    0.0000    0.0000  32.00
  33.00    1.0256E+00    0.0802    0.1485    0.0606   -0.0215   -0.0063   -0.0324    0.0000    0.0000    0.0000  33.00
  34.00    9.4669E-01    0.0788    0.1460    0.0609   -0.0216   -0.0065   -0.0326    0.0000    0.0000    0.0000  34.00
  35.00    8.7226E-01    0.0773    0.1432    0.0610   -0.0216   -0.0068   -0.0328    0.0000    0.0000    0.0000  35.00
  36.00    8.0237E-01    0.0757    0.1403    0.0609   -0.0215   -0.0069   -0.0328    0.0000    0.0000    0.0000  36.00
  37.00    7.3703E-01    0.0743    0.1374    0.0605   -0.0213   -0.0071   -0.0327    0.0000    0.0000    0.0000  37.00
  38.00    6.7619E-01    0.0730    0.1347    0.0598   -0.0210   -0.0072   -0.0325    0.0000    0.0000    0.0000  38.00
  39.00    6.1979E-01    0.0721    0.1321    0.0588   -0.0206   -0.0072   -0.0322    0.0000    0.0000    0.0000  39.00
  40.00    5.6771E-01    0.0716    0.1300    0.0575   -0.0200   -0.0073   -0.0317    0.0000    0.0000    0.0000  40.00
  41.00    5.1983E-01    0.0716    0.1285    0.0558   -0.0192   -0.0072   -0.0311    0.0000    0.0000    0.0000  41.00
  42.00    4.7598E-01    0.0722    0.1276    0.0535   -0.0183   -0.0071   -0.0303    0.0000    0.0000    0.0000  42.00
  43.00    4.3600E-01    0.0736    0.1274    0.0508   -0.0171   -0.0069   -0.0293    0.0000    0.0000    0.0000  43.00
  44.00    3.9971E-01    0.0758    0.1280    0.0474   -0.0156   -0.0067   -0.0282    0.0000    0.0000    0.0000  44.00
  45.00    3.6689E-01    0.0788    0.1295    0.0435   -0.0139   -0.0064   -0.0268    0.0000    0.0000    0.0000  45.00
  46.00    3.3736E-01    0.0826    0.1316    0.0389   -0.0119   -0.0061   -0.0253    0.0000    0.0000    0.0000  46.00
  47.00    3.1088E-01    0.0872    0.1344    0.0336   -0.0095   -0.0056   -0.0236    0.0000    0.0000    0.0000  47.00
  48.00    2.8724E-01    0.0926    0.1377    0.0277   -0.0069   -0.0051   -0.0217    0.0000    0.0000    0.0000  48.00
  49.00    2.6622E-01    0.0985    0.1413    0.0213   -0.0040   -0.0046   -0.0196    0.0000    0.0000    0.0000  49.00
  50.00    2.4757E-01    0.1050    0.1449    0.0143   -0.0009   -0.0041   -0.0174    0.0000    0.0000    0.0000  50.00
  51.00    2.3109E-01    0.1117    0.1484    0.0071    0.0024   -0.0035   -0.0152    0.0000    0.0000    0.0000  51.00
  52.00    2.1653E-01    0.1185    0.1516   -0.0004    0.0058   -0.0029   -0.0130    0.0000    0.0000    0.0000  52.00
  53.00    2.0367E-01    0.1253    0.1541   -0.0078    0.0092   -0.0024   -0.0108    0.0000    0.0000    0.0000  53.00
  54.00    1.9231E-01    0.1320    0.1560   -0.0150    0.0125   -0.0019   -0.0088    0.0000    0.0000    0.0000  54.00
  55.00    1.8223E-01    0.1383    0.1572   -0.0218    0.0157   -0.0014   -0.0069    0.0000    0.0000    0.0000  55.00
  56.00    1.7326E-01    0.1443    0.1576   -0.0280    0.0186   -0.0010   -0.0053    0.0000    0.0000    0.0000  56.00
  57.00    1.6522E-01    0.1500    0.1572   -0.0335    0.0212   -0.0006   -0.0039    0.0000    0.0000    0.0000  57.00
  58.00    1.5796E-01    0.1552    0.1562   -0.0381    0.0234   -0.0003   -0.0029    0.0000    0.0000    0.0000  58.00
  59.00    1.5133E-01    0.1601    0.1548   -0.0417    0.0252   -0.0001   -0.0022    0.0000    0.0000    0.0000  59.00
  60.00    1.4523E-01    0.1647    0.1529   -0.0445    0.0266    0.0001   -0.0018    0.0000    0.0000    0.0000  60.00
  61.00    1.3956E-01    0.1690    0.1508   -0.0462    0.0276    0.0002   -0.0017    0.0000    0.0000    0.0000  61.00
  62.00    1.3423E-01    0.1731    0.1486   -0.0470    0.0282    0.0002   -0.0019    0.0000    0.0000    0.0000  62.00
  63.00    1.2918E-01    0.1770    0.1464   -0.0469    0.0283    0.0002   -0.0024    0.0000    0.0000    0.0000  63.00
  64.00    1.2438E-01    0.1808    0.1441   -0.0461    0.0281    0.0002   -0.0031    0.0000    0.0000    0.0000  64.00
  65.00    1.1977E-01    0.1845    0.1419   -0.0445    0.0276    0.0001   -0.0041    0.0000    0.0000    0.0000  65.00
  66.00    1.1534E-01    0.1881    0.1397   -0.0423    0.0268   -0.0000   -0.0052    0.0000    0.0000    0.0000  66.00
  67.00    1.1106E-01    0.1916    0.1375   -0.0397    0.0258   -0.0002   -0.0064    0.0000    0.0000    0.0000  67.00
  68.00    1.0693E-01    0.1949    0.1354   -0.0366    0.0245   -0.0004   -0.0077    0.0000    0.0000    0.0000  68.00
  69.00    1.0294E-01    0.1981    0.1333   -0.0333    0.0232   -0.0006   -0.0090    0.0000    0.0000    0.0000  69.00
  70.00    9.9073E-02    0.2012    0.1312   -0.0297    0.0217   -0.0008   -0.0104    0.0000    0.0000    0.0000  70.00
  71.00    9.5329E-02    0.2042    0.1291   -0.0260    0.0201   -0.0010   -0.0117    0.0000    0.0000    0.0000  71.00
  72.00    9.1701E-02    0.2071    0.1271   -0.0222    0.0184   -0.0013   -0.0130    0.0000    0.0000    0.0000  72.00
  73.00    8.8186E-02    0.2100    0.1252   -0.0183    0.0166   -0.0015   -0.0143    0.0000    0.0000    0.0000  73.00
  74.00    8.4779E-02    0.2129    0.1236   -0.0142    0.0148   -0.0017   -0.0155    0.0000    0.0000    0.0000  74.00
  75.00    8.1476E-02    0.2159    0.1225   -0.0099    0.0128   -0.0018   -0.0167    0.0000    0.0000    0.0000  75.00
  76.00    7.8274E-02    0.2190    0.1219   -0.0054    0.0107   -0.0020   -0.0179    0.0000    0.0000    0.0000  76.00
  77.00    7.5173E-02    0.2224    0.1221   -0.0005    0.0083   -0.0020   -0.0191    0.0000    0.0000    0.0000  77.00
  78.00    7.2173E-02    0.2261    0.1233    0.0049    0.0058   -0.0020   -0.0204    0.0000    0.0000    0.0000  78.00
  79.00    6.9278E-02    0.2301    0.1255    0.0108    0.0029   -0.0019   -0.0218    0.0000    0.0000    0.0000  79.00
  80.00    6.6491E-02    0.2344    0.1289    0.0174   -0.0003   -0.0017   -0.0234    0.0000    0.0000    0.0000  80.00
  81.00    6.3819E-02    0.2389    0.1335    0.0249   -0.0038   -0.0013   -0.0252    0.0000    0.0000    0.0000  81.00
  82.00    6.1269E-02    0.2437    0.1393    0.0332   -0.0078   -0.0008   -0.0272    0.0000    0.0000    0.0000  82.00
  83.00    5.8850E-02    0.2483    0.1461    0.0424   -0.0122   -0.0002   -0.0295    0.0000    0.0000    0.0000  83.00
  84.00    5.6567E-02    0.2528    0.1538    0.0527   -0.0170    0.0006   -0.0322    0.0000    0.0000    0.0000  84.00
  85.00    5.4429E-02    0.2567    0.1620    0.0639   -0.0222    0.0016   -0.0352    0.0000    0.0000    0.0000  85.00
  86.00    5.2437E-02    0.2597    0.1703    0.0759   -0.0278    0.0028   -0.0385    0.0000    0.0000    0.0000  86.00
  87.00    5.0595E-02    0.2615    0.1783    0.0886   -0.0336    0.0041   -0.0422    0.0000    0.0000    0.0000  87.00
  88.00    4.8899E-02    0.2618    0.1853    0.1018   -0.0397    0.0056   -0.0462    0.0000    0.0000    0.0000  88.00
  89.00    4.7344E-02    0.2602    0.1909    0.1153   -0.0457    0.0072   -0.0504    0.0000    0.0000    0.0000  89.00
0Tot-sig   3.3677E+00
1Inelastic  36S(d,p)@ 16MeV    5666 keV  0f5/2 unbound ZR                  0/00/00
    THETA  -2                               -1                                0                                1   THETA cos(theta)
     0.00  |++++++++++++++++++++++++++++++++|++++++++++++++++++++++++++++++++|++++++++++++++++*+++++++++++++++|+    0.00    1.0000
     1.00  +                                                                                  *                +    1.00    0.9998
     2.00  +                                                                                  *                +    2.00    0.9994
     3.00  +                                                                                  *                +    3.00    0.9986
     4.00  +                                                                                  *                +    4.00    0.9976
     5.00  +                                                                                  *                +    5.00    0.9962
     6.00  +                                                                                  *                +    6.00    0.9945
     7.00  +                                                                                  *                +    7.00    0.9925
     8.00  +                                                                                  *                +    8.00    0.9903
     9.00  +                                                                                  *                +    9.00    0.9877
    10.00  +                                                                                 *                 +   10.00    0.9848
    11.00  +                                                                                 *                 +   11.00    0.9816
    12.00  +                                                                                 *                 +   12.00    0.9781
    13.00  +                                                                                *                  +   13.00    0.9744
    14.00  +                                                                                *                  +   14.00    0.9703
    15.00  +                                                                                *                  +   15.00    0.9659
    16.00  +                                                                               *                   +   16.00    0.9613
    17.00  +                                                                               *                   +   17.00    0.9563
    18.00  +                                                                              *                    +   18.00    0.9511
    19.00  +                                                                              *                    +   19.00    0.9455
    20.00  +                                                                             *                     +   20.00    0.9397
    21.00  +                                                                            *                      +   21.00    0.9336
    22.00  +                                                                            *                      +   22.00    0.9272
    23.00  +                                                                           *                       +   23.00    0.9205
    24.00  +                                                                          *                        +   24.00    0.9135
    25.00  +                                                                         *                         +   25.00    0.9063
    26.00  +                                                                        *                          +   26.00    0.8988
    27.00  +                                                                        *                          +   27.00    0.8910
    28.00  +                                                                       *                           +   28.00    0.8829
    29.00  +                                                                      *                            +   29.00    0.8746
    30.00  +                                                                     *                             +   30.00    0.8660
    31.00  +                                                                    *                              +   31.00    0.8572
    32.00  +                                                                  *                                +   32.00    0.8480
    33.00  +                                                                 *                                 +   33.00    0.8387
    34.00  +                                                                *                                  +   34.00    0.8290
    35.00  +                                                               *                                   +   35.00    0.8192
    36.00  +                                                              *                                    +   36.00    0.8090
    37.00  +                                                             *                                     +   37.00    0.7986
    38.00  +                                                           *                                       +   38.00    0.7880
    39.00  +                                                          *                                        +   39.00    0.7771
    40.00  +                                                         *                                         +   40.00    0.7660
    41.00  +                                                        *                                          +   41.00    0.7547
    42.00  +                                                      *                                            +   42.00    0.7431
    43.00  +                                                     *                                             +   43.00    0.7314
    44.00  +                                                    *                                              +   44.00    0.7193
    45.00  +                                                   *                                               +   45.00    0.7071
    46.00  +                                                 *                                                 +   46.00    0.6947
    47.00  +                                                *                                                  +   47.00    0.6820
    48.00  +                                               *                                                   +   48.00    0.6691
    49.00  +                                              *                                                    +   49.00    0.6561
    50.00  +                                             *                                                     +   50.00    0.6428
    51.00  +                                            *                                                      +   51.00    0.6293
    52.00  +                                           *                                                       +   52.00    0.6157
    53.00  +                                          *                                                        +   53.00    0.6018
    54.00  +                                         *                                                         +   54.00    0.5878
    55.00  +                                         *                                                         +   55.00    0.5736
    56.00  +                                        *                                                          +   56.00    0.5592
    57.00  +                                       *                                                           +   57.00    0.5446
    58.00  +                                       *                                                           +   58.00    0.5299
    59.00  +                                      *                                                            +   59.00    0.5150
    60.00  +                                     *                                                             +   60.00    0.5000
    61.00  +                                     *                                                             +   61.00    0.4848
    62.00  +                                    *                                                              +   62.00    0.4695
    63.00  +                                    *                                                              +   63.00    0.4540
    64.00  +                                   *                                                               +   64.00    0.4384
    65.00  +                                   *                                                               +   65.00    0.4226
    66.00  +                                  *                                                                +   66.00    0.4067
    67.00  +                                  *                                                                +   67.00    0.3907
    68.00  +                                 *                                                                 +   68.00    0.3746
    69.00  +                                *                                                                  +   69.00    0.3584
    70.00  +                                *                                                                  +   70.00    0.3420
    71.00  +                               *                                                                   +   71.00    0.3256
    72.00  +                               *                                                                   +   72.00    0.3090
    73.00  +                              *                                                                    +   73.00    0.2924
    74.00  +                              *                                                                    +   74.00    0.2756
    75.00  +                             *                                                                     +   75.00    0.2588
    76.00  +                            *                                                                      +   76.00    0.2419
    77.00  +                            *                                                                      +   77.00    0.2250
    78.00  +                           *                                                                       +   78.00    0.2079
    79.00  +                           *                                                                       +   79.00    0.1908
    80.00  +                          *                                                                        +   80.00    0.1736
    81.00  +                          *                                                                        +   81.00    0.1564
    82.00  +                         *                                                                         +   82.00    0.1392
    83.00  +                        *                                                                          +   83.00    0.1219
    84.00  +                        *                                                                          +   84.00    0.1045
    85.00  +                       *                                                                           +   85.00    0.0872
    86.00  +                       *                                                                           +   86.00    0.0698
    87.00  +                      *                                                                            +   87.00    0.0523
    88.00  +                      *                                                                            +   88.00    0.0349
    89.00  |+++++++++++++++++++++*++++++++++|++++++++++++++++++++++++++++++++|++++++++++++++++++++++++++++++++|+   89.00    0.0175
    THETA  -2                               -1                                0                                1   THETA cos(theta)
1Asymmetry  36S(d,p)@ 16MeV    5666 keV  0f5/2 unbound ZR                  0/00/00
    THETA  -1                                                 0                                                 1  THETA cos(theta)
     0.00  |+++++++++++++++++++++++++++++++++++++++++++++++++*+++++++++++++++++++++++++++++++++++++++++++++++++|    0.00    1.0000
     1.00  +                                                 *                                                 +    1.00    0.9998
     2.00  +                                                 +*                                                +    2.00    0.9994
     3.00  +                                                 +*                                                +    3.00    0.9986
     4.00  +                                                 + *                                               +    4.00    0.9976
     5.00  +                                                 + *                                               +    5.00    0.9962
     6.00  +                                                 +  *                                              +    6.00    0.9945
     7.00  +                                                 +  *                                              +    7.00    0.9925
     8.00  +                                                 +  *                                              +    8.00    0.9903
     9.00  +                                                 +   *                                             +    9.00    0.9877
    10.00  +                                                 +   *                                             +   10.00    0.9848
    11.00  +                                                 +   *                                             +   11.00    0.9816
    12.00  +                                                 +    *                                            +   12.00    0.9781
    13.00  +                                                 +    *                                            +   13.00    0.9744
    14.00  +                                                 +    *                                            +   14.00    0.9703
    15.00  +                                                 +     *                                           +   15.00    0.9659
    16.00  +                                                 +     *                                           +   16.00    0.9613
    17.00  +                                                 +     *                                           +   17.00    0.9563
    18.00  +                                                 +      *                                          +   18.00    0.9511
    19.00  +                                                 +      *                                          +   19.00    0.9455
    20.00  +                                                 +      *                                          +   20.00    0.9397
    21.00  +                                                 +      *                                          +   21.00    0.9336
    22.00  +                                                 +      *                                          +   22.00    0.9272
    23.00  +                                                 +      *                                          +   23.00    0.9205
    24.00  +                                                 +       *                                         +   24.00    0.9135
    25.00  +                                                 +       *                                         +   25.00    0.9063
    26.00  +                                                 +       *                                         +   26.00    0.8988
    27.00  +                                                 +       *                                         +   27.00    0.8910
    28.00  +                                                 +       *                                         +   28.00    0.8829
    29.00  +                                                 +       *                                         +   29.00    0.8746
    30.00  +                                                 +       *                                         +   30.00    0.8660
    31.00  +                                                 +       *                                         +   31.00    0.8572
    32.00  +                                                 +       *                                         +   32.00    0.8480
    33.00  +                                                 +      *                                          +   33.00    0.8387
    34.00  +                                                 +      *                                          +   34.00    0.8290
    35.00  +                                                 +      *                                          +   35.00    0.8192
    36.00  +                                                 +      *                                          +   36.00    0.8090
    37.00  +                                                 +      *                                          +   37.00    0.7986
    38.00  +                                                 +      *                                          +   38.00    0.7880
    39.00  +                                                 +      *                                          +   39.00    0.7771
    40.00  +                                                 +      *                                          +   40.00    0.7660
    41.00  +                                                 +     *                                           +   41.00    0.7547
    42.00  +                                                 +     *                                           +   42.00    0.7431
    43.00  +                                                 +     *                                           +   43.00    0.7314
    44.00  +                                                 +     *                                           +   44.00    0.7193
    45.00  +                                                 +     *                                           +   45.00    0.7071
    46.00  +                                                 +      *                                          +   46.00    0.6947
    47.00  +                                                 +      *                                          +   47.00    0.6820
    48.00  +                                                 +      *                                          +   48.00    0.6691
    49.00  +                                                 +      *                                          +   49.00    0.6561
    50.00  +                                                 +      *                                          +   50.00    0.6428
    51.00  +                                                 +      *                                          +   51.00    0.6293
    52.00  +                                                 +       *                                         +   52.00    0.6157
    53.00  +                                                 +       *                                         +   53.00    0.6018
    54.00  +                                                 +       *                                         +   54.00    0.5878
    55.00  +                                                 +       *                                         +   55.00    0.5736
    56.00  +                                                 +       *                                         +   56.00    0.5592
    57.00  +                                                 +       *                                         +   57.00    0.5446
    58.00  +                                                 +       *                                         +   58.00    0.5299
    59.00  +                                                 +       *                                         +   59.00    0.5150
    60.00  +                                                 +       *                                         +   60.00    0.5000
    61.00  +                                                 +       *                                         +   61.00    0.4848
    62.00  +                                                 +      *                                          +   62.00    0.4695
    63.00  +                                                 +      *                                          +   63.00    0.4540
    64.00  +                                                 +      *                                          +   64.00    0.4384
    65.00  +                                                 +      *                                          +   65.00    0.4226
    66.00  +                                                 +      *                                          +   66.00    0.4067
    67.00  +                                                 +      *                                          +   67.00    0.3907
    68.00  +                                                 +      *                                          +   68.00    0.3746
    69.00  +                                                 +      *                                          +   69.00    0.3584
    70.00  +                                                 +      *                                          +   70.00    0.3420
    71.00  +                                                 +     *                                           +   71.00    0.3256
    72.00  +                                                 +     *                                           +   72.00    0.3090
    73.00  +                                                 +     *                                           +   73.00    0.2924
    74.00  +                                                 +     *                                           +   74.00    0.2756
    75.00  +                                                 +     *                                           +   75.00    0.2588
    76.00  +                                                 +     *                                           +   76.00    0.2419
    77.00  +                                                 +     *                                           +   77.00    0.2250
    78.00  +                                                 +     *                                           +   78.00    0.2079
    79.00  +                                                 +     *                                           +   79.00    0.1908
    80.00  +                                                 +     *                                           +   80.00    0.1736
    81.00  +                                                 +      *                                          +   81.00    0.1564
    82.00  +                                                 +      *                                          +   82.00    0.1392
    83.00  +                                                 +      *                                          +   83.00    0.1219
    84.00  +                                                 +       *                                         +   84.00    0.1045
    85.00  +                                                 +       *                                         +   85.00    0.0872
    86.00  +                                                 +        *                                        +   86.00    0.0698
    87.00  +                                                 +        *                                        +   87.00    0.0523
    88.00  +                                                 +        *                                        +   88.00    0.0349
    89.00  |+++++++++++++++++++++++++++++++++++++++++++++++++|+++++++++*+++++++++++++++++++++++++++++++++++++++|   89.00    0.0175
    THETA  -1                                                 0                                                 1  THETA cos(theta)
1DWUCK4-DISTORTED WAVES U.COLORADO- PC-VERSION  12/Jan /1995
 Elapsed time in seconds =   0.00
 Elapsed time in seconds =   0.00
0CONTROL INTEGERS
  1 2 3 4 5 6 7 8 9 A B C D E F G H I J K    RUN IDENTIFICATION                                             0/00/00   0.00.00
  1 0 1 1 0 0 0 0 3 0 0 0 0 0 0 0 0 0 0 0    36S(d,p)@ 16MeV    5720 keV  0f5/2 unbound ZR               
 36S(d,p)@ 16MeV    5720 keV  0f5/2 unbound ZR               
 Adwck4 entered
0ANGLE DATA          THETN=  90.0000   THET1=   0.0000   DTHET=   1.0000   A-ANG=   0.0000   B-ANG=   0.0000
0CARD SET 3 DATA     LMAX =  15          LTR=   3
                     NLTR =   1        2*JTR=   5
0CARD SET 4 DATA     DRF  =   0.1000   RZ   =   0.0000   RMAX = -15.0000   VCE  =   0.0000   FNRNG=   0.0000
 PARTICLE DATA 
0PARTICLE 1*******************************************************************************************************************
 INPUT DATA          ELAB =  16.0000   RC0  =   1.3030   AC   =   0.0000   2*STR=   2.0000
                     MASSP=   2.0000   MASST=  36.0000   Q    =   0.0000
                     ZP   =   1.0000   ZT   =  16.0000   PNLOC=   0.0000
 
 DERIVED DATA        ECM  =  15.1579   RC   =   4.3024   RHO  =   5.0434
                     K    =   1.1722   ETA  =   0.8909   DR   =   0.1000
0POTENTIAL PARAMETERS
 NX=1 VOLUME  W-S    V RL = -92.9760   R0RL =   1.1500   A RL =   0.7610   R RL =   3.7972   VSOR =   0.0000
                     V IM =  -1.6020   R0IM =   1.3350   A IM =   0.5250   R IM =   4.4081   VSOI =   0.0000   POWR =   0.0000
 NX=2 SURFACE W-S    V RL =   0.0000   R0RL =   0.0000   A RL =   0.0000   R RL =   0.0000   VSOR =   0.0000
                     V IM =  52.0070   R0IM =   1.3800   A IM =   0.7360   R IM =   4.5567   VSOI =   0.0000   POWR =   0.0000
 NX=4 L*S VOLUME     V RL = -14.2280   R0RL =   0.9720   A RL =   1.0110   R RL =   3.2095   VSOR =   0.0000
                     V IM =   0.0000   R0IM =   0.0000   A IM =   0.0000   R IM =   0.0000   VSOI =   0.0000   POWR =   0.0000
0PARTICLE 2*******************************************************************************************************************
 INPUT DATA          ELAB =  11.8282   RC0  =   1.2920   AC   =   0.0000   2*STR=   1.0000
                     MASSP=   1.0000   MASST=  37.0000   Q    =  -3.6410
                     ZP   =   1.0000   ZT   =  16.0000   PNLOC=   0.0000
 
 DERIVED DATA        ECM  =  11.5169   RC   =   4.3052   RHO  =   3.1535
                     K    =   0.7325   ETA  =   0.7327   DR   =   0.0973
0POTENTIAL PARAMETERS
 NX=1 VOLUME  W-S    V RL = -58.5660   R0RL =   1.1820   A RL =   0.6720   R RL =   3.9387   VSOR =   0.0000
                     V IM =  -1.2490   R0IM =   1.1820   A IM =   0.6720   R IM =   3.9387   VSOI =   0.0000   POWR =   0.0000
 NX=2 SURFACE W-S    V RL =   0.0000   R0RL =   0.0000   A RL =   0.0000   R RL =   0.0000   VSOR =   0.0000
                     V IM =  37.2100   R0IM =   1.2900   A IM =   0.5380   R IM =   4.2986   VSOI =   0.0000   POWR =   0.0000
 NX=4 L*S VOLUME     V RL = -22.4560   R0RL =   0.9910   A RL =   0.5900   R RL =   3.3022   VSOR =   0.0000
                     V IM =   0.2650   R0IM =   0.9910   A IM =   0.5900   R IM =   3.3022   VSOI =   0.0000   POWR =   0.0000
136S(d,p)@ 16MeV    5720 keV  0f5/2 unbound ZR                  0/ 0/ 0
0FORM FACTOR DATA 
0PARTICLE 3*******************************************************************************************************************
 INPUT DATA          ELAB =   1.4160   RC0  =   1.3000   AC   =   0.0000   2*STR=   1.0000
                     MASSP=   1.0000   MASST=  36.0000   Q    =   1.4160
                     ZP   =   0.0000   ZT   =  16.0000   PNLOC=   0.0000
 
 DERIVED DATA        ECM  =   1.4160   RC   =   4.2925   RHO  =   1.1021
                     K    =   0.2567   ETA  =   0.0000   DR   =   0.1000
0POTENTIAL PARAMETERS
 NX=1 VOLUME  W-S    V RL =  -1.0000   R0RL =   1.2800   A RL =   0.6500   R RL =   4.2265   VSOR =  24.0000
                     V IM =   0.0000   R0IM =   0.0000   A IM =   0.0000   R IM =   0.0000   VSOI =   0.0000   POWR =   0.0000
 
                     NODES=   0.0000   L    =   3.0000   2*J  =   5.0000   2*S  =   1.0000   FISW =   0.0000
 
0SINGLE PARTICLE WIDTH = 3.9284E -2  MEV     VOLUME TERM =  2.8669E+02     SURFACE TERM = -5.9071E+00
                     V    =  47.7591   DET  =   0.0001   NODES=   0.0000   RM   =   4.9500   E    =   1.4160   ITER.=   4
0                    LMAX =  15        NSTEP= 150        NLTR =   1
 Bdwck4 entered
   Subroutine INTEG  entered
0REACSIG 1   1.51520E+02                                             REACSIG 2   9.70465E+01
   Subroutine RADINT entered
136S(d,p)@ 16MeV    5720 keV  0f5/2 unbound ZR                  0/00/00
0BASIC DATA          DR   =   0.1000   RMIN =   0.0000   RMAX =  15.0000   COUEX=   0.0000     IS1=   1.0000
                     FNRNG=   0.0000   PNLC1=   0.0000   PNLC2=   0.0000   PNLC3=   0.0000     IS2=   0.5000
 ANG MOM TRANSFER    LTR  =   3.       2*JTR=   5.       2*STR=   1.       Q    =  -3.6410
   Subroutine INSIG  entered
0 Theta Inelsig,fm**2      Polz       Asy       Ayy       A22       A21       A20       T22       T21       T20  Theta
   0.00    3.4763E+00    0.0000    0.0000    0.0037    0.0000    0.0000   -0.0047    0.0000    0.0000    0.0000   0.00
   1.00    3.4736E+00    0.0044    0.0088    0.0039   -0.0001   -0.0001   -0.0047    0.0000    0.0000    0.0000   1.00
   2.00    3.4652E+00    0.0088    0.0177    0.0043   -0.0002   -0.0002   -0.0049    0.0000    0.0000    0.0000   2.00
   3.00    3.4512E+00    0.0132    0.0264    0.0051   -0.0005   -0.0003   -0.0053    0.0000    0.0000    0.0000   3.00
   4.00    3.4316E+00    0.0175    0.0350    0.0061   -0.0009   -0.0004   -0.0057    0.0000    0.0000    0.0000   4.00
   5.00    3.4062E+00    0.0218    0.0435    0.0074   -0.0015   -0.0005   -0.0063    0.0000    0.0000    0.0000   5.00
   6.00    3.3750E+00    0.0261    0.0519    0.0090   -0.0021   -0.0006   -0.0070    0.0000    0.0000    0.0000   6.00
   7.00    3.3379E+00    0.0303    0.0600    0.0108   -0.0028   -0.0007   -0.0078    0.0000    0.0000    0.0000   7.00
   8.00    3.2949E+00    0.0344    0.0679    0.0128   -0.0036   -0.0008   -0.0087    0.0000    0.0000    0.0000   8.00
   9.00    3.2459E+00    0.0385    0.0756    0.0149   -0.0044   -0.0009   -0.0097    0.0000    0.0000    0.0000   9.00
  10.00    3.1909E+00    0.0425    0.0831    0.0172   -0.0053   -0.0011   -0.0108    0.0000    0.0000    0.0000  10.00
  11.00    3.1299E+00    0.0464    0.0902    0.0196   -0.0062   -0.0012   -0.0119    0.0000    0.0000    0.0000  11.00
  12.00    3.0630E+00    0.0501    0.0971    0.0222   -0.0072   -0.0014   -0.0130    0.0000    0.0000    0.0000  12.00
  13.00    2.9903E+00    0.0538    0.1037    0.0247   -0.0082   -0.0015   -0.0142    0.0000    0.0000    0.0000  13.00
  14.00    2.9120E+00    0.0574    0.1100    0.0273   -0.0092   -0.0017   -0.0154    0.0000    0.0000    0.0000  14.00
  15.00    2.8284E+00    0.0608    0.1160    0.0299   -0.0102   -0.0019   -0.0167    0.0000    0.0000    0.0000  15.00
  16.00    2.7398E+00    0.0641    0.1217    0.0325   -0.0112   -0.0021   -0.0179    0.0000    0.0000    0.0000  16.00
  17.00    2.6466E+00    0.0672    0.1271    0.0351   -0.0122   -0.0023   -0.0191    0.0000    0.0000    0.0000  17.00
  18.00    2.5493E+00    0.0702    0.1321    0.0376   -0.0131   -0.0025   -0.0203    0.0000    0.0000    0.0000  18.00
  19.00    2.4485E+00    0.0729    0.1367    0.0400   -0.0141   -0.0027   -0.0215    0.0000    0.0000    0.0000  19.00
  20.00    2.3447E+00    0.0755    0.1410    0.0423   -0.0149   -0.0029   -0.0227    0.0000    0.0000    0.0000  20.00
  21.00    2.2387E+00    0.0778    0.1449    0.0446   -0.0158   -0.0031   -0.0238    0.0000    0.0000    0.0000  21.00
  22.00    2.1312E+00    0.0800    0.1484    0.0467   -0.0166   -0.0034   -0.0248    0.0000    0.0000    0.0000  22.00
  23.00    2.0228E+00    0.0818    0.1514    0.0487   -0.0173   -0.0036   -0.0259    0.0000    0.0000    0.0000  23.00
  24.00    1.9142E+00    0.0834    0.1540    0.0506   -0.0180   -0.0039   -0.0269    0.0000    0.0000    0.0000  24.00
  25.00    1.8062E+00    0.0846    0.1561    0.0524   -0.0187   -0.0041   -0.0278    0.0000    0.0000    0.0000  25.00
  26.00    1.6994E+00    0.0856    0.1577    0.0540   -0.0192   -0.0044   -0.0286    0.0000    0.0000    0.0000  26.00
  27.00    1.5945E+00    0.0862    0.1588    0.0555   -0.0198   -0.0047   -0.0294    0.0000    0.0000    0.0000  27.00
  28.00    1.4920E+00    0.0865    0.1593    0.0568   -0.0202   -0.0050   -0.0301    0.0000    0.0000    0.0000  28.00
  29.00    1.3925E+00    0.0865    0.1593    0.0579   -0.0206   -0.0052   -0.0308    0.0000    0.0000    0.0000  29.00
  30.00    1.2963E+00    0.0861    0.1587    0.0590   -0.0210   -0.0055   -0.0314    0.0000    0.0000    0.0000  30.00
  31.00    1.2039E+00    0.0855    0.1576    0.0598   -0.0213   -0.0058   -0.0319    0.0000    0.0000    0.0000  31.00
  32.00    1.1156E+00    0.0845    0.1561    0.0605   -0.0215   -0.0060   -0.0323    0.0000    0.0000    0.0000  32.00
  33.00    1.0316E+00    0.0834    0.1541    0.0610   -0.0216   -0.0063   -0.0326    0.0000    0.0000    0.0000  33.00
  34.00    9.5203E-01    0.0820    0.1518    0.0613   -0.0217   -0.0065   -0.0329    0.0000    0.0000    0.0000  34.00
  35.00    8.7706E-01    0.0806    0.1492    0.0614   -0.0217   -0.0067   -0.0330    0.0000    0.0000    0.0000  35.00
  36.00    8.0670E-01    0.0791    0.1464    0.0613   -0.0217   -0.0069   -0.0331    0.0000    0.0000    0.0000  36.00
  37.00    7.4095E-01    0.0778    0.1437    0.0610   -0.0215   -0.0070   -0.0330    0.0000    0.0000    0.0000  37.00
  38.00    6.7976E-01    0.0766    0.1410    0.0604   -0.0212   -0.0071   -0.0329    0.0000    0.0000    0.0000  38.00
  39.00    6.2305E-01    0.0757    0.1386    0.0594   -0.0208   -0.0072   -0.0326    0.0000    0.0000    0.0000  39.00
  40.00    5.7071E-01    0.0752    0.1366    0.0581   -0.0202   -0.0072   -0.0321    0.0000    0.0000    0.0000  40.00
  41.00    5.2260E-01    0.0752    0.1351    0.0564   -0.0194   -0.0071   -0.0315    0.0000    0.0000    0.0000  41.00
  42.00    4.7855E-01    0.0759    0.1343    0.0542   -0.0185   -0.0070   -0.0308    0.0000    0.0000    0.0000  42.00
  43.00    4.3840E-01    0.0773    0.1343    0.0515   -0.0173   -0.0069   -0.0298    0.0000    0.0000    0.0000  43.00
  44.00    4.0194E-01    0.0794    0.1350    0.0482   -0.0159   -0.0066   -0.0287    0.0000    0.0000    0.0000  44.00
  45.00    3.6899E-01    0.0824    0.1365    0.0443   -0.0142   -0.0063   -0.0274    0.0000    0.0000    0.0000  45.00
  46.00    3.3932E-01    0.0862    0.1387    0.0398   -0.0121   -0.0060   -0.0259    0.0000    0.0000    0.0000  46.00
  47.00    3.1273E-01    0.0908    0.1416    0.0346   -0.0098   -0.0056   -0.0242    0.0000    0.0000    0.0000  47.00
  48.00    2.8898E-01    0.0961    0.1449    0.0288   -0.0072   -0.0051   -0.0223    0.0000    0.0000    0.0000  48.00
  49.00    2.6786E-01    0.1020    0.1486    0.0224   -0.0044   -0.0046   -0.0203    0.0000    0.0000    0.0000  49.00
  50.00    2.4912E-01    0.1084    0.1523    0.0156   -0.0013   -0.0040   -0.0182    0.0000    0.0000    0.0000  50.00
  51.00    2.3254E-01    0.1150    0.1558    0.0084    0.0019   -0.0035   -0.0160    0.0000    0.0000    0.0000  51.00
  52.00    2.1790E-01    0.1218    0.1590    0.0011    0.0053   -0.0029   -0.0139    0.0000    0.0000    0.0000  52.00
  53.00    2.0496E-01    0.1285    0.1616   -0.0062    0.0086   -0.0024   -0.0117    0.0000    0.0000    0.0000  53.00
  54.00    1.9351E-01    0.1350    0.1636   -0.0133    0.0119   -0.0018   -0.0097    0.0000    0.0000    0.0000  54.00
  55.00    1.8336E-01    0.1413    0.1647   -0.0199    0.0150   -0.0014   -0.0079    0.0000    0.0000    0.0000  55.00
  56.00    1.7432E-01    0.1472    0.1652   -0.0260    0.0178   -0.0010   -0.0063    0.0000    0.0000    0.0000  56.00
  57.00    1.6620E-01    0.1528    0.1649   -0.0313    0.0204   -0.0006   -0.0050    0.0000    0.0000    0.0000  57.00
  58.00    1.5886E-01    0.1579    0.1639   -0.0358    0.0225   -0.0003   -0.0040    0.0000    0.0000    0.0000  58.00
  59.00    1.5217E-01    0.1627    0.1625   -0.0393    0.0243   -0.0001   -0.0033    0.0000    0.0000    0.0000  59.00
  60.00    1.4599E-01    0.1672    0.1607   -0.0419    0.0256    0.0001   -0.0029    0.0000    0.0000    0.0000  60.00
  61.00    1.4025E-01    0.1715    0.1586   -0.0435    0.0265    0.0002   -0.0029    0.0000    0.0000    0.0000  61.00
  62.00    1.3485E-01    0.1755    0.1565   -0.0441    0.0270    0.0002   -0.0031    0.0000    0.0000    0.0000  62.00
  63.00    1.2974E-01    0.1794    0.1542   -0.0439    0.0271    0.0002   -0.0036    0.0000    0.0000    0.0000  63.00
  64.00    1.2487E-01    0.1832    0.1520   -0.0429    0.0268    0.0002   -0.0044    0.0000    0.0000    0.0000  64.00
  65.00    1.2020E-01    0.1869    0.1498   -0.0412    0.0262    0.0001   -0.0054    0.0000    0.0000    0.0000  65.00
  66.00    1.1571E-01    0.1904    0.1476   -0.0389    0.0254   -0.0000   -0.0065    0.0000    0.0000    0.0000  66.00
  67.00    1.1138E-01    0.1939    0.1455   -0.0361    0.0243   -0.0002   -0.0077    0.0000    0.0000    0.0000  67.00
  68.00    1.0720E-01    0.1972    0.1434   -0.0330    0.0230   -0.0003   -0.0091    0.0000    0.0000    0.0000  68.00
  69.00    1.0316E-01    0.2005    0.1412   -0.0295    0.0216   -0.0005   -0.0104    0.0000    0.0000    0.0000  69.00
  70.00    9.9241E-02    0.2036    0.1391   -0.0259    0.0200   -0.0007   -0.0118    0.0000    0.0000    0.0000  70.00
  71.00    9.5452E-02    0.2066    0.1370   -0.0221    0.0184   -0.0009   -0.0132    0.0000    0.0000    0.0000  71.00
  72.00    9.1783E-02    0.2095    0.1350   -0.0182    0.0167   -0.0011   -0.0145    0.0000    0.0000    0.0000  72.00
  73.00    8.8228E-02    0.2124    0.1331   -0.0142    0.0149   -0.0013   -0.0158    0.0000    0.0000    0.0000  73.00
  74.00    8.4784E-02    0.2153    0.1316   -0.0101    0.0130   -0.0015   -0.0170    0.0000    0.0000    0.0000  74.00
  75.00    8.1446E-02    0.2183    0.1304   -0.0058    0.0110   -0.0016   -0.0182    0.0000    0.0000    0.0000  75.00
  76.00    7.8213E-02    0.2215    0.1299   -0.0013    0.0089   -0.0017   -0.0194    0.0000    0.0000    0.0000  76.00
  77.00    7.5082E-02    0.2250    0.1302    0.0035    0.0066   -0.0018   -0.0206    0.0000    0.0000    0.0000  77.00
  78.00    7.2055E-02    0.2288    0.1314    0.0088    0.0041   -0.0017   -0.0218    0.0000    0.0000    0.0000  78.00
  79.00    6.9134E-02    0.2329    0.1337    0.0146    0.0013   -0.0016   -0.0232    0.0000    0.0000    0.0000  79.00
  80.00    6.6324E-02    0.2373    0.1372    0.0211   -0.0018   -0.0014   -0.0247    0.0000    0.0000    0.0000  80.00
  81.00    6.3631E-02    0.2420    0.1420    0.0284   -0.0053   -0.0010   -0.0264    0.0000    0.0000    0.0000  81.00
  82.00    6.1063E-02    0.2469    0.1481    0.0365   -0.0092   -0.0005   -0.0284    0.0000    0.0000    0.0000  82.00
  83.00    5.8627E-02    0.2518    0.1552    0.0456   -0.0136    0.0002   -0.0306    0.0000    0.0000    0.0000  83.00
  84.00    5.6330E-02    0.2564    0.1632    0.0556   -0.0183    0.0010   -0.0332    0.0000    0.0000    0.0000  84.00
  85.00    5.4180E-02    0.2605    0.1717    0.0666   -0.0234    0.0020   -0.0361    0.0000    0.0000    0.0000  85.00
  86.00    5.2180E-02    0.2638    0.1803    0.0783   -0.0289    0.0032   -0.0394    0.0000    0.0000    0.0000  86.00
  87.00    5.0331E-02    0.2658    0.1885    0.0908   -0.0346    0.0046   -0.0429    0.0000    0.0000    0.0000  87.00
  88.00    4.8631E-02    0.2663    0.1959    0.1037   -0.0405    0.0061   -0.0468    0.0000    0.0000    0.0000  88.00
  89.00    4.7074E-02    0.2649    0.2017    0.1170   -0.0465    0.0077   -0.0509    0.0000    0.0000    0.0000  89.00
0Tot-sig   3.3998E+00
1Inelastic  36S(d,p)@ 16MeV    5720 keV  0f5/2 unbound ZR                  0/00/00
    THETA  -2                               -1                                0                                1   THETA cos(theta)
     0.00  |++++++++++++++++++++++++++++++++|++++++++++++++++++++++++++++++++|+++++++++++++++++*++++++++++++++|+    0.00    1.0000
     1.00  +                                                                                   *               +    1.00    0.9998
     2.00  +                                                                                   *               +    2.00    0.9994
     3.00  +                                                                                   *               +    3.00    0.9986
     4.00  +                                                                                   *               +    4.00    0.9976
     5.00  +                                                                                   *               +    5.00    0.9962
     6.00  +                                                                                  *                +    6.00    0.9945
     7.00  +                                                                                  *                +    7.00    0.9925
     8.00  +                                                                                  *                +    8.00    0.9903
     9.00  +                                                                                  *                +    9.00    0.9877
    10.00  +                                                                                  *                +   10.00    0.9848
    11.00  +                                                                                 *                 +   11.00    0.9816
    12.00  +                                                                                 *                 +   12.00    0.9781
    13.00  +                                                                                 *                 +   13.00    0.9744
    14.00  +                                                                                *                  +   14.00    0.9703
    15.00  +                                                                                *                  +   15.00    0.9659
    16.00  +                                                                               *                   +   16.00    0.9613
    17.00  +                                                                               *                   +   17.00    0.9563
    18.00  +                                                                              *                    +   18.00    0.9511
    19.00  +                                                                              *                    +   19.00    0.9455
    20.00  +                                                                             *                     +   20.00    0.9397
    21.00  +                                                                             *                     +   21.00    0.9336
    22.00  +                                                                            *                      +   22.00    0.9272
    23.00  +                                                                           *                       +   23.00    0.9205
    24.00  +                                                                          *                        +   24.00    0.9135
    25.00  +                                                                         *                         +   25.00    0.9063
    26.00  +                                                                         *                         +   26.00    0.8988
    27.00  +                                                                        *                          +   27.00    0.8910
    28.00  +                                                                       *                           +   28.00    0.8829
    29.00  +                                                                      *                            +   29.00    0.8746
    30.00  +                                                                     *                             +   30.00    0.8660
    31.00  +                                                                    *                              +   31.00    0.8572
    32.00  +                                                                   *                               +   32.00    0.8480
    33.00  +                                                                 *                                 +   33.00    0.8387
    34.00  +                                                                *                                  +   34.00    0.8290
    35.00  +                                                               *                                   +   35.00    0.8192
    36.00  +                                                              *                                    +   36.00    0.8090
    37.00  +                                                             *                                     +   37.00    0.7986
    38.00  +                                                           *                                       +   38.00    0.7880
    39.00  +                                                          *                                        +   39.00    0.7771
    40.00  +                                                         *                                         +   40.00    0.7660
    41.00  +                                                        *                                          +   41.00    0.7547
    42.00  +                                                      *                                            +   42.00    0.7431
    43.00  +                                                     *                                             +   43.00    0.7314
    44.00  +                                                    *                                              +   44.00    0.7193
    45.00  +                                                   *                                               +   45.00    0.7071
    46.00  +                                                  *                                                +   46.00    0.6947
    47.00  +                                                *                                                  +   47.00    0.6820
    48.00  +                                               *                                                   +   48.00    0.6691
    49.00  +                                              *                                                    +   49.00    0.6561
    50.00  +                                             *                                                     +   50.00    0.6428
    51.00  +                                            *                                                      +   51.00    0.6293
    52.00  +                                           *                                                       +   52.00    0.6157
    53.00  +                                          *                                                        +   53.00    0.6018
    54.00  +                                         *                                                         +   54.00    0.5878
    55.00  +                                         *                                                         +   55.00    0.5736
    56.00  +                                        *                                                          +   56.00    0.5592
    57.00  +                                       *                                                           +   57.00    0.5446
    58.00  +                                       *                                                           +   58.00    0.5299
    59.00  +                                      *                                                            +   59.00    0.5150
    60.00  +                                     *                                                             +   60.00    0.5000
    61.00  +                                     *                                                             +   61.00    0.4848
    62.00  +                                    *                                                              +   62.00    0.4695
    63.00  +                                    *                                                              +   63.00    0.4540
    64.00  +                                   *                                                               +   64.00    0.4384
    65.00  +                                   *                                                               +   65.00    0.4226
    66.00  +                                  *                                                                +   66.00    0.4067
    67.00  +                                  *                                                                +   67.00    0.3907
    68.00  +                                 *                                                                 +   68.00    0.3746
    69.00  +                                *                                                                  +   69.00    0.3584
    70.00  +                                *                                                                  +   70.00    0.3420
    71.00  +                               *                                                                   +   71.00    0.3256
    72.00  +                               *                                                                   +   72.00    0.3090
    73.00  +                              *                                                                    +   73.00    0.2924
    74.00  +                              *                                                                    +   74.00    0.2756
    75.00  +                             *                                                                     +   75.00    0.2588
    76.00  +                            *                                                                      +   76.00    0.2419
    77.00  +                            *                                                                      +   77.00    0.2250
    78.00  +                           *                                                                       +   78.00    0.2079
    79.00  +                           *                                                                       +   79.00    0.1908
    80.00  +                          *                                                                        +   80.00    0.1736
    81.00  +                          *                                                                        +   81.00    0.1564
    82.00  +                         *                                                                         +   82.00    0.1392
    83.00  +                        *                                                                          +   83.00    0.1219
    84.00  +                        *                                                                          +   84.00    0.1045
    85.00  +                       *                                                                           +   85.00    0.0872
    86.00  +                       *                                                                           +   86.00    0.0698
    87.00  +                      *                                                                            +   87.00    0.0523
    88.00  +                      *                                                                            +   88.00    0.0349
    89.00  |+++++++++++++++++++++*++++++++++|++++++++++++++++++++++++++++++++|++++++++++++++++++++++++++++++++|+   89.00    0.0175
    THETA  -2                               -1                                0                                1   THETA cos(theta)
1Asymmetry  36S(d,p)@ 16MeV    5720 keV  0f5/2 unbound ZR                  0/00/00
    THETA  -1                                                 0                                                 1  THETA cos(theta)
     0.00  |+++++++++++++++++++++++++++++++++++++++++++++++++*+++++++++++++++++++++++++++++++++++++++++++++++++|    0.00    1.0000
     1.00  +                                                 *                                                 +    1.00    0.9998
     2.00  +                                                 +*                                                +    2.00    0.9994
     3.00  +                                                 +*                                                +    3.00    0.9986
     4.00  +                                                 + *                                               +    4.00    0.9976
     5.00  +                                                 + *                                               +    5.00    0.9962
     6.00  +                                                 +  *                                              +    6.00    0.9945
     7.00  +                                                 +  *                                              +    7.00    0.9925
     8.00  +                                                 +  *                                              +    8.00    0.9903
     9.00  +                                                 +   *                                             +    9.00    0.9877
    10.00  +                                                 +   *                                             +   10.00    0.9848
    11.00  +                                                 +    *                                            +   11.00    0.9816
    12.00  +                                                 +    *                                            +   12.00    0.9781
    13.00  +                                                 +    *                                            +   13.00    0.9744
    14.00  +                                                 +     *                                           +   14.00    0.9703
    15.00  +                                                 +     *                                           +   15.00    0.9659
    16.00  +                                                 +     *                                           +   16.00    0.9613
    17.00  +                                                 +     *                                           +   17.00    0.9563
    18.00  +                                                 +      *                                          +   18.00    0.9511
    19.00  +                                                 +      *                                          +   19.00    0.9455
    20.00  +                                                 +      *                                          +   20.00    0.9397
    21.00  +                                                 +      *                                          +   21.00    0.9336
    22.00  +                                                 +      *                                          +   22.00    0.9272
    23.00  +                                                 +       *                                         +   23.00    0.9205
    24.00  +                                                 +       *                                         +   24.00    0.9135
    25.00  +                                                 +       *                                         +   25.00    0.9063
    26.00  +                                                 +       *                                         +   26.00    0.8988
    27.00  +                                                 +       *                                         +   27.00    0.8910
    28.00  +                                                 +       *                                         +   28.00    0.8829
    29.00  +                                                 +       *                                         +   29.00    0.8746
    30.00  +                                                 +       *                                         +   30.00    0.8660
    31.00  +                                                 +       *                                         +   31.00    0.8572
    32.00  +                                                 +       *                                         +   32.00    0.8480
    33.00  +                                                 +       *                                         +   33.00    0.8387
    34.00  +                                                 +       *                                         +   34.00    0.8290
    35.00  +                                                 +      *                                          +   35.00    0.8192
    36.00  +                                                 +      *                                          +   36.00    0.8090
    37.00  +                                                 +      *                                          +   37.00    0.7986
    38.00  +                                                 +      *                                          +   38.00    0.7880
    39.00  +                                                 +      *                                          +   39.00    0.7771
    40.00  +                                                 +      *                                          +   40.00    0.7660
    41.00  +                                                 +      *                                          +   41.00    0.7547
    42.00  +                                                 +      *                                          +   42.00    0.7431
    43.00  +                                                 +      *                                          +   43.00    0.7314
    44.00  +                                                 +      *                                          +   44.00    0.7193
    45.00  +                                                 +      *                                          +   45.00    0.7071
    46.00  +                                                 +      *                                          +   46.00    0.6947
    47.00  +                                                 +      *                                          +   47.00    0.6820
    48.00  +                                                 +      *                                          +   48.00    0.6691
    49.00  +                                                 +      *                                          +   49.00    0.6561
    50.00  +                                                 +       *                                         +   50.00    0.6428
    51.00  +                                                 +       *                                         +   51.00    0.6293
    52.00  +                                                 +       *                                         +   52.00    0.6157
    53.00  +                                                 +       *                                         +   53.00    0.6018
    54.00  +                                                 +       *                                         +   54.00    0.5878
    55.00  +                                                 +       *                                         +   55.00    0.5736
    56.00  +                                                 +       *                                         +   56.00    0.5592
    57.00  +                                                 +       *                                         +   57.00    0.5446
    58.00  +                                                 +       *                                         +   58.00    0.5299
    59.00  +                                                 +       *                                         +   59.00    0.5150
    60.00  +                                                 +       *                                         +   60.00    0.5000
    61.00  +                                                 +       *                                         +   61.00    0.4848
    62.00  +                                                 +       *                                         +   62.00    0.4695
    63.00  +                                                 +       *                                         +   63.00    0.4540
    64.00  +                                                 +       *                                         +   64.00    0.4384
    65.00  +                                                 +      *                                          +   65.00    0.4226
    66.00  +                                                 +      *                                          +   66.00    0.4067
    67.00  +                                                 +      *                                          +   67.00    0.3907
    68.00  +                                                 +      *                                          +   68.00    0.3746
    69.00  +                                                 +      *                                          +   69.00    0.3584
    70.00  +                                                 +      *                                          +   70.00    0.3420
    71.00  +                                                 +      *                                          +   71.00    0.3256
    72.00  +                                                 +      *                                          +   72.00    0.3090
    73.00  +                                                 +      *                                          +   73.00    0.2924
    74.00  +                                                 +      *                                          +   74.00    0.2756
    75.00  +                                                 +      *                                          +   75.00    0.2588
    76.00  +                                                 +     *                                           +   76.00    0.2419
    77.00  +                                                 +      *                                          +   77.00    0.2250
    78.00  +                                                 +      *                                          +   78.00    0.2079
    79.00  +                                                 +      *                                          +   79.00    0.1908
    80.00  +                                                 +      *                                          +   80.00    0.1736
    81.00  +                                                 +      *                                          +   81.00    0.1564
    82.00  +                                                 +      *                                          +   82.00    0.1392
    83.00  +                                                 +       *                                         +   83.00    0.1219
    84.00  +                                                 +       *                                         +   84.00    0.1045
    85.00  +                                                 +        *                                        +   85.00    0.0872
    86.00  +                                                 +        *                                        +   86.00    0.0698
    87.00  +                                                 +        *                                        +   87.00    0.0523
    88.00  +                                                 +         *                                       +   88.00    0.0349
    89.00  |+++++++++++++++++++++++++++++++++++++++++++++++++|+++++++++*+++++++++++++++++++++++++++++++++++++++|   89.00    0.0175
    THETA  -1                                                 0                                                 1  THETA cos(theta)
1DWUCK4-DISTORTED WAVES U.COLORADO- PC-VERSION  12/Jan /1995
 Elapsed time in seconds =   0.00
 Elapsed time in seconds =   0.00
0CONTROL INTEGERS
  1 2 3 4 5 6 7 8 9 A B C D E F G H I J K    RUN IDENTIFICATION                                             0/00/00   0.00.00
  1 0 1 1 0 0 0 0 3 0 0 0 0 0 0 0 0 0 0 0    36S(d,p)@ 16MeV    6150 keV  0f5/2 unbound ZR               
 36S(d,p)@ 16MeV    6150 keV  0f5/2 unbound ZR               
 Adwck4 entered
0ANGLE DATA          THETN=  90.0000   THET1=   0.0000   DTHET=   1.0000   A-ANG=   0.0000   B-ANG=   0.0000
0CARD SET 3 DATA     LMAX =  15          LTR=   3
                     NLTR =   1        2*JTR=   5
0CARD SET 4 DATA     DRF  =   0.1000   RZ   =   0.0000   RMAX = -15.0000   VCE  =   0.0000   FNRNG=   0.0000
 PARTICLE DATA 
0PARTICLE 1*******************************************************************************************************************
 INPUT DATA          ELAB =  16.0000   RC0  =   1.3030   AC   =   0.0000   2*STR=   2.0000
                     MASSP=   2.0000   MASST=  36.0000   Q    =   0.0000
                     ZP   =   1.0000   ZT   =  16.0000   PNLOC=   0.0000
 
 DERIVED DATA        ECM  =  15.1579   RC   =   4.3024   RHO  =   5.0434
                     K    =   1.1722   ETA  =   0.8909   DR   =   0.1000
0POTENTIAL PARAMETERS
 NX=1 VOLUME  W-S    V RL = -92.9760   R0RL =   1.1500   A RL =   0.7610   R RL =   3.7972   VSOR =   0.0000
                     V IM =  -1.6020   R0IM =   1.3350   A IM =   0.5250   R IM =   4.4081   VSOI =   0.0000   POWR =   0.0000
 NX=2 SURFACE W-S    V RL =   0.0000   R0RL =   0.0000   A RL =   0.0000   R RL =   0.0000   VSOR =   0.0000
                     V IM =  52.7340   R0IM =   1.3800   A IM =   0.7360   R IM =   4.5567   VSOI =   0.0000   POWR =   0.0000
 NX=4 L*S VOLUME     V RL = -14.2280   R0RL =   0.9720   A RL =   1.0110   R RL =   3.2095   VSOR =   0.0000
                     V IM =   0.0000   R0IM =   0.0000   A IM =   0.0000   R IM =   0.0000   VSOI =   0.0000   POWR =   0.0000
0PARTICLE 2*******************************************************************************************************************
 INPUT DATA          ELAB =  11.3865   RC0  =   1.2920   AC   =   0.0000   2*STR=   1.0000
                     MASSP=   1.0000   MASST=  37.0000   Q    =  -4.0710
                     ZP   =   1.0000   ZT   =  16.0000   PNLOC=   0.0000
 
 DERIVED DATA        ECM  =  11.0869   RC   =   4.3052   RHO  =   3.0941
                     K    =   0.7187   ETA  =   0.7467   DR   =   0.0973
0POTENTIAL PARAMETERS
 NX=1 VOLUME  W-S    V RL = -58.7400   R0RL =   1.1820   A RL =   0.6720   R RL =   3.9387   VSOR =   0.0000
                     V IM =  -1.2840   R0IM =   1.1820   A IM =   0.6720   R IM =   3.9387   VSOI =   0.0000   POWR =   0.0000
 NX=2 SURFACE W-S    V RL =   0.0000   R0RL =   0.0000   A RL =   0.0000   R RL =   0.0000   VSOR =   0.0000
                     V IM =  37.3880   R0IM =   1.2900   A IM =   0.5380   R IM =   4.2986   VSOI =   0.0000   POWR =   0.0000
 NX=4 L*S VOLUME     V RL = -22.4560   R0RL =   0.9910   A RL =   0.5900   R RL =   3.3022   VSOR =   0.0000
                     V IM =   0.2730   R0IM =   0.9910   A IM =   0.5900   R IM =   3.3022   VSOI =   0.0000   POWR =   0.0000
136S(d,p)@ 16MeV    6150 keV  0f5/2 unbound ZR                  0/ 0/ 0
0FORM FACTOR DATA 
0PARTICLE 3*******************************************************************************************************************
 INPUT DATA          ELAB =   1.8460   RC0  =   1.3000   AC   =   0.0000   2*STR=   1.0000
                     MASSP=   1.0000   MASST=  36.0000   Q    =   1.8460
                     ZP   =   0.0000   ZT   =  16.0000   PNLOC=   0.0000
 
 DERIVED DATA        ECM  =   1.8460   RC   =   4.2925   RHO  =   1.2583
                     K    =   0.2931   ETA  =   0.0000   DR   =   0.1000
0POTENTIAL PARAMETERS
 NX=1 VOLUME  W-S    V RL =  -1.0000   R0RL =   1.2800   A RL =   0.6500   R RL =   4.2265   VSOR =  24.0000
                     V IM =   0.0000   R0IM =   0.0000   A IM =   0.0000   R IM =   0.0000   VSOI =   0.0000   POWR =   0.0000
 
                     NODES=   0.0000   L    =   3.0000   2*J  =   5.0000   2*S  =   1.0000   FISW =   0.0000
 
0SINGLE PARTICLE WIDTH = 9.1016E -2  MEV     VOLUME TERM =  1.4472E+02     SURFACE TERM = -6.3426E+00
                     V    =  46.7157   DET  =  -0.0000   NODES=   0.0000   RM   =   4.9500   E    =   1.8460   ITER.=   4
0                    LMAX =  15        NSTEP= 150        NLTR =   1
 Bdwck4 entered
   Subroutine INTEG  entered
0REACSIG 1   1.51818E+02                                             REACSIG 2   9.64300E+01
   Subroutine RADINT entered
136S(d,p)@ 16MeV    6150 keV  0f5/2 unbound ZR                  0/00/00
0BASIC DATA          DR   =   0.1000   RMIN =   0.0000   RMAX =  15.0000   COUEX=   0.0000     IS1=   1.0000
                     FNRNG=   0.0000   PNLC1=   0.0000   PNLC2=   0.0000   PNLC3=   0.0000     IS2=   0.5000
 ANG MOM TRANSFER    LTR  =   3.       2*JTR=   5.       2*STR=   1.       Q    =  -4.0710
   Subroutine INSIG  entered
0 Theta Inelsig,fm**2      Polz       Asy       Ayy       A22       A21       A20       T22       T21       T20  Theta
   0.00    4.3408E+00    0.0000    0.0000    0.0023    0.0000    0.0000   -0.0027    0.0000    0.0000    0.0000   0.00
   1.00    4.3352E+00    0.0043    0.0087    0.0025   -0.0000   -0.0001   -0.0027    0.0000    0.0000    0.0000   1.00
   2.00    4.3183E+00    0.0086    0.0174    0.0028   -0.0002   -0.0001   -0.0029    0.0000    0.0000    0.0000   2.00
   3.00    4.2903E+00    0.0129    0.0261    0.0035   -0.0004   -0.0002   -0.0032    0.0000    0.0000    0.0000   3.00
   4.00    4.2515E+00    0.0173    0.0348    0.0044   -0.0008   -0.0003   -0.0037    0.0000    0.0000    0.0000   4.00
   5.00    4.2021E+00    0.0216    0.0435    0.0055   -0.0012   -0.0003   -0.0042    0.0000    0.0000    0.0000   5.00
   6.00    4.1427E+00    0.0260    0.0521    0.0069   -0.0017   -0.0004   -0.0049    0.0000    0.0000    0.0000   6.00
   7.00    4.0737E+00    0.0304    0.0608    0.0085   -0.0024   -0.0005   -0.0056    0.0000    0.0000    0.0000   7.00
   8.00    3.9956E+00    0.0349    0.0694    0.0103   -0.0030   -0.0006   -0.0065    0.0000    0.0000    0.0000   8.00
   9.00    3.9091E+00    0.0394    0.0779    0.0122   -0.0038   -0.0007   -0.0074    0.0000    0.0000    0.0000   9.00
  10.00    3.8148E+00    0.0439    0.0864    0.0144   -0.0046   -0.0008   -0.0085    0.0000    0.0000    0.0000  10.00
  11.00    3.7133E+00    0.0484    0.0948    0.0167   -0.0055   -0.0009   -0.0096    0.0000    0.0000    0.0000  11.00
  12.00    3.6054E+00    0.0529    0.1031    0.0191   -0.0064   -0.0011   -0.0108    0.0000    0.0000    0.0000  12.00
  13.00    3.4918E+00    0.0574    0.1113    0.0216   -0.0073   -0.0012   -0.0120    0.0000    0.0000    0.0000  13.00
  14.00    3.3731E+00    0.0619    0.1193    0.0242   -0.0083   -0.0013   -0.0133    0.0000    0.0000    0.0000  14.00
  15.00    3.2502E+00    0.0663    0.1272    0.0269   -0.0093   -0.0015   -0.0146    0.0000    0.0000    0.0000  15.00
  16.00    3.1236E+00    0.0707    0.1348    0.0295   -0.0103   -0.0017   -0.0159    0.0000    0.0000    0.0000  16.00
  17.00    2.9942E+00    0.0750    0.1422    0.0322   -0.0113   -0.0018   -0.0173    0.0000    0.0000    0.0000  17.00
  18.00    2.8628E+00    0.0791    0.1494    0.0349   -0.0123   -0.0020   -0.0186    0.0000    0.0000    0.0000  18.00
  19.00    2.7300E+00    0.0831    0.1563    0.0376   -0.0133   -0.0022   -0.0200    0.0000    0.0000    0.0000  19.00
  20.00    2.5966E+00    0.0870    0.1628    0.0402   -0.0143   -0.0024   -0.0213    0.0000    0.0000    0.0000  20.00
  21.00    2.4633E+00    0.0906    0.1689    0.0428   -0.0152   -0.0027   -0.0226    0.0000    0.0000    0.0000  21.00
  22.00    2.3308E+00    0.0940    0.1746    0.0452   -0.0161   -0.0029   -0.0239    0.0000    0.0000    0.0000  22.00
  23.00    2.1998E+00    0.0972    0.1799    0.0476   -0.0170   -0.0031   -0.0251    0.0000    0.0000    0.0000  23.00
  24.00    2.0709E+00    0.1000    0.1846    0.0498   -0.0178   -0.0034   -0.0263    0.0000    0.0000    0.0000  24.00
  25.00    1.9448E+00    0.1025    0.1889    0.0519   -0.0185   -0.0036   -0.0274    0.0000    0.0000    0.0000  25.00
  26.00    1.8219E+00    0.1047    0.1925    0.0539   -0.0192   -0.0039   -0.0285    0.0000    0.0000    0.0000  26.00
  27.00    1.7027E+00    0.1065    0.1955    0.0558   -0.0199   -0.0042   -0.0295    0.0000    0.0000    0.0000  27.00
  28.00    1.5877E+00    0.1079    0.1979    0.0574   -0.0205   -0.0044   -0.0304    0.0000    0.0000    0.0000  28.00
  29.00    1.4772E+00    0.1090    0.1997    0.0589   -0.0210   -0.0047   -0.0313    0.0000    0.0000    0.0000  29.00
  30.00    1.3716E+00    0.1096    0.2008    0.0603   -0.0214   -0.0050   -0.0321    0.0000    0.0000    0.0000  30.00
  31.00    1.2709E+00    0.1099    0.2013    0.0614   -0.0218   -0.0052   -0.0328    0.0000    0.0000    0.0000  31.00
  32.00    1.1755E+00    0.1098    0.2012    0.0624   -0.0221   -0.0055   -0.0334    0.0000    0.0000    0.0000  32.00
  33.00    1.0853E+00    0.1094    0.2005    0.0632   -0.0224   -0.0057   -0.0339    0.0000    0.0000    0.0000  33.00
  34.00    1.0004E+00    0.1088    0.1994    0.0637   -0.0225   -0.0059   -0.0343    0.0000    0.0000    0.0000  34.00
  35.00    9.2078E-01    0.1080    0.1980    0.0641   -0.0226   -0.0061   -0.0346    0.0000    0.0000    0.0000  35.00
  36.00    8.4641E-01    0.1071    0.1962    0.0642   -0.0226   -0.0063   -0.0349    0.0000    0.0000    0.0000  36.00
  37.00    7.7718E-01    0.1062    0.1944    0.0640   -0.0224   -0.0064   -0.0350    0.0000    0.0000    0.0000  37.00
  38.00    7.1295E-01    0.1054    0.1926    0.0636   -0.0222   -0.0065   -0.0350    0.0000    0.0000    0.0000  38.00
  39.00    6.5357E-01    0.1048    0.1910    0.0628   -0.0218   -0.0066   -0.0348    0.0000    0.0000    0.0000  39.00
  40.00    5.9888E-01    0.1045    0.1897    0.0617   -0.0213   -0.0066   -0.0346    0.0000    0.0000    0.0000  40.00
  41.00    5.4868E-01    0.1047    0.1889    0.0602   -0.0205   -0.0065   -0.0342    0.0000    0.0000    0.0000  41.00
  42.00    5.0277E-01    0.1055    0.1887    0.0582   -0.0196   -0.0064   -0.0336    0.0000    0.0000    0.0000  42.00
  43.00    4.6094E-01    0.1069    0.1892    0.0558   -0.0185   -0.0063   -0.0329    0.0000    0.0000    0.0000  43.00
  44.00    4.2298E-01    0.1090    0.1904    0.0528   -0.0172   -0.0060   -0.0320    0.0000    0.0000    0.0000  44.00
  45.00    3.8865E-01    0.1118    0.1925    0.0493   -0.0156   -0.0058   -0.0310    0.0000    0.0000    0.0000  45.00
  46.00    3.5772E-01    0.1154    0.1952    0.0452   -0.0137   -0.0054   -0.0297    0.0000    0.0000    0.0000  46.00
  47.00    3.2997E-01    0.1197    0.1986    0.0405   -0.0116   -0.0050   -0.0283    0.0000    0.0000    0.0000  47.00
  48.00    3.0515E-01    0.1246    0.2025    0.0353   -0.0092   -0.0046   -0.0268    0.0000    0.0000    0.0000  48.00
  49.00    2.8303E-01    0.1301    0.2066    0.0296   -0.0066   -0.0042   -0.0251    0.0000    0.0000    0.0000  49.00
  50.00    2.6336E-01    0.1359    0.2108    0.0236   -0.0038   -0.0037   -0.0233    0.0000    0.0000    0.0000  50.00
  51.00    2.4590E-01    0.1419    0.2148    0.0173   -0.0009   -0.0032   -0.0215    0.0000    0.0000    0.0000  51.00
  52.00    2.3043E-01    0.1480    0.2185    0.0108    0.0020   -0.0027   -0.0196    0.0000    0.0000    0.0000  52.00
  53.00    2.1670E-01    0.1540    0.2216    0.0045    0.0049   -0.0023   -0.0178    0.0000    0.0000    0.0000  53.00
  54.00    2.0451E-01    0.1599    0.2240   -0.0016    0.0077   -0.0018   -0.0161    0.0000    0.0000    0.0000  54.00
  55.00    1.9364E-01    0.1654    0.2257   -0.0072    0.0104   -0.0014   -0.0146    0.0000    0.0000    0.0000  55.00
  56.00    1.8390E-01    0.1707    0.2266   -0.0123    0.0127   -0.0011   -0.0132    0.0000    0.0000    0.0000  56.00
  57.00    1.7512E-01    0.1755    0.2267   -0.0166    0.0148   -0.0008   -0.0122    0.0000    0.0000    0.0000  57.00
  58.00    1.6714E-01    0.1801    0.2262   -0.0200    0.0165   -0.0006   -0.0113    0.0000    0.0000    0.0000  58.00
  59.00    1.5982E-01    0.1843    0.2252   -0.0226    0.0177   -0.0004   -0.0108    0.0000    0.0000    0.0000  59.00
  60.00    1.5304E-01    0.1882    0.2238   -0.0242    0.0185   -0.0002   -0.0107    0.0000    0.0000    0.0000  60.00
  61.00    1.4671E-01    0.1920    0.2221   -0.0248    0.0190   -0.0001   -0.0108    0.0000    0.0000    0.0000  61.00
  62.00    1.4075E-01    0.1956    0.2202   -0.0245    0.0189   -0.0001   -0.0112    0.0000    0.0000    0.0000  62.00
  63.00    1.3510E-01    0.1991    0.2181   -0.0233    0.0186   -0.0000   -0.0119    0.0000    0.0000    0.0000  63.00
  64.00    1.2970E-01    0.2025    0.2161   -0.0214    0.0178   -0.0000   -0.0128    0.0000    0.0000    0.0000  64.00
  65.00    1.2453E-01    0.2058    0.2139   -0.0188    0.0168   -0.0001   -0.0140    0.0000    0.0000    0.0000  65.00
  66.00    1.1956E-01    0.2091    0.2118   -0.0156    0.0155   -0.0001   -0.0153    0.0000    0.0000    0.0000  66.00
  67.00    1.1477E-01    0.2123    0.2096   -0.0120    0.0140   -0.0002   -0.0167    0.0000    0.0000    0.0000  67.00
  68.00    1.1015E-01    0.2154    0.2073   -0.0080    0.0123   -0.0002   -0.0182    0.0000    0.0000    0.0000  68.00
  69.00    1.0569E-01    0.2184    0.2049   -0.0039    0.0105   -0.0003   -0.0197    0.0000    0.0000    0.0000  69.00
  70.00    1.0138E-01    0.2213    0.2025    0.0004    0.0087   -0.0003   -0.0212    0.0000    0.0000    0.0000  70.00
  71.00    9.7226E-02    0.2242    0.2001    0.0047    0.0068   -0.0004   -0.0227    0.0000    0.0000    0.0000  71.00
  72.00    9.3211E-02    0.2270    0.1977    0.0090    0.0049   -0.0004   -0.0241    0.0000    0.0000    0.0000  72.00
  73.00    8.9333E-02    0.2298    0.1955    0.0132    0.0030   -0.0005   -0.0254    0.0000    0.0000    0.0000  73.00
  74.00    8.5585E-02    0.2327    0.1936    0.0174    0.0011   -0.0005   -0.0266    0.0000    0.0000    0.0000  74.00
  75.00    8.1963E-02    0.2357    0.1922    0.0216   -0.0009   -0.0005   -0.0277    0.0000    0.0000    0.0000  75.00
  76.00    7.8464E-02    0.2390    0.1916    0.0258   -0.0029   -0.0004   -0.0288    0.0000    0.0000    0.0000  76.00
  77.00    7.5086E-02    0.2427    0.1919    0.0301   -0.0050   -0.0003   -0.0298    0.0000    0.0000    0.0000  77.00
  78.00    7.1829E-02    0.2468    0.1933    0.0347   -0.0072   -0.0001   -0.0308    0.0000    0.0000    0.0000  78.00
  79.00    6.8696E-02    0.2514    0.1961    0.0397   -0.0096    0.0002   -0.0319    0.0000    0.0000    0.0000  79.00
  80.00    6.5692E-02    0.2565    0.2004    0.0451   -0.0123    0.0006   -0.0330    0.0000    0.0000    0.0000  80.00
  81.00    6.2823E-02    0.2621    0.2062    0.0511   -0.0153    0.0011   -0.0343    0.0000    0.0000    0.0000  81.00
  82.00    6.0098E-02    0.2679    0.2135    0.0578   -0.0185    0.0017   -0.0357    0.0000    0.0000    0.0000  82.00
  83.00    5.7524E-02    0.2739    0.2222    0.0653   -0.0222    0.0025   -0.0374    0.0000    0.0000    0.0000  83.00
  84.00    5.5110E-02    0.2798    0.2320    0.0736   -0.0262    0.0034   -0.0393    0.0000    0.0000    0.0000  84.00
  85.00    5.2861E-02    0.2852    0.2424    0.0827   -0.0305    0.0046   -0.0416    0.0000    0.0000    0.0000  85.00
  86.00    5.0783E-02    0.2898    0.2531    0.0925   -0.0351    0.0058   -0.0441    0.0000    0.0000    0.0000  86.00
  87.00    4.8875E-02    0.2932    0.2634    0.1028   -0.0400    0.0072   -0.0468    0.0000    0.0000    0.0000  87.00
  88.00    4.7136E-02    0.2949    0.2727    0.1136   -0.0450    0.0088   -0.0499    0.0000    0.0000    0.0000  88.00
  89.00    4.5557E-02    0.2947    0.2804    0.1246   -0.0500    0.0104   -0.0531    0.0000    0.0000    0.0000  89.00
0Tot-sig   3.6889E+00
1Inelastic  36S(d,p)@ 16MeV    6150 keV  0f5/2 unbound ZR                  0/00/00
    THETA  -2                               -1                                0                                1   THETA cos(theta)
     0.00  |++++++++++++++++++++++++++++++++|++++++++++++++++++++++++++++++++|++++++++++++++++++++*+++++++++++|+    0.00    1.0000
     1.00  +                                                                                      *            +    1.00    0.9998
     2.00  +                                                                                      *            +    2.00    0.9994
     3.00  +                                                                                      *            +    3.00    0.9986
     4.00  +                                                                                      *            +    4.00    0.9976
     5.00  +                                                                                      *            +    5.00    0.9962
     6.00  +                                                                                     *             +    6.00    0.9945
     7.00  +                                                                                     *             +    7.00    0.9925
     8.00  +                                                                                     *             +    8.00    0.9903
     9.00  +                                                                                     *             +    9.00    0.9877
    10.00  +                                                                                    *              +   10.00    0.9848
    11.00  +                                                                                    *              +   11.00    0.9816
    12.00  +                                                                                   *               +   12.00    0.9781
    13.00  +                                                                                   *               +   13.00    0.9744
    14.00  +                                                                                  *                +   14.00    0.9703
    15.00  +                                                                                  *                +   15.00    0.9659
    16.00  +                                                                                 *                 +   16.00    0.9613
    17.00  +                                                                                 *                 +   17.00    0.9563
    18.00  +                                                                                *                  +   18.00    0.9511
    19.00  +                                                                               *                   +   19.00    0.9455
    20.00  +                                                                               *                   +   20.00    0.9397
    21.00  +                                                                              *                    +   21.00    0.9336
    22.00  +                                                                             *                     +   22.00    0.9272
    23.00  +                                                                            *                      +   23.00    0.9205
    24.00  +                                                                           *                       +   24.00    0.9135
    25.00  +                                                                           *                       +   25.00    0.9063
    26.00  +                                                                          *                        +   26.00    0.8988
    27.00  +                                                                         *                         +   27.00    0.8910
    28.00  +                                                                        *                          +   28.00    0.8829
    29.00  +                                                                       *                           +   29.00    0.8746
    30.00  +                                                                      *                            +   30.00    0.8660
    31.00  +                                                                    *                              +   31.00    0.8572
    32.00  +                                                                   *                               +   32.00    0.8480
    33.00  +                                                                  *                                +   33.00    0.8387
    34.00  +                                                                 *                                 +   34.00    0.8290
    35.00  +                                                                *                                  +   35.00    0.8192
    36.00  +                                                               *                                   +   36.00    0.8090
    37.00  +                                                             *                                     +   37.00    0.7986
    38.00  +                                                            *                                      +   38.00    0.7880
    39.00  +                                                           *                                       +   39.00    0.7771
    40.00  +                                                          *                                        +   40.00    0.7660
    41.00  +                                                        *                                          +   41.00    0.7547
    42.00  +                                                       *                                           +   42.00    0.7431
    43.00  +                                                      *                                            +   43.00    0.7314
    44.00  +                                                     *                                             +   44.00    0.7193
    45.00  +                                                   *                                               +   45.00    0.7071
    46.00  +                                                  *                                                +   46.00    0.6947
    47.00  +                                                 *                                                 +   47.00    0.6820
    48.00  +                                                *                                                  +   48.00    0.6691
    49.00  +                                               *                                                   +   49.00    0.6561
    50.00  +                                              *                                                    +   50.00    0.6428
    51.00  +                                             *                                                     +   51.00    0.6293
    52.00  +                                            *                                                      +   52.00    0.6157
    53.00  +                                           *                                                       +   53.00    0.6018
    54.00  +                                          *                                                        +   54.00    0.5878
    55.00  +                                         *                                                         +   55.00    0.5736
    56.00  +                                         *                                                         +   56.00    0.5592
    57.00  +                                        *                                                          +   57.00    0.5446
    58.00  +                                       *                                                           +   58.00    0.5299
    59.00  +                                       *                                                           +   59.00    0.5150
    60.00  +                                      *                                                            +   60.00    0.5000
    61.00  +                                     *                                                             +   61.00    0.4848
    62.00  +                                     *                                                             +   62.00    0.4695
    63.00  +                                    *                                                              +   63.00    0.4540
    64.00  +                                    *                                                              +   64.00    0.4384
    65.00  +                                   *                                                               +   65.00    0.4226
    66.00  +                                   *                                                               +   66.00    0.4067
    67.00  +                                  *                                                                +   67.00    0.3907
    68.00  +                                 *                                                                 +   68.00    0.3746
    69.00  +                                 *                                                                 +   69.00    0.3584
    70.00  +                                *                                                                  +   70.00    0.3420
    71.00  +                                *                                                                  +   71.00    0.3256
    72.00  +                               *                                                                   +   72.00    0.3090
    73.00  +                              *                                                                    +   73.00    0.2924
    74.00  +                              *                                                                    +   74.00    0.2756
    75.00  +                             *                                                                     +   75.00    0.2588
    76.00  +                             *                                                                     +   76.00    0.2419
    77.00  +                            *                                                                      +   77.00    0.2250
    78.00  +                           *                                                                       +   78.00    0.2079
    79.00  +                           *                                                                       +   79.00    0.1908
    80.00  +                          *                                                                        +   80.00    0.1736
    81.00  +                         *                                                                         +   81.00    0.1564
    82.00  +                         *                                                                         +   82.00    0.1392
    83.00  +                        *                                                                          +   83.00    0.1219
    84.00  +                       *                                                                           +   84.00    0.1045
    85.00  +                       *                                                                           +   85.00    0.0872
    86.00  +                      *                                                                            +   86.00    0.0698
    87.00  +                      *                                                                            +   87.00    0.0523
    88.00  +                     *                                                                             +   88.00    0.0349
    89.00  |+++++++++++++++++++++*++++++++++|++++++++++++++++++++++++++++++++|++++++++++++++++++++++++++++++++|+   89.00    0.0175
    THETA  -2                               -1                                0                                1   THETA cos(theta)
1Asymmetry  36S(d,p)@ 16MeV    6150 keV  0f5/2 unbound ZR                  0/00/00
    THETA  -1                                                 0                                                 1  THETA cos(theta)
     0.00  |+++++++++++++++++++++++++++++++++++++++++++++++++*+++++++++++++++++++++++++++++++++++++++++++++++++|    0.00    1.0000
     1.00  +                                                 *                                                 +    1.00    0.9998
     2.00  +                                                 +*                                                +    2.00    0.9994
     3.00  +                                                 +*                                                +    3.00    0.9986
     4.00  +                                                 + *                                               +    4.00    0.9976
     5.00  +                                                 + *                                               +    5.00    0.9962
     6.00  +                                                 +  *                                              +    6.00    0.9945
     7.00  +                                                 +  *                                              +    7.00    0.9925
     8.00  +                                                 +  *                                              +    8.00    0.9903
     9.00  +                                                 +   *                                             +    9.00    0.9877
    10.00  +                                                 +   *                                             +   10.00    0.9848
    11.00  +                                                 +    *                                            +   11.00    0.9816
    12.00  +                                                 +    *                                            +   12.00    0.9781
    13.00  +                                                 +     *                                           +   13.00    0.9744
    14.00  +                                                 +     *                                           +   14.00    0.9703
    15.00  +                                                 +     *                                           +   15.00    0.9659
    16.00  +                                                 +      *                                          +   16.00    0.9613
    17.00  +                                                 +      *                                          +   17.00    0.9563
    18.00  +                                                 +      *                                          +   18.00    0.9511
    19.00  +                                                 +       *                                         +   19.00    0.9455
    20.00  +                                                 +       *                                         +   20.00    0.9397
    21.00  +                                                 +       *                                         +   21.00    0.9336
    22.00  +                                                 +        *                                        +   22.00    0.9272
    23.00  +                                                 +        *                                        +   23.00    0.9205
    24.00  +                                                 +        *                                        +   24.00    0.9135
    25.00  +                                                 +        *                                        +   25.00    0.9063
    26.00  +                                                 +         *                                       +   26.00    0.8988
    27.00  +                                                 +         *                                       +   27.00    0.8910
    28.00  +                                                 +         *                                       +   28.00    0.8829
    29.00  +                                                 +         *                                       +   29.00    0.8746
    30.00  +                                                 +         *                                       +   30.00    0.8660
    31.00  +                                                 +         *                                       +   31.00    0.8572
    32.00  +                                                 +         *                                       +   32.00    0.8480
    33.00  +                                                 +         *                                       +   33.00    0.8387
    34.00  +                                                 +         *                                       +   34.00    0.8290
    35.00  +                                                 +         *                                       +   35.00    0.8192
    36.00  +                                                 +         *                                       +   36.00    0.8090
    37.00  +                                                 +         *                                       +   37.00    0.7986
    38.00  +                                                 +         *                                       +   38.00    0.7880
    39.00  +                                                 +         *                                       +   39.00    0.7771
    40.00  +                                                 +        *                                        +   40.00    0.7660
    41.00  +                                                 +        *                                        +   41.00    0.7547
    42.00  +                                                 +        *                                        +   42.00    0.7431
    43.00  +                                                 +        *                                        +   43.00    0.7314
    44.00  +                                                 +         *                                       +   44.00    0.7193
    45.00  +                                                 +         *                                       +   45.00    0.7071
    46.00  +                                                 +         *                                       +   46.00    0.6947
    47.00  +                                                 +         *                                       +   47.00    0.6820
    48.00  +                                                 +         *                                       +   48.00    0.6691
    49.00  +                                                 +         *                                       +   49.00    0.6561
    50.00  +                                                 +          *                                      +   50.00    0.6428
    51.00  +                                                 +          *                                      +   51.00    0.6293
    52.00  +                                                 +          *                                      +   52.00    0.6157
    53.00  +                                                 +          *                                      +   53.00    0.6018
    54.00  +                                                 +          *                                      +   54.00    0.5878
    55.00  +                                                 +          *                                      +   55.00    0.5736
    56.00  +                                                 +          *                                      +   56.00    0.5592
    57.00  +                                                 +          *                                      +   57.00    0.5446
    58.00  +                                                 +          *                                      +   58.00    0.5299
    59.00  +                                                 +          *                                      +   59.00    0.5150
    60.00  +                                                 +          *                                      +   60.00    0.5000
    61.00  +                                                 +          *                                      +   61.00    0.4848
    62.00  +                                                 +          *                                      +   62.00    0.4695
    63.00  +                                                 +          *                                      +   63.00    0.4540
    64.00  +                                                 +          *                                      +   64.00    0.4384
    65.00  +                                                 +          *                                      +   65.00    0.4226
    66.00  +                                                 +          *                                      +   66.00    0.4067
    67.00  +                                                 +         *                                       +   67.00    0.3907
    68.00  +                                                 +         *                                       +   68.00    0.3746
    69.00  +                                                 +         *                                       +   69.00    0.3584
    70.00  +                                                 +         *                                       +   70.00    0.3420
    71.00  +                                                 +         *                                       +   71.00    0.3256
    72.00  +                                                 +         *                                       +   72.00    0.3090
    73.00  +                                                 +         *                                       +   73.00    0.2924
    74.00  +                                                 +         *                                       +   74.00    0.2756
    75.00  +                                                 +         *                                       +   75.00    0.2588
    76.00  +                                                 +         *                                       +   76.00    0.2419
    77.00  +                                                 +         *                                       +   77.00    0.2250
    78.00  +                                                 +         *                                       +   78.00    0.2079
    79.00  +                                                 +         *                                       +   79.00    0.1908
    80.00  +                                                 +         *                                       +   80.00    0.1736
    81.00  +                                                 +         *                                       +   81.00    0.1564
    82.00  +                                                 +          *                                      +   82.00    0.1392
    83.00  +                                                 +          *                                      +   83.00    0.1219
    84.00  +                                                 +           *                                     +   84.00    0.1045
    85.00  +                                                 +           *                                     +   85.00    0.0872
    86.00  +                                                 +            *                                    +   86.00    0.0698
    87.00  +                                                 +            *                                    +   87.00    0.0523
    88.00  +                                                 +             *                                   +   88.00    0.0349
    89.00  |+++++++++++++++++++++++++++++++++++++++++++++++++|+++++++++++++*+++++++++++++++++++++++++++++++++++|   89.00    0.0175
    THETA  -1                                                 0                                                 1  THETA cos(theta)
1DWUCK4-DISTORTED WAVES U.COLORADO- PC-VERSION  12/Jan /1995
 Elapsed time in seconds =   0.00
 Elapsed time in seconds =   0.00
0CONTROL INTEGERS
  1 2 3 4 5 6 7 8 9 A B C D E F G H I J K    RUN IDENTIFICATION                                             0/00/00   0.00.00
  1 0 1 1 0 0 0 0 3 0 0 0 0 0 0 0 0 0 0 0    36S(d,p)@ 16MeV    6408 keV  0f5/2 unbound ZR               
 36S(d,p)@ 16MeV    6408 keV  0f5/2 unbound ZR               
 Adwck4 entered
0ANGLE DATA          THETN=  90.0000   THET1=   0.0000   DTHET=   1.0000   A-ANG=   0.0000   B-ANG=   0.0000
0CARD SET 3 DATA     LMAX =  15          LTR=   3
                     NLTR =   1        2*JTR=   5
0CARD SET 4 DATA     DRF  =   0.1000   RZ   =   0.0000   RMAX = -15.0000   VCE  =   0.0000   FNRNG=   0.0000
 PARTICLE DATA 
0PARTICLE 1*******************************************************************************************************************
 INPUT DATA          ELAB =  16.0000   RC0  =   1.3030   AC   =   0.0000   2*STR=   2.0000
                     MASSP=   2.0000   MASST=  36.0000   Q    =   0.0000
                     ZP   =   1.0000   ZT   =  16.0000   PNLOC=   0.0000
 
 DERIVED DATA        ECM  =  15.1579   RC   =   4.3024   RHO  =   5.0434
                     K    =   1.1722   ETA  =   0.8909   DR   =   0.1000
0POTENTIAL PARAMETERS
 NX=1 VOLUME  W-S    V RL = -92.9760   R0RL =   1.1500   A RL =   0.7610   R RL =   3.7972   VSOR =   0.0000
                     V IM =  -1.6020   R0IM =   1.3350   A IM =   0.5250   R IM =   4.4081   VSOI =   0.0000   POWR =   0.0000
 NX=2 SURFACE W-S    V RL =   0.0000   R0RL =   0.0000   A RL =   0.0000   R RL =   0.0000   VSOR =   0.0000
                     V IM =  53.1700   R0IM =   1.3800   A IM =   0.7360   R IM =   4.5567   VSOI =   0.0000   POWR =   0.0000
 NX=4 L*S VOLUME     V RL = -14.2280   R0RL =   0.9720   A RL =   1.0110   R RL =   3.2095   VSOR =   0.0000
                     V IM =   0.0000   R0IM =   0.0000   A IM =   0.0000   R IM =   0.0000   VSOI =   0.0000   POWR =   0.0000
0PARTICLE 2*******************************************************************************************************************
 INPUT DATA          ELAB =  11.1216   RC0  =   1.2920   AC   =   0.0000   2*STR=   1.0000
                     MASSP=   1.0000   MASST=  37.0000   Q    =  -4.3290
                     ZP   =   1.0000   ZT   =  16.0000   PNLOC=   0.0000
 
 DERIVED DATA        ECM  =  10.8289   RC   =   4.3052   RHO  =   3.0579
                     K    =   0.7103   ETA  =   0.7556   DR   =   0.0973
0POTENTIAL PARAMETERS
 NX=1 VOLUME  W-S    V RL = -58.8440   R0RL =   1.1820   A RL =   0.6720   R RL =   3.9387   VSOR =   0.0000
                     V IM =  -1.3050   R0IM =   1.1820   A IM =   0.6720   R IM =   3.9387   VSOI =   0.0000   POWR =   0.0000
 NX=2 SURFACE W-S    V RL =   0.0000   R0RL =   0.0000   A RL =   0.0000   R RL =   0.0000   VSOR =   0.0000
                     V IM =  37.4950   R0IM =   1.2900   A IM =   0.5380   R IM =   4.2986   VSOI =   0.0000   POWR =   0.0000
 NX=4 L*S VOLUME     V RL = -22.4560   R0RL =   0.9910   A RL =   0.5900   R RL =   3.3022   VSOR =   0.0000
                     V IM =   0.2780   R0IM =   0.9910   A IM =   0.5900   R IM =   3.3022   VSOI =   0.0000   POWR =   0.0000
136S(d,p)@ 16MeV    6408 keV  0f5/2 unbound ZR                  0/ 0/ 0
0FORM FACTOR DATA 
0PARTICLE 3*******************************************************************************************************************
 INPUT DATA          ELAB =   2.1040   RC0  =   1.3000   AC   =   0.0000   2*STR=   1.0000
                     MASSP=   1.0000   MASST=  36.0000   Q    =   2.1040
                     ZP   =   0.0000   ZT   =  16.0000   PNLOC=   0.0000
 
 DERIVED DATA        ECM  =   2.1040   RC   =   4.2925   RHO  =   1.3434
                     K    =   0.3130   ETA  =   0.0000   DR   =   0.1000
0POTENTIAL PARAMETERS
 NX=1 VOLUME  W-S    V RL =  -1.0000   R0RL =   1.2800   A RL =   0.6500   R RL =   4.2265   VSOR =  24.0000
                     V IM =   0.0000   R0IM =   0.0000   A IM =   0.0000   R IM =   0.0000   VSOI =   0.0000   POWR =   0.0000
 
                     NODES=   0.0000   L    =   3.0000   2*J  =   5.0000   2*S  =   1.0000   FISW =   0.0000
 
0SINGLE PARTICLE WIDTH = 1.3674E -1  MEV     VOLUME TERM =  1.0448E+02     SURFACE TERM = -6.1483E+00
                     V    =  46.0743   DET  =   0.0000   NODES=   0.0000   RM   =   4.9500   E    =   2.1040   ITER.=   5
0                    LMAX =  15        NSTEP= 150        NLTR =   1
 Bdwck4 entered
   Subroutine INTEG  entered
0REACSIG 1   1.51995E+02                                             REACSIG 2   9.60076E+01
   Subroutine RADINT entered
136S(d,p)@ 16MeV    6408 keV  0f5/2 unbound ZR                  0/00/00
0BASIC DATA          DR   =   0.1000   RMIN =   0.0000   RMAX =  15.0000   COUEX=   0.0000     IS1=   1.0000
                     FNRNG=   0.0000   PNLC1=   0.0000   PNLC2=   0.0000   PNLC3=   0.0000     IS2=   0.5000
 ANG MOM TRANSFER    LTR  =   3.       2*JTR=   5.       2*STR=   1.       Q    =  -4.3290
   Subroutine INSIG  entered
0 Theta Inelsig,fm**2      Polz       Asy       Ayy       A22       A21       A20       T22       T21       T20  Theta
   0.00    4.9544E+00    0.0000    0.0000    0.0015    0.0000    0.0000   -0.0015    0.0000    0.0000    0.0000   0.00
   1.00    4.9465E+00    0.0043    0.0087    0.0016   -0.0000   -0.0001   -0.0016    0.0000    0.0000    0.0000   1.00
   2.00    4.9231E+00    0.0085    0.0174    0.0020   -0.0002   -0.0001   -0.0018    0.0000    0.0000    0.0000   2.00
   3.00    4.8843E+00    0.0128    0.0261    0.0026   -0.0004   -0.0002   -0.0020    0.0000    0.0000    0.0000   3.00
   4.00    4.8308E+00    0.0172    0.0349    0.0034   -0.0007   -0.0002   -0.0024    0.0000    0.0000    0.0000   4.00
   5.00    4.7632E+00    0.0216    0.0437    0.0044   -0.0011   -0.0003   -0.0030    0.0000    0.0000    0.0000   5.00
   6.00    4.6823E+00    0.0261    0.0526    0.0057   -0.0016   -0.0003   -0.0036    0.0000    0.0000    0.0000   6.00
   7.00    4.5892E+00    0.0307    0.0616    0.0071   -0.0021   -0.0004   -0.0043    0.0000    0.0000    0.0000   7.00
   8.00    4.4848E+00    0.0353    0.0706    0.0088   -0.0027   -0.0005   -0.0052    0.0000    0.0000    0.0000   8.00
   9.00    4.3703E+00    0.0401    0.0797    0.0107   -0.0034   -0.0006   -0.0061    0.0000    0.0000    0.0000   9.00
  10.00    4.2468E+00    0.0449    0.0888    0.0127   -0.0042   -0.0007   -0.0071    0.0000    0.0000    0.0000  10.00
  11.00    4.1156E+00    0.0498    0.0980    0.0149   -0.0050   -0.0008   -0.0082    0.0000    0.0000    0.0000  11.00
  12.00    3.9778E+00    0.0548    0.1072    0.0172   -0.0059   -0.0009   -0.0094    0.0000    0.0000    0.0000  12.00
  13.00    3.8345E+00    0.0598    0.1164    0.0197   -0.0068   -0.0010   -0.0106    0.0000    0.0000    0.0000  13.00
  14.00    3.6868E+00    0.0649    0.1255    0.0223   -0.0078   -0.0011   -0.0119    0.0000    0.0000    0.0000  14.00
  15.00    3.5359E+00    0.0699    0.1345    0.0249   -0.0087   -0.0013   -0.0132    0.0000    0.0000    0.0000  15.00
  16.00    3.3826E+00    0.0750    0.1434    0.0276   -0.0097   -0.0014   -0.0146    0.0000    0.0000    0.0000  16.00
  17.00    3.2280E+00    0.0799    0.1521    0.0304   -0.0108   -0.0016   -0.0160    0.0000    0.0000    0.0000  17.00
  18.00    3.0729E+00    0.0849    0.1607    0.0332   -0.0118   -0.0018   -0.0175    0.0000    0.0000    0.0000  18.00
  19.00    2.9182E+00    0.0897    0.1689    0.0359   -0.0128   -0.0020   -0.0189    0.0000    0.0000    0.0000  19.00
  20.00    2.7647E+00    0.0943    0.1768    0.0387   -0.0138   -0.0022   -0.0203    0.0000    0.0000    0.0000  20.00
  21.00    2.6130E+00    0.0988    0.1844    0.0414   -0.0148   -0.0024   -0.0217    0.0000    0.0000    0.0000  21.00
  22.00    2.4639E+00    0.1030    0.1916    0.0440   -0.0157   -0.0026   -0.0231    0.0000    0.0000    0.0000  22.00
  23.00    2.3180E+00    0.1070    0.1982    0.0465   -0.0166   -0.0028   -0.0244    0.0000    0.0000    0.0000  23.00
  24.00    2.1758E+00    0.1106    0.2043    0.0489   -0.0175   -0.0031   -0.0257    0.0000    0.0000    0.0000  24.00
  25.00    2.0378E+00    0.1140    0.2099    0.0512   -0.0183   -0.0033   -0.0270    0.0000    0.0000    0.0000  25.00
  26.00    1.9044E+00    0.1169    0.2148    0.0534   -0.0191   -0.0036   -0.0281    0.0000    0.0000    0.0000  26.00
  27.00    1.7761E+00    0.1195    0.2191    0.0554   -0.0198   -0.0038   -0.0293    0.0000    0.0000    0.0000  27.00
  28.00    1.6530E+00    0.1216    0.2226    0.0573   -0.0204   -0.0041   -0.0303    0.0000    0.0000    0.0000  28.00
  29.00    1.5355E+00    0.1233    0.2255    0.0589   -0.0210   -0.0044   -0.0313    0.0000    0.0000    0.0000  29.00
  30.00    1.4238E+00    0.1246    0.2276    0.0604   -0.0215   -0.0046   -0.0321    0.0000    0.0000    0.0000  30.00
  31.00    1.3178E+00    0.1254    0.2290    0.0617   -0.0219   -0.0049   -0.0329    0.0000    0.0000    0.0000  31.00
  32.00    1.2177E+00    0.1259    0.2297    0.0628   -0.0223   -0.0051   -0.0336    0.0000    0.0000    0.0000  32.00
  33.00    1.1235E+00    0.1259    0.2298    0.0637   -0.0225   -0.0053   -0.0342    0.0000    0.0000    0.0000  33.00
  34.00    1.0352E+00    0.1257    0.2294    0.0643   -0.0227   -0.0056   -0.0347    0.0000    0.0000    0.0000  34.00
  35.00    9.5250E-01    0.1252    0.2285    0.0647   -0.0228   -0.0057   -0.0351    0.0000    0.0000    0.0000  35.00
  36.00    8.7546E-01    0.1246    0.2273    0.0649   -0.0228   -0.0059   -0.0354    0.0000    0.0000    0.0000  36.00
  37.00    8.0387E-01    0.1239    0.2259    0.0648   -0.0226   -0.0060   -0.0356    0.0000    0.0000    0.0000  37.00
  38.00    7.3756E-01    0.1233    0.2244    0.0644   -0.0224   -0.0061   -0.0356    0.0000    0.0000    0.0000  38.00
  39.00    6.7633E-01    0.1228    0.2231    0.0637   -0.0220   -0.0062   -0.0356    0.0000    0.0000    0.0000  39.00
  40.00    6.1996E-01    0.1227    0.2221    0.0626   -0.0215   -0.0062   -0.0354    0.0000    0.0000    0.0000  40.00
  41.00    5.6826E-01    0.1229    0.2216    0.0612   -0.0208   -0.0061   -0.0350    0.0000    0.0000    0.0000  41.00
  42.00    5.2098E-01    0.1236    0.2216    0.0593   -0.0199   -0.0060   -0.0346    0.0000    0.0000    0.0000  42.00
  43.00    4.7790E-01    0.1249    0.2222    0.0570   -0.0188   -0.0059   -0.0340    0.0000    0.0000    0.0000  43.00
  44.00    4.3878E-01    0.1269    0.2237    0.0542   -0.0175   -0.0057   -0.0332    0.0000    0.0000    0.0000  44.00
  45.00    4.0339E-01    0.1296    0.2259    0.0508   -0.0159   -0.0054   -0.0322    0.0000    0.0000    0.0000  45.00
  46.00    3.7149E-01    0.1330    0.2288    0.0470   -0.0141   -0.0051   -0.0312    0.0000    0.0000    0.0000  46.00
  47.00    3.4282E-01    0.1370    0.2324    0.0426   -0.0121   -0.0048   -0.0299    0.0000    0.0000    0.0000  47.00
  48.00    3.1715E-01    0.1417    0.2365    0.0377   -0.0099   -0.0044   -0.0285    0.0000    0.0000    0.0000  48.00
  49.00    2.9423E-01    0.1468    0.2409    0.0324   -0.0074   -0.0040   -0.0270    0.0000    0.0000    0.0000  49.00
  50.00    2.7382E-01    0.1523    0.2453    0.0267   -0.0048   -0.0036   -0.0254    0.0000    0.0000    0.0000  50.00
  51.00    2.5567E-01    0.1580    0.2497    0.0209   -0.0021   -0.0031   -0.0237    0.0000    0.0000    0.0000  51.00
  52.00    2.3954E-01    0.1637    0.2537    0.0149    0.0006   -0.0027   -0.0220    0.0000    0.0000    0.0000  52.00
  53.00    2.2520E-01    0.1694    0.2572    0.0091    0.0033   -0.0023   -0.0204    0.0000    0.0000    0.0000  53.00
  54.00    2.1243E-01    0.1748    0.2601    0.0036    0.0059   -0.0019   -0.0188    0.0000    0.0000    0.0000  54.00
  55.00    2.0102E-01    0.1800    0.2622   -0.0016    0.0083   -0.0016   -0.0174    0.0000    0.0000    0.0000  55.00
  56.00    1.9077E-01    0.1849    0.2635   -0.0061    0.0104   -0.0013   -0.0162    0.0000    0.0000    0.0000  56.00
  57.00    1.8151E-01    0.1894    0.2641   -0.0099    0.0122   -0.0011   -0.0153    0.0000    0.0000    0.0000  57.00
  58.00    1.7307E-01    0.1936    0.2640   -0.0128    0.0136   -0.0009   -0.0145    0.0000    0.0000    0.0000  58.00
  59.00    1.6531E-01    0.1975    0.2634   -0.0149    0.0146   -0.0007   -0.0141    0.0000    0.0000    0.0000  59.00
  60.00    1.5813E-01    0.2012    0.2623   -0.0160    0.0152   -0.0006   -0.0140    0.0000    0.0000    0.0000  60.00
  61.00    1.5141E-01    0.2046    0.2609   -0.0162    0.0154   -0.0005   -0.0142    0.0000    0.0000    0.0000  61.00
  62.00    1.4508E-01    0.2079    0.2592   -0.0155    0.0152   -0.0004   -0.0146    0.0000    0.0000    0.0000  62.00
  63.00    1.3907E-01    0.2111    0.2573   -0.0140    0.0146   -0.0004   -0.0154    0.0000    0.0000    0.0000  63.00
  64.00    1.3334E-01    0.2142    0.2553   -0.0116    0.0136   -0.0004   -0.0163    0.0000    0.0000    0.0000  64.00
  65.00    1.2785E-01    0.2173    0.2531   -0.0087    0.0124   -0.0004   -0.0175    0.0000    0.0000    0.0000  65.00
  66.00    1.2258E-01    0.2203    0.2509   -0.0052    0.0109   -0.0004   -0.0188    0.0000    0.0000    0.0000  66.00
  67.00    1.1751E-01    0.2232    0.2485   -0.0012    0.0093   -0.0004   -0.0203    0.0000    0.0000    0.0000  67.00
  68.00    1.1262E-01    0.2260    0.2460    0.0030    0.0074   -0.0004   -0.0218    0.0000    0.0000    0.0000  68.00
  69.00    1.0790E-01    0.2287    0.2433    0.0074    0.0055   -0.0004   -0.0234    0.0000    0.0000    0.0000  69.00
  70.00    1.0336E-01    0.2314    0.2405    0.0118    0.0036   -0.0004   -0.0249    0.0000    0.0000    0.0000  70.00
  71.00    9.8977E-02    0.2339    0.2377    0.0163    0.0016   -0.0003   -0.0264    0.0000    0.0000    0.0000  71.00
  72.00    9.4750E-02    0.2364    0.2348    0.0206   -0.0003   -0.0003   -0.0278    0.0000    0.0000    0.0000  72.00
  73.00    9.0671E-02    0.2390    0.2321    0.0249   -0.0022   -0.0003   -0.0291    0.0000    0.0000    0.0000  73.00
  74.00    8.6735E-02    0.2416    0.2297    0.0290   -0.0041   -0.0002   -0.0303    0.0000    0.0000    0.0000  74.00
  75.00    8.2937E-02    0.2444    0.2279    0.0330   -0.0060   -0.0001   -0.0313    0.0000    0.0000    0.0000  75.00
  76.00    7.9273E-02    0.2476    0.2268    0.0369   -0.0079    0.0000   -0.0323    0.0000    0.0000    0.0000  76.00
  77.00    7.5740E-02    0.2511    0.2268    0.0409   -0.0098    0.0002   -0.0332    0.0000    0.0000    0.0000  77.00
  78.00    7.2339E-02    0.2551    0.2280    0.0450   -0.0118    0.0005   -0.0341    0.0000    0.0000    0.0000  78.00
  79.00    6.9072E-02    0.2597    0.2306    0.0494   -0.0140    0.0008   -0.0349    0.0000    0.0000    0.0000  79.00
  80.00    6.5945E-02    0.2648    0.2349    0.0542   -0.0164    0.0012   -0.0358    0.0000    0.0000    0.0000  80.00
  81.00    6.2964E-02    0.2705    0.2409    0.0594   -0.0190    0.0018   -0.0369    0.0000    0.0000    0.0000  81.00
  82.00    6.0138E-02    0.2766    0.2485    0.0653   -0.0219    0.0025   -0.0380    0.0000    0.0000    0.0000  82.00
  83.00    5.7475E-02    0.2828    0.2577    0.0718   -0.0251    0.0033   -0.0394    0.0000    0.0000    0.0000  83.00
  84.00    5.4984E-02    0.2891    0.2680    0.0790   -0.0287    0.0043   -0.0409    0.0000    0.0000    0.0000  84.00
  85.00    5.2671E-02    0.2949    0.2792    0.0870   -0.0325    0.0054   -0.0427    0.0000    0.0000    0.0000  85.00
  86.00    5.0541E-02    0.3000    0.2907    0.0956   -0.0366    0.0066   -0.0448    0.0000    0.0000    0.0000  86.00
  87.00    4.8593E-02    0.3039    0.3018    0.1047   -0.0409    0.0080   -0.0472    0.0000    0.0000    0.0000  87.00
  88.00    4.6826E-02    0.3061    0.3118    0.1142   -0.0453    0.0096   -0.0497    0.0000    0.0000    0.0000  88.00
  89.00    4.5229E-02    0.3062    0.3202    0.1238   -0.0498    0.0112   -0.0525    0.0000    0.0000    0.0000  89.00
0Tot-sig   3.8947E+00
1Inelastic  36S(d,p)@ 16MeV    6408 keV  0f5/2 unbound ZR                  0/00/00
    THETA  -2                               -1                                0                                1   THETA cos(theta)
     0.00  |++++++++++++++++++++++++++++++++|++++++++++++++++++++++++++++++++|++++++++++++++++++++++*+++++++++|+    0.00    1.0000
     1.00  +                                                                                        *          +    1.00    0.9998
     2.00  +                                                                                        *          +    2.00    0.9994
     3.00  +                                                                                        *          +    3.00    0.9986
     4.00  +                                                                                        *          +    4.00    0.9976
     5.00  +                                                                                       *           +    5.00    0.9962
     6.00  +                                                                                       *           +    6.00    0.9945
     7.00  +                                                                                       *           +    7.00    0.9925
     8.00  +                                                                                       *           +    8.00    0.9903
     9.00  +                                                                                      *            +    9.00    0.9877
    10.00  +                                                                                      *            +   10.00    0.9848
    11.00  +                                                                                     *             +   11.00    0.9816
    12.00  +                                                                                     *             +   12.00    0.9781
    13.00  +                                                                                    *              +   13.00    0.9744
    14.00  +                                                                                    *              +   14.00    0.9703
    15.00  +                                                                                   *               +   15.00    0.9659
    16.00  +                                                                                  *                +   16.00    0.9613
    17.00  +                                                                                  *                +   17.00    0.9563
    18.00  +                                                                                 *                 +   18.00    0.9511
    19.00  +                                                                                *                  +   19.00    0.9455
    20.00  +                                                                                *                  +   20.00    0.9397
    21.00  +                                                                               *                   +   21.00    0.9336
    22.00  +                                                                              *                    +   22.00    0.9272
    23.00  +                                                                             *                     +   23.00    0.9205
    24.00  +                                                                            *                      +   24.00    0.9135
    25.00  +                                                                           *                       +   25.00    0.9063
    26.00  +                                                                          *                        +   26.00    0.8988
    27.00  +                                                                         *                         +   27.00    0.8910
    28.00  +                                                                        *                          +   28.00    0.8829
    29.00  +                                                                       *                           +   29.00    0.8746
    30.00  +                                                                      *                            +   30.00    0.8660
    31.00  +                                                                     *                             +   31.00    0.8572
    32.00  +                                                                    *                              +   32.00    0.8480
    33.00  +                                                                   *                               +   33.00    0.8387
    34.00  +                                                                 *                                 +   34.00    0.8290
    35.00  +                                                                *                                  +   35.00    0.8192
    36.00  +                                                               *                                   +   36.00    0.8090
    37.00  +                                                              *                                    +   37.00    0.7986
    38.00  +                                                             *                                     +   38.00    0.7880
    39.00  +                                                           *                                       +   39.00    0.7771
    40.00  +                                                          *                                        +   40.00    0.7660
    41.00  +                                                         *                                         +   41.00    0.7547
    42.00  +                                                        *                                          +   42.00    0.7431
    43.00  +                                                      *                                            +   43.00    0.7314
    44.00  +                                                     *                                             +   44.00    0.7193
    45.00  +                                                    *                                              +   45.00    0.7071
    46.00  +                                                   *                                               +   46.00    0.6947
    47.00  +                                                  *                                                +   47.00    0.6820
    48.00  +                                                 *                                                 +   48.00    0.6691
    49.00  +                                               *                                                   +   49.00    0.6561
    50.00  +                                              *                                                    +   50.00    0.6428
    51.00  +                                             *                                                     +   51.00    0.6293
    52.00  +                                             *                                                     +   52.00    0.6157
    53.00  +                                            *                                                      +   53.00    0.6018
    54.00  +                                           *                                                       +   54.00    0.5878
    55.00  +                                          *                                                        +   55.00    0.5736
    56.00  +                                         *                                                         +   56.00    0.5592
    57.00  +                                         *                                                         +   57.00    0.5446
    58.00  +                                        *                                                          +   58.00    0.5299
    59.00  +                                       *                                                           +   59.00    0.5150
    60.00  +                                       *                                                           +   60.00    0.5000
    61.00  +                                      *                                                            +   61.00    0.4848
    62.00  +                                     *                                                             +   62.00    0.4695
    63.00  +                                     *                                                             +   63.00    0.4540
    64.00  +                                    *                                                              +   64.00    0.4384
    65.00  +                                    *                                                              +   65.00    0.4226
    66.00  +                                   *                                                               +   66.00    0.4067
    67.00  +                                  *                                                                +   67.00    0.3907
    68.00  +                                  *                                                                +   68.00    0.3746
    69.00  +                                 *                                                                 +   69.00    0.3584
    70.00  +                                *                                                                  +   70.00    0.3420
    71.00  +                                *                                                                  +   71.00    0.3256
    72.00  +                               *                                                                   +   72.00    0.3090
    73.00  +                               *                                                                   +   73.00    0.2924
    74.00  +                              *                                                                    +   74.00    0.2756
    75.00  +                             *                                                                     +   75.00    0.2588
    76.00  +                             *                                                                     +   76.00    0.2419
    77.00  +                            *                                                                      +   77.00    0.2250
    78.00  +                           *                                                                       +   78.00    0.2079
    79.00  +                           *                                                                       +   79.00    0.1908
    80.00  +                          *                                                                        +   80.00    0.1736
    81.00  +                         *                                                                         +   81.00    0.1564
    82.00  +                         *                                                                         +   82.00    0.1392
    83.00  +                        *                                                                          +   83.00    0.1219
    84.00  +                       *                                                                           +   84.00    0.1045
    85.00  +                       *                                                                           +   85.00    0.0872
    86.00  +                      *                                                                            +   86.00    0.0698
    87.00  +                      *                                                                            +   87.00    0.0523
    88.00  +                     *                                                                             +   88.00    0.0349
    89.00  |+++++++++++++++++++++*++++++++++|++++++++++++++++++++++++++++++++|++++++++++++++++++++++++++++++++|+   89.00    0.0175
    THETA  -2                               -1                                0                                1   THETA cos(theta)
1Asymmetry  36S(d,p)@ 16MeV    6408 keV  0f5/2 unbound ZR                  0/00/00
    THETA  -1                                                 0                                                 1  THETA cos(theta)
     0.00  |+++++++++++++++++++++++++++++++++++++++++++++++++*+++++++++++++++++++++++++++++++++++++++++++++++++|    0.00    1.0000
     1.00  +                                                 *                                                 +    1.00    0.9998
     2.00  +                                                 +*                                                +    2.00    0.9994
     3.00  +                                                 +*                                                +    3.00    0.9986
     4.00  +                                                 + *                                               +    4.00    0.9976
     5.00  +                                                 + *                                               +    5.00    0.9962
     6.00  +                                                 +  *                                              +    6.00    0.9945
     7.00  +                                                 +  *                                              +    7.00    0.9925
     8.00  +                                                 +   *                                             +    8.00    0.9903
     9.00  +                                                 +   *                                             +    9.00    0.9877
    10.00  +                                                 +   *                                             +   10.00    0.9848
    11.00  +                                                 +    *                                            +   11.00    0.9816
    12.00  +                                                 +    *                                            +   12.00    0.9781
    13.00  +                                                 +     *                                           +   13.00    0.9744
    14.00  +                                                 +     *                                           +   14.00    0.9703
    15.00  +                                                 +      *                                          +   15.00    0.9659
    16.00  +                                                 +      *                                          +   16.00    0.9613
    17.00  +                                                 +       *                                         +   17.00    0.9563
    18.00  +                                                 +       *                                         +   18.00    0.9511
    19.00  +                                                 +       *                                         +   19.00    0.9455
    20.00  +                                                 +        *                                        +   20.00    0.9397
    21.00  +                                                 +        *                                        +   21.00    0.9336
    22.00  +                                                 +         *                                       +   22.00    0.9272
    23.00  +                                                 +         *                                       +   23.00    0.9205
    24.00  +                                                 +         *                                       +   24.00    0.9135
    25.00  +                                                 +         *                                       +   25.00    0.9063
    26.00  +                                                 +          *                                      +   26.00    0.8988
    27.00  +                                                 +          *                                      +   27.00    0.8910
    28.00  +                                                 +          *                                      +   28.00    0.8829
    29.00  +                                                 +          *                                      +   29.00    0.8746
    30.00  +                                                 +          *                                      +   30.00    0.8660
    31.00  +                                                 +          *                                      +   31.00    0.8572
    32.00  +                                                 +          *                                      +   32.00    0.8480
    33.00  +                                                 +          *                                      +   33.00    0.8387
    34.00  +                                                 +          *                                      +   34.00    0.8290
    35.00  +                                                 +          *                                      +   35.00    0.8192
    36.00  +                                                 +          *                                      +   36.00    0.8090
    37.00  +                                                 +          *                                      +   37.00    0.7986
    38.00  +                                                 +          *                                      +   38.00    0.7880
    39.00  +                                                 +          *                                      +   39.00    0.7771
    40.00  +                                                 +          *                                      +   40.00    0.7660
    41.00  +                                                 +          *                                      +   41.00    0.7547
    42.00  +                                                 +          *                                      +   42.00    0.7431
    43.00  +                                                 +          *                                      +   43.00    0.7314
    44.00  +                                                 +          *                                      +   44.00    0.7193
    45.00  +                                                 +          *                                      +   45.00    0.7071
    46.00  +                                                 +          *                                      +   46.00    0.6947
    47.00  +                                                 +           *                                     +   47.00    0.6820
    48.00  +                                                 +           *                                     +   48.00    0.6691
    49.00  +                                                 +           *                                     +   49.00    0.6561
    50.00  +                                                 +           *                                     +   50.00    0.6428
    51.00  +                                                 +           *                                     +   51.00    0.6293
    52.00  +                                                 +            *                                    +   52.00    0.6157
    53.00  +                                                 +            *                                    +   53.00    0.6018
    54.00  +                                                 +            *                                    +   54.00    0.5878
    55.00  +                                                 +            *                                    +   55.00    0.5736
    56.00  +                                                 +            *                                    +   56.00    0.5592
    57.00  +                                                 +            *                                    +   57.00    0.5446
    58.00  +                                                 +            *                                    +   58.00    0.5299
    59.00  +                                                 +            *                                    +   59.00    0.5150
    60.00  +                                                 +            *                                    +   60.00    0.5000
    61.00  +                                                 +            *                                    +   61.00    0.4848
    62.00  +                                                 +            *                                    +   62.00    0.4695
    63.00  +                                                 +            *                                    +   63.00    0.4540
    64.00  +                                                 +            *                                    +   64.00    0.4384
    65.00  +                                                 +            *                                    +   65.00    0.4226
    66.00  +                                                 +            *                                    +   66.00    0.4067
    67.00  +                                                 +           *                                     +   67.00    0.3907
    68.00  +                                                 +           *                                     +   68.00    0.3746
    69.00  +                                                 +           *                                     +   69.00    0.3584
    70.00  +                                                 +           *                                     +   70.00    0.3420
    71.00  +                                                 +           *                                     +   71.00    0.3256
    72.00  +                                                 +           *                                     +   72.00    0.3090
    73.00  +                                                 +           *                                     +   73.00    0.2924
    74.00  +                                                 +          *                                      +   74.00    0.2756
    75.00  +                                                 +          *                                      +   75.00    0.2588
    76.00  +                                                 +          *                                      +   76.00    0.2419
    77.00  +                                                 +          *                                      +   77.00    0.2250
    78.00  +                                                 +          *                                      +   78.00    0.2079
    79.00  +                                                 +           *                                     +   79.00    0.1908
    80.00  +                                                 +           *                                     +   80.00    0.1736
    81.00  +                                                 +           *                                     +   81.00    0.1564
    82.00  +                                                 +           *                                     +   82.00    0.1392
    83.00  +                                                 +            *                                    +   83.00    0.1219
    84.00  +                                                 +            *                                    +   84.00    0.1045
    85.00  +                                                 +             *                                   +   85.00    0.0872
    86.00  +                                                 +              *                                  +   86.00    0.0698
    87.00  +                                                 +              *                                  +   87.00    0.0523
    88.00  +                                                 +               *                                 +   88.00    0.0349
    89.00  |+++++++++++++++++++++++++++++++++++++++++++++++++|+++++++++++++++*+++++++++++++++++++++++++++++++++|   89.00    0.0175
    THETA  -1                                                 0                                                 1  THETA cos(theta)
1DWUCK4-DISTORTED WAVES U.COLORADO- PC-VERSION  12/Jan /1995
 Elapsed time in seconds =   0.00
 Elapsed time in seconds =   0.00
0CONTROL INTEGERS
  1 2 3 4 5 6 7 8 9 A B C D E F G H I J K    RUN IDENTIFICATION                                             0/00/00   0.00.00
  1 0 1 1 0 0 0 0 3 0 0 0 0 0 0 0 0 0 0 0    36S(d,p)@ 16MeV    6550 keV  0f5/2 unbound ZR               
 36S(d,p)@ 16MeV    6550 keV  0f5/2 unbound ZR               
 Adwck4 entered
0ANGLE DATA          THETN=  90.0000   THET1=   0.0000   DTHET=   1.0000   A-ANG=   0.0000   B-ANG=   0.0000
0CARD SET 3 DATA     LMAX =  15          LTR=   3
                     NLTR =   1        2*JTR=   5
0CARD SET 4 DATA     DRF  =   0.1000   RZ   =   0.0000   RMAX = -15.0000   VCE  =   0.0000   FNRNG=   0.0000
 PARTICLE DATA 
0PARTICLE 1*******************************************************************************************************************
 INPUT DATA          ELAB =  16.0000   RC0  =   1.3030   AC   =   0.0000   2*STR=   2.0000
                     MASSP=   2.0000   MASST=  36.0000   Q    =   0.0000
                     ZP   =   1.0000   ZT   =  16.0000   PNLOC=   0.0000
 
 DERIVED DATA        ECM  =  15.1579   RC   =   4.3024   RHO  =   5.0434
                     K    =   1.1722   ETA  =   0.8909   DR   =   0.1000
0POTENTIAL PARAMETERS
 NX=1 VOLUME  W-S    V RL = -92.9760   R0RL =   1.1500   A RL =   0.7610   R RL =   3.7972   VSOR =   0.0000
                     V IM =  -1.6020   R0IM =   1.3350   A IM =   0.5250   R IM =   4.4081   VSOI =   0.0000   POWR =   0.0000
 NX=2 SURFACE W-S    V RL =   0.0000   R0RL =   0.0000   A RL =   0.0000   R RL =   0.0000   VSOR =   0.0000
                     V IM =  53.4100   R0IM =   1.3800   A IM =   0.7360   R IM =   4.5567   VSOI =   0.0000   POWR =   0.0000
 NX=4 L*S VOLUME     V RL = -14.2280   R0RL =   0.9720   A RL =   1.0110   R RL =   3.2095   VSOR =   0.0000
                     V IM =   0.0000   R0IM =   0.0000   A IM =   0.0000   R IM =   0.0000   VSOI =   0.0000   POWR =   0.0000
0PARTICLE 2*******************************************************************************************************************
 INPUT DATA          ELAB =  10.9757   RC0  =   1.2920   AC   =   0.0000   2*STR=   1.0000
                     MASSP=   1.0000   MASST=  37.0000   Q    =  -4.4710
                     ZP   =   1.0000   ZT   =  16.0000   PNLOC=   0.0000
 
 DERIVED DATA        ECM  =  10.6869   RC   =   4.3052   RHO  =   3.0377
                     K    =   0.7056   ETA  =   0.7606   DR   =   0.0973
0POTENTIAL PARAMETERS
 NX=1 VOLUME  W-S    V RL = -58.9020   R0RL =   1.1820   A RL =   0.6720   R RL =   3.9387   VSOR =   0.0000
                     V IM =  -1.3170   R0IM =   1.1820   A IM =   0.6720   R IM =   3.9387   VSOI =   0.0000   POWR =   0.0000
 NX=2 SURFACE W-S    V RL =   0.0000   R0RL =   0.0000   A RL =   0.0000   R RL =   0.0000   VSOR =   0.0000
                     V IM =  37.5540   R0IM =   1.2900   A IM =   0.5380   R IM =   4.2986   VSOI =   0.0000   POWR =   0.0000
 NX=4 L*S VOLUME     V RL = -22.4560   R0RL =   0.9910   A RL =   0.5900   R RL =   3.3022   VSOR =   0.0000
                     V IM =   0.2800   R0IM =   0.9910   A IM =   0.5900   R IM =   3.3022   VSOI =   0.0000   POWR =   0.0000
136S(d,p)@ 16MeV    6550 keV  0f5/2 unbound ZR                  0/ 0/ 0
0FORM FACTOR DATA 
0PARTICLE 3*******************************************************************************************************************
 INPUT DATA          ELAB =   2.2460   RC0  =   1.3000   AC   =   0.0000   2*STR=   1.0000
                     MASSP=   1.0000   MASST=  36.0000   Q    =   2.2460
                     ZP   =   0.0000   ZT   =  16.0000   PNLOC=   0.0000
 
 DERIVED DATA        ECM  =   2.2460   RC   =   4.2925   RHO  =   1.3880
                     K    =   0.3234   ETA  =   0.0000   DR   =   0.1000
0POTENTIAL PARAMETERS
 NX=1 VOLUME  W-S    V RL =  -1.0000   R0RL =   1.2800   A RL =   0.6500   R RL =   4.2265   VSOR =  24.0000
                     V IM =   0.0000   R0IM =   0.0000   A IM =   0.0000   R IM =   0.0000   VSOI =   0.0000   POWR =   0.0000
 
                     NODES=   0.0000   L    =   3.0000   2*J  =   5.0000   2*S  =   1.0000   FISW =   0.0000
 
0SINGLE PARTICLE WIDTH = 1.6724E -1  MEV     VOLUME TERM =  8.9056E+01     SURFACE TERM = -5.9876E+00
                     V    =  45.7165   DET  =   0.0000   NODES=   0.0000   RM   =   4.9500   E    =   2.2460   ITER.=   5
0                    LMAX =  15        NSTEP= 150        NLTR =   1
 Bdwck4 entered
   Subroutine INTEG  entered
0REACSIG 1   1.52092E+02                                             REACSIG 2   9.57603E+01
   Subroutine RADINT entered
136S(d,p)@ 16MeV    6550 keV  0f5/2 unbound ZR                  0/00/00
0BASIC DATA          DR   =   0.1000   RMIN =   0.0000   RMAX =  15.0000   COUEX=   0.0000     IS1=   1.0000
                     FNRNG=   0.0000   PNLC1=   0.0000   PNLC2=   0.0000   PNLC3=   0.0000     IS2=   0.5000
 ANG MOM TRANSFER    LTR  =   3.       2*JTR=   5.       2*STR=   1.       Q    =  -4.4710
   Subroutine INSIG  entered
0 Theta Inelsig,fm**2      Polz       Asy       Ayy       A22       A21       A20       T22       T21       T20  Theta
   0.00    5.3277E+00    0.0000    0.0000    0.0011    0.0000    0.0000   -0.0009    0.0000    0.0000    0.0000   0.00
   1.00    5.3185E+00    0.0042    0.0087    0.0012   -0.0000   -0.0000   -0.0010    0.0000    0.0000    0.0000   1.00
   2.00    5.2909E+00    0.0085    0.0174    0.0015   -0.0002   -0.0001   -0.0011    0.0000    0.0000    0.0000   2.00
   3.00    5.2454E+00    0.0128    0.0261    0.0021   -0.0004   -0.0001   -0.0014    0.0000    0.0000    0.0000   3.00
   4.00    5.1826E+00    0.0172    0.0350    0.0028   -0.0007   -0.0002   -0.0018    0.0000    0.0000    0.0000   4.00
   5.00    5.1035E+00    0.0217    0.0439    0.0038   -0.0010   -0.0002   -0.0023    0.0000    0.0000    0.0000   5.00
   6.00    5.0092E+00    0.0262    0.0529    0.0050   -0.0015   -0.0003   -0.0029    0.0000    0.0000    0.0000   6.00
   7.00    4.9009E+00    0.0309    0.0621    0.0064   -0.0020   -0.0004   -0.0036    0.0000    0.0000    0.0000   7.00
   8.00    4.7800E+00    0.0356    0.0714    0.0080   -0.0026   -0.0004   -0.0044    0.0000    0.0000    0.0000   8.00
   9.00    4.6481E+00    0.0405    0.0808    0.0098   -0.0032   -0.0005   -0.0053    0.0000    0.0000    0.0000   9.00
  10.00    4.5065E+00    0.0455    0.0903    0.0118   -0.0040   -0.0006   -0.0063    0.0000    0.0000    0.0000  10.00
  11.00    4.3569E+00    0.0506    0.0999    0.0139   -0.0048   -0.0007   -0.0074    0.0000    0.0000    0.0000  11.00
  12.00    4.2006E+00    0.0559    0.1096    0.0162   -0.0056   -0.0008   -0.0086    0.0000    0.0000    0.0000  12.00
  13.00    4.0391E+00    0.0612    0.1193    0.0187   -0.0065   -0.0009   -0.0098    0.0000    0.0000    0.0000  13.00
  14.00    3.8738E+00    0.0665    0.1290    0.0212   -0.0074   -0.0010   -0.0111    0.0000    0.0000    0.0000  14.00
  15.00    3.7058E+00    0.0719    0.1387    0.0239   -0.0084   -0.0012   -0.0125    0.0000    0.0000    0.0000  15.00
  16.00    3.5364E+00    0.0774    0.1483    0.0266   -0.0094   -0.0013   -0.0139    0.0000    0.0000    0.0000  16.00
  17.00    3.3666E+00    0.0828    0.1578    0.0293   -0.0104   -0.0015   -0.0153    0.0000    0.0000    0.0000  17.00
  18.00    3.1974E+00    0.0881    0.1671    0.0321   -0.0115   -0.0016   -0.0168    0.0000    0.0000    0.0000  18.00
  19.00    3.0296E+00    0.0934    0.1761    0.0350   -0.0125   -0.0018   -0.0182    0.0000    0.0000    0.0000  19.00
  20.00    2.8641E+00    0.0985    0.1849    0.0377   -0.0135   -0.0020   -0.0197    0.0000    0.0000    0.0000  20.00
  21.00    2.7016E+00    0.1034    0.1933    0.0405   -0.0145   -0.0022   -0.0212    0.0000    0.0000    0.0000  21.00
  22.00    2.5427E+00    0.1081    0.2012    0.0432   -0.0155   -0.0024   -0.0226    0.0000    0.0000    0.0000  22.00
  23.00    2.3880E+00    0.1126    0.2087    0.0458   -0.0164   -0.0027   -0.0240    0.0000    0.0000    0.0000  23.00
  24.00    2.2380E+00    0.1167    0.2156    0.0483   -0.0173   -0.0029   -0.0253    0.0000    0.0000    0.0000  24.00
  25.00    2.0931E+00    0.1205    0.2219    0.0507   -0.0182   -0.0031   -0.0266    0.0000    0.0000    0.0000  25.00
  26.00    1.9536E+00    0.1239    0.2275    0.0530   -0.0189   -0.0034   -0.0279    0.0000    0.0000    0.0000  26.00
  27.00    1.8199E+00    0.1268    0.2325    0.0551   -0.0197   -0.0036   -0.0291    0.0000    0.0000    0.0000  27.00
  28.00    1.6922E+00    0.1294    0.2367    0.0570   -0.0203   -0.0039   -0.0301    0.0000    0.0000    0.0000  28.00
  29.00    1.5707E+00    0.1314    0.2401    0.0587   -0.0209   -0.0042   -0.0312    0.0000    0.0000    0.0000  29.00
  30.00    1.4554E+00    0.1331    0.2428    0.0603   -0.0215   -0.0044   -0.0321    0.0000    0.0000    0.0000  30.00
  31.00    1.3463E+00    0.1342    0.2447    0.0616   -0.0219   -0.0047   -0.0329    0.0000    0.0000    0.0000  31.00
  32.00    1.2436E+00    0.1349    0.2459    0.0628   -0.0223   -0.0049   -0.0336    0.0000    0.0000    0.0000  32.00
  33.00    1.1470E+00    0.1353    0.2464    0.0637   -0.0225   -0.0051   -0.0343    0.0000    0.0000    0.0000  33.00
  34.00    1.0566E+00    0.1353    0.2463    0.0644   -0.0227   -0.0053   -0.0348    0.0000    0.0000    0.0000  34.00
  35.00    9.7215E-01    0.1350    0.2457    0.0648   -0.0228   -0.0055   -0.0352    0.0000    0.0000    0.0000  35.00
  36.00    8.9352E-01    0.1345    0.2447    0.0650   -0.0228   -0.0057   -0.0355    0.0000    0.0000    0.0000  36.00
  37.00    8.2052E-01    0.1339    0.2435    0.0649   -0.0226   -0.0058   -0.0357    0.0000    0.0000    0.0000  37.00
  38.00    7.5295E-01    0.1334    0.2423    0.0645   -0.0224   -0.0059   -0.0358    0.0000    0.0000    0.0000  38.00
  39.00    6.9058E-01    0.1330    0.2411    0.0638   -0.0220   -0.0060   -0.0358    0.0000    0.0000    0.0000  39.00
  40.00    6.3320E-01    0.1328    0.2402    0.0628   -0.0215   -0.0060   -0.0356    0.0000    0.0000    0.0000  40.00
  41.00    5.8056E-01    0.1330    0.2397    0.0613   -0.0207   -0.0059   -0.0353    0.0000    0.0000    0.0000  41.00
  42.00    5.3243E-01    0.1337    0.2397    0.0595   -0.0199   -0.0058   -0.0349    0.0000    0.0000    0.0000  42.00
  43.00    4.8857E-01    0.1350    0.2404    0.0572   -0.0188   -0.0057   -0.0343    0.0000    0.0000    0.0000  43.00
  44.00    4.4873E-01    0.1368    0.2419    0.0544   -0.0175   -0.0055   -0.0336    0.0000    0.0000    0.0000  44.00
  45.00    4.1266E-01    0.1394    0.2441    0.0512   -0.0160   -0.0053   -0.0327    0.0000    0.0000    0.0000  45.00
  46.00    3.8013E-01    0.1426    0.2471    0.0474   -0.0142   -0.0050   -0.0316    0.0000    0.0000    0.0000  46.00
  47.00    3.5088E-01    0.1465    0.2507    0.0432   -0.0122   -0.0046   -0.0305    0.0000    0.0000    0.0000  47.00
  48.00    3.2466E-01    0.1510    0.2549    0.0385   -0.0101   -0.0043   -0.0291    0.0000    0.0000    0.0000  48.00
  49.00    3.0122E-01    0.1559    0.2594    0.0334   -0.0077   -0.0039   -0.0277    0.0000    0.0000    0.0000  49.00
  50.00    2.8033E-01    0.1612    0.2640    0.0279   -0.0052   -0.0035   -0.0262    0.0000    0.0000    0.0000  50.00
  51.00    2.6172E-01    0.1667    0.2686    0.0223   -0.0026   -0.0031   -0.0246    0.0000    0.0000    0.0000  51.00
  52.00    2.4517E-01    0.1722    0.2728    0.0166    0.0000   -0.0027   -0.0230    0.0000    0.0000    0.0000  52.00
  53.00    2.3043E-01    0.1777    0.2766    0.0111    0.0026   -0.0024   -0.0215    0.0000    0.0000    0.0000  53.00
  54.00    2.1729E-01    0.1830    0.2797    0.0058    0.0051   -0.0020   -0.0200    0.0000    0.0000    0.0000  54.00
  55.00    2.0553E-01    0.1880    0.2821    0.0009    0.0073   -0.0017   -0.0186    0.0000    0.0000    0.0000  55.00
  56.00    1.9496E-01    0.1927    0.2838   -0.0033    0.0093   -0.0015   -0.0175    0.0000    0.0000    0.0000  56.00
  57.00    1.8539E-01    0.1971    0.2847   -0.0069    0.0110   -0.0012   -0.0166    0.0000    0.0000    0.0000  57.00
  58.00    1.7667E-01    0.2011    0.2849   -0.0096    0.0123   -0.0011   -0.0159    0.0000    0.0000    0.0000  58.00
  59.00    1.6866E-01    0.2048    0.2845   -0.0115    0.0132   -0.0009   -0.0155    0.0000    0.0000    0.0000  59.00
  60.00    1.6122E-01    0.2083    0.2836   -0.0124    0.0137   -0.0008   -0.0154    0.0000    0.0000    0.0000  60.00
  61.00    1.5427E-01    0.2116    0.2824   -0.0124    0.0138   -0.0007   -0.0156    0.0000    0.0000    0.0000  61.00
  62.00    1.4773E-01    0.2148    0.2808   -0.0115    0.0134   -0.0007   -0.0160    0.0000    0.0000    0.0000  62.00
  63.00    1.4152E-01    0.2178    0.2790   -0.0098    0.0128   -0.0006   -0.0168    0.0000    0.0000    0.0000  63.00
  64.00    1.3559E-01    0.2208    0.2771   -0.0074    0.0117   -0.0006   -0.0177    0.0000    0.0000    0.0000  64.00
  65.00    1.2992E-01    0.2237    0.2749   -0.0043    0.0104   -0.0006   -0.0189    0.0000    0.0000    0.0000  65.00
  66.00    1.2448E-01    0.2265    0.2726   -0.0006    0.0089   -0.0006   -0.0202    0.0000    0.0000    0.0000  66.00
  67.00    1.1925E-01    0.2292    0.2701    0.0034    0.0072   -0.0005   -0.0217    0.0000    0.0000    0.0000  67.00
  68.00    1.1421E-01    0.2318    0.2674    0.0077    0.0053   -0.0005   -0.0232    0.0000    0.0000    0.0000  68.00
  69.00    1.0935E-01    0.2343    0.2646    0.0122    0.0033   -0.0005   -0.0248    0.0000    0.0000    0.0000  69.00
  70.00    1.0467E-01    0.2368    0.2615    0.0167    0.0014   -0.0004   -0.0263    0.0000    0.0000    0.0000  70.00
  71.00    1.0017E-01    0.2391    0.2583    0.0211   -0.0006   -0.0004   -0.0277    0.0000    0.0000    0.0000  71.00
  72.00    9.5821E-02    0.2414    0.2552    0.0255   -0.0026   -0.0003   -0.0291    0.0000    0.0000    0.0000  72.00
  73.00    9.1631E-02    0.2438    0.2521    0.0297   -0.0045   -0.0003   -0.0304    0.0000    0.0000    0.0000  73.00
  74.00    8.7590E-02    0.2462    0.2494    0.0337   -0.0063   -0.0002   -0.0315    0.0000    0.0000    0.0000  74.00
  75.00    8.3694E-02    0.2488    0.2472    0.0375   -0.0081   -0.0000   -0.0326    0.0000    0.0000    0.0000  75.00
  76.00    7.9937E-02    0.2518    0.2458    0.0413   -0.0099    0.0001   -0.0335    0.0000    0.0000    0.0000  76.00
  77.00    7.6317E-02    0.2552    0.2454    0.0451   -0.0118    0.0004   -0.0343    0.0000    0.0000    0.0000  77.00
  78.00    7.2836E-02    0.2590    0.2464    0.0489   -0.0137    0.0006   -0.0351    0.0000    0.0000    0.0000  78.00
  79.00    6.9494E-02    0.2635    0.2488    0.0530   -0.0157    0.0010   -0.0359    0.0000    0.0000    0.0000  79.00
  80.00    6.6298E-02    0.2686    0.2530    0.0574   -0.0179    0.0015   -0.0367    0.0000    0.0000    0.0000  80.00
  81.00    6.3254E-02    0.2742    0.2589    0.0622   -0.0203    0.0020   -0.0375    0.0000    0.0000    0.0000  81.00
  82.00    6.0370E-02    0.2803    0.2665    0.0676   -0.0230    0.0027   -0.0385    0.0000    0.0000    0.0000  82.00
  83.00    5.7657E-02    0.2866    0.2758    0.0736   -0.0260    0.0035   -0.0397    0.0000    0.0000    0.0000  83.00
  84.00    5.5122E-02    0.2929    0.2863    0.0802   -0.0293    0.0045   -0.0411    0.0000    0.0000    0.0000  84.00
  85.00    5.2772E-02    0.2989    0.2977    0.0876   -0.0329    0.0056   -0.0427    0.0000    0.0000    0.0000  85.00
  86.00    5.0612E-02    0.3041    0.3095    0.0955   -0.0367    0.0069   -0.0446    0.0000    0.0000    0.0000  86.00
  87.00    4.8641E-02    0.3081    0.3208    0.1039   -0.0407    0.0083   -0.0467    0.0000    0.0000    0.0000  87.00
  88.00    4.6856E-02    0.3105    0.3312    0.1127   -0.0448    0.0098   -0.0490    0.0000    0.0000    0.0000  88.00
  89.00    4.5249E-02    0.3108    0.3397    0.1216   -0.0489    0.0113   -0.0515    0.0000    0.0000    0.0000  89.00
0Tot-sig   4.0205E+00
1Inelastic  36S(d,p)@ 16MeV    6550 keV  0f5/2 unbound ZR                  0/00/00
    THETA  -2                               -1                                0                                1   THETA cos(theta)
     0.00  |++++++++++++++++++++++++++++++++|++++++++++++++++++++++++++++++++|+++++++++++++++++++++++*++++++++|+    0.00    1.0000
     1.00  +                                                                                         *         +    1.00    0.9998
     2.00  +                                                                                         *         +    2.00    0.9994
     3.00  +                                                                                         *         +    3.00    0.9986
     4.00  +                                                                                         *         +    4.00    0.9976
     5.00  +                                                                                        *          +    5.00    0.9962
     6.00  +                                                                                        *          +    6.00    0.9945
     7.00  +                                                                                        *          +    7.00    0.9925
     8.00  +                                                                                       *           +    8.00    0.9903
     9.00  +                                                                                       *           +    9.00    0.9877
    10.00  +                                                                                       *           +   10.00    0.9848
    11.00  +                                                                                      *            +   11.00    0.9816
    12.00  +                                                                                      *            +   12.00    0.9781
    13.00  +                                                                                     *             +   13.00    0.9744
    14.00  +                                                                                    *              +   14.00    0.9703
    15.00  +                                                                                    *              +   15.00    0.9659
    16.00  +                                                                                   *               +   16.00    0.9613
    17.00  +                                                                                  *                +   17.00    0.9563
    18.00  +                                                                                  *                +   18.00    0.9511
    19.00  +                                                                                 *                 +   19.00    0.9455
    20.00  +                                                                                *                  +   20.00    0.9397
    21.00  +                                                                               *                   +   21.00    0.9336
    22.00  +                                                                              *                    +   22.00    0.9272
    23.00  +                                                                             *                     +   23.00    0.9205
    24.00  +                                                                             *                     +   24.00    0.9135
    25.00  +                                                                            *                      +   25.00    0.9063
    26.00  +                                                                           *                       +   26.00    0.8988
    27.00  +                                                                          *                        +   27.00    0.8910
    28.00  +                                                                         *                         +   28.00    0.8829
    29.00  +                                                                       *                           +   29.00    0.8746
    30.00  +                                                                      *                            +   30.00    0.8660
    31.00  +                                                                     *                             +   31.00    0.8572
    32.00  +                                                                    *                              +   32.00    0.8480
    33.00  +                                                                   *                               +   33.00    0.8387
    34.00  +                                                                  *                                +   34.00    0.8290
    35.00  +                                                                 *                                 +   35.00    0.8192
    36.00  +                                                               *                                   +   36.00    0.8090
    37.00  +                                                              *                                    +   37.00    0.7986
    38.00  +                                                             *                                     +   38.00    0.7880
    39.00  +                                                            *                                      +   39.00    0.7771
    40.00  +                                                          *                                        +   40.00    0.7660
    41.00  +                                                         *                                         +   41.00    0.7547
    42.00  +                                                        *                                          +   42.00    0.7431
    43.00  +                                                       *                                           +   43.00    0.7314
    44.00  +                                                      *                                            +   44.00    0.7193
    45.00  +                                                    *                                              +   45.00    0.7071
    46.00  +                                                   *                                               +   46.00    0.6947
    47.00  +                                                  *                                                +   47.00    0.6820
    48.00  +                                                 *                                                 +   48.00    0.6691
    49.00  +                                                *                                                  +   49.00    0.6561
    50.00  +                                               *                                                   +   50.00    0.6428
    51.00  +                                              *                                                    +   51.00    0.6293
    52.00  +                                             *                                                     +   52.00    0.6157
    53.00  +                                            *                                                      +   53.00    0.6018
    54.00  +                                           *                                                       +   54.00    0.5878
    55.00  +                                          *                                                        +   55.00    0.5736
    56.00  +                                          *                                                        +   56.00    0.5592
    57.00  +                                         *                                                         +   57.00    0.5446
    58.00  +                                        *                                                          +   58.00    0.5299
    59.00  +                                       *                                                           +   59.00    0.5150
    60.00  +                                       *                                                           +   60.00    0.5000
    61.00  +                                      *                                                            +   61.00    0.4848
    62.00  +                                      *                                                            +   62.00    0.4695
    63.00  +                                     *                                                             +   63.00    0.4540
    64.00  +                                    *                                                              +   64.00    0.4384
    65.00  +                                    *                                                              +   65.00    0.4226
    66.00  +                                   *                                                               +   66.00    0.4067
    67.00  +                                   *                                                               +   67.00    0.3907
    68.00  +                                  *                                                                +   68.00    0.3746
    69.00  +                                 *                                                                 +   69.00    0.3584
    70.00  +                                 *                                                                 +   70.00    0.3420
    71.00  +                                *                                                                  +   71.00    0.3256
    72.00  +                               *                                                                   +   72.00    0.3090
    73.00  +                               *                                                                   +   73.00    0.2924
    74.00  +                              *                                                                    +   74.00    0.2756
    75.00  +                             *                                                                     +   75.00    0.2588
    76.00  +                             *                                                                     +   76.00    0.2419
    77.00  +                            *                                                                      +   77.00    0.2250
    78.00  +                           *                                                                       +   78.00    0.2079
    79.00  +                           *                                                                       +   79.00    0.1908
    80.00  +                          *                                                                        +   80.00    0.1736
    81.00  +                         *                                                                         +   81.00    0.1564
    82.00  +                         *                                                                         +   82.00    0.1392
    83.00  +                        *                                                                          +   83.00    0.1219
    84.00  +                       *                                                                           +   84.00    0.1045
    85.00  +                       *                                                                           +   85.00    0.0872
    86.00  +                      *                                                                            +   86.00    0.0698
    87.00  +                      *                                                                            +   87.00    0.0523
    88.00  +                     *                                                                             +   88.00    0.0349
    89.00  |+++++++++++++++++++++*++++++++++|++++++++++++++++++++++++++++++++|++++++++++++++++++++++++++++++++|+   89.00    0.0175
    THETA  -2                               -1                                0                                1   THETA cos(theta)
1Asymmetry  36S(d,p)@ 16MeV    6550 keV  0f5/2 unbound ZR                  0/00/00
    THETA  -1                                                 0                                                 1  THETA cos(theta)
     0.00  |+++++++++++++++++++++++++++++++++++++++++++++++++*+++++++++++++++++++++++++++++++++++++++++++++++++|    0.00    1.0000
     1.00  +                                                 *                                                 +    1.00    0.9998
     2.00  +                                                 +*                                                +    2.00    0.9994
     3.00  +                                                 +*                                                +    3.00    0.9986
     4.00  +                                                 + *                                               +    4.00    0.9976
     5.00  +                                                 + *                                               +    5.00    0.9962
     6.00  +                                                 +  *                                              +    6.00    0.9945
     7.00  +                                                 +  *                                              +    7.00    0.9925
     8.00  +                                                 +   *                                             +    8.00    0.9903
     9.00  +                                                 +   *                                             +    9.00    0.9877
    10.00  +                                                 +    *                                            +   10.00    0.9848
    11.00  +                                                 +    *                                            +   11.00    0.9816
    12.00  +                                                 +    *                                            +   12.00    0.9781
    13.00  +                                                 +     *                                           +   13.00    0.9744
    14.00  +                                                 +     *                                           +   14.00    0.9703
    15.00  +                                                 +      *                                          +   15.00    0.9659
    16.00  +                                                 +      *                                          +   16.00    0.9613
    17.00  +                                                 +       *                                         +   17.00    0.9563
    18.00  +                                                 +       *                                         +   18.00    0.9511
    19.00  +                                                 +        *                                        +   19.00    0.9455
    20.00  +                                                 +        *                                        +   20.00    0.9397
    21.00  +                                                 +         *                                       +   21.00    0.9336
    22.00  +                                                 +         *                                       +   22.00    0.9272
    23.00  +                                                 +         *                                       +   23.00    0.9205
    24.00  +                                                 +          *                                      +   24.00    0.9135
    25.00  +                                                 +          *                                      +   25.00    0.9063
    26.00  +                                                 +          *                                      +   26.00    0.8988
    27.00  +                                                 +           *                                     +   27.00    0.8910
    28.00  +                                                 +           *                                     +   28.00    0.8829
    29.00  +                                                 +           *                                     +   29.00    0.8746
    30.00  +                                                 +           *                                     +   30.00    0.8660
    31.00  +                                                 +           *                                     +   31.00    0.8572
    32.00  +                                                 +           *                                     +   32.00    0.8480
    33.00  +                                                 +           *                                     +   33.00    0.8387
    34.00  +                                                 +           *                                     +   34.00    0.8290
    35.00  +                                                 +           *                                     +   35.00    0.8192
    36.00  +                                                 +           *                                     +   36.00    0.8090
    37.00  +                                                 +           *                                     +   37.00    0.7986
    38.00  +                                                 +           *                                     +   38.00    0.7880
    39.00  +                                                 +           *                                     +   39.00    0.7771
    40.00  +                                                 +           *                                     +   40.00    0.7660
    41.00  +                                                 +           *                                     +   41.00    0.7547
    42.00  +                                                 +           *                                     +   42.00    0.7431
    43.00  +                                                 +           *                                     +   43.00    0.7314
    44.00  +                                                 +           *                                     +   44.00    0.7193
    45.00  +                                                 +           *                                     +   45.00    0.7071
    46.00  +                                                 +           *                                     +   46.00    0.6947
    47.00  +                                                 +            *                                    +   47.00    0.6820
    48.00  +                                                 +            *                                    +   48.00    0.6691
    49.00  +                                                 +            *                                    +   49.00    0.6561
    50.00  +                                                 +            *                                    +   50.00    0.6428
    51.00  +                                                 +            *                                    +   51.00    0.6293
    52.00  +                                                 +             *                                   +   52.00    0.6157
    53.00  +                                                 +             *                                   +   53.00    0.6018
    54.00  +                                                 +             *                                   +   54.00    0.5878
    55.00  +                                                 +             *                                   +   55.00    0.5736
    56.00  +                                                 +             *                                   +   56.00    0.5592
    57.00  +                                                 +             *                                   +   57.00    0.5446
    58.00  +                                                 +             *                                   +   58.00    0.5299
    59.00  +                                                 +             *                                   +   59.00    0.5150
    60.00  +                                                 +             *                                   +   60.00    0.5000
    61.00  +                                                 +             *                                   +   61.00    0.4848
    62.00  +                                                 +             *                                   +   62.00    0.4695
    63.00  +                                                 +             *                                   +   63.00    0.4540
    64.00  +                                                 +             *                                   +   64.00    0.4384
    65.00  +                                                 +             *                                   +   65.00    0.4226
    66.00  +                                                 +             *                                   +   66.00    0.4067
    67.00  +                                                 +             *                                   +   67.00    0.3907
    68.00  +                                                 +            *                                    +   68.00    0.3746
    69.00  +                                                 +            *                                    +   69.00    0.3584
    70.00  +                                                 +            *                                    +   70.00    0.3420
    71.00  +                                                 +            *                                    +   71.00    0.3256
    72.00  +                                                 +            *                                    +   72.00    0.3090
    73.00  +                                                 +            *                                    +   73.00    0.2924
    74.00  +                                                 +           *                                     +   74.00    0.2756
    75.00  +                                                 +           *                                     +   75.00    0.2588
    76.00  +                                                 +           *                                     +   76.00    0.2419
    77.00  +                                                 +           *                                     +   77.00    0.2250
    78.00  +                                                 +           *                                     +   78.00    0.2079
    79.00  +                                                 +           *                                     +   79.00    0.1908
    80.00  +                                                 +            *                                    +   80.00    0.1736
    81.00  +                                                 +            *                                    +   81.00    0.1564
    82.00  +                                                 +            *                                    +   82.00    0.1392
    83.00  +                                                 +             *                                   +   83.00    0.1219
    84.00  +                                                 +             *                                   +   84.00    0.1045
    85.00  +                                                 +              *                                  +   85.00    0.0872
    86.00  +                                                 +              *                                  +   86.00    0.0698
    87.00  +                                                 +               *                                 +   87.00    0.0523
    88.00  +                                                 +                *                                +   88.00    0.0349
    89.00  |+++++++++++++++++++++++++++++++++++++++++++++++++|++++++++++++++++*++++++++++++++++++++++++++++++++|   89.00    0.0175
    THETA  -1                                                 0                                                 1  THETA cos(theta)
1DWUCK4-DISTORTED WAVES U.COLORADO- PC-VERSION  12/Jan /1995
 Elapsed time in seconds =   0.00
 Elapsed time in seconds =   0.00
0CONTROL INTEGERS
  1 2 3 4 5 6 7 8 9 A B C D E F G H I J K    RUN IDENTIFICATION                                             0/00/00   0.00.00
  1 0 1 1 0 0 0 0 3 0 0 0 0 0 0 0 0 0 0 0    36S(d,p)@ 16MeV    6732 keV  0f5/2 unbound ZR               
 36S(d,p)@ 16MeV    6732 keV  0f5/2 unbound ZR               
 Adwck4 entered
0ANGLE DATA          THETN=  90.0000   THET1=   0.0000   DTHET=   1.0000   A-ANG=   0.0000   B-ANG=   0.0000
0CARD SET 3 DATA     LMAX =  15          LTR=   3
                     NLTR =   1        2*JTR=   5
0CARD SET 4 DATA     DRF  =   0.1000   RZ   =   0.0000   RMAX = -15.0000   VCE  =   0.0000   FNRNG=   0.0000
 PARTICLE DATA 
0PARTICLE 1*******************************************************************************************************************
 INPUT DATA          ELAB =  16.0000   RC0  =   1.3030   AC   =   0.0000   2*STR=   2.0000
                     MASSP=   2.0000   MASST=  36.0000   Q    =   0.0000
                     ZP   =   1.0000   ZT   =  16.0000   PNLOC=   0.0000
 
 DERIVED DATA        ECM  =  15.1579   RC   =   4.3024   RHO  =   5.0434
                     K    =   1.1722   ETA  =   0.8909   DR   =   0.1000
0POTENTIAL PARAMETERS
 NX=1 VOLUME  W-S    V RL = -92.9760   R0RL =   1.1500   A RL =   0.7610   R RL =   3.7972   VSOR =   0.0000
                     V IM =  -1.6020   R0IM =   1.3350   A IM =   0.5250   R IM =   4.4081   VSOI =   0.0000   POWR =   0.0000
 NX=2 SURFACE W-S    V RL =   0.0000   R0RL =   0.0000   A RL =   0.0000   R RL =   0.0000   VSOR =   0.0000
                     V IM =  53.7170   R0IM =   1.3800   A IM =   0.7360   R IM =   4.5567   VSOI =   0.0000   POWR =   0.0000
 NX=4 L*S VOLUME     V RL = -14.2280   R0RL =   0.9720   A RL =   1.0110   R RL =   3.2095   VSOR =   0.0000
                     V IM =   0.0000   R0IM =   0.0000   A IM =   0.0000   R IM =   0.0000   VSOI =   0.0000   POWR =   0.0000
0PARTICLE 2*******************************************************************************************************************
 INPUT DATA          ELAB =  10.7888   RC0  =   1.2920   AC   =   0.0000   2*STR=   1.0000
                     MASSP=   1.0000   MASST=  37.0000   Q    =  -4.6530
                     ZP   =   1.0000   ZT   =  16.0000   PNLOC=   0.0000
 
 DERIVED DATA        ECM  =  10.5049   RC   =   4.3052   RHO  =   3.0118
                     K    =   0.6996   ETA  =   0.7671   DR   =   0.0973
0POTENTIAL PARAMETERS
 NX=1 VOLUME  W-S    V RL = -58.9750   R0RL =   1.1820   A RL =   0.6720   R RL =   3.9387   VSOR =   0.0000
                     V IM =  -1.3310   R0IM =   1.1820   A IM =   0.6720   R IM =   3.9387   VSOI =   0.0000   POWR =   0.0000
 NX=2 SURFACE W-S    V RL =   0.0000   R0RL =   0.0000   A RL =   0.0000   R RL =   0.0000   VSOR =   0.0000
                     V IM =  37.6300   R0IM =   1.2900   A IM =   0.5380   R IM =   4.2986   VSOI =   0.0000   POWR =   0.0000
 NX=4 L*S VOLUME     V RL = -22.4560   R0RL =   0.9910   A RL =   0.5900   R RL =   3.3022   VSOR =   0.0000
                     V IM =   0.2840   R0IM =   0.9910   A IM =   0.5900   R IM =   3.3022   VSOI =   0.0000   POWR =   0.0000
136S(d,p)@ 16MeV    6732 keV  0f5/2 unbound ZR                  0/ 0/ 0
0FORM FACTOR DATA 
0PARTICLE 3*******************************************************************************************************************
 INPUT DATA          ELAB =   2.4280   RC0  =   1.3000   AC   =   0.0000   2*STR=   1.0000
                     MASSP=   1.0000   MASST=  36.0000   Q    =   2.4280
                     ZP   =   0.0000   ZT   =  16.0000   PNLOC=   0.0000
 
 DERIVED DATA        ECM  =   2.4280   RC   =   4.2925   RHO  =   1.4431
                     K    =   0.3362   ETA  =   0.0000   DR   =   0.1000
0POTENTIAL PARAMETERS
 NX=1 VOLUME  W-S    V RL =  -1.0000   R0RL =   1.2800   A RL =   0.6500   R RL =   4.2265   VSOR =  24.0000
                     V IM =   0.0000   R0IM =   0.0000   A IM =   0.0000   R IM =   0.0000   VSOI =   0.0000   POWR =   0.0000
 
                     NODES=   0.0000   L    =   3.0000   2*J  =   5.0000   2*S  =   1.0000   FISW =   0.0000
 
0SINGLE PARTICLE WIDTH = 2.1230E -1  MEV     VOLUME TERM =  7.3804E+01     SURFACE TERM = -5.7689E+00
                     V    =  45.2537   DET  =   0.0000   NODES=   0.0000   RM   =   5.0500   E    =   2.4280   ITER.=   5
0                    LMAX =  15        NSTEP= 150        NLTR =   1
 Bdwck4 entered
   Subroutine INTEG  entered
0REACSIG 1   1.52215E+02                                             REACSIG 2   9.54257E+01
   Subroutine RADINT entered
136S(d,p)@ 16MeV    6732 keV  0f5/2 unbound ZR                  0/00/00
0BASIC DATA          DR   =   0.1000   RMIN =   0.0000   RMAX =  15.0000   COUEX=   0.0000     IS1=   1.0000
                     FNRNG=   0.0000   PNLC1=   0.0000   PNLC2=   0.0000   PNLC3=   0.0000     IS2=   0.5000
 ANG MOM TRANSFER    LTR  =   3.       2*JTR=   5.       2*STR=   1.       Q    =  -4.6530
   Subroutine INSIG  entered
0 Theta Inelsig,fm**2      Polz       Asy       Ayy       A22       A21       A20       T22       T21       T20  Theta
   0.00    5.8480E+00    0.0000    0.0000    0.0005    0.0000    0.0000   -0.0001    0.0000    0.0000    0.0000   0.00
   1.00    5.8368E+00    0.0042    0.0087    0.0006   -0.0000   -0.0000   -0.0002    0.0000    0.0000    0.0000   1.00
   2.00    5.8033E+00    0.0085    0.0174    0.0009   -0.0002   -0.0001   -0.0003    0.0000    0.0000    0.0000   2.00
   3.00    5.7481E+00    0.0128    0.0262    0.0014   -0.0003   -0.0001   -0.0006    0.0000    0.0000    0.0000   3.00
   4.00    5.6722E+00    0.0172    0.0351    0.0022   -0.0006   -0.0002   -0.0010    0.0000    0.0000    0.0000   4.00
   5.00    5.5767E+00    0.0217    0.0442    0.0031   -0.0009   -0.0002   -0.0015    0.0000    0.0000    0.0000   5.00
   6.00    5.4633E+00    0.0263    0.0534    0.0042   -0.0014   -0.0002   -0.0020    0.0000    0.0000    0.0000   6.00
   7.00    5.3335E+00    0.0311    0.0628    0.0055   -0.0018   -0.0003   -0.0027    0.0000    0.0000    0.0000   7.00
   8.00    5.1893E+00    0.0360    0.0724    0.0071   -0.0024   -0.0004   -0.0035    0.0000    0.0000    0.0000   8.00
   9.00    5.0327E+00    0.0411    0.0821    0.0088   -0.0030   -0.0004   -0.0044    0.0000    0.0000    0.0000   9.00
  10.00    4.8656E+00    0.0463    0.0921    0.0107   -0.0037   -0.0005   -0.0054    0.0000    0.0000    0.0000  10.00
  11.00    4.6900E+00    0.0517    0.1023    0.0127   -0.0045   -0.0006   -0.0065    0.0000    0.0000    0.0000  11.00
  12.00    4.5078E+00    0.0572    0.1126    0.0150   -0.0053   -0.0007   -0.0076    0.0000    0.0000    0.0000  12.00
  13.00    4.3209E+00    0.0629    0.1230    0.0173   -0.0061   -0.0008   -0.0089    0.0000    0.0000    0.0000  13.00
  14.00    4.1308E+00    0.0687    0.1335    0.0198   -0.0071   -0.0009   -0.0102    0.0000    0.0000    0.0000  14.00
  15.00    3.9392E+00    0.0745    0.1441    0.0225   -0.0080   -0.0010   -0.0115    0.0000    0.0000    0.0000  15.00
  16.00    3.7473E+00    0.0805    0.1546    0.0252   -0.0090   -0.0012   -0.0129    0.0000    0.0000    0.0000  16.00
  17.00    3.5565E+00    0.0864    0.1651    0.0280   -0.0100   -0.0013   -0.0144    0.0000    0.0000    0.0000  17.00
  18.00    3.3678E+00    0.0923    0.1754    0.0308   -0.0110   -0.0015   -0.0159    0.0000    0.0000    0.0000  18.00
  19.00    3.1821E+00    0.0982    0.1855    0.0337   -0.0121   -0.0016   -0.0174    0.0000    0.0000    0.0000  19.00
  20.00    3.0002E+00    0.1039    0.1954    0.0365   -0.0131   -0.0018   -0.0189    0.0000    0.0000    0.0000  20.00
  21.00    2.8228E+00    0.1094    0.2048    0.0393   -0.0141   -0.0020   -0.0204    0.0000    0.0000    0.0000  21.00
  22.00    2.6506E+00    0.1148    0.2139    0.0421   -0.0151   -0.0022   -0.0219    0.0000    0.0000    0.0000  22.00
  23.00    2.4840E+00    0.1198    0.2224    0.0448   -0.0161   -0.0024   -0.0234    0.0000    0.0000    0.0000  23.00
  24.00    2.3234E+00    0.1246    0.2303    0.0474   -0.0170   -0.0027   -0.0248    0.0000    0.0000    0.0000  24.00
  25.00    2.1692E+00    0.1290    0.2376    0.0499   -0.0179   -0.0029   -0.0262    0.0000    0.0000    0.0000  25.00
  26.00    2.0215E+00    0.1329    0.2443    0.0523   -0.0187   -0.0032   -0.0275    0.0000    0.0000    0.0000  26.00
  27.00    1.8806E+00    0.1365    0.2501    0.0545   -0.0195   -0.0034   -0.0287    0.0000    0.0000    0.0000  27.00
  28.00    1.7466E+00    0.1395    0.2551    0.0565   -0.0202   -0.0037   -0.0299    0.0000    0.0000    0.0000  28.00
  29.00    1.6196E+00    0.1421    0.2594    0.0583   -0.0208   -0.0039   -0.0309    0.0000    0.0000    0.0000  29.00
  30.00    1.4995E+00    0.1442    0.2628    0.0600   -0.0213   -0.0042   -0.0319    0.0000    0.0000    0.0000  30.00
  31.00    1.3863E+00    0.1457    0.2653    0.0614   -0.0218   -0.0044   -0.0328    0.0000    0.0000    0.0000  31.00
  32.00    1.2799E+00    0.1468    0.2671    0.0626   -0.0222   -0.0046   -0.0336    0.0000    0.0000    0.0000  32.00
  33.00    1.1802E+00    0.1475    0.2681    0.0635   -0.0225   -0.0049   -0.0342    0.0000    0.0000    0.0000  33.00
  34.00    1.0869E+00    0.1478    0.2684    0.0642   -0.0226   -0.0051   -0.0348    0.0000    0.0000    0.0000  34.00
  35.00    1.0000E+00    0.1477    0.2682    0.0647   -0.0227   -0.0052   -0.0352    0.0000    0.0000    0.0000  35.00
  36.00    9.1920E-01    0.1474    0.2675    0.0649   -0.0227   -0.0054   -0.0355    0.0000    0.0000    0.0000  36.00
  37.00    8.4426E-01    0.1470    0.2666    0.0648   -0.0225   -0.0055   -0.0358    0.0000    0.0000    0.0000  37.00
  38.00    7.7494E-01    0.1465    0.2655    0.0644   -0.0223   -0.0056   -0.0359    0.0000    0.0000    0.0000  38.00
  39.00    7.1100E-01    0.1461    0.2644    0.0636   -0.0219   -0.0057   -0.0358    0.0000    0.0000    0.0000  39.00
  40.00    6.5218E-01    0.1460    0.2635    0.0626   -0.0213   -0.0057   -0.0357    0.0000    0.0000    0.0000  40.00
  41.00    5.9823E-01    0.1461    0.2630    0.0611   -0.0206   -0.0057   -0.0354    0.0000    0.0000    0.0000  41.00
  42.00    5.4889E-01    0.1467    0.2631    0.0593   -0.0197   -0.0056   -0.0350    0.0000    0.0000    0.0000  42.00
  43.00    5.0390E-01    0.1478    0.2638    0.0570   -0.0186   -0.0054   -0.0345    0.0000    0.0000    0.0000  43.00
  44.00    4.6302E-01    0.1496    0.2652    0.0543   -0.0173   -0.0053   -0.0338    0.0000    0.0000    0.0000  44.00
  45.00    4.2598E-01    0.1519    0.2674    0.0512   -0.0158   -0.0051   -0.0329    0.0000    0.0000    0.0000  45.00
  46.00    3.9254E-01    0.1549    0.2703    0.0475   -0.0141   -0.0048   -0.0320    0.0000    0.0000    0.0000  46.00
  47.00    3.6243E-01    0.1586    0.2740    0.0435   -0.0122   -0.0045   -0.0309    0.0000    0.0000    0.0000  47.00
  48.00    3.3541E-01    0.1628    0.2782    0.0389   -0.0101   -0.0042   -0.0296    0.0000    0.0000    0.0000  48.00
  49.00    3.1122E-01    0.1674    0.2828    0.0341   -0.0079   -0.0038   -0.0283    0.0000    0.0000    0.0000  49.00
  50.00    2.8961E-01    0.1725    0.2876    0.0289   -0.0055   -0.0035   -0.0269    0.0000    0.0000    0.0000  50.00
  51.00    2.7034E-01    0.1777    0.2924    0.0236   -0.0030   -0.0031   -0.0254    0.0000    0.0000    0.0000  51.00
  52.00    2.5316E-01    0.1830    0.2969    0.0182   -0.0005   -0.0028   -0.0239    0.0000    0.0000    0.0000  52.00
  53.00    2.3784E-01    0.1882    0.3010    0.0130    0.0019   -0.0025   -0.0224    0.0000    0.0000    0.0000  53.00
  54.00    2.2415E-01    0.1933    0.3046    0.0080    0.0042   -0.0022   -0.0210    0.0000    0.0000    0.0000  54.00
  55.00    2.1188E-01    0.1981    0.3074    0.0035    0.0063   -0.0019   -0.0198    0.0000    0.0000    0.0000  55.00
  56.00    2.0084E-01    0.2026    0.3095   -0.0005    0.0081   -0.0017   -0.0187    0.0000    0.0000    0.0000  56.00
  57.00    1.9083E-01    0.2068    0.3109   -0.0037    0.0097   -0.0015   -0.0178    0.0000    0.0000    0.0000  57.00
  58.00    1.8170E-01    0.2107    0.3115   -0.0062    0.0108   -0.0014   -0.0172    0.0000    0.0000    0.0000  58.00
  59.00    1.7331E-01    0.2143    0.3116   -0.0078    0.0116   -0.0013   -0.0168    0.0000    0.0000    0.0000  59.00
  60.00    1.6553E-01    0.2176    0.3111   -0.0085    0.0120   -0.0012   -0.0167    0.0000    0.0000    0.0000  60.00
  61.00    1.5825E-01    0.2207    0.3101   -0.0084    0.0120   -0.0011   -0.0169    0.0000    0.0000    0.0000  61.00
  62.00    1.5141E-01    0.2237    0.3088   -0.0073    0.0116   -0.0011   -0.0173    0.0000    0.0000    0.0000  62.00
  63.00    1.4492E-01    0.2265    0.3072   -0.0055    0.0108   -0.0010   -0.0181    0.0000    0.0000    0.0000  63.00
  64.00    1.3874E-01    0.2293    0.3053   -0.0029    0.0097   -0.0010   -0.0190    0.0000    0.0000    0.0000  64.00
  65.00    1.3283E-01    0.2319    0.3032    0.0003    0.0083   -0.0009   -0.0201    0.0000    0.0000    0.0000  65.00
  66.00    1.2716E-01    0.2345    0.3008    0.0040    0.0067   -0.0009   -0.0214    0.0000    0.0000    0.0000  66.00
  67.00    1.2171E-01    0.2370    0.2982    0.0080    0.0049   -0.0008   -0.0229    0.0000    0.0000    0.0000  67.00
  68.00    1.1648E-01    0.2393    0.2952    0.0124    0.0030   -0.0008   -0.0244    0.0000    0.0000    0.0000  68.00
  69.00    1.1144E-01    0.2416    0.2920    0.0169    0.0011   -0.0007   -0.0259    0.0000    0.0000    0.0000  69.00
  70.00    1.0659E-01    0.2437    0.2886    0.0214   -0.0009   -0.0006   -0.0274    0.0000    0.0000    0.0000  70.00
  71.00    1.0192E-01    0.2458    0.2850    0.0258   -0.0029   -0.0005   -0.0288    0.0000    0.0000    0.0000  71.00
  72.00    9.7417E-02    0.2478    0.2813    0.0300   -0.0048   -0.0004   -0.0301    0.0000    0.0000    0.0000  72.00
  73.00    9.3084E-02    0.2498    0.2778    0.0341   -0.0067   -0.0003   -0.0313    0.0000    0.0000    0.0000  73.00
  74.00    8.8909E-02    0.2519    0.2745    0.0380   -0.0084   -0.0002   -0.0324    0.0000    0.0000    0.0000  74.00
  75.00    8.4886E-02    0.2543    0.2718    0.0417   -0.0102   -0.0000   -0.0334    0.0000    0.0000    0.0000  75.00
  76.00    8.1010E-02    0.2569    0.2698    0.0452   -0.0119    0.0002   -0.0342    0.0000    0.0000    0.0000  76.00
  77.00    7.7279E-02    0.2600    0.2690    0.0486   -0.0136    0.0004   -0.0350    0.0000    0.0000    0.0000  77.00
  78.00    7.3694E-02    0.2636    0.2695    0.0521   -0.0153    0.0008   -0.0356    0.0000    0.0000    0.0000  78.00
  79.00    7.0256E-02    0.2679    0.2716    0.0557   -0.0171    0.0011   -0.0363    0.0000    0.0000    0.0000  79.00
  80.00    6.6970E-02    0.2727    0.2754    0.0596   -0.0191    0.0016   -0.0369    0.0000    0.0000    0.0000  80.00
  81.00    6.3845E-02    0.2782    0.2811    0.0639   -0.0213    0.0022   -0.0376    0.0000    0.0000    0.0000  81.00
  82.00    6.0888E-02    0.2841    0.2886    0.0687   -0.0237    0.0029   -0.0384    0.0000    0.0000    0.0000  82.00
  83.00    5.8110E-02    0.2904    0.2978    0.0740   -0.0264    0.0037   -0.0394    0.0000    0.0000    0.0000  83.00
  84.00    5.5518E-02    0.2967    0.3084    0.0799   -0.0293    0.0047   -0.0405    0.0000    0.0000    0.0000  84.00
  85.00    5.3120E-02    0.3027    0.3199    0.0865   -0.0326    0.0058   -0.0419    0.0000    0.0000    0.0000  85.00
  86.00    5.0921E-02    0.3080    0.3318    0.0936   -0.0360    0.0070   -0.0435    0.0000    0.0000    0.0000  86.00
  87.00    4.8920E-02    0.3121    0.3434    0.1012   -0.0397    0.0084   -0.0453    0.0000    0.0000    0.0000  87.00
  88.00    4.7113E-02    0.3146    0.3539    0.1091   -0.0434    0.0098   -0.0474    0.0000    0.0000    0.0000  88.00
  89.00    4.5492E-02    0.3150    0.3626    0.1171   -0.0471    0.0113   -0.0496    0.0000    0.0000    0.0000  89.00
0Tot-sig   4.1967E+00
1Inelastic  36S(d,p)@ 16MeV    6732 keV  0f5/2 unbound ZR                  0/00/00
    THETA  -2                               -1                                0                                1   THETA cos(theta)
     0.00  |++++++++++++++++++++++++++++++++|++++++++++++++++++++++++++++++++|++++++++++++++++++++++++*+++++++|+    0.00    1.0000
     1.00  +                                                                                          *        +    1.00    0.9998
     2.00  +                                                                                          *        +    2.00    0.9994
     3.00  +                                                                                          *        +    3.00    0.9986
     4.00  +                                                                                          *        +    4.00    0.9976
     5.00  +                                                                                          *        +    5.00    0.9962
     6.00  +                                                                                         *         +    6.00    0.9945
     7.00  +                                                                                         *         +    7.00    0.9925
     8.00  +                                                                                         *         +    8.00    0.9903
     9.00  +                                                                                        *          +    9.00    0.9877
    10.00  +                                                                                        *          +   10.00    0.9848
    11.00  +                                                                                       *           +   11.00    0.9816
    12.00  +                                                                                       *           +   12.00    0.9781
    13.00  +                                                                                      *            +   13.00    0.9744
    14.00  +                                                                                     *             +   14.00    0.9703
    15.00  +                                                                                     *             +   15.00    0.9659
    16.00  +                                                                                    *              +   16.00    0.9613
    17.00  +                                                                                   *               +   17.00    0.9563
    18.00  +                                                                                  *                +   18.00    0.9511
    19.00  +                                                                                  *                +   19.00    0.9455
    20.00  +                                                                                 *                 +   20.00    0.9397
    21.00  +                                                                                *                  +   21.00    0.9336
    22.00  +                                                                               *                   +   22.00    0.9272
    23.00  +                                                                              *                    +   23.00    0.9205
    24.00  +                                                                             *                     +   24.00    0.9135
    25.00  +                                                                            *                      +   25.00    0.9063
    26.00  +                                                                           *                       +   26.00    0.8988
    27.00  +                                                                          *                        +   27.00    0.8910
    28.00  +                                                                         *                         +   28.00    0.8829
    29.00  +                                                                        *                          +   29.00    0.8746
    30.00  +                                                                       *                           +   30.00    0.8660
    31.00  +                                                                      *                            +   31.00    0.8572
    32.00  +                                                                     *                             +   32.00    0.8480
    33.00  +                                                                   *                               +   33.00    0.8387
    34.00  +                                                                  *                                +   34.00    0.8290
    35.00  +                                                                 *                                 +   35.00    0.8192
    36.00  +                                                                *                                  +   36.00    0.8090
    37.00  +                                                               *                                   +   37.00    0.7986
    38.00  +                                                             *                                     +   38.00    0.7880
    39.00  +                                                            *                                      +   39.00    0.7771
    40.00  +                                                           *                                       +   40.00    0.7660
    41.00  +                                                          *                                        +   41.00    0.7547
    42.00  +                                                        *                                          +   42.00    0.7431
    43.00  +                                                       *                                           +   43.00    0.7314
    44.00  +                                                      *                                            +   44.00    0.7193
    45.00  +                                                     *                                             +   45.00    0.7071
    46.00  +                                                    *                                              +   46.00    0.6947
    47.00  +                                                  *                                                +   47.00    0.6820
    48.00  +                                                 *                                                 +   48.00    0.6691
    49.00  +                                                *                                                  +   49.00    0.6561
    50.00  +                                               *                                                   +   50.00    0.6428
    51.00  +                                              *                                                    +   51.00    0.6293
    52.00  +                                             *                                                     +   52.00    0.6157
    53.00  +                                            *                                                      +   53.00    0.6018
    54.00  +                                            *                                                      +   54.00    0.5878
    55.00  +                                           *                                                       +   55.00    0.5736
    56.00  +                                          *                                                        +   56.00    0.5592
    57.00  +                                         *                                                         +   57.00    0.5446
    58.00  +                                         *                                                         +   58.00    0.5299
    59.00  +                                        *                                                          +   59.00    0.5150
    60.00  +                                       *                                                           +   60.00    0.5000
    61.00  +                                       *                                                           +   61.00    0.4848
    62.00  +                                      *                                                            +   62.00    0.4695
    63.00  +                                     *                                                             +   63.00    0.4540
    64.00  +                                     *                                                             +   64.00    0.4384
    65.00  +                                    *                                                              +   65.00    0.4226
    66.00  +                                   *                                                               +   66.00    0.4067
    67.00  +                                   *                                                               +   67.00    0.3907
    68.00  +                                  *                                                                +   68.00    0.3746
    69.00  +                                  *                                                                +   69.00    0.3584
    70.00  +                                 *                                                                 +   70.00    0.3420
    71.00  +                                *                                                                  +   71.00    0.3256
    72.00  +                                *                                                                  +   72.00    0.3090
    73.00  +                               *                                                                   +   73.00    0.2924
    74.00  +                              *                                                                    +   74.00    0.2756
    75.00  +                              *                                                                    +   75.00    0.2588
    76.00  +                             *                                                                     +   76.00    0.2419
    77.00  +                            *                                                                      +   77.00    0.2250
    78.00  +                            *                                                                      +   78.00    0.2079
    79.00  +                           *                                                                       +   79.00    0.1908
    80.00  +                          *                                                                        +   80.00    0.1736
    81.00  +                          *                                                                        +   81.00    0.1564
    82.00  +                         *                                                                         +   82.00    0.1392
    83.00  +                        *                                                                          +   83.00    0.1219
    84.00  +                        *                                                                          +   84.00    0.1045
    85.00  +                       *                                                                           +   85.00    0.0872
    86.00  +                      *                                                                            +   86.00    0.0698
    87.00  +                      *                                                                            +   87.00    0.0523
    88.00  +                     *                                                                             +   88.00    0.0349
    89.00  |+++++++++++++++++++++*++++++++++|++++++++++++++++++++++++++++++++|++++++++++++++++++++++++++++++++|+   89.00    0.0175
    THETA  -2                               -1                                0                                1   THETA cos(theta)
1Asymmetry  36S(d,p)@ 16MeV    6732 keV  0f5/2 unbound ZR                  0/00/00
    THETA  -1                                                 0                                                 1  THETA cos(theta)
     0.00  |+++++++++++++++++++++++++++++++++++++++++++++++++*+++++++++++++++++++++++++++++++++++++++++++++++++|    0.00    1.0000
     1.00  +                                                 *                                                 +    1.00    0.9998
     2.00  +                                                 +*                                                +    2.00    0.9994
     3.00  +                                                 +*                                                +    3.00    0.9986
     4.00  +                                                 + *                                               +    4.00    0.9976
     5.00  +                                                 + *                                               +    5.00    0.9962
     6.00  +                                                 +  *                                              +    6.00    0.9945
     7.00  +                                                 +  *                                              +    7.00    0.9925
     8.00  +                                                 +   *                                             +    8.00    0.9903
     9.00  +                                                 +   *                                             +    9.00    0.9877
    10.00  +                                                 +    *                                            +   10.00    0.9848
    11.00  +                                                 +    *                                            +   11.00    0.9816
    12.00  +                                                 +     *                                           +   12.00    0.9781
    13.00  +                                                 +     *                                           +   13.00    0.9744
    14.00  +                                                 +      *                                          +   14.00    0.9703
    15.00  +                                                 +      *                                          +   15.00    0.9659
    16.00  +                                                 +       *                                         +   16.00    0.9613
    17.00  +                                                 +       *                                         +   17.00    0.9563
    18.00  +                                                 +        *                                        +   18.00    0.9511
    19.00  +                                                 +        *                                        +   19.00    0.9455
    20.00  +                                                 +         *                                       +   20.00    0.9397
    21.00  +                                                 +         *                                       +   21.00    0.9336
    22.00  +                                                 +          *                                      +   22.00    0.9272
    23.00  +                                                 +          *                                      +   23.00    0.9205
    24.00  +                                                 +           *                                     +   24.00    0.9135
    25.00  +                                                 +           *                                     +   25.00    0.9063
    26.00  +                                                 +           *                                     +   26.00    0.8988
    27.00  +                                                 +            *                                    +   27.00    0.8910
    28.00  +                                                 +            *                                    +   28.00    0.8829
    29.00  +                                                 +            *                                    +   29.00    0.8746
    30.00  +                                                 +            *                                    +   30.00    0.8660
    31.00  +                                                 +            *                                    +   31.00    0.8572
    32.00  +                                                 +            *                                    +   32.00    0.8480
    33.00  +                                                 +            *                                    +   33.00    0.8387
    34.00  +                                                 +            *                                    +   34.00    0.8290
    35.00  +                                                 +            *                                    +   35.00    0.8192
    36.00  +                                                 +            *                                    +   36.00    0.8090
    37.00  +                                                 +            *                                    +   37.00    0.7986
    38.00  +                                                 +            *                                    +   38.00    0.7880
    39.00  +                                                 +            *                                    +   39.00    0.7771
    40.00  +                                                 +            *                                    +   40.00    0.7660
    41.00  +                                                 +            *                                    +   41.00    0.7547
    42.00  +                                                 +            *                                    +   42.00    0.7431
    43.00  +                                                 +            *                                    +   43.00    0.7314
    44.00  +                                                 +            *                                    +   44.00    0.7193
    45.00  +                                                 +            *                                    +   45.00    0.7071
    46.00  +                                                 +             *                                   +   46.00    0.6947
    47.00  +                                                 +             *                                   +   47.00    0.6820
    48.00  +                                                 +             *                                   +   48.00    0.6691
    49.00  +                                                 +             *                                   +   49.00    0.6561
    50.00  +                                                 +             *                                   +   50.00    0.6428
    51.00  +                                                 +              *                                  +   51.00    0.6293
    52.00  +                                                 +              *                                  +   52.00    0.6157
    53.00  +                                                 +              *                                  +   53.00    0.6018
    54.00  +                                                 +              *                                  +   54.00    0.5878
    55.00  +                                                 +              *                                  +   55.00    0.5736
    56.00  +                                                 +              *                                  +   56.00    0.5592
    57.00  +                                                 +               *                                 +   57.00    0.5446
    58.00  +                                                 +               *                                 +   58.00    0.5299
    59.00  +                                                 +               *                                 +   59.00    0.5150
    60.00  +                                                 +               *                                 +   60.00    0.5000
    61.00  +                                                 +               *                                 +   61.00    0.4848
    62.00  +                                                 +              *                                  +   62.00    0.4695
    63.00  +                                                 +              *                                  +   63.00    0.4540
    64.00  +                                                 +              *                                  +   64.00    0.4384
    65.00  +                                                 +              *                                  +   65.00    0.4226
    66.00  +                                                 +              *                                  +   66.00    0.4067
    67.00  +                                                 +              *                                  +   67.00    0.3907
    68.00  +                                                 +              *                                  +   68.00    0.3746
    69.00  +                                                 +              *                                  +   69.00    0.3584
    70.00  +                                                 +             *                                   +   70.00    0.3420
    71.00  +                                                 +             *                                   +   71.00    0.3256
    72.00  +                                                 +             *                                   +   72.00    0.3090
    73.00  +                                                 +             *                                   +   73.00    0.2924
    74.00  +                                                 +             *                                   +   74.00    0.2756
    75.00  +                                                 +             *                                   +   75.00    0.2588
    76.00  +                                                 +            *                                    +   76.00    0.2419
    77.00  +                                                 +            *                                    +   77.00    0.2250
    78.00  +                                                 +            *                                    +   78.00    0.2079
    79.00  +                                                 +             *                                   +   79.00    0.1908
    80.00  +                                                 +             *                                   +   80.00    0.1736
    81.00  +                                                 +             *                                   +   81.00    0.1564
    82.00  +                                                 +             *                                   +   82.00    0.1392
    83.00  +                                                 +              *                                  +   83.00    0.1219
    84.00  +                                                 +              *                                  +   84.00    0.1045
    85.00  +                                                 +               *                                 +   85.00    0.0872
    86.00  +                                                 +                *                                +   86.00    0.0698
    87.00  +                                                 +                *                                +   87.00    0.0523
    88.00  +                                                 +                 *                               +   88.00    0.0349
    89.00  |+++++++++++++++++++++++++++++++++++++++++++++++++|+++++++++++++++++*+++++++++++++++++++++++++++++++|   89.00    0.0175
    THETA  -1                                                 0                                                 1  THETA cos(theta)
1DWUCK4-DISTORTED WAVES U.COLORADO- PC-VERSION  12/Jan /1995
 Elapsed time in seconds =   0.00
 Elapsed time in seconds =   0.00
0CONTROL INTEGERS
  1 2 3 4 5 6 7 8 9 A B C D E F G H I J K    RUN IDENTIFICATION                                             0/00/00   0.00.00
  1 0 1 1 0 0 0 0 3 0 0 0 0 0 0 0 0 0 0 0    36S(d,p)@ 16MeV    6775 keV  0f5/2 unbound ZR               
 36S(d,p)@ 16MeV    6775 keV  0f5/2 unbound ZR               
 Adwck4 entered
0ANGLE DATA          THETN=  90.0000   THET1=   0.0000   DTHET=   1.0000   A-ANG=   0.0000   B-ANG=   0.0000
0CARD SET 3 DATA     LMAX =  15          LTR=   3
                     NLTR =   1        2*JTR=   5
0CARD SET 4 DATA     DRF  =   0.1000   RZ   =   0.0000   RMAX = -15.0000   VCE  =   0.0000   FNRNG=   0.0000
 PARTICLE DATA 
0PARTICLE 1*******************************************************************************************************************
 INPUT DATA          ELAB =  16.0000   RC0  =   1.3030   AC   =   0.0000   2*STR=   2.0000
                     MASSP=   2.0000   MASST=  36.0000   Q    =   0.0000
                     ZP   =   1.0000   ZT   =  16.0000   PNLOC=   0.0000
 
 DERIVED DATA        ECM  =  15.1579   RC   =   4.3024   RHO  =   5.0434
                     K    =   1.1722   ETA  =   0.8909   DR   =   0.1000
0POTENTIAL PARAMETERS
 NX=1 VOLUME  W-S    V RL = -92.9760   R0RL =   1.1500   A RL =   0.7610   R RL =   3.7972   VSOR =   0.0000
                     V IM =  -1.6020   R0IM =   1.3350   A IM =   0.5250   R IM =   4.4081   VSOI =   0.0000   POWR =   0.0000
 NX=2 SURFACE W-S    V RL =   0.0000   R0RL =   0.0000   A RL =   0.0000   R RL =   0.0000   VSOR =   0.0000
                     V IM =  53.7900   R0IM =   1.3800   A IM =   0.7360   R IM =   4.5567   VSOI =   0.0000   POWR =   0.0000
 NX=4 L*S VOLUME     V RL = -14.2280   R0RL =   0.9720   A RL =   1.0110   R RL =   3.2095   VSOR =   0.0000
                     V IM =   0.0000   R0IM =   0.0000   A IM =   0.0000   R IM =   0.0000   VSOI =   0.0000   POWR =   0.0000
0PARTICLE 2*******************************************************************************************************************
 INPUT DATA          ELAB =  10.7446   RC0  =   1.2920   AC   =   0.0000   2*STR=   1.0000
                     MASSP=   1.0000   MASST=  37.0000   Q    =  -4.6960
                     ZP   =   1.0000   ZT   =  16.0000   PNLOC=   0.0000
 
 DERIVED DATA        ECM  =  10.4619   RC   =   4.3052   RHO  =   3.0056
                     K    =   0.6981   ETA  =   0.7687   DR   =   0.0973
0POTENTIAL PARAMETERS
 NX=1 VOLUME  W-S    V RL = -58.9930   R0RL =   1.1820   A RL =   0.6720   R RL =   3.9387   VSOR =   0.0000
                     V IM =  -1.3350   R0IM =   1.1820   A IM =   0.6720   R IM =   3.9387   VSOI =   0.0000   POWR =   0.0000
 NX=2 SURFACE W-S    V RL =   0.0000   R0RL =   0.0000   A RL =   0.0000   R RL =   0.0000   VSOR =   0.0000
                     V IM =  37.6480   R0IM =   1.2900   A IM =   0.5380   R IM =   4.2986   VSOI =   0.0000   POWR =   0.0000
 NX=4 L*S VOLUME     V RL = -22.4560   R0RL =   0.9910   A RL =   0.5900   R RL =   3.3022   VSOR =   0.0000
                     V IM =   0.2850   R0IM =   0.9910   A IM =   0.5900   R IM =   3.3022   VSOI =   0.0000   POWR =   0.0000
136S(d,p)@ 16MeV    6775 keV  0f5/2 unbound ZR                  0/ 0/ 0
0FORM FACTOR DATA 
0PARTICLE 3*******************************************************************************************************************
 INPUT DATA          ELAB =   2.4710   RC0  =   1.3000   AC   =   0.0000   2*STR=   1.0000
                     MASSP=   1.0000   MASST=  36.0000   Q    =   2.4710
                     ZP   =   0.0000   ZT   =  16.0000   PNLOC=   0.0000
 
 DERIVED DATA        ECM  =   2.4710   RC   =   4.2925   RHO  =   1.4558
                     K    =   0.3392   ETA  =   0.0000   DR   =   0.1000
0POTENTIAL PARAMETERS
 NX=1 VOLUME  W-S    V RL =  -1.0000   R0RL =   1.2800   A RL =   0.6500   R RL =   4.2265   VSOR =  24.0000
                     V IM =   0.0000   R0IM =   0.0000   A IM =   0.0000   R IM =   0.0000   VSOI =   0.0000   POWR =   0.0000
 
                     NODES=   0.0000   L    =   3.0000   2*J  =   5.0000   2*S  =   1.0000   FISW =   0.0000
 
0SINGLE PARTICLE WIDTH = 2.2397E -1  MEV     VOLUME TERM =  7.0776E+01     SURFACE TERM = -5.7185E+00
                     V    =  45.1438   DET  =   0.0000   NODES=   0.0000   RM   =   5.0500   E    =   2.4710   ITER.=   5
0                    LMAX =  15        NSTEP= 150        NLTR =   1
 Bdwck4 entered
   Subroutine INTEG  entered
0REACSIG 1   1.52244E+02                                             REACSIG 2   9.53456E+01
   Subroutine RADINT entered
136S(d,p)@ 16MeV    6775 keV  0f5/2 unbound ZR                  0/00/00
0BASIC DATA          DR   =   0.1000   RMIN =   0.0000   RMAX =  15.0000   COUEX=   0.0000     IS1=   1.0000
                     FNRNG=   0.0000   PNLC1=   0.0000   PNLC2=   0.0000   PNLC3=   0.0000     IS2=   0.5000
 ANG MOM TRANSFER    LTR  =   3.       2*JTR=   5.       2*STR=   1.       Q    =  -4.6960
   Subroutine INSIG  entered
0 Theta Inelsig,fm**2      Polz       Asy       Ayy       A22       A21       A20       T22       T21       T20  Theta
   0.00    5.9782E+00    0.0000    0.0000    0.0004    0.0000    0.0000    0.0000    0.0000    0.0000    0.0000   0.00
   1.00    5.9665E+00    0.0042    0.0087    0.0005   -0.0000   -0.0000   -0.0000    0.0000    0.0000    0.0000   1.00
   2.00    5.9315E+00    0.0085    0.0174    0.0008   -0.0001   -0.0001   -0.0002    0.0000    0.0000    0.0000   2.00
   3.00    5.8739E+00    0.0128    0.0262    0.0013   -0.0003   -0.0001   -0.0004    0.0000    0.0000    0.0000   3.00
   4.00    5.7946E+00    0.0172    0.0352    0.0020   -0.0006   -0.0001   -0.0008    0.0000    0.0000    0.0000   4.00
   5.00    5.6950E+00    0.0217    0.0442    0.0029   -0.0009   -0.0002   -0.0013    0.0000    0.0000    0.0000   5.00
   6.00    5.5766E+00    0.0263    0.0535    0.0040   -0.0013   -0.0002   -0.0018    0.0000    0.0000    0.0000   6.00
   7.00    5.4414E+00    0.0311    0.0629    0.0053   -0.0018   -0.0003   -0.0025    0.0000    0.0000    0.0000   7.00
   8.00    5.2914E+00    0.0361    0.0726    0.0068   -0.0024   -0.0003   -0.0033    0.0000    0.0000    0.0000   8.00
   9.00    5.1285E+00    0.0412    0.0825    0.0085   -0.0030   -0.0004   -0.0042    0.0000    0.0000    0.0000   9.00
  10.00    4.9550E+00    0.0465    0.0925    0.0104   -0.0036   -0.0005   -0.0052    0.0000    0.0000    0.0000  10.00
  11.00    4.7729E+00    0.0519    0.1028    0.0124   -0.0044   -0.0006   -0.0062    0.0000    0.0000    0.0000  11.00
  12.00    4.5842E+00    0.0575    0.1133    0.0147   -0.0052   -0.0007   -0.0074    0.0000    0.0000    0.0000  12.00
  13.00    4.3908E+00    0.0633    0.1239    0.0170   -0.0061   -0.0008   -0.0086    0.0000    0.0000    0.0000  13.00
  14.00    4.1946E+00    0.0692    0.1346    0.0195   -0.0070   -0.0009   -0.0099    0.0000    0.0000    0.0000  14.00
  15.00    3.9970E+00    0.0752    0.1454    0.0221   -0.0079   -0.0010   -0.0113    0.0000    0.0000    0.0000  15.00
  16.00    3.7996E+00    0.0812    0.1561    0.0248   -0.0089   -0.0011   -0.0127    0.0000    0.0000    0.0000  16.00
  17.00    3.6035E+00    0.0873    0.1668    0.0276   -0.0099   -0.0013   -0.0142    0.0000    0.0000    0.0000  17.00
  18.00    3.4099E+00    0.0933    0.1774    0.0305   -0.0109   -0.0014   -0.0157    0.0000    0.0000    0.0000  18.00
  19.00    3.2198E+00    0.0993    0.1878    0.0333   -0.0120   -0.0016   -0.0172    0.0000    0.0000    0.0000  19.00
  20.00    3.0339E+00    0.1052    0.1979    0.0362   -0.0130   -0.0018   -0.0187    0.0000    0.0000    0.0000  20.00
  21.00    2.8529E+00    0.1109    0.2076    0.0391   -0.0140   -0.0020   -0.0203    0.0000    0.0000    0.0000  21.00
  22.00    2.6774E+00    0.1164    0.2169    0.0419   -0.0150   -0.0022   -0.0218    0.0000    0.0000    0.0000  22.00
  23.00    2.5078E+00    0.1216    0.2257    0.0446   -0.0160   -0.0024   -0.0232    0.0000    0.0000    0.0000  23.00
  24.00    2.3446E+00    0.1265    0.2339    0.0472   -0.0169   -0.0026   -0.0247    0.0000    0.0000    0.0000  24.00
  25.00    2.1881E+00    0.1310    0.2414    0.0497   -0.0178   -0.0029   -0.0260    0.0000    0.0000    0.0000  25.00
  26.00    2.0384E+00    0.1351    0.2483    0.0521   -0.0187   -0.0031   -0.0274    0.0000    0.0000    0.0000  26.00
  27.00    1.8958E+00    0.1388    0.2543    0.0543   -0.0194   -0.0033   -0.0286    0.0000    0.0000    0.0000  27.00
  28.00    1.7602E+00    0.1420    0.2596    0.0564   -0.0201   -0.0036   -0.0298    0.0000    0.0000    0.0000  28.00
  29.00    1.6318E+00    0.1447    0.2640    0.0582   -0.0208   -0.0038   -0.0309    0.0000    0.0000    0.0000  29.00
  30.00    1.5106E+00    0.1468    0.2676    0.0599   -0.0213   -0.0041   -0.0318    0.0000    0.0000    0.0000  30.00
  31.00    1.3963E+00    0.1485    0.2703    0.0613   -0.0218   -0.0043   -0.0327    0.0000    0.0000    0.0000  31.00
  32.00    1.2890E+00    0.1497    0.2722    0.0625   -0.0221   -0.0046   -0.0335    0.0000    0.0000    0.0000  32.00
  33.00    1.1885E+00    0.1504    0.2733    0.0634   -0.0224   -0.0048   -0.0342    0.0000    0.0000    0.0000  33.00
  34.00    1.0946E+00    0.1508    0.2737    0.0642   -0.0226   -0.0050   -0.0347    0.0000    0.0000    0.0000  34.00
  35.00    1.0071E+00    0.1508    0.2736    0.0646   -0.0227   -0.0052   -0.0352    0.0000    0.0000    0.0000  35.00
  36.00    9.2572E-01    0.1505    0.2730    0.0648   -0.0226   -0.0053   -0.0355    0.0000    0.0000    0.0000  36.00
  37.00    8.5029E-01    0.1501    0.2721    0.0647   -0.0225   -0.0055   -0.0357    0.0000    0.0000    0.0000  37.00
  38.00    7.8054E-01    0.1496    0.2710    0.0643   -0.0222   -0.0055   -0.0358    0.0000    0.0000    0.0000  38.00
  39.00    7.1620E-01    0.1493    0.2699    0.0635   -0.0218   -0.0056   -0.0358    0.0000    0.0000    0.0000  39.00
  40.00    6.5702E-01    0.1491    0.2691    0.0625   -0.0212   -0.0056   -0.0357    0.0000    0.0000    0.0000  40.00
  41.00    6.0273E-01    0.1492    0.2686    0.0610   -0.0205   -0.0056   -0.0354    0.0000    0.0000    0.0000  41.00
  42.00    5.5309E-01    0.1498    0.2686    0.0592   -0.0196   -0.0055   -0.0350    0.0000    0.0000    0.0000  42.00
  43.00    5.0782E-01    0.1509    0.2693    0.0569   -0.0185   -0.0054   -0.0345    0.0000    0.0000    0.0000  43.00
  44.00    4.6667E-01    0.1526    0.2707    0.0542   -0.0173   -0.0052   -0.0338    0.0000    0.0000    0.0000  44.00
  45.00    4.2939E-01    0.1549    0.2728    0.0511   -0.0158   -0.0050   -0.0330    0.0000    0.0000    0.0000  45.00
  46.00    3.9571E-01    0.1578    0.2758    0.0475   -0.0141   -0.0048   -0.0320    0.0000    0.0000    0.0000  46.00
  47.00    3.6538E-01    0.1614    0.2794    0.0434   -0.0122   -0.0045   -0.0309    0.0000    0.0000    0.0000  47.00
  48.00    3.3815E-01    0.1655    0.2836    0.0390   -0.0101   -0.0042   -0.0297    0.0000    0.0000    0.0000  48.00
  49.00    3.1377E-01    0.1701    0.2882    0.0341   -0.0079   -0.0038   -0.0284    0.0000    0.0000    0.0000  49.00
  50.00    2.9197E-01    0.1751    0.2931    0.0291   -0.0055   -0.0035   -0.0270    0.0000    0.0000    0.0000  50.00
  51.00    2.7253E-01    0.1802    0.2979    0.0238   -0.0031   -0.0031   -0.0255    0.0000    0.0000    0.0000  51.00
  52.00    2.5519E-01    0.1855    0.3025    0.0185   -0.0006   -0.0028   -0.0240    0.0000    0.0000    0.0000  52.00
  53.00    2.3971E-01    0.1907    0.3067    0.0134    0.0018   -0.0025   -0.0226    0.0000    0.0000    0.0000  53.00
  54.00    2.2589E-01    0.1957    0.3104    0.0085    0.0040   -0.0022   -0.0212    0.0000    0.0000    0.0000  54.00
  55.00    2.1349E-01    0.2005    0.3133    0.0040    0.0061   -0.0020   -0.0200    0.0000    0.0000    0.0000  55.00
  56.00    2.0232E-01    0.2050    0.3155    0.0001    0.0079   -0.0018   -0.0189    0.0000    0.0000    0.0000  56.00
  57.00    1.9220E-01    0.2091    0.3170   -0.0031    0.0094   -0.0016   -0.0180    0.0000    0.0000    0.0000  57.00
  58.00    1.8297E-01    0.2129    0.3178   -0.0055    0.0105   -0.0015   -0.0174    0.0000    0.0000    0.0000  58.00
  59.00    1.7448E-01    0.2165    0.3179   -0.0071    0.0113   -0.0014   -0.0170    0.0000    0.0000    0.0000  59.00
  60.00    1.6661E-01    0.2198    0.3175   -0.0078    0.0116   -0.0013   -0.0169    0.0000    0.0000    0.0000  60.00
  61.00    1.5925E-01    0.2228    0.3167   -0.0076    0.0116   -0.0012   -0.0171    0.0000    0.0000    0.0000  61.00
  62.00    1.5233E-01    0.2258    0.3154   -0.0065    0.0112   -0.0012   -0.0176    0.0000    0.0000    0.0000  62.00
  63.00    1.4577E-01    0.2286    0.3139   -0.0046    0.0104   -0.0011   -0.0183    0.0000    0.0000    0.0000  63.00
  64.00    1.3953E-01    0.2313    0.3120   -0.0021    0.0093   -0.0011   -0.0192    0.0000    0.0000    0.0000  64.00
  65.00    1.3356E-01    0.2339    0.3099    0.0012    0.0079   -0.0010   -0.0203    0.0000    0.0000    0.0000  65.00
  66.00    1.2783E-01    0.2364    0.3075    0.0049    0.0063   -0.0010   -0.0216    0.0000    0.0000    0.0000  66.00
  67.00    1.2234E-01    0.2388    0.3048    0.0089    0.0045   -0.0009   -0.0230    0.0000    0.0000    0.0000  67.00
  68.00    1.1705E-01    0.2411    0.3018    0.0133    0.0026   -0.0009   -0.0245    0.0000    0.0000    0.0000  68.00
  69.00    1.1197E-01    0.2433    0.2985    0.0177    0.0006   -0.0008   -0.0260    0.0000    0.0000    0.0000  69.00
  70.00    1.0708E-01    0.2454    0.2950    0.0222   -0.0014   -0.0007   -0.0275    0.0000    0.0000    0.0000  70.00
  71.00    1.0237E-01    0.2474    0.2913    0.0266   -0.0033   -0.0006   -0.0289    0.0000    0.0000    0.0000  71.00
  72.00    9.7835E-02    0.2493    0.2875    0.0309   -0.0052   -0.0005   -0.0302    0.0000    0.0000    0.0000  72.00
  73.00    9.3467E-02    0.2512    0.2838    0.0349   -0.0071   -0.0003   -0.0314    0.0000    0.0000    0.0000  73.00
  74.00    8.9260E-02    0.2533    0.2804    0.0387   -0.0088   -0.0002   -0.0325    0.0000    0.0000    0.0000  74.00
  75.00    8.5207E-02    0.2555    0.2775    0.0424   -0.0105   -0.0000   -0.0335    0.0000    0.0000    0.0000  75.00
  76.00    8.1303E-02    0.2581    0.2755    0.0458   -0.0122    0.0002   -0.0343    0.0000    0.0000    0.0000  76.00
  77.00    7.7546E-02    0.2611    0.2745    0.0492   -0.0139    0.0005   -0.0350    0.0000    0.0000    0.0000  77.00
  78.00    7.3935E-02    0.2646    0.2749    0.0526   -0.0156    0.0008   -0.0356    0.0000    0.0000    0.0000  78.00
  79.00    7.0474E-02    0.2688    0.2768    0.0561   -0.0173    0.0012   -0.0362    0.0000    0.0000    0.0000  79.00
  80.00    6.7167E-02    0.2736    0.2806    0.0599   -0.0193    0.0016   -0.0368    0.0000    0.0000    0.0000  80.00
  81.00    6.4023E-02    0.2790    0.2862    0.0640   -0.0214    0.0022   -0.0375    0.0000    0.0000    0.0000  81.00
  82.00    6.1049E-02    0.2849    0.2937    0.0686   -0.0237    0.0029   -0.0383    0.0000    0.0000    0.0000  82.00
  83.00    5.8255E-02    0.2912    0.3028    0.0738   -0.0264    0.0037   -0.0392    0.0000    0.0000    0.0000  83.00
  84.00    5.5649E-02    0.2975    0.3134    0.0796   -0.0292    0.0047   -0.0403    0.0000    0.0000    0.0000  84.00
  85.00    5.3240E-02    0.3035    0.3249    0.0860   -0.0324    0.0058   -0.0416    0.0000    0.0000    0.0000  85.00
  86.00    5.1031E-02    0.3088    0.3368    0.0929   -0.0358    0.0070   -0.0431    0.0000    0.0000    0.0000  86.00
  87.00    4.9023E-02    0.3129    0.3484    0.1003   -0.0393    0.0084   -0.0449    0.0000    0.0000    0.0000  87.00
  88.00    4.7211E-02    0.3153    0.3589    0.1080   -0.0430    0.0098   -0.0469    0.0000    0.0000    0.0000  88.00
  89.00    4.5586E-02    0.3158    0.3676    0.1158   -0.0466    0.0113   -0.0490    0.0000    0.0000    0.0000  89.00
0Tot-sig   4.2410E+00
1Inelastic  36S(d,p)@ 16MeV    6775 keV  0f5/2 unbound ZR                  0/00/00
    THETA  -2                               -1                                0                                1   THETA cos(theta)
     0.00  |++++++++++++++++++++++++++++++++|++++++++++++++++++++++++++++++++|+++++++++++++++++++++++++*++++++|+    0.00    1.0000
     1.00  +                                                                                           *       +    1.00    0.9998
     2.00  +                                                                                           *       +    2.00    0.9994
     3.00  +                                                                                          *        +    3.00    0.9986
     4.00  +                                                                                          *        +    4.00    0.9976
     5.00  +                                                                                          *        +    5.00    0.9962
     6.00  +                                                                                          *        +    6.00    0.9945
     7.00  +                                                                                         *         +    7.00    0.9925
     8.00  +                                                                                         *         +    8.00    0.9903
     9.00  +                                                                                        *          +    9.00    0.9877
    10.00  +                                                                                        *          +   10.00    0.9848
    11.00  +                                                                                       *           +   11.00    0.9816
    12.00  +                                                                                       *           +   12.00    0.9781
    13.00  +                                                                                      *            +   13.00    0.9744
    14.00  +                                                                                      *            +   14.00    0.9703
    15.00  +                                                                                     *             +   15.00    0.9659
    16.00  +                                                                                    *              +   16.00    0.9613
    17.00  +                                                                                   *               +   17.00    0.9563
    18.00  +                                                                                   *               +   18.00    0.9511
    19.00  +                                                                                  *                +   19.00    0.9455
    20.00  +                                                                                 *                 +   20.00    0.9397
    21.00  +                                                                                *                  +   21.00    0.9336
    22.00  +                                                                               *                   +   22.00    0.9272
    23.00  +                                                                              *                    +   23.00    0.9205
    24.00  +                                                                             *                     +   24.00    0.9135
    25.00  +                                                                            *                      +   25.00    0.9063
    26.00  +                                                                           *                       +   26.00    0.8988
    27.00  +                                                                          *                        +   27.00    0.8910
    28.00  +                                                                         *                         +   28.00    0.8829
    29.00  +                                                                        *                          +   29.00    0.8746
    30.00  +                                                                       *                           +   30.00    0.8660
    31.00  +                                                                      *                            +   31.00    0.8572
    32.00  +                                                                     *                             +   32.00    0.8480
    33.00  +                                                                   *                               +   33.00    0.8387
    34.00  +                                                                  *                                +   34.00    0.8290
    35.00  +                                                                 *                                 +   35.00    0.8192
    36.00  +                                                                *                                  +   36.00    0.8090
    37.00  +                                                               *                                   +   37.00    0.7986
    38.00  +                                                             *                                     +   38.00    0.7880
    39.00  +                                                            *                                      +   39.00    0.7771
    40.00  +                                                           *                                       +   40.00    0.7660
    41.00  +                                                          *                                        +   41.00    0.7547
    42.00  +                                                         *                                         +   42.00    0.7431
    43.00  +                                                       *                                           +   43.00    0.7314
    44.00  +                                                      *                                            +   44.00    0.7193
    45.00  +                                                     *                                             +   45.00    0.7071
    46.00  +                                                    *                                              +   46.00    0.6947
    47.00  +                                                   *                                               +   47.00    0.6820
    48.00  +                                                 *                                                 +   48.00    0.6691
    49.00  +                                                *                                                  +   49.00    0.6561
    50.00  +                                               *                                                   +   50.00    0.6428
    51.00  +                                              *                                                    +   51.00    0.6293
    52.00  +                                             *                                                     +   52.00    0.6157
    53.00  +                                             *                                                     +   53.00    0.6018
    54.00  +                                            *                                                      +   54.00    0.5878
    55.00  +                                           *                                                       +   55.00    0.5736
    56.00  +                                          *                                                        +   56.00    0.5592
    57.00  +                                         *                                                         +   57.00    0.5446
    58.00  +                                         *                                                         +   58.00    0.5299
    59.00  +                                        *                                                          +   59.00    0.5150
    60.00  +                                       *                                                           +   60.00    0.5000
    61.00  +                                       *                                                           +   61.00    0.4848
    62.00  +                                      *                                                            +   62.00    0.4695
    63.00  +                                     *                                                             +   63.00    0.4540
    64.00  +                                     *                                                             +   64.00    0.4384
    65.00  +                                    *                                                              +   65.00    0.4226
    66.00  +                                    *                                                              +   66.00    0.4067
    67.00  +                                   *                                                               +   67.00    0.3907
    68.00  +                                  *                                                                +   68.00    0.3746
    69.00  +                                  *                                                                +   69.00    0.3584
    70.00  +                                 *                                                                 +   70.00    0.3420
    71.00  +                                *                                                                  +   71.00    0.3256
    72.00  +                                *                                                                  +   72.00    0.3090
    73.00  +                               *                                                                   +   73.00    0.2924
    74.00  +                              *                                                                    +   74.00    0.2756
    75.00  +                              *                                                                    +   75.00    0.2588
    76.00  +                             *                                                                     +   76.00    0.2419
    77.00  +                            *                                                                      +   77.00    0.2250
    78.00  +                            *                                                                      +   78.00    0.2079
    79.00  +                           *                                                                       +   79.00    0.1908
    80.00  +                          *                                                                        +   80.00    0.1736
    81.00  +                          *                                                                        +   81.00    0.1564
    82.00  +                         *                                                                         +   82.00    0.1392
    83.00  +                        *                                                                          +   83.00    0.1219
    84.00  +                        *                                                                          +   84.00    0.1045
    85.00  +                       *                                                                           +   85.00    0.0872
    86.00  +                      *                                                                            +   86.00    0.0698
    87.00  +                      *                                                                            +   87.00    0.0523
    88.00  +                     *                                                                             +   88.00    0.0349
    89.00  |+++++++++++++++++++++*++++++++++|++++++++++++++++++++++++++++++++|++++++++++++++++++++++++++++++++|+   89.00    0.0175
    THETA  -2                               -1                                0                                1   THETA cos(theta)
1Asymmetry  36S(d,p)@ 16MeV    6775 keV  0f5/2 unbound ZR                  0/00/00
    THETA  -1                                                 0                                                 1  THETA cos(theta)
     0.00  |+++++++++++++++++++++++++++++++++++++++++++++++++*+++++++++++++++++++++++++++++++++++++++++++++++++|    0.00    1.0000
     1.00  +                                                 *                                                 +    1.00    0.9998
     2.00  +                                                 +*                                                +    2.00    0.9994
     3.00  +                                                 +*                                                +    3.00    0.9986
     4.00  +                                                 + *                                               +    4.00    0.9976
     5.00  +                                                 + *                                               +    5.00    0.9962
     6.00  +                                                 +  *                                              +    6.00    0.9945
     7.00  +                                                 +  *                                              +    7.00    0.9925
     8.00  +                                                 +   *                                             +    8.00    0.9903
     9.00  +                                                 +   *                                             +    9.00    0.9877
    10.00  +                                                 +    *                                            +   10.00    0.9848
    11.00  +                                                 +    *                                            +   11.00    0.9816
    12.00  +                                                 +     *                                           +   12.00    0.9781
    13.00  +                                                 +     *                                           +   13.00    0.9744
    14.00  +                                                 +      *                                          +   14.00    0.9703
    15.00  +                                                 +      *                                          +   15.00    0.9659
    16.00  +                                                 +       *                                         +   16.00    0.9613
    17.00  +                                                 +       *                                         +   17.00    0.9563
    18.00  +                                                 +        *                                        +   18.00    0.9511
    19.00  +                                                 +        *                                        +   19.00    0.9455
    20.00  +                                                 +         *                                       +   20.00    0.9397
    21.00  +                                                 +         *                                       +   21.00    0.9336
    22.00  +                                                 +          *                                      +   22.00    0.9272
    23.00  +                                                 +          *                                      +   23.00    0.9205
    24.00  +                                                 +           *                                     +   24.00    0.9135
    25.00  +                                                 +           *                                     +   25.00    0.9063
    26.00  +                                                 +           *                                     +   26.00    0.8988
    27.00  +                                                 +            *                                    +   27.00    0.8910
    28.00  +                                                 +            *                                    +   28.00    0.8829
    29.00  +                                                 +            *                                    +   29.00    0.8746
    30.00  +                                                 +            *                                    +   30.00    0.8660
    31.00  +                                                 +             *                                   +   31.00    0.8572
    32.00  +                                                 +             *                                   +   32.00    0.8480
    33.00  +                                                 +             *                                   +   33.00    0.8387
    34.00  +                                                 +             *                                   +   34.00    0.8290
    35.00  +                                                 +             *                                   +   35.00    0.8192
    36.00  +                                                 +             *                                   +   36.00    0.8090
    37.00  +                                                 +             *                                   +   37.00    0.7986
    38.00  +                                                 +             *                                   +   38.00    0.7880
    39.00  +                                                 +            *                                    +   39.00    0.7771
    40.00  +                                                 +            *                                    +   40.00    0.7660
    41.00  +                                                 +            *                                    +   41.00    0.7547
    42.00  +                                                 +            *                                    +   42.00    0.7431
    43.00  +                                                 +            *                                    +   43.00    0.7314
    44.00  +                                                 +             *                                   +   44.00    0.7193
    45.00  +                                                 +             *                                   +   45.00    0.7071
    46.00  +                                                 +             *                                   +   46.00    0.6947
    47.00  +                                                 +             *                                   +   47.00    0.6820
    48.00  +                                                 +             *                                   +   48.00    0.6691
    49.00  +                                                 +             *                                   +   49.00    0.6561
    50.00  +                                                 +              *                                  +   50.00    0.6428
    51.00  +                                                 +              *                                  +   51.00    0.6293
    52.00  +                                                 +              *                                  +   52.00    0.6157
    53.00  +                                                 +              *                                  +   53.00    0.6018
    54.00  +                                                 +               *                                 +   54.00    0.5878
    55.00  +                                                 +               *                                 +   55.00    0.5736
    56.00  +                                                 +               *                                 +   56.00    0.5592
    57.00  +                                                 +               *                                 +   57.00    0.5446
    58.00  +                                                 +               *                                 +   58.00    0.5299
    59.00  +                                                 +               *                                 +   59.00    0.5150
    60.00  +                                                 +               *                                 +   60.00    0.5000
    61.00  +                                                 +               *                                 +   61.00    0.4848
    62.00  +                                                 +               *                                 +   62.00    0.4695
    63.00  +                                                 +               *                                 +   63.00    0.4540
    64.00  +                                                 +               *                                 +   64.00    0.4384
    65.00  +                                                 +              *                                  +   65.00    0.4226
    66.00  +                                                 +              *                                  +   66.00    0.4067
    67.00  +                                                 +              *                                  +   67.00    0.3907
    68.00  +                                                 +              *                                  +   68.00    0.3746
    69.00  +                                                 +              *                                  +   69.00    0.3584
    70.00  +                                                 +              *                                  +   70.00    0.3420
    71.00  +                                                 +              *                                  +   71.00    0.3256
    72.00  +                                                 +             *                                   +   72.00    0.3090
    73.00  +                                                 +             *                                   +   73.00    0.2924
    74.00  +                                                 +             *                                   +   74.00    0.2756
    75.00  +                                                 +             *                                   +   75.00    0.2588
    76.00  +                                                 +             *                                   +   76.00    0.2419
    77.00  +                                                 +             *                                   +   77.00    0.2250
    78.00  +                                                 +             *                                   +   78.00    0.2079
    79.00  +                                                 +             *                                   +   79.00    0.1908
    80.00  +                                                 +             *                                   +   80.00    0.1736
    81.00  +                                                 +             *                                   +   81.00    0.1564
    82.00  +                                                 +              *                                  +   82.00    0.1392
    83.00  +                                                 +              *                                  +   83.00    0.1219
    84.00  +                                                 +               *                                 +   84.00    0.1045
    85.00  +                                                 +               *                                 +   85.00    0.0872
    86.00  +                                                 +                *                                +   86.00    0.0698
    87.00  +                                                 +                *                                +   87.00    0.0523
    88.00  +                                                 +                 *                               +   88.00    0.0349
    89.00  |+++++++++++++++++++++++++++++++++++++++++++++++++|+++++++++++++++++*+++++++++++++++++++++++++++++++|   89.00    0.0175
    THETA  -1                                                 0                                                 1  THETA cos(theta)
1DWUCK4-DISTORTED WAVES U.COLORADO- PC-VERSION  12/Jan /1995
 Elapsed time in seconds =   0.00
 Elapsed time in seconds =   0.00
0CONTROL INTEGERS
  1 2 3 4 5 6 7 8 9 A B C D E F G H I J K    RUN IDENTIFICATION                                             0/00/00   0.00.00
  9 0 0 0 0 0 0 0 0 0 0 0 0 0 0 0 0 0 0 0    END OF DATA for DWUCK4                                      
STOP  End of data
