1********************DWUCK4 AT YOUR SERVICE********************

 installed         Mon May 21 11:05:50 1990                
 today is          Mon Mar 16 14:09:30 2026




















                    *******************************************************
                    *                                                     *
                    * User     : calemhoffman                             *
                    * Directory: <- /Users/calemhoffman/Documents/GitHub/ *
                    * Input    : Standard Input                           *
                    * Output   : Standard Output                          *
                    *                                                     *
                    *******************************************************
1
0DWUCK4-DISTORTED WAVES U.COLORADO- PC-VERSION  12/Jan /1995
 Elapsed time in seconds =   0.00
 Elapsed time in seconds =   0.00
0CONTROL INTEGERS
  1 2 3 4 5 6 7 8 9 A B C D E F G H I J K    RUN IDENTIFICATION                                             0/00/00   0.00.00
  1 0 1 1 0 0 0 0 3 0 0 0 0 0 0 0 0 0 0 0    10Be(d,p)11Be Ex=0.60 AK UNB LMAX15 RMAX20 V10              
 10Be(d,p)11Be Ex=0.60 AK UNB LMAX15 RMAX20 V10              
 Adwck4 entered
0ANGLE DATA          THETN=  61.0000   THET1=   0.0000   DTHET=   1.0000   A-ANG=   0.0000   B-ANG=   0.0000
0CARD SET 3 DATA     LMAX =  15          LTR=   1
                     NLTR =   1        2*JTR=   3
0CARD SET 4 DATA     DRF  =   0.1000   RZ   =   0.0000   RMAX = -20.0000   VCE  =   0.0000   FNRNG=   0.0000
                     AMASS=   0.8000
 PARTICLE DATA 
0PARTICLE 1*******************************************************************************************************************
 INPUT DATA          ELAB =  17.4000   RC0  =   1.3030   AC   =   0.0000   2*STR=   2.0000
                     MASSP=   2.0000   MASST=  10.0000   Q    =   0.0000
                     ZP   =   1.0000   ZT   =   4.0000   PNLOC=   2.0000
 
 DERIVED DATA        ECM  =  14.5000   RC   =   2.8072   RHO  =   3.0186
                     K    =   1.0753   ETA  =   0.2136   DR   =   0.0080
0POTENTIAL PARAMETERS
 NX=1 VOLUME  W-S    V RL = -88.7440   R0RL =   1.1480   A RL =   0.7460   R RL =   2.4733   VSOR =   0.0000
                     V IM =  -2.1860   R0IM =   1.3510   A IM =   0.6400   R IM =   2.9106   VSOI =   0.0000   POWR =   0.0000
 NX=2 SURFACE W-S    V RL =   0.0000   R0RL =   0.0000   A RL =   0.0000   R RL =   0.0000   VSOR =   0.0000
                     V IM =  27.3930   R0IM =   1.4050   A IM =   0.6650   R IM =   3.0270   VSOI =   0.0000   POWR =   0.0000
 NX=4 L*S VOLUME     V RL = -14.2280   R0RL =   0.9720   A RL =   1.0110   R RL =   2.0941   VSOR =   0.0000
                     V IM =   0.0000   R0IM =   0.0000   A IM =   0.0000   R IM =   0.0000   VSOI =   0.0000   POWR =   0.0000
0PARTICLE 2*******************************************************************************************************************
 INPUT DATA          ELAB =  13.2862   RC0  =   1.5780   AC   =   0.0000   2*STR=   1.0000
                     MASSP=   1.0000   MASST=  11.0000   Q    =  -2.3210
                     ZP   =   1.0000   ZT   =   4.0000   PNLOC=   1.0000
 
 DERIVED DATA        ECM  =  12.1790   RC   =   3.5094   RHO  =   2.5649
                     K    =   0.7309   ETA  =   0.1728   DR   =   0.0073
0POTENTIAL PARAMETERS
 NX=1 VOLUME  W-S    V RL = -56.2800   R0RL =   1.1220   A RL =   0.6760   R RL =   2.4953   VSOR =   0.0000
                     V IM =  -1.1170   R0IM =   1.1220   A IM =   0.6760   R IM =   2.4953   VSOI =   0.0000   POWR =   0.0000
 NX=2 SURFACE W-S    V RL =   0.0000   R0RL =   0.0000   A RL =   0.0000   R RL =   0.0000   VSOR =   0.0000
                     V IM =  20.7710   R0IM =   1.3070   A IM =   0.5240   R IM =   2.9067   VSOI =   0.0000   POWR =   0.0000
 NX=4 L*S VOLUME     V RL = -21.8760   R0RL =   0.8940   A RL =   0.5900   R RL =   1.9882   VSOR =   0.0000
                     V IM =   0.8640   R0IM =   0.8940   A IM =   0.5900   R IM =   1.9882   VSOI =   0.0000   POWR =   0.0000
110Be(d,p)11Be Ex=0.60 AK UNB LMAX15 RMAX20 V10                 0/ 0/ 0
0FORM FACTOR DATA 
0PARTICLE 3*******************************************************************************************************************
 INPUT DATA          ELAB =   0.0960   RC0  =   1.3000   AC   =   0.0000   2*STR=   1.0000
                     MASSP=   1.0000   MASST=  10.0000   Q    =   0.0960
                     ZP   =   0.0000   ZT   =   4.0000   PNLOC=   1.0000
 
 DERIVED DATA        ECM  =   0.0960   RC   =   2.8008   RHO  =   0.1810
                     K    =   0.0646   ETA  =   0.0000   DR   =   0.0080
0POTENTIAL PARAMETERS
 NX=1 VOLUME  W-S    V RL =   1.0000   R0RL =   1.2500   A RL =   0.6500   R RL =   2.6930   VSOR =  24.0000
                     V IM =   1.1000   R0IM =   0.6500   A IM =   0.0000   R IM =   1.4004   VSOI =   0.0000   POWR =   0.0000
 
                     NODES=   0.0000   L    =   1.0000   2*J  =   3.0000   2*S  =   1.0000   FISW =   2.0000
 
                     COSD =  1.0000E+00               SIND = -5.4952E-05
                     V    =  28.3480   DET  =   0.0000   NODES=   0.0000   RM   =   2.6930   E    =   0.0960   ITER.=   0
0Non-locality correction is applied, parameter =   2.000
0Non-locality correction is applied, parameter =   1.000
0*****  Warning  *****  CLASSICAL TURNING POINT FOR BOUNDSTATE = 21.8855  IS GREATER THAN RMAX =-20.0000
0*****  Warning *****  LMAX too large for reliable calculation of unbound stripping or coulomb excitation cases.  Increase RMAX 
0                    LMAX =  15        NSTEP= 200        NLTR =   1
 Bdwck4 entered
   Subroutine INTEG  entered
0REACSIG 1   1.11469E+01                                             REACSIG 2   1.39057E+00
   Subroutine RADINT entered
110Be(d,p)11Be Ex=0.60 AK UNB LMAX15 RMAX20 V10                 0/00/00
0BASIC DATA          DR   =   0.1000   RMIN =   0.0000   RMAX =  20.0000   COUEX=   0.0000     IS1=   1.0000
                     FNRNG=   0.0000   PNLC1=   2.0000   PNLC2=   1.0000   PNLC3=   1.0000     IS2=   0.5000
 ANG MOM TRANSFER    LTR  =   1.       2*JTR=   3.       2*STR=   1.       Q    =  -2.3210
   Subroutine INSIG  entered
0 Theta Inelsig,fm**2      Polz       Asy       Ayy       A22       A21       A20       T22       T21       T20  Theta
   0.00    1.2534E+26    0.0000    0.0000    0.0000    0.0000    0.0000    0.0006    0.0000    0.0000    0.0000   0.00
   1.00    3.2960E+29   -0.0047   -0.0093    0.0000   -0.0000    0.0000    0.0006    0.0000    0.0000    0.0000   1.00
   2.00    1.2484E+30   -0.0023   -0.0046    0.0000   -0.0000    0.0000    0.0006    0.0000    0.0000    0.0000   2.00
   3.00    2.5626E+30   -0.0015   -0.0030    0.0000   -0.0000    0.0000    0.0006    0.0000    0.0000    0.0000   3.00
   4.00    3.9968E+30   -0.0011   -0.0022    0.0000   -0.0000    0.0000    0.0006    0.0000    0.0000    0.0000   4.00
   5.00    5.2532E+30   -0.0009   -0.0017    0.0000   -0.0000    0.0000    0.0006    0.0000    0.0000    0.0000   5.00
   6.00    6.0758E+30   -0.0007   -0.0014    0.0000   -0.0000    0.0000    0.0006    0.0000    0.0000    0.0000   6.00
   7.00    6.3036E+30   -0.0006   -0.0011    0.0000   -0.0000    0.0000    0.0006    0.0000    0.0000    0.0000   7.00
   8.00    5.9020E+30   -0.0004   -0.0009    0.0000   -0.0000    0.0000    0.0006    0.0000    0.0000    0.0000   8.00
   9.00    4.9658E+30   -0.0003   -0.0007    0.0000   -0.0000    0.0000    0.0006    0.0000    0.0000    0.0000   9.00
  10.00    3.6934E+30   -0.0002   -0.0004    0.0000   -0.0000    0.0000    0.0006    0.0000    0.0000    0.0000  10.00
  11.00    2.3399E+30   -0.0000   -0.0001    0.0000   -0.0000    0.0000    0.0006    0.0000    0.0000    0.0000  11.00
  12.00    1.1590E+30    0.0002    0.0004    0.0000   -0.0000    0.0000    0.0006    0.0000    0.0000    0.0000  12.00
  13.00    3.4844E+29    0.0008    0.0016    0.0000   -0.0000   -0.0000    0.0006    0.0000    0.0000    0.0000  13.00
  14.00    1.0191E+28    0.0036    0.0073    0.0000   -0.0000   -0.0000    0.0006    0.0000    0.0000    0.0000  14.00
  15.00    1.3493E+29   -0.0030   -0.0060    0.0000   -0.0000    0.0000    0.0006    0.0000    0.0000    0.0000  15.00
  16.00    6.1217E+29   -0.0015   -0.0030    0.0000   -0.0000    0.0000    0.0006    0.0000    0.0000    0.0000  16.00
  17.00    1.2632E+30   -0.0011   -0.0022    0.0000   -0.0000    0.0000    0.0006    0.0000    0.0000    0.0000  17.00
  18.00    1.8877E+30   -0.0009   -0.0018    0.0000   -0.0000    0.0000    0.0006    0.0000    0.0000    0.0000  18.00
  19.00    2.3124E+30   -0.0008   -0.0016    0.0000   -0.0000    0.0000    0.0006    0.0000    0.0000    0.0000  19.00
  20.00    2.4303E+30   -0.0007   -0.0014    0.0000   -0.0000    0.0000    0.0006    0.0000    0.0000    0.0000  20.00
  21.00    2.2217E+30   -0.0007   -0.0013    0.0000   -0.0000    0.0000    0.0006    0.0000    0.0000    0.0000  21.00
  22.00    1.7524E+30   -0.0006   -0.0012    0.0000   -0.0000    0.0000    0.0006    0.0000    0.0000    0.0000  22.00
  23.00    1.1511E+30   -0.0006   -0.0012    0.0000   -0.0000    0.0000    0.0006    0.0000    0.0000    0.0000  23.00
  24.00    5.7343E+29   -0.0006   -0.0011    0.0000   -0.0000   -0.0000    0.0006    0.0000    0.0000    0.0000  24.00
  25.00    1.6000E+29   -0.0007   -0.0015    0.0000   -0.0000   -0.0000    0.0006    0.0000    0.0000    0.0000  25.00
  26.00    1.7265E+27   -0.0605   -0.1209    0.0000   -0.0000    0.0000    0.0006    0.0000    0.0000    0.0000  26.00
  27.00    1.1895E+29   -0.0023   -0.0046   -0.0000    0.0000    0.0000    0.0006    0.0000    0.0000    0.0000  27.00
  28.00    4.5970E+29   -0.0012   -0.0025    0.0000   -0.0000    0.0000    0.0006    0.0000    0.0000    0.0000  28.00
  29.00    9.1660E+29   -0.0010   -0.0020    0.0000   -0.0000    0.0000    0.0006    0.0000    0.0000    0.0000  29.00
  30.00    1.3572E+30   -0.0009   -0.0019    0.0000   -0.0000    0.0000    0.0006    0.0000    0.0000    0.0000  30.00
  31.00    1.6595E+30   -0.0009   -0.0018    0.0000   -0.0000    0.0000    0.0006    0.0000    0.0000    0.0000  31.00
  32.00    1.7436E+30   -0.0009   -0.0018    0.0000   -0.0000    0.0000    0.0006    0.0000    0.0000    0.0000  32.00
  33.00    1.5905E+30   -0.0009   -0.0018    0.0000   -0.0000    0.0000    0.0006    0.0000    0.0000    0.0000  33.00
  34.00    1.2453E+30   -0.0010   -0.0020    0.0000   -0.0000    0.0000    0.0006    0.0000    0.0000    0.0000  34.00
  35.00    8.0324E+29   -0.0011   -0.0022    0.0000   -0.0000   -0.0000    0.0006    0.0000    0.0000    0.0000  35.00
  36.00    3.8231E+29   -0.0015   -0.0029    0.0000   -0.0000   -0.0000    0.0006    0.0000    0.0000    0.0000  36.00
  37.00    9.1971E+28   -0.0033   -0.0067    0.0000   -0.0000   -0.0000    0.0006    0.0000    0.0000    0.0000  37.00
  38.00    4.1132E+27   -0.0458   -0.0916   -0.0000    0.0000    0.0000    0.0006    0.0000    0.0000    0.0000  38.00
  39.00    1.3500E+29   -0.0017   -0.0034   -0.0000    0.0000    0.0000    0.0006    0.0000    0.0000    0.0000  39.00
  40.00    4.4229E+29   -0.0010   -0.0019    0.0000   -0.0000    0.0000    0.0006    0.0000    0.0000    0.0000  40.00
  41.00    8.3761E+29   -0.0009   -0.0017    0.0000   -0.0000    0.0000    0.0006    0.0000    0.0000    0.0000  41.00
  42.00    1.2110E+30   -0.0009   -0.0017    0.0000   -0.0000    0.0000    0.0006    0.0000    0.0000    0.0000  42.00
  43.00    1.4606E+30   -0.0009   -0.0018    0.0000   -0.0000    0.0000    0.0006    0.0000    0.0000    0.0000  43.00
  44.00    1.5196E+30   -0.0010   -0.0019    0.0000   -0.0000    0.0000    0.0006    0.0000    0.0000    0.0000  44.00
  45.00    1.3735E+30   -0.0011   -0.0021    0.0000   -0.0000    0.0000    0.0006    0.0000    0.0000    0.0000  45.00
  46.00    1.0632E+30   -0.0012   -0.0024    0.0000   -0.0000    0.0000    0.0006    0.0000    0.0000    0.0000  46.00
  47.00    6.7312E+29   -0.0015   -0.0031    0.0000   -0.0000   -0.0000    0.0006    0.0000    0.0000    0.0000  47.00
  48.00    3.0843E+29   -0.0023   -0.0046    0.0000   -0.0000   -0.0000    0.0006    0.0000    0.0000    0.0000  48.00
  49.00    6.6379E+28   -0.0065   -0.0130    0.0000   -0.0000    0.0000    0.0006    0.0000    0.0000    0.0000  49.00
  50.00    1.0577E+28   -0.0233   -0.0465   -0.0000    0.0000    0.0000    0.0006    0.0000    0.0000    0.0000  50.00
  51.00    1.5426E+29   -0.0013   -0.0027   -0.0000    0.0000    0.0000    0.0006    0.0000    0.0000    0.0000  51.00
  52.00    4.5714E+29   -0.0007   -0.0014    0.0000   -0.0000    0.0000    0.0006    0.0000    0.0000    0.0000  52.00
  53.00    8.3656E+29   -0.0007   -0.0014    0.0000   -0.0000    0.0000    0.0006    0.0000    0.0000    0.0000  53.00
  54.00    1.1898E+30   -0.0007   -0.0015    0.0000   -0.0000    0.0000    0.0006    0.0000    0.0000    0.0000  54.00
  55.00    1.4217E+30   -0.0008   -0.0017    0.0000   -0.0000    0.0000    0.0006    0.0000    0.0000    0.0000  55.00
  56.00    1.4701E+30   -0.0009   -0.0019    0.0000   -0.0000    0.0000    0.0006    0.0000    0.0000    0.0000  56.00
  57.00    1.3221E+30   -0.0011   -0.0022    0.0000   -0.0000   -0.0000    0.0006    0.0000    0.0000    0.0000  57.00
  58.00    1.0178E+30   -0.0013   -0.0027    0.0000   -0.0000   -0.0000    0.0006    0.0000    0.0000    0.0000  58.00
  59.00    6.3923E+29   -0.0018   -0.0036    0.0000   -0.0000    0.0000    0.0006    0.0000    0.0000    0.0000  59.00
  60.00    2.8842E+29   -0.0029   -0.0058    0.0000   -0.0000    0.0000    0.0006    0.0000    0.0000    0.0000  60.00
0Tot-sig   1.7930E+31
1Inelastic  10Be(d,p)11Be Ex=0.60 AK UNB LMAX15 RMAX20 V10                 0/00/00
    THETA  28                               29                               30                               31   THETA cos(theta)
     0.00  |++++++++++++++++++++++++++++++++|++++++++++++++++++++++++++++++++|++++++++++++++++++++++++++++++++|+    0.00    1.0000
     1.00  +                                                 *                                                 +    1.00    0.9998
     2.00  +                                                                    *                              +    2.00    0.9994
     3.00  +                                                                              *                    +    3.00    0.9986
     4.00  +                                                                                     *             +    4.00    0.9976
     5.00  +                                                                                         *         +    5.00    0.9962
     6.00  +                                                                                           *       +    6.00    0.9945
     7.00  +                                                                                           *       +    7.00    0.9925
     8.00  +                                                                                          *        +    8.00    0.9903
     9.00  +                                                                                        *          +    9.00    0.9877
    10.00  +                                                                                    *              +   10.00    0.9848
    11.00  +                                                                             *                     +   11.00    0.9816
    12.00  +                                                                   *                               +   12.00    0.9781
    13.00  +                                                  *                                                +   13.00    0.9744
    14.00  *                                                                                                   +   14.00    0.9703
    15.00  +                                    *                                                              +   15.00    0.9659
    16.00  +                                                          *                                        +   16.00    0.9613
    17.00  +                                                                    *                              +   17.00    0.9563
    18.00  +                                                                          *                        +   18.00    0.9511
    19.00  +                                                                             *                     +   19.00    0.9455
    20.00  +                                                                              *                    +   20.00    0.9397
    21.00  +                                                                            *                      +   21.00    0.9336
    22.00  +                                                                         *                         +   22.00    0.9272
    23.00  +                                                                   *                               +   23.00    0.9205
    24.00  +                                                         *                                         +   24.00    0.9135
    25.00  +                                       *                                                           +   25.00    0.9063
    26.00  +                                                                                                   +   26.00    0.8988
    27.00  +                                  *                                                                +   27.00    0.8910
    28.00  +                                                      *                                            +   28.00    0.8829
    29.00  +                                                                *                                  +   29.00    0.8746
    30.00  +                                                                     *                             +   30.00    0.8660
    31.00  +                                                                        *                          +   31.00    0.8572
    32.00  +                                                                         *                         +   32.00    0.8480
    33.00  +                                                                        *                          +   33.00    0.8387
    34.00  +                                                                    *                              +   34.00    0.8290
    35.00  +                                                              *                                    +   35.00    0.8192
    36.00  +                                                   *                                               +   36.00    0.8090
    37.00  +                               *                                                                   +   37.00    0.7986
    38.00  +                                                                                                   +   38.00    0.7880
    39.00  +                                    *                                                              +   39.00    0.7771
    40.00  +                                                     *                                             +   40.00    0.7660
    41.00  +                                                              *                                    +   41.00    0.7547
    42.00  +                                                                    *                              +   42.00    0.7431
    43.00  +                                                                      *                            +   43.00    0.7314
    44.00  +                                                                       *                           +   44.00    0.7193
    45.00  +                                                                      *                            +   45.00    0.7071
    46.00  +                                                                  *                                +   46.00    0.6947
    47.00  +                                                           *                                       +   47.00    0.6820
    48.00  +                                                *                                                  +   48.00    0.6691
    49.00  +                          *                                                                        +   49.00    0.6561
    50.00  +*                                                                                                  +   50.00    0.6428
    51.00  +                                      *                                                            +   51.00    0.6293
    52.00  +                                                      *                                            +   52.00    0.6157
    53.00  +                                                              *                                    +   53.00    0.6018
    54.00  +                                                                   *                               +   54.00    0.5878
    55.00  +                                                                      *                            +   55.00    0.5736
    56.00  +                                                                       *                           +   56.00    0.5592
    57.00  +                                                                     *                             +   57.00    0.5446
    58.00  +                                                                 *                                 +   58.00    0.5299
    59.00  +                                                           *                                       +   59.00    0.5150
    60.00  |++++++++++++++++++++++++++++++++|++++++++++++++*+++++++++++++++++|++++++++++++++++++++++++++++++++|+   60.00    0.5000
    THETA  28                               29                               30                               31   THETA cos(theta)
1Asymmetry  10Be(d,p)11Be Ex=0.60 AK UNB LMAX15 RMAX20 V10                 0/00/00
    THETA  -1                                                 0                                                 1  THETA cos(theta)
     0.00  |+++++++++++++++++++++++++++++++++++++++++++++++++*+++++++++++++++++++++++++++++++++++++++++++++++++|    0.00    1.0000
     1.00  +                                                 *                                                 +    1.00    0.9998
     2.00  +                                                 *                                                 +    2.00    0.9994
     3.00  +                                                 *                                                 +    3.00    0.9986
     4.00  +                                                 *                                                 +    4.00    0.9976
     5.00  +                                                 *                                                 +    5.00    0.9962
     6.00  +                                                 *                                                 +    6.00    0.9945
     7.00  +                                                 *                                                 +    7.00    0.9925
     8.00  +                                                 *                                                 +    8.00    0.9903
     9.00  +                                                 *                                                 +    9.00    0.9877
    10.00  +                                                 *                                                 +   10.00    0.9848
    11.00  +                                                 *                                                 +   11.00    0.9816
    12.00  +                                                 *                                                 +   12.00    0.9781
    13.00  +                                                 *                                                 +   13.00    0.9744
    14.00  +                                                 *                                                 +   14.00    0.9703
    15.00  +                                                 *                                                 +   15.00    0.9659
    16.00  +                                                 *                                                 +   16.00    0.9613
    17.00  +                                                 *                                                 +   17.00    0.9563
    18.00  +                                                 *                                                 +   18.00    0.9511
    19.00  +                                                 *                                                 +   19.00    0.9455
    20.00  +                                                 *                                                 +   20.00    0.9397
    21.00  +                                                 *                                                 +   21.00    0.9336
    22.00  +                                                 *                                                 +   22.00    0.9272
    23.00  +                                                 *                                                 +   23.00    0.9205
    24.00  +                                                 *                                                 +   24.00    0.9135
    25.00  +                                                 *                                                 +   25.00    0.9063
    26.00  +                                           *     +                                                 +   26.00    0.8988
    27.00  +                                                 *                                                 +   27.00    0.8910
    28.00  +                                                 *                                                 +   28.00    0.8829
    29.00  +                                                 *                                                 +   29.00    0.8746
    30.00  +                                                 *                                                 +   30.00    0.8660
    31.00  +                                                 *                                                 +   31.00    0.8572
    32.00  +                                                 *                                                 +   32.00    0.8480
    33.00  +                                                 *                                                 +   33.00    0.8387
    34.00  +                                                 *                                                 +   34.00    0.8290
    35.00  +                                                 *                                                 +   35.00    0.8192
    36.00  +                                                 *                                                 +   36.00    0.8090
    37.00  +                                                 *                                                 +   37.00    0.7986
    38.00  +                                            *    +                                                 +   38.00    0.7880
    39.00  +                                                 *                                                 +   39.00    0.7771
    40.00  +                                                 *                                                 +   40.00    0.7660
    41.00  +                                                 *                                                 +   41.00    0.7547
    42.00  +                                                 *                                                 +   42.00    0.7431
    43.00  +                                                 *                                                 +   43.00    0.7314
    44.00  +                                                 *                                                 +   44.00    0.7193
    45.00  +                                                 *                                                 +   45.00    0.7071
    46.00  +                                                 *                                                 +   46.00    0.6947
    47.00  +                                                 *                                                 +   47.00    0.6820
    48.00  +                                                 *                                                 +   48.00    0.6691
    49.00  +                                                *+                                                 +   49.00    0.6561
    50.00  +                                               * +                                                 +   50.00    0.6428
    51.00  +                                                 *                                                 +   51.00    0.6293
    52.00  +                                                 *                                                 +   52.00    0.6157
    53.00  +                                                 *                                                 +   53.00    0.6018
    54.00  +                                                 *                                                 +   54.00    0.5878
    55.00  +                                                 *                                                 +   55.00    0.5736
    56.00  +                                                 *                                                 +   56.00    0.5592
    57.00  +                                                 *                                                 +   57.00    0.5446
    58.00  +                                                 *                                                 +   58.00    0.5299
    59.00  +                                                 *                                                 +   59.00    0.5150
    60.00  |+++++++++++++++++++++++++++++++++++++++++++++++++*+++++++++++++++++++++++++++++++++++++++++++++++++|   60.00    0.5000
    THETA  -1                                                 0                                                 1  THETA cos(theta)
1DWUCK4-DISTORTED WAVES U.COLORADO- PC-VERSION  12/Jan /1995
 Elapsed time in seconds =   0.00
 Elapsed time in seconds =   0.00
0CONTROL INTEGERS
  1 2 3 4 5 6 7 8 9 A B C D E F G H I J K    RUN IDENTIFICATION                                             0/00/00   0.00.00
  1 0 1 1 0 0 0 0 3 0 0 0 0 0 0 0 0 0 0 0    10Be(d,p)11Be Ex=0.80 AK UNB LMAX15 RMAX20 V10              
 10Be(d,p)11Be Ex=0.80 AK UNB LMAX15 RMAX20 V10              
 Adwck4 entered
0ANGLE DATA          THETN=  61.0000   THET1=   0.0000   DTHET=   1.0000   A-ANG=   0.0000   B-ANG=   0.0000
0CARD SET 3 DATA     LMAX =  15          LTR=   1
                     NLTR =   1        2*JTR=   3
0CARD SET 4 DATA     DRF  =   0.1000   RZ   =   0.0000   RMAX = -20.0000   VCE  =   0.0000   FNRNG=   0.0000
                     AMASS=   0.8000
 PARTICLE DATA 
0PARTICLE 1*******************************************************************************************************************
 INPUT DATA          ELAB =  17.4000   RC0  =   1.3030   AC   =   0.0000   2*STR=   2.0000
                     MASSP=   2.0000   MASST=  10.0000   Q    =   0.0000
                     ZP   =   1.0000   ZT   =   4.0000   PNLOC=   2.0000
 
 DERIVED DATA        ECM  =  14.5000   RC   =   2.8072   RHO  =   3.0186
                     K    =   1.0753   ETA  =   0.2136   DR   =   0.0080
0POTENTIAL PARAMETERS
 NX=1 VOLUME  W-S    V RL = -88.7440   R0RL =   1.1480   A RL =   0.7460   R RL =   2.4733   VSOR =   0.0000
                     V IM =  -2.1860   R0IM =   1.3510   A IM =   0.6400   R IM =   2.9106   VSOI =   0.0000   POWR =   0.0000
 NX=2 SURFACE W-S    V RL =   0.0000   R0RL =   0.0000   A RL =   0.0000   R RL =   0.0000   VSOR =   0.0000
                     V IM =  27.3930   R0IM =   1.4050   A IM =   0.6650   R IM =   3.0270   VSOI =   0.0000   POWR =   0.0000
 NX=4 L*S VOLUME     V RL = -14.2280   R0RL =   0.9720   A RL =   1.0110   R RL =   2.0941   VSOR =   0.0000
                     V IM =   0.0000   R0IM =   0.0000   A IM =   0.0000   R IM =   0.0000   VSOI =   0.0000   POWR =   0.0000
0PARTICLE 2*******************************************************************************************************************
 INPUT DATA          ELAB =  13.0680   RC0  =   1.5780   AC   =   0.0000   2*STR=   1.0000
                     MASSP=   1.0000   MASST=  11.0000   Q    =  -2.5210
                     ZP   =   1.0000   ZT   =   4.0000   PNLOC=   1.0000
 
 DERIVED DATA        ECM  =  11.9790   RC   =   3.5094   RHO  =   2.5437
                     K    =   0.7248   ETA  =   0.1743   DR   =   0.0073
0POTENTIAL PARAMETERS
 NX=1 VOLUME  W-S    V RL = -56.2800   R0RL =   1.1220   A RL =   0.6760   R RL =   2.4953   VSOR =   0.0000
                     V IM =  -1.1170   R0IM =   1.1220   A IM =   0.6760   R IM =   2.4953   VSOI =   0.0000   POWR =   0.0000
 NX=2 SURFACE W-S    V RL =   0.0000   R0RL =   0.0000   A RL =   0.0000   R RL =   0.0000   VSOR =   0.0000
                     V IM =  20.7710   R0IM =   1.3070   A IM =   0.5240   R IM =   2.9067   VSOI =   0.0000   POWR =   0.0000
 NX=4 L*S VOLUME     V RL = -21.8760   R0RL =   0.8940   A RL =   0.5900   R RL =   1.9882   VSOR =   0.0000
                     V IM =   0.8640   R0IM =   0.8940   A IM =   0.5900   R IM =   1.9882   VSOI =   0.0000   POWR =   0.0000
110Be(d,p)11Be Ex=0.80 AK UNB LMAX15 RMAX20 V10                 0/ 0/ 0
0FORM FACTOR DATA 
0PARTICLE 3*******************************************************************************************************************
 INPUT DATA          ELAB =   0.2960   RC0  =   1.3000   AC   =   0.0000   2*STR=   1.0000
                     MASSP=   1.0000   MASST=  10.0000   Q    =   0.2960
                     ZP   =   0.0000   ZT   =   4.0000   PNLOC=   1.0000
 
 DERIVED DATA        ECM  =   0.2960   RC   =   2.8008   RHO  =   0.3178
                     K    =   0.1135   ETA  =   0.0000   DR   =   0.0080
0POTENTIAL PARAMETERS
 NX=1 VOLUME  W-S    V RL =   1.0000   R0RL =   1.2500   A RL =   0.6500   R RL =   2.6930   VSOR =  24.0000
                     V IM =   1.1000   R0IM =   0.6500   A IM =   0.0000   R IM =   1.4004   VSOI =   0.0000   POWR =   0.0000
 
                     NODES=   0.0000   L    =   1.0000   2*J  =   3.0000   2*S  =   1.0000   FISW =   2.0000
 
                     COSD =  1.0000E+00               SIND = -2.9611E-04
                     V    =  28.3480   DET  =   0.0000   NODES=   0.0000   RM   =   2.6930   E    =   0.2960   ITER.=   0
0Non-locality correction is applied, parameter =   2.000
0Non-locality correction is applied, parameter =   1.000
0*****  Warning *****  LMAX too large for reliable calculation of unbound stripping or coulomb excitation cases.  Increase RMAX 
0                    LMAX =  15        NSTEP= 200        NLTR =   1
 Bdwck4 entered
   Subroutine INTEG  entered
0REACSIG 1   1.11469E+01                                             REACSIG 2   1.38855E+00
   Subroutine RADINT entered
110Be(d,p)11Be Ex=0.80 AK UNB LMAX15 RMAX20 V10                 0/00/00
0BASIC DATA          DR   =   0.1000   RMIN =   0.0000   RMAX =  20.0000   COUEX=   0.0000     IS1=   1.0000
                     FNRNG=   0.0000   PNLC1=   2.0000   PNLC2=   1.0000   PNLC3=   1.0000     IS2=   0.5000
 ANG MOM TRANSFER    LTR  =   1.       2*JTR=   3.       2*STR=   1.       Q    =  -2.5210
   Subroutine INSIG  entered
0 Theta Inelsig,fm**2      Polz       Asy       Ayy       A22       A21       A20       T22       T21       T20  Theta
   0.00    1.4117E+35    0.0000    0.0000    0.0000    0.0000    0.0000    0.0006    0.0000    0.0000    0.0000   0.00
   1.00    1.6832E+35    0.0006    0.0012    0.0000   -0.0000    0.0000    0.0006    0.0000    0.0000    0.0000   1.00
   2.00    2.4405E+35    0.0007    0.0015    0.0000   -0.0000    0.0000    0.0006    0.0000    0.0000    0.0000   2.00
   3.00    3.5247E+35    0.0007    0.0013    0.0000   -0.0000    0.0000    0.0006    0.0000    0.0000    0.0000   3.00
   4.00    4.7084E+35    0.0006    0.0011    0.0000   -0.0000    0.0000    0.0006    0.0000    0.0000    0.0000   4.00
   5.00    5.7438E+35    0.0004    0.0009    0.0000   -0.0000    0.0000    0.0006    0.0000    0.0000    0.0000   5.00
   6.00    6.4138E+35    0.0003    0.0006    0.0000   -0.0000    0.0000    0.0006    0.0000    0.0000    0.0000   6.00
   7.00    6.5766E+35    0.0002    0.0004    0.0000   -0.0000    0.0000    0.0006    0.0000    0.0000    0.0000   7.00
   8.00    6.1928E+35    0.0001    0.0002    0.0000   -0.0000    0.0000    0.0006    0.0000    0.0000    0.0000   8.00
   9.00    5.3304E+35    0.0000    0.0000    0.0000   -0.0000    0.0000    0.0006    0.0000    0.0000    0.0000   9.00
  10.00    4.1478E+35   -0.0001   -0.0002    0.0000   -0.0000    0.0000    0.0006    0.0000    0.0000    0.0000  10.00
  11.00    2.8571E+35   -0.0002   -0.0004    0.0000   -0.0000    0.0000    0.0006    0.0000    0.0000    0.0000  11.00
  12.00    1.6784E+35   -0.0004   -0.0008    0.0000   -0.0000    0.0000    0.0006    0.0000    0.0000    0.0000  12.00
  13.00    7.9428E+34   -0.0006   -0.0013    0.0000   -0.0000   -0.0000    0.0006    0.0000    0.0000    0.0000  13.00
  14.00    3.1423E+34   -0.0007   -0.0013    0.0000   -0.0000   -0.0000    0.0006    0.0000    0.0000    0.0000  14.00
  15.00    2.5690E+34    0.0005    0.0009    0.0000   -0.0000    0.0000    0.0006    0.0000    0.0000    0.0000  15.00
  16.00    5.5278E+34    0.0007    0.0014    0.0000   -0.0000    0.0000    0.0006    0.0000    0.0000    0.0000  16.00
  17.00    1.0659E+35    0.0005    0.0011    0.0000   -0.0000    0.0000    0.0006    0.0000    0.0000    0.0000  17.00
  18.00    1.6289E+35    0.0004    0.0007    0.0000   -0.0000    0.0000    0.0006    0.0000    0.0000    0.0000  18.00
  19.00    2.0823E+35    0.0002    0.0005    0.0000   -0.0000    0.0000    0.0006    0.0000    0.0000    0.0000  19.00
  20.00    2.3098E+35    0.0001    0.0002    0.0000   -0.0000    0.0000    0.0006    0.0000    0.0000    0.0000  20.00
  21.00    2.2607E+35    0.0000    0.0000    0.0000   -0.0000    0.0000    0.0006    0.0000    0.0000    0.0000  21.00
  22.00    1.9568E+35   -0.0001   -0.0002    0.0000   -0.0000    0.0000    0.0006    0.0000    0.0000    0.0000  22.00
  23.00    1.4805E+35   -0.0002   -0.0004    0.0000   -0.0000    0.0000    0.0006    0.0000    0.0000    0.0000  23.00
  24.00    9.5115E+34   -0.0004   -0.0008    0.0000   -0.0000   -0.0000    0.0006    0.0000    0.0000    0.0000  24.00
  25.00    4.9284E+34   -0.0006   -0.0012    0.0000   -0.0000   -0.0000    0.0006    0.0000    0.0000    0.0000  25.00
  26.00    2.0435E+34   -0.0007   -0.0014    0.0000   -0.0000    0.0000    0.0006    0.0000    0.0000    0.0000  26.00
  27.00    1.3646E+34    0.0003    0.0006    0.0000   -0.0000    0.0000    0.0006    0.0000    0.0000    0.0000  27.00
  28.00    2.8253E+34    0.0007    0.0015    0.0000   -0.0000    0.0000    0.0006    0.0000    0.0000    0.0000  28.00
  29.00    5.8369E+34    0.0005    0.0011    0.0000   -0.0000    0.0000    0.0006    0.0000    0.0000    0.0000  29.00
  30.00    9.4648E+34    0.0004    0.0007    0.0000   -0.0000    0.0000    0.0006    0.0000    0.0000    0.0000  30.00
  31.00    1.2681E+35    0.0002    0.0005    0.0000   -0.0000    0.0000    0.0006    0.0000    0.0000    0.0000  31.00
  32.00    1.4624E+35    0.0001    0.0002    0.0000   -0.0000    0.0000    0.0006    0.0000    0.0000    0.0000  32.00
  33.00    1.4807E+35    0.0000    0.0000    0.0000   -0.0000    0.0000    0.0006    0.0000    0.0000    0.0000  33.00
  34.00    1.3219E+35   -0.0001   -0.0002    0.0000   -0.0000    0.0000    0.0006    0.0000    0.0000    0.0000  34.00
  35.00    1.0303E+35   -0.0002   -0.0004    0.0000   -0.0000   -0.0000    0.0006    0.0000    0.0000    0.0000  35.00
  36.00    6.8237E+34   -0.0004   -0.0008    0.0000   -0.0000   -0.0000    0.0006    0.0000    0.0000    0.0000  36.00
  37.00    3.6537E+34   -0.0006   -0.0012    0.0000   -0.0000   -0.0000    0.0006    0.0000    0.0000    0.0000  37.00
  38.00    1.5506E+34   -0.0007   -0.0014    0.0000   -0.0000    0.0000    0.0006    0.0000    0.0000    0.0000  38.00
  39.00    9.6708E+33    0.0002    0.0004    0.0000   -0.0000    0.0000    0.0006    0.0000    0.0000    0.0000  39.00
  40.00    1.9487E+34    0.0007    0.0015    0.0000   -0.0000    0.0000    0.0006    0.0000    0.0000    0.0000  40.00
  41.00    4.1387E+34    0.0006    0.0011    0.0000   -0.0000    0.0000    0.0006    0.0000    0.0000    0.0000  41.00
  42.00    6.8854E+34    0.0004    0.0007    0.0000   -0.0000    0.0000    0.0006    0.0000    0.0000    0.0000  42.00
  43.00    9.4208E+34    0.0002    0.0005    0.0000   -0.0000    0.0000    0.0006    0.0000    0.0000    0.0000  43.00
  44.00    1.1062E+35    0.0001    0.0002    0.0000   -0.0000    0.0000    0.0006    0.0000    0.0000    0.0000  44.00
  45.00    1.1384E+35    0.0000    0.0000    0.0000   -0.0000    0.0000    0.0006    0.0000    0.0000    0.0000  45.00
  46.00    1.0321E+35   -0.0001   -0.0002    0.0000   -0.0000    0.0000    0.0006    0.0000    0.0000    0.0000  46.00
  47.00    8.1675E+34   -0.0002   -0.0004    0.0000   -0.0000   -0.0000    0.0006    0.0000    0.0000    0.0000  47.00
  48.00    5.4957E+34   -0.0004   -0.0008    0.0000   -0.0000   -0.0000    0.0006    0.0000    0.0000    0.0000  48.00
  49.00    2.9944E+34   -0.0006   -0.0012    0.0000   -0.0000    0.0000    0.0006    0.0000    0.0000    0.0000  49.00
  50.00    1.2882E+34   -0.0007   -0.0014    0.0000   -0.0000    0.0000    0.0006    0.0000    0.0000    0.0000  50.00
  51.00    7.7759E+33    0.0002    0.0004    0.0000   -0.0000    0.0000    0.0006    0.0000    0.0000    0.0000  51.00
  52.00    1.5408E+34    0.0008    0.0015    0.0000   -0.0000    0.0000    0.0006    0.0000    0.0000    0.0000  52.00
  53.00    3.3228E+34    0.0006    0.0011    0.0000   -0.0000    0.0000    0.0006    0.0000    0.0000    0.0000  53.00
  54.00    5.6100E+34    0.0004    0.0008    0.0000   -0.0000    0.0000    0.0006    0.0000    0.0000    0.0000  54.00
  55.00    7.7711E+34    0.0002    0.0005    0.0000   -0.0000    0.0000    0.0006    0.0000    0.0000    0.0000  55.00
  56.00    9.2245E+34    0.0001    0.0002    0.0000   -0.0000    0.0000    0.0006    0.0000    0.0000    0.0000  56.00
  57.00    9.5883E+34    0.0000    0.0000    0.0000   -0.0000    0.0000    0.0006    0.0000    0.0000    0.0000  57.00
  58.00    8.7760E+34   -0.0001   -0.0002    0.0000   -0.0000   -0.0000    0.0006    0.0000    0.0000    0.0000  58.00
  59.00    7.0119E+34   -0.0002   -0.0004    0.0000   -0.0000    0.0000    0.0006    0.0000    0.0000    0.0000  59.00
  60.00    4.7661E+34   -0.0004   -0.0007    0.0000   -0.0000    0.0000    0.0006    0.0000    0.0000    0.0000  60.00
0Tot-sig   8.5070E+35
1Inelastic  10Be(d,p)11Be Ex=0.80 AK UNB LMAX15 RMAX20 V10                 0/00/00
    THETA  33                               34                               35                               36   THETA cos(theta)
     0.00  |++++++++++++++++++++++++++++++++|++++++++++++++++++++++++++++++++|++++*+++++++++++++++++++++++++++|+    0.00    1.0000
     1.00  +                                                                        *                          +    1.00    0.9998
     2.00  +                                                                              *                    +    2.00    0.9994
     3.00  +                                                                                   *               +    3.00    0.9986
     4.00  +                                                                                       *           +    4.00    0.9976
     5.00  +                                                                                          *        +    5.00    0.9962
     6.00  +                                                                                            *      +    6.00    0.9945
     7.00  +                                                                                            *      +    7.00    0.9925
     8.00  +                                                                                           *       +    8.00    0.9903
     9.00  +                                                                                         *         +    9.00    0.9877
    10.00  +                                                                                     *             +   10.00    0.9848
    11.00  +                                                                                *                  +   11.00    0.9816
    12.00  +                                                                        *                          +   12.00    0.9781
    13.00  +                                                              *                                    +   13.00    0.9744
    14.00  +                                                *                                                  +   14.00    0.9703
    15.00  +                                              *                                                    +   15.00    0.9659
    16.00  +                                                         *                                         +   16.00    0.9613
    17.00  +                                                                  *                                +   17.00    0.9563
    18.00  +                                                                        *                          +   18.00    0.9511
    19.00  +                                                                            *                      +   19.00    0.9455
    20.00  +                                                                             *                     +   20.00    0.9397
    21.00  +                                                                             *                     +   21.00    0.9336
    22.00  +                                                                           *                       +   22.00    0.9272
    23.00  +                                                                       *                           +   23.00    0.9205
    24.00  +                                                                *                                  +   24.00    0.9135
    25.00  +                                                       *                                           +   25.00    0.9063
    26.00  +                                          *                                                        +   26.00    0.8988
    27.00  +                                    *                                                              +   27.00    0.8910
    28.00  +                                               *                                                   +   28.00    0.8829
    29.00  +                                                         *                                         +   29.00    0.8746
    30.00  +                                                                *                                  +   30.00    0.8660
    31.00  +                                                                    *                              +   31.00    0.8572
    32.00  +                                                                      *                            +   32.00    0.8480
    33.00  +                                                                       *                           +   33.00    0.8387
    34.00  +                                                                     *                             +   34.00    0.8290
    35.00  +                                                                 *                                 +   35.00    0.8192
    36.00  +                                                            *                                      +   36.00    0.8090
    37.00  +                                                   *                                               +   37.00    0.7986
    38.00  +                                      *                                                            +   38.00    0.7880
    39.00  +                                *                                                                  +   39.00    0.7771
    40.00  +                                          *                                                        +   40.00    0.7660
    41.00  +                                                    *                                              +   41.00    0.7547
    42.00  +                                                            *                                      +   42.00    0.7431
    43.00  +                                                                *                                  +   43.00    0.7314
    44.00  +                                                                  *                                +   44.00    0.7193
    45.00  +                                                                   *                               +   45.00    0.7071
    46.00  +                                                                 *                                 +   46.00    0.6947
    47.00  +                                                              *                                    +   47.00    0.6820
    48.00  +                                                        *                                          +   48.00    0.6691
    49.00  +                                                *                                                  +   49.00    0.6561
    50.00  +                                    *                                                              +   50.00    0.6428
    51.00  +                            *                                                                      +   51.00    0.6293
    52.00  +                                      *                                                            +   52.00    0.6157
    53.00  +                                                 *                                                 +   53.00    0.6018
    54.00  +                                                         *                                         +   54.00    0.5878
    55.00  +                                                             *                                     +   55.00    0.5736
    56.00  +                                                                *                                  +   56.00    0.5592
    57.00  +                                                                *                                  +   57.00    0.5446
    58.00  +                                                               *                                   +   58.00    0.5299
    59.00  +                                                            *                                      +   59.00    0.5150
    60.00  |++++++++++++++++++++++++++++++++|+++++++++++++++++++++*++++++++++|++++++++++++++++++++++++++++++++|+   60.00    0.5000
    THETA  33                               34                               35                               36   THETA cos(theta)
1DWUCK4-DISTORTED WAVES U.COLORADO- PC-VERSION  12/Jan /1995
 Elapsed time in seconds =   0.00
 Elapsed time in seconds =   0.00
0CONTROL INTEGERS
  1 2 3 4 5 6 7 8 9 A B C D E F G H I J K    RUN IDENTIFICATION                                             0/00/00   0.00.00
  1 0 1 1 0 0 0 0 3 0 0 0 0 0 0 0 0 0 0 0    10Be(d,p)11Be Ex=1.00 AK UNB LMAX15 RMAX20 V10              
 10Be(d,p)11Be Ex=1.00 AK UNB LMAX15 RMAX20 V10              
 Adwck4 entered
0ANGLE DATA          THETN=  61.0000   THET1=   0.0000   DTHET=   1.0000   A-ANG=   0.0000   B-ANG=   0.0000
0CARD SET 3 DATA     LMAX =  15          LTR=   1
                     NLTR =   1        2*JTR=   3
0CARD SET 4 DATA     DRF  =   0.1000   RZ   =   0.0000   RMAX = -20.0000   VCE  =   0.0000   FNRNG=   0.0000
                     AMASS=   0.8000
 PARTICLE DATA 
0PARTICLE 1*******************************************************************************************************************
 INPUT DATA          ELAB =  17.4000   RC0  =   1.3030   AC   =   0.0000   2*STR=   2.0000
                     MASSP=   2.0000   MASST=  10.0000   Q    =   0.0000
                     ZP   =   1.0000   ZT   =   4.0000   PNLOC=   2.0000
 
 DERIVED DATA        ECM  =  14.5000   RC   =   2.8072   RHO  =   3.0186
                     K    =   1.0753   ETA  =   0.2136   DR   =   0.0080
0POTENTIAL PARAMETERS
 NX=1 VOLUME  W-S    V RL = -88.7440   R0RL =   1.1480   A RL =   0.7460   R RL =   2.4733   VSOR =   0.0000
                     V IM =  -2.1860   R0IM =   1.3510   A IM =   0.6400   R IM =   2.9106   VSOI =   0.0000   POWR =   0.0000
 NX=2 SURFACE W-S    V RL =   0.0000   R0RL =   0.0000   A RL =   0.0000   R RL =   0.0000   VSOR =   0.0000
                     V IM =  27.3930   R0IM =   1.4050   A IM =   0.6650   R IM =   3.0270   VSOI =   0.0000   POWR =   0.0000
 NX=4 L*S VOLUME     V RL = -14.2280   R0RL =   0.9720   A RL =   1.0110   R RL =   2.0941   VSOR =   0.0000
                     V IM =   0.0000   R0IM =   0.0000   A IM =   0.0000   R IM =   0.0000   VSOI =   0.0000   POWR =   0.0000
0PARTICLE 2*******************************************************************************************************************
 INPUT DATA          ELAB =  12.8498   RC0  =   1.5780   AC   =   0.0000   2*STR=   1.0000
                     MASSP=   1.0000   MASST=  11.0000   Q    =  -2.7210
                     ZP   =   1.0000   ZT   =   4.0000   PNLOC=   1.0000
 
 DERIVED DATA        ECM  =  11.7790   RC   =   3.5094   RHO  =   2.5224
                     K    =   0.7188   ETA  =   0.1757   DR   =   0.0073
0POTENTIAL PARAMETERS
 NX=1 VOLUME  W-S    V RL = -56.2800   R0RL =   1.1220   A RL =   0.6760   R RL =   2.4953   VSOR =   0.0000
                     V IM =  -1.1170   R0IM =   1.1220   A IM =   0.6760   R IM =   2.4953   VSOI =   0.0000   POWR =   0.0000
 NX=2 SURFACE W-S    V RL =   0.0000   R0RL =   0.0000   A RL =   0.0000   R RL =   0.0000   VSOR =   0.0000
                     V IM =  20.7710   R0IM =   1.3070   A IM =   0.5240   R IM =   2.9067   VSOI =   0.0000   POWR =   0.0000
 NX=4 L*S VOLUME     V RL = -21.8760   R0RL =   0.8940   A RL =   0.5900   R RL =   1.9882   VSOR =   0.0000
                     V IM =   0.8640   R0IM =   0.8940   A IM =   0.5900   R IM =   1.9882   VSOI =   0.0000   POWR =   0.0000
110Be(d,p)11Be Ex=1.00 AK UNB LMAX15 RMAX20 V10                 0/ 0/ 0
0FORM FACTOR DATA 
0PARTICLE 3*******************************************************************************************************************
 INPUT DATA          ELAB =   0.4960   RC0  =   1.3000   AC   =   0.0000   2*STR=   1.0000
                     MASSP=   1.0000   MASST=  10.0000   Q    =   0.4960
                     ZP   =   0.0000   ZT   =   4.0000   PNLOC=   1.0000
 
 DERIVED DATA        ECM  =   0.4960   RC   =   2.8008   RHO  =   0.4114
                     K    =   0.1469   ETA  =   0.0000   DR   =   0.0080
0POTENTIAL PARAMETERS
 NX=1 VOLUME  W-S    V RL =   1.0000   R0RL =   1.2500   A RL =   0.6500   R RL =   2.6930   VSOR =  24.0000
                     V IM =   1.1000   R0IM =   0.6500   A IM =   0.0000   R IM =   1.4004   VSOI =   0.0000   POWR =   0.0000
 
                     NODES=   0.0000   L    =   1.0000   2*J  =   3.0000   2*S  =   1.0000   FISW =   2.0000
 
                     COSD =  1.0000E+00               SIND = -6.3926E-04
                     V    =  28.3480   DET  =   0.0000   NODES=   0.0000   RM   =   2.6930   E    =   0.4960   ITER.=   0
0Non-locality correction is applied, parameter =   2.000
0Non-locality correction is applied, parameter =   1.000
0*****  Warning *****  LMAX too large for reliable calculation of unbound stripping or coulomb excitation cases.  Increase RMAX 
0                    LMAX =  15        NSTEP= 200        NLTR =   1
 Bdwck4 entered
   Subroutine INTEG  entered
0REACSIG 1   1.11469E+01                                             REACSIG 2   1.38676E+00
   Subroutine RADINT entered
110Be(d,p)11Be Ex=1.00 AK UNB LMAX15 RMAX20 V10                 0/00/00
0BASIC DATA          DR   =   0.1000   RMIN =   0.0000   RMAX =  20.0000   COUEX=   0.0000     IS1=   1.0000
                     FNRNG=   0.0000   PNLC1=   2.0000   PNLC2=   1.0000   PNLC3=   1.0000     IS2=   0.5000
 ANG MOM TRANSFER    LTR  =   1.       2*JTR=   3.       2*STR=   1.       Q    =  -2.7210
   Subroutine INSIG  entered
0 Theta Inelsig,fm**2      Polz       Asy       Ayy       A22       A21       A20       T22       T21       T20  Theta
   0.00    7.1601E+35    0.0000    0.0000    0.0000    0.0000    0.0000    0.0006    0.0000    0.0000    0.0000   0.00
   1.00    8.4962E+35    0.0005    0.0011    0.0000   -0.0000    0.0000    0.0006    0.0000    0.0000    0.0000   1.00
   2.00    1.2223E+36    0.0007    0.0014    0.0000   -0.0000    0.0000    0.0006    0.0000    0.0000    0.0000   2.00
   3.00    1.7559E+36    0.0006    0.0013    0.0000   -0.0000    0.0000    0.0006    0.0000    0.0000    0.0000   3.00
   4.00    2.3381E+36    0.0005    0.0011    0.0000   -0.0000    0.0000    0.0006    0.0000    0.0000    0.0000   4.00
   5.00    2.8470E+36    0.0004    0.0008    0.0000   -0.0000    0.0000    0.0006    0.0000    0.0000    0.0000   5.00
   6.00    3.1756E+36    0.0003    0.0006    0.0000   -0.0000    0.0000    0.0006    0.0000    0.0000    0.0000   6.00
   7.00    3.2541E+36    0.0002    0.0004    0.0000   -0.0000    0.0000    0.0006    0.0000    0.0000    0.0000   7.00
   8.00    3.0631E+36    0.0001    0.0002    0.0000   -0.0000    0.0000    0.0006    0.0000    0.0000    0.0000   8.00
   9.00    2.6363E+36    0.0000    0.0000    0.0000   -0.0000    0.0000    0.0006    0.0000    0.0000    0.0000   9.00
  10.00    2.0518E+36   -0.0001   -0.0002    0.0000   -0.0000    0.0000    0.0006    0.0000    0.0000    0.0000  10.00
  11.00    1.4142E+36   -0.0002   -0.0004    0.0000   -0.0000    0.0000    0.0006    0.0000    0.0000    0.0000  11.00
  12.00    8.3214E+35   -0.0004   -0.0008    0.0000   -0.0000    0.0000    0.0006    0.0000    0.0000    0.0000  12.00
  13.00    3.9553E+35   -0.0006   -0.0012    0.0000   -0.0000   -0.0000    0.0006    0.0000    0.0000    0.0000  13.00
  14.00    1.5838E+35   -0.0006   -0.0012    0.0000   -0.0000   -0.0000    0.0006    0.0000    0.0000    0.0000  14.00
  15.00    1.2985E+35    0.0004    0.0009    0.0000   -0.0000    0.0000    0.0006    0.0000    0.0000    0.0000  15.00
  16.00    2.7565E+35    0.0007    0.0014    0.0000   -0.0000    0.0000    0.0006    0.0000    0.0000    0.0000  16.00
  17.00    5.2869E+35    0.0005    0.0010    0.0000   -0.0000    0.0000    0.0006    0.0000    0.0000    0.0000  17.00
  18.00    8.0636E+35    0.0003    0.0007    0.0000   -0.0000    0.0000    0.0006    0.0000    0.0000    0.0000  18.00
  19.00    1.0300E+36    0.0002    0.0004    0.0000   -0.0000    0.0000    0.0006    0.0000    0.0000    0.0000  19.00
  20.00    1.1422E+36    0.0001    0.0002    0.0000   -0.0000    0.0000    0.0006    0.0000    0.0000    0.0000  20.00
  21.00    1.1180E+36    0.0000    0.0000    0.0000   -0.0000    0.0000    0.0006    0.0000    0.0000    0.0000  21.00
  22.00    9.6798E+35   -0.0001   -0.0002    0.0000   -0.0000    0.0000    0.0006    0.0000    0.0000    0.0000  22.00
  23.00    7.3295E+35   -0.0002   -0.0004    0.0000   -0.0000    0.0000    0.0006    0.0000    0.0000    0.0000  23.00
  24.00    4.7164E+35   -0.0004   -0.0007    0.0000   -0.0000   -0.0000    0.0006    0.0000    0.0000    0.0000  24.00
  25.00    2.4536E+35   -0.0006   -0.0011    0.0000   -0.0000   -0.0000    0.0006    0.0000    0.0000    0.0000  25.00
  26.00    1.0281E+35   -0.0007   -0.0013    0.0000   -0.0000    0.0000    0.0006    0.0000    0.0000    0.0000  26.00
  27.00    6.9081E+34    0.0003    0.0006    0.0000   -0.0000    0.0000    0.0006    0.0000    0.0000    0.0000  27.00
  28.00    1.4093E+35    0.0007    0.0014    0.0000   -0.0000    0.0000    0.0006    0.0000    0.0000    0.0000  28.00
  29.00    2.8936E+35    0.0005    0.0011    0.0000   -0.0000    0.0000    0.0006    0.0000    0.0000    0.0000  29.00
  30.00    4.6827E+35    0.0004    0.0007    0.0000   -0.0000    0.0000    0.0006    0.0000    0.0000    0.0000  30.00
  31.00    6.2693E+35    0.0002    0.0004    0.0000   -0.0000    0.0000    0.0006    0.0000    0.0000    0.0000  31.00
  32.00    7.2287E+35    0.0001    0.0002    0.0000   -0.0000    0.0000    0.0006    0.0000    0.0000    0.0000  32.00
  33.00    7.3202E+35    0.0000    0.0000    0.0000   -0.0000    0.0000    0.0006    0.0000    0.0000    0.0000  33.00
  34.00    6.5381E+35   -0.0001   -0.0002    0.0000   -0.0000    0.0000    0.0006    0.0000    0.0000    0.0000  34.00
  35.00    5.1006E+35   -0.0002   -0.0004    0.0000   -0.0000   -0.0000    0.0006    0.0000    0.0000    0.0000  35.00
  36.00    3.3839E+35   -0.0004   -0.0007    0.0000   -0.0000   -0.0000    0.0006    0.0000    0.0000    0.0000  36.00
  37.00    1.8191E+35   -0.0006   -0.0011    0.0000   -0.0000   -0.0000    0.0006    0.0000    0.0000    0.0000  37.00
  38.00    7.7976E+34   -0.0007   -0.0013    0.0000   -0.0000    0.0000    0.0006    0.0000    0.0000    0.0000  38.00
  39.00    4.8968E+34    0.0002    0.0005    0.0000   -0.0000    0.0000    0.0006    0.0000    0.0000    0.0000  39.00
  40.00    9.7169E+34    0.0007    0.0015    0.0000   -0.0000    0.0000    0.0006    0.0000    0.0000    0.0000  40.00
  41.00    2.0503E+35    0.0005    0.0011    0.0000   -0.0000    0.0000    0.0006    0.0000    0.0000    0.0000  41.00
  42.00    3.4044E+35    0.0004    0.0007    0.0000   -0.0000    0.0000    0.0006    0.0000    0.0000    0.0000  42.00
  43.00    4.6552E+35    0.0002    0.0005    0.0000   -0.0000    0.0000    0.0006    0.0000    0.0000    0.0000  43.00
  44.00    5.4659E+35    0.0001    0.0002    0.0000   -0.0000    0.0000    0.0006    0.0000    0.0000    0.0000  44.00
  45.00    5.6265E+35    0.0000    0.0000    0.0000   -0.0000    0.0000    0.0006    0.0000    0.0000    0.0000  45.00
  46.00    5.1035E+35   -0.0001   -0.0002    0.0000   -0.0000    0.0000    0.0006    0.0000    0.0000    0.0000  46.00
  47.00    4.0427E+35   -0.0002   -0.0004    0.0000   -0.0000   -0.0000    0.0006    0.0000    0.0000    0.0000  47.00
  48.00    2.7252E+35   -0.0004   -0.0007    0.0000   -0.0000   -0.0000    0.0006    0.0000    0.0000    0.0000  48.00
  49.00    1.4908E+35   -0.0005   -0.0011    0.0000   -0.0000    0.0000    0.0006    0.0000    0.0000    0.0000  49.00
  50.00    6.4770E+34   -0.0007   -0.0013    0.0000   -0.0000    0.0000    0.0006    0.0000    0.0000    0.0000  50.00
  51.00    3.9367E+34    0.0002    0.0004    0.0000   -0.0000    0.0000    0.0006    0.0000    0.0000    0.0000  51.00
  52.00    7.6783E+34    0.0007    0.0015    0.0000   -0.0000    0.0000    0.0006    0.0000    0.0000    0.0000  52.00
  53.00    1.6448E+35    0.0006    0.0011    0.0000   -0.0000    0.0000    0.0006    0.0000    0.0000    0.0000  53.00
  54.00    2.7719E+35    0.0004    0.0007    0.0000   -0.0000    0.0000    0.0006    0.0000    0.0000    0.0000  54.00
  55.00    3.8378E+35    0.0002    0.0005    0.0000   -0.0000    0.0000    0.0006    0.0000    0.0000    0.0000  55.00
  56.00    4.5557E+35    0.0001    0.0002    0.0000   -0.0000    0.0000    0.0006    0.0000    0.0000    0.0000  56.00
  57.00    4.7369E+35    0.0000    0.0000    0.0000   -0.0000    0.0000    0.0006    0.0000    0.0000    0.0000  57.00
  58.00    4.3382E+35   -0.0001   -0.0002    0.0000   -0.0000   -0.0000    0.0006    0.0000    0.0000    0.0000  58.00
  59.00    3.4698E+35   -0.0002   -0.0004    0.0000   -0.0000    0.0000    0.0006    0.0000    0.0000    0.0000  59.00
  60.00    2.3629E+35   -0.0004   -0.0007    0.0000   -0.0000    0.0000    0.0006    0.0000    0.0000    0.0000  60.00
0Tot-sig   4.2043E+36
1Inelastic  10Be(d,p)11Be Ex=1.00 AK UNB LMAX15 RMAX20 V10                 0/00/00
    THETA  34                               35                               36                               37   THETA cos(theta)
     0.00  |++++++++++++++++++++++++++++++++|+++++++++++++++++++++++++++*++++|++++++++++++++++++++++++++++++++|+    0.00    1.0000
     1.00  +                                                               *                                   +    1.00    0.9998
     2.00  +                                                                    *                              +    2.00    0.9994
     3.00  +                                                                         *                         +    3.00    0.9986
     4.00  +                                                                             *                     +    4.00    0.9976
     5.00  +                                                                                *                  +    5.00    0.9962
     6.00  +                                                                                  *                +    6.00    0.9945
     7.00  +                                                                                  *                +    7.00    0.9925
     8.00  +                                                                                 *                 +    8.00    0.9903
     9.00  +                                                                               *                   +    9.00    0.9877
    10.00  +                                                                           *                       +   10.00    0.9848
    11.00  +                                                                      *                            +   11.00    0.9816
    12.00  +                                                              *                                    +   12.00    0.9781
    13.00  +                                                    *                                              +   13.00    0.9744
    14.00  +                                       *                                                           +   14.00    0.9703
    15.00  +                                    *                                                              +   15.00    0.9659
    16.00  +                                               *                                                   +   16.00    0.9613
    17.00  +                                                        *                                          +   17.00    0.9563
    18.00  +                                                              *                                    +   18.00    0.9511
    19.00  +                                                                 *                                 +   19.00    0.9455
    20.00  +                                                                   *                               +   20.00    0.9397
    21.00  +                                                                   *                               +   21.00    0.9336
    22.00  +                                                                 *                                 +   22.00    0.9272
    23.00  +                                                             *                                     +   23.00    0.9205
    24.00  +                                                      *                                            +   24.00    0.9135
    25.00  +                                             *                                                     +   25.00    0.9063
    26.00  +                                *                                                                  +   26.00    0.8988
    27.00  +                           *                                                                       +   27.00    0.8910
    28.00  +                                     *                                                             +   28.00    0.8829
    29.00  +                                               *                                                   +   29.00    0.8746
    30.00  +                                                      *                                            +   30.00    0.8660
    31.00  +                                                          *                                        +   31.00    0.8572
    32.00  +                                                            *                                      +   32.00    0.8480
    33.00  +                                                             *                                     +   33.00    0.8387
    34.00  +                                                           *                                       +   34.00    0.8290
    35.00  +                                                       *                                           +   35.00    0.8192
    36.00  +                                                 *                                                 +   36.00    0.8090
    37.00  +                                         *                                                         +   37.00    0.7986
    38.00  +                            *                                                                      +   38.00    0.7880
    39.00  +                      *                                                                            +   39.00    0.7771
    40.00  +                                *                                                                  +   40.00    0.7660
    41.00  +                                          *                                                        +   41.00    0.7547
    42.00  +                                                  *                                                +   42.00    0.7431
    43.00  +                                                      *                                            +   43.00    0.7314
    44.00  +                                                        *                                          +   44.00    0.7193
    45.00  +                                                         *                                         +   45.00    0.7071
    46.00  +                                                       *                                           +   46.00    0.6947
    47.00  +                                                    *                                              +   47.00    0.6820
    48.00  +                                              *                                                    +   48.00    0.6691
    49.00  +                                      *                                                            +   49.00    0.6561
    50.00  +                          *                                                                        +   50.00    0.6428
    51.00  +                   *                                                                               +   51.00    0.6293
    52.00  +                            *                                                                      +   52.00    0.6157
    53.00  +                                       *                                                           +   53.00    0.6018
    54.00  +                                               *                                                   +   54.00    0.5878
    55.00  +                                                   *                                               +   55.00    0.5736
    56.00  +                                                      *                                            +   56.00    0.5592
    57.00  +                                                      *                                            +   57.00    0.5446
    58.00  +                                                     *                                             +   58.00    0.5299
    59.00  +                                                  *                                                +   59.00    0.5150
    60.00  |++++++++++++++++++++++++++++++++|+++++++++++*++++++++++++++++++++|++++++++++++++++++++++++++++++++|+   60.00    0.5000
    THETA  34                               35                               36                               37   THETA cos(theta)
1DWUCK4-DISTORTED WAVES U.COLORADO- PC-VERSION  12/Jan /1995
 Elapsed time in seconds =   0.00
 Elapsed time in seconds =   0.00
0CONTROL INTEGERS
  1 2 3 4 5 6 7 8 9 A B C D E F G H I J K    RUN IDENTIFICATION                                             0/00/00   0.00.00
  1 0 1 1 0 0 0 0 3 0 0 0 0 0 0 0 0 0 0 0    10Be(d,p)11Be Ex=1.20 AK UNB LMAX15 RMAX20 V10              
 10Be(d,p)11Be Ex=1.20 AK UNB LMAX15 RMAX20 V10              
 Adwck4 entered
0ANGLE DATA          THETN=  61.0000   THET1=   0.0000   DTHET=   1.0000   A-ANG=   0.0000   B-ANG=   0.0000
0CARD SET 3 DATA     LMAX =  15          LTR=   1
                     NLTR =   1        2*JTR=   3
0CARD SET 4 DATA     DRF  =   0.1000   RZ   =   0.0000   RMAX = -20.0000   VCE  =   0.0000   FNRNG=   0.0000
                     AMASS=   0.8000
 PARTICLE DATA 
0PARTICLE 1*******************************************************************************************************************
 INPUT DATA          ELAB =  17.4000   RC0  =   1.3030   AC   =   0.0000   2*STR=   2.0000
                     MASSP=   2.0000   MASST=  10.0000   Q    =   0.0000
                     ZP   =   1.0000   ZT   =   4.0000   PNLOC=   2.0000
 
 DERIVED DATA        ECM  =  14.5000   RC   =   2.8072   RHO  =   3.0186
                     K    =   1.0753   ETA  =   0.2136   DR   =   0.0080
0POTENTIAL PARAMETERS
 NX=1 VOLUME  W-S    V RL = -88.7440   R0RL =   1.1480   A RL =   0.7460   R RL =   2.4733   VSOR =   0.0000
                     V IM =  -2.1860   R0IM =   1.3510   A IM =   0.6400   R IM =   2.9106   VSOI =   0.0000   POWR =   0.0000
 NX=2 SURFACE W-S    V RL =   0.0000   R0RL =   0.0000   A RL =   0.0000   R RL =   0.0000   VSOR =   0.0000
                     V IM =  27.3930   R0IM =   1.4050   A IM =   0.6650   R IM =   3.0270   VSOI =   0.0000   POWR =   0.0000
 NX=4 L*S VOLUME     V RL = -14.2280   R0RL =   0.9720   A RL =   1.0110   R RL =   2.0941   VSOR =   0.0000
                     V IM =   0.0000   R0IM =   0.0000   A IM =   0.0000   R IM =   0.0000   VSOI =   0.0000   POWR =   0.0000
0PARTICLE 2*******************************************************************************************************************
 INPUT DATA          ELAB =  12.6316   RC0  =   1.5780   AC   =   0.0000   2*STR=   1.0000
                     MASSP=   1.0000   MASST=  11.0000   Q    =  -2.9210
                     ZP   =   1.0000   ZT   =   4.0000   PNLOC=   1.0000
 
 DERIVED DATA        ECM  =  11.5790   RC   =   3.5094   RHO  =   2.5009
                     K    =   0.7126   ETA  =   0.1772   DR   =   0.0073
0POTENTIAL PARAMETERS
 NX=1 VOLUME  W-S    V RL = -56.2800   R0RL =   1.1220   A RL =   0.6760   R RL =   2.4953   VSOR =   0.0000
                     V IM =  -1.1170   R0IM =   1.1220   A IM =   0.6760   R IM =   2.4953   VSOI =   0.0000   POWR =   0.0000
 NX=2 SURFACE W-S    V RL =   0.0000   R0RL =   0.0000   A RL =   0.0000   R RL =   0.0000   VSOR =   0.0000
                     V IM =  20.7710   R0IM =   1.3070   A IM =   0.5240   R IM =   2.9067   VSOI =   0.0000   POWR =   0.0000
 NX=4 L*S VOLUME     V RL = -21.8760   R0RL =   0.8940   A RL =   0.5900   R RL =   1.9882   VSOR =   0.0000
                     V IM =   0.8640   R0IM =   0.8940   A IM =   0.5900   R IM =   1.9882   VSOI =   0.0000   POWR =   0.0000
110Be(d,p)11Be Ex=1.20 AK UNB LMAX15 RMAX20 V10                 0/ 0/ 0
0FORM FACTOR DATA 
0PARTICLE 3*******************************************************************************************************************
 INPUT DATA          ELAB =   0.6960   RC0  =   1.3000   AC   =   0.0000   2*STR=   1.0000
                     MASSP=   1.0000   MASST=  10.0000   Q    =   0.6960
                     ZP   =   0.0000   ZT   =   4.0000   PNLOC=   1.0000
 
 DERIVED DATA        ECM  =   0.6960   RC   =   2.8008   RHO  =   0.4873
                     K    =   0.1740   ETA  =   0.0000   DR   =   0.0080
0POTENTIAL PARAMETERS
 NX=1 VOLUME  W-S    V RL =   1.0000   R0RL =   1.2500   A RL =   0.6500   R RL =   2.6930   VSOR =  24.0000
                     V IM =   1.1000   R0IM =   0.6500   A IM =   0.0000   R IM =   1.4004   VSOI =   0.0000   POWR =   0.0000
 
                     NODES=   0.0000   L    =   1.0000   2*J  =   3.0000   2*S  =   1.0000   FISW =   2.0000
 
                     COSD =  1.0000E+00               SIND = -1.0576E-03
                     V    =  28.3480   DET  =   0.0000   NODES=   0.0000   RM   =   2.6930   E    =   0.6960   ITER.=   0
0Non-locality correction is applied, parameter =   2.000
0Non-locality correction is applied, parameter =   1.000
0*****  Warning *****  LMAX too large for reliable calculation of unbound stripping or coulomb excitation cases.  Increase RMAX 
0                    LMAX =  15        NSTEP= 200        NLTR =   1
 Bdwck4 entered
   Subroutine INTEG  entered
0REACSIG 1   1.11469E+01                                             REACSIG 2   1.38520E+00
   Subroutine RADINT entered
110Be(d,p)11Be Ex=1.20 AK UNB LMAX15 RMAX20 V10                 0/00/00
0BASIC DATA          DR   =   0.1000   RMIN =   0.0000   RMAX =  20.0000   COUEX=   0.0000     IS1=   1.0000
                     FNRNG=   0.0000   PNLC1=   2.0000   PNLC2=   1.0000   PNLC3=   1.0000     IS2=   0.5000
 ANG MOM TRANSFER    LTR  =   1.       2*JTR=   3.       2*STR=   1.       Q    =  -2.9210
   Subroutine INSIG  entered
0 Theta Inelsig,fm**2      Polz       Asy       Ayy       A22       A21       A20       T22       T21       T20  Theta
   0.00    3.1455E+37    0.0000    0.0000    0.0000    0.0000    0.0000    0.0006    0.0000    0.0000    0.0000   0.00
   1.00    3.7114E+37    0.0005    0.0010    0.0000   -0.0000    0.0000    0.0006    0.0000    0.0000    0.0000   1.00
   2.00    5.2897E+37    0.0007    0.0013    0.0000   -0.0000    0.0000    0.0006    0.0000    0.0000    0.0000   2.00
   3.00    7.5481E+37    0.0006    0.0012    0.0000   -0.0000    0.0000    0.0006    0.0000    0.0000    0.0000   3.00
   4.00    1.0012E+38    0.0005    0.0010    0.0000   -0.0000    0.0000    0.0006    0.0000    0.0000    0.0000   4.00
   5.00    1.2162E+38    0.0004    0.0008    0.0000   -0.0000    0.0000    0.0006    0.0000    0.0000    0.0000   5.00
   6.00    1.3547E+38    0.0003    0.0006    0.0000   -0.0000    0.0000    0.0006    0.0000    0.0000    0.0000   6.00
   7.00    1.3870E+38    0.0002    0.0004    0.0000   -0.0000    0.0000    0.0006    0.0000    0.0000    0.0000   7.00
   8.00    1.3049E+38    0.0001    0.0002    0.0000   -0.0000    0.0000    0.0006    0.0000    0.0000    0.0000   8.00
   9.00    1.1228E+38    0.0000    0.0000    0.0000   -0.0000    0.0000    0.0006    0.0000    0.0000    0.0000   9.00
  10.00    8.7395E+37   -0.0001   -0.0002    0.0000   -0.0000    0.0000    0.0006    0.0000    0.0000    0.0000  10.00
  11.00    6.0273E+37   -0.0002   -0.0004    0.0000   -0.0000    0.0000    0.0006    0.0000    0.0000    0.0000  11.00
  12.00    3.5526E+37   -0.0004   -0.0007    0.0000   -0.0000    0.0000    0.0006    0.0000    0.0000    0.0000  12.00
  13.00    1.6971E+37   -0.0006   -0.0011    0.0000   -0.0000   -0.0000    0.0006    0.0000    0.0000    0.0000  13.00
  14.00    6.8966E+36   -0.0006   -0.0012    0.0000   -0.0000   -0.0000    0.0006    0.0000    0.0000    0.0000  14.00
  15.00    5.6878E+36    0.0004    0.0008    0.0000   -0.0000    0.0000    0.0006    0.0000    0.0000    0.0000  15.00
  16.00    1.1883E+37    0.0007    0.0013    0.0000   -0.0000    0.0000    0.0006    0.0000    0.0000    0.0000  16.00
  17.00    2.2630E+37    0.0005    0.0010    0.0000   -0.0000    0.0000    0.0006    0.0000    0.0000    0.0000  17.00
  18.00    3.4418E+37    0.0003    0.0007    0.0000   -0.0000    0.0000    0.0006    0.0000    0.0000    0.0000  18.00
  19.00    4.3907E+37    0.0002    0.0004    0.0000   -0.0000    0.0000    0.0006    0.0000    0.0000    0.0000  19.00
  20.00    4.8658E+37    0.0001    0.0002    0.0000   -0.0000    0.0000    0.0006    0.0000    0.0000    0.0000  20.00
  21.00    4.7615E+37    0.0000    0.0000    0.0000   -0.0000    0.0000    0.0006    0.0000    0.0000    0.0000  21.00
  22.00    4.1231E+37   -0.0001   -0.0002    0.0000   -0.0000    0.0000    0.0006    0.0000    0.0000    0.0000  22.00
  23.00    3.1237E+37   -0.0002   -0.0004    0.0000   -0.0000    0.0000    0.0006    0.0000    0.0000    0.0000  23.00
  24.00    2.0131E+37   -0.0003   -0.0007    0.0000   -0.0000   -0.0000    0.0006    0.0000    0.0000    0.0000  24.00
  25.00    1.0516E+37   -0.0005   -0.0011    0.0000   -0.0000   -0.0000    0.0006    0.0000    0.0000    0.0000  25.00
  26.00    4.4624E+36   -0.0006   -0.0012    0.0000   -0.0000    0.0000    0.0006    0.0000    0.0000    0.0000  26.00
  27.00    3.0324E+36    0.0003    0.0005    0.0000   -0.0000    0.0000    0.0006    0.0000    0.0000    0.0000  27.00
  28.00    6.0875E+36    0.0007    0.0013    0.0000   -0.0000    0.0000    0.0006    0.0000    0.0000    0.0000  28.00
  29.00    1.2394E+37    0.0005    0.0010    0.0000   -0.0000    0.0000    0.0006    0.0000    0.0000    0.0000  29.00
  30.00    1.9993E+37    0.0003    0.0007    0.0000   -0.0000    0.0000    0.0006    0.0000    0.0000    0.0000  30.00
  31.00    2.6729E+37    0.0002    0.0004    0.0000   -0.0000    0.0000    0.0006    0.0000    0.0000    0.0000  31.00
  32.00    3.0798E+37    0.0001    0.0002    0.0000   -0.0000    0.0000    0.0006    0.0000    0.0000    0.0000  32.00
  33.00    3.1180E+37    0.0000    0.0000    0.0000   -0.0000    0.0000    0.0006    0.0000    0.0000    0.0000  33.00
  34.00    2.7850E+37   -0.0001   -0.0002    0.0000   -0.0000    0.0000    0.0006    0.0000    0.0000    0.0000  34.00
  35.00    2.1738E+37   -0.0002   -0.0004    0.0000   -0.0000   -0.0000    0.0006    0.0000    0.0000    0.0000  35.00
  36.00    1.4442E+37   -0.0003   -0.0007    0.0000   -0.0000   -0.0000    0.0006    0.0000    0.0000    0.0000  36.00
  37.00    7.7938E+36   -0.0005   -0.0011    0.0000   -0.0000   -0.0000    0.0006    0.0000    0.0000    0.0000  37.00
  38.00    3.3803E+36   -0.0006   -0.0012    0.0000   -0.0000    0.0000    0.0006    0.0000    0.0000    0.0000  38.00
  39.00    2.1508E+36    0.0002    0.0004    0.0000   -0.0000    0.0000    0.0006    0.0000    0.0000    0.0000  39.00
  40.00    4.2015E+36    0.0007    0.0014    0.0000   -0.0000    0.0000    0.0006    0.0000    0.0000    0.0000  40.00
  41.00    8.7855E+36    0.0005    0.0010    0.0000   -0.0000    0.0000    0.0006    0.0000    0.0000    0.0000  41.00
  42.00    1.4538E+37    0.0003    0.0007    0.0000   -0.0000    0.0000    0.0006    0.0000    0.0000    0.0000  42.00
  43.00    1.9850E+37    0.0002    0.0004    0.0000   -0.0000    0.0000    0.0006    0.0000    0.0000    0.0000  43.00
  44.00    2.3290E+37    0.0001    0.0002    0.0000   -0.0000    0.0000    0.0006    0.0000    0.0000    0.0000  44.00
  45.00    2.3967E+37    0.0000    0.0000    0.0000   -0.0000    0.0000    0.0006    0.0000    0.0000    0.0000  45.00
  46.00    2.1741E+37   -0.0001   -0.0002    0.0000   -0.0000    0.0000    0.0006    0.0000    0.0000    0.0000  46.00
  47.00    1.7230E+37   -0.0002   -0.0004    0.0000   -0.0000   -0.0000    0.0006    0.0000    0.0000    0.0000  47.00
  48.00    1.1631E+37   -0.0003   -0.0007    0.0000   -0.0000   -0.0000    0.0006    0.0000    0.0000    0.0000  48.00
  49.00    6.3862E+36   -0.0005   -0.0010    0.0000   -0.0000    0.0000    0.0006    0.0000    0.0000    0.0000  49.00
  50.00    2.8060E+36   -0.0006   -0.0012    0.0000   -0.0000    0.0000    0.0006    0.0000    0.0000    0.0000  50.00
  51.00    1.7296E+36    0.0002    0.0004    0.0000   -0.0000    0.0000    0.0006    0.0000    0.0000    0.0000  51.00
  52.00    3.3223E+36    0.0007    0.0014    0.0000   -0.0000    0.0000    0.0006    0.0000    0.0000    0.0000  52.00
  53.00    7.0506E+36    0.0005    0.0010    0.0000   -0.0000    0.0000    0.0006    0.0000    0.0000    0.0000  53.00
  54.00    1.1840E+37    0.0003    0.0007    0.0000   -0.0000    0.0000    0.0006    0.0000    0.0000    0.0000  54.00
  55.00    1.6367E+37    0.0002    0.0004    0.0000   -0.0000    0.0000    0.0006    0.0000    0.0000    0.0000  55.00
  56.00    1.9414E+37    0.0001    0.0002    0.0000   -0.0000    0.0000    0.0006    0.0000    0.0000    0.0000  56.00
  57.00    2.0180E+37    0.0000    0.0000    0.0000   -0.0000    0.0000    0.0006    0.0000    0.0000    0.0000  57.00
  58.00    1.8482E+37   -0.0001   -0.0002    0.0000   -0.0000   -0.0000    0.0006    0.0000    0.0000    0.0000  58.00
  59.00    1.4789E+37   -0.0002   -0.0004    0.0000   -0.0000    0.0000    0.0006    0.0000    0.0000    0.0000  59.00
  60.00    1.0085E+37   -0.0003   -0.0007    0.0000   -0.0000    0.0000    0.0006    0.0000    0.0000    0.0000  60.00
0Tot-sig   1.7958E+38
1Inelastic  10Be(d,p)11Be Ex=1.20 AK UNB LMAX15 RMAX20 V10                 0/00/00
    THETA  36                               37                               38                               39   THETA cos(theta)
     0.00  |++++++++++++++++++++++++++++++++|+++++++++++++++*++++++++++++++++|++++++++++++++++++++++++++++++++|+    0.00    1.0000
     1.00  +                                                   *                                               +    1.00    0.9998
     2.00  +                                                        *                                          +    2.00    0.9994
     3.00  +                                                             *                                     +    3.00    0.9986
     4.00  +                                                                 *                                 +    4.00    0.9976
     5.00  +                                                                    *                              +    5.00    0.9962
     6.00  +                                                                     *                             +    6.00    0.9945
     7.00  +                                                                      *                            +    7.00    0.9925
     8.00  +                                                                     *                             +    8.00    0.9903
     9.00  +                                                                   *                               +    9.00    0.9877
    10.00  +                                                               *                                   +   10.00    0.9848
    11.00  +                                                          *                                        +   11.00    0.9816
    12.00  +                                                  *                                                +   12.00    0.9781
    13.00  +                                        *                                                          +   13.00    0.9744
    14.00  +                           *                                                                       +   14.00    0.9703
    15.00  +                        *                                                                          +   15.00    0.9659
    16.00  +                                  *                                                                +   16.00    0.9613
    17.00  +                                            *                                                      +   17.00    0.9563
    18.00  +                                                  *                                                +   18.00    0.9511
    19.00  +                                                     *                                             +   19.00    0.9455
    20.00  +                                                       *                                           +   20.00    0.9397
    21.00  +                                                      *                                            +   21.00    0.9336
    22.00  +                                                    *                                              +   22.00    0.9272
    23.00  +                                                *                                                  +   23.00    0.9205
    24.00  +                                          *                                                        +   24.00    0.9135
    25.00  +                                 *                                                                 +   25.00    0.9063
    26.00  +                    *                                                                              +   26.00    0.8988
    27.00  +               *                                                                                   +   27.00    0.8910
    28.00  +                         *                                                                         +   28.00    0.8829
    29.00  +                                   *                                                               +   29.00    0.8746
    30.00  +                                          *                                                        +   30.00    0.8660
    31.00  +                                              *                                                    +   31.00    0.8572
    32.00  +                                                *                                                  +   32.00    0.8480
    33.00  +                                                *                                                  +   33.00    0.8387
    34.00  +                                               *                                                   +   34.00    0.8290
    35.00  +                                           *                                                       +   35.00    0.8192
    36.00  +                                     *                                                             +   36.00    0.8090
    37.00  +                            *                                                                      +   37.00    0.7986
    38.00  +                *                                                                                  +   38.00    0.7880
    39.00  +          *                                                                                        +   39.00    0.7771
    40.00  +                    *                                                                              +   40.00    0.7660
    41.00  +                              *                                                                    +   41.00    0.7547
    42.00  +                                     *                                                             +   42.00    0.7431
    43.00  +                                          *                                                        +   43.00    0.7314
    44.00  +                                            *                                                      +   44.00    0.7193
    45.00  +                                             *                                                     +   45.00    0.7071
    46.00  +                                           *                                                       +   46.00    0.6947
    47.00  +                                        *                                                          +   47.00    0.6820
    48.00  +                                  *                                                                +   48.00    0.6691
    49.00  +                          *                                                                        +   49.00    0.6561
    50.00  +              *                                                                                    +   50.00    0.6428
    51.00  +       *                                                                                           +   51.00    0.6293
    52.00  +                *                                                                                  +   52.00    0.6157
    53.00  +                           *                                                                       +   53.00    0.6018
    54.00  +                                  *                                                                +   54.00    0.5878
    55.00  +                                       *                                                           +   55.00    0.5736
    56.00  +                                          *                                                        +   56.00    0.5592
    57.00  +                                          *                                                        +   57.00    0.5446
    58.00  +                                         *                                                         +   58.00    0.5299
    59.00  +                                      *                                                            +   59.00    0.5150
    60.00  |++++++++++++++++++++++++++++++++*++++++++++++++++++++++++++++++++|++++++++++++++++++++++++++++++++|+   60.00    0.5000
    THETA  36                               37                               38                               39   THETA cos(theta)
1DWUCK4-DISTORTED WAVES U.COLORADO- PC-VERSION  12/Jan /1995
 Elapsed time in seconds =   0.00
 Elapsed time in seconds =   0.00
0CONTROL INTEGERS
  1 2 3 4 5 6 7 8 9 A B C D E F G H I J K    RUN IDENTIFICATION                                             0/00/00   0.00.00
  1 0 1 1 0 0 0 0 3 0 0 0 0 0 0 0 0 0 0 0    10Be(d,p)11Be Ex=1.40 AK UNB LMAX15 RMAX20 V10              
 10Be(d,p)11Be Ex=1.40 AK UNB LMAX15 RMAX20 V10              
 Adwck4 entered
0ANGLE DATA          THETN=  61.0000   THET1=   0.0000   DTHET=   1.0000   A-ANG=   0.0000   B-ANG=   0.0000
0CARD SET 3 DATA     LMAX =  15          LTR=   1
                     NLTR =   1        2*JTR=   3
0CARD SET 4 DATA     DRF  =   0.1000   RZ   =   0.0000   RMAX = -20.0000   VCE  =   0.0000   FNRNG=   0.0000
                     AMASS=   0.8000
 PARTICLE DATA 
0PARTICLE 1*******************************************************************************************************************
 INPUT DATA          ELAB =  17.4000   RC0  =   1.3030   AC   =   0.0000   2*STR=   2.0000
                     MASSP=   2.0000   MASST=  10.0000   Q    =   0.0000
                     ZP   =   1.0000   ZT   =   4.0000   PNLOC=   2.0000
 
 DERIVED DATA        ECM  =  14.5000   RC   =   2.8072   RHO  =   3.0186
                     K    =   1.0753   ETA  =   0.2136   DR   =   0.0080
0POTENTIAL PARAMETERS
 NX=1 VOLUME  W-S    V RL = -88.7440   R0RL =   1.1480   A RL =   0.7460   R RL =   2.4733   VSOR =   0.0000
                     V IM =  -2.1860   R0IM =   1.3510   A IM =   0.6400   R IM =   2.9106   VSOI =   0.0000   POWR =   0.0000
 NX=2 SURFACE W-S    V RL =   0.0000   R0RL =   0.0000   A RL =   0.0000   R RL =   0.0000   VSOR =   0.0000
                     V IM =  27.3930   R0IM =   1.4050   A IM =   0.6650   R IM =   3.0270   VSOI =   0.0000   POWR =   0.0000
 NX=4 L*S VOLUME     V RL = -14.2280   R0RL =   0.9720   A RL =   1.0110   R RL =   2.0941   VSOR =   0.0000
                     V IM =   0.0000   R0IM =   0.0000   A IM =   0.0000   R IM =   0.0000   VSOI =   0.0000   POWR =   0.0000
0PARTICLE 2*******************************************************************************************************************
 INPUT DATA          ELAB =  12.4135   RC0  =   1.5780   AC   =   0.0000   2*STR=   1.0000
                     MASSP=   1.0000   MASST=  11.0000   Q    =  -3.1210
                     ZP   =   1.0000   ZT   =   4.0000   PNLOC=   1.0000
 
 DERIVED DATA        ECM  =  11.3790   RC   =   3.5094   RHO  =   2.4792
                     K    =   0.7064   ETA  =   0.1788   DR   =   0.0073
0POTENTIAL PARAMETERS
 NX=1 VOLUME  W-S    V RL = -56.2800   R0RL =   1.1220   A RL =   0.6760   R RL =   2.4953   VSOR =   0.0000
                     V IM =  -1.1170   R0IM =   1.1220   A IM =   0.6760   R IM =   2.4953   VSOI =   0.0000   POWR =   0.0000
 NX=2 SURFACE W-S    V RL =   0.0000   R0RL =   0.0000   A RL =   0.0000   R RL =   0.0000   VSOR =   0.0000
                     V IM =  20.7710   R0IM =   1.3070   A IM =   0.5240   R IM =   2.9067   VSOI =   0.0000   POWR =   0.0000
 NX=4 L*S VOLUME     V RL = -21.8760   R0RL =   0.8940   A RL =   0.5900   R RL =   1.9882   VSOR =   0.0000
                     V IM =   0.8640   R0IM =   0.8940   A IM =   0.5900   R IM =   1.9882   VSOI =   0.0000   POWR =   0.0000
110Be(d,p)11Be Ex=1.40 AK UNB LMAX15 RMAX20 V10                 0/ 0/ 0
0FORM FACTOR DATA 
0PARTICLE 3*******************************************************************************************************************
 INPUT DATA          ELAB =   0.8960   RC0  =   1.3000   AC   =   0.0000   2*STR=   1.0000
                     MASSP=   1.0000   MASST=  10.0000   Q    =   0.8960
                     ZP   =   0.0000   ZT   =   4.0000   PNLOC=   1.0000
 
 DERIVED DATA        ECM  =   0.8960   RC   =   2.8008   RHO  =   0.5529
                     K    =   0.1974   ETA  =   0.0000   DR   =   0.0080
0POTENTIAL PARAMETERS
 NX=1 VOLUME  W-S    V RL =   1.0000   R0RL =   1.2500   A RL =   0.6500   R RL =   2.6930   VSOR =  24.0000
                     V IM =   1.1000   R0IM =   0.6500   A IM =   0.0000   R IM =   1.4004   VSOI =   0.0000   POWR =   0.0000
 
                     NODES=   0.0000   L    =   1.0000   2*J  =   3.0000   2*S  =   1.0000   FISW =   2.0000
 
                     COSD =  1.0000E+00               SIND = -1.5376E-03
                     V    =  28.3480   DET  =   0.0000   NODES=   0.0000   RM   =   2.6930   E    =   0.8960   ITER.=   0
0Non-locality correction is applied, parameter =   2.000
0Non-locality correction is applied, parameter =   1.000
0*****  Warning *****  LMAX too large for reliable calculation of unbound stripping or coulomb excitation cases.  Increase RMAX 
0                    LMAX =  15        NSTEP= 200        NLTR =   1
 Bdwck4 entered
   Subroutine INTEG  entered
0REACSIG 1   1.11469E+01                                             REACSIG 2   1.38389E+00
   Subroutine RADINT entered
110Be(d,p)11Be Ex=1.40 AK UNB LMAX15 RMAX20 V10                 0/00/00
0BASIC DATA          DR   =   0.1000   RMIN =   0.0000   RMAX =  20.0000   COUEX=   0.0000     IS1=   1.0000
                     FNRNG=   0.0000   PNLC1=   2.0000   PNLC2=   1.0000   PNLC3=   1.0000     IS2=   0.5000
 ANG MOM TRANSFER    LTR  =   1.       2*JTR=   3.       2*STR=   1.       Q    =  -3.1210
   Subroutine INSIG  entered
0 Theta Inelsig,fm**2      Polz       Asy       Ayy       A22       A21       A20       T22       T21       T20  Theta
   0.00    1.1431E+38    0.0000    0.0000    0.0000    0.0000    0.0000    0.0006    0.0000    0.0000    0.0000   0.00
   1.00    1.3423E+38    0.0005    0.0010    0.0000   -0.0000    0.0000    0.0006    0.0000    0.0000    0.0000   1.00
   2.00    1.8980E+38    0.0006    0.0012    0.0000   -0.0000    0.0000    0.0006    0.0000    0.0000    0.0000   2.00
   3.00    2.6929E+38    0.0006    0.0012    0.0000   -0.0000    0.0000    0.0006    0.0000    0.0000    0.0000   3.00
   4.00    3.5595E+38    0.0005    0.0010    0.0000   -0.0000    0.0000    0.0006    0.0000    0.0000    0.0000   4.00
   5.00    4.3153E+38    0.0004    0.0008    0.0000   -0.0000    0.0000    0.0006    0.0000    0.0000    0.0000   5.00
   6.00    4.8005E+38    0.0003    0.0006    0.0000   -0.0000    0.0000    0.0006    0.0000    0.0000    0.0000   6.00
   7.00    4.9110E+38    0.0002    0.0004    0.0000   -0.0000    0.0000    0.0006    0.0000    0.0000    0.0000   7.00
   8.00    4.6182E+38    0.0001    0.0002    0.0000   -0.0000    0.0000    0.0006    0.0000    0.0000    0.0000   8.00
   9.00    3.9729E+38    0.0000    0.0000    0.0000   -0.0000    0.0000    0.0006    0.0000    0.0000    0.0000   9.00
  10.00    3.0925E+38   -0.0001   -0.0002    0.0000   -0.0000    0.0000    0.0006    0.0000    0.0000    0.0000  10.00
  11.00    2.1338E+38   -0.0002   -0.0004    0.0000   -0.0000    0.0000    0.0006    0.0000    0.0000    0.0000  11.00
  12.00    1.2595E+38   -0.0003   -0.0007    0.0000   -0.0000    0.0000    0.0006    0.0000    0.0000    0.0000  12.00
  13.00    6.0426E+37   -0.0005   -0.0011    0.0000   -0.0000   -0.0000    0.0006    0.0000    0.0000    0.0000  13.00
  14.00    2.4870E+37   -0.0005   -0.0011    0.0000   -0.0000   -0.0000    0.0006    0.0000    0.0000    0.0000  14.00
  15.00    2.0623E+37    0.0004    0.0008    0.0000   -0.0000    0.0000    0.0006    0.0000    0.0000    0.0000  15.00
  16.00    4.2508E+37    0.0006    0.0012    0.0000   -0.0000    0.0000    0.0006    0.0000    0.0000    0.0000  16.00
  17.00    8.0450E+37    0.0005    0.0009    0.0000   -0.0000    0.0000    0.0006    0.0000    0.0000    0.0000  17.00
  18.00    1.2205E+38    0.0003    0.0006    0.0000   -0.0000    0.0000    0.0006    0.0000    0.0000    0.0000  18.00
  19.00    1.5551E+38    0.0002    0.0004    0.0000   -0.0000    0.0000    0.0006    0.0000    0.0000    0.0000  19.00
  20.00    1.7223E+38    0.0001    0.0002    0.0000   -0.0000    0.0000    0.0006    0.0000    0.0000    0.0000  20.00
  21.00    1.6849E+38    0.0000    0.0000    0.0000   -0.0000    0.0000    0.0006    0.0000    0.0000    0.0000  21.00
  22.00    1.4590E+38   -0.0001   -0.0002    0.0000   -0.0000    0.0000    0.0006    0.0000    0.0000    0.0000  22.00
  23.00    1.1058E+38   -0.0002   -0.0004    0.0000   -0.0000    0.0000    0.0006    0.0000    0.0000    0.0000  23.00
  24.00    7.1352E+37   -0.0003   -0.0007    0.0000   -0.0000   -0.0000    0.0006    0.0000    0.0000    0.0000  24.00
  25.00    3.7406E+37   -0.0005   -0.0010    0.0000   -0.0000   -0.0000    0.0006    0.0000    0.0000    0.0000  25.00
  26.00    1.6044E+37   -0.0006   -0.0012    0.0000   -0.0000    0.0000    0.0006    0.0000    0.0000    0.0000  26.00
  27.00    1.1016E+37    0.0002    0.0005    0.0000   -0.0000    0.0000    0.0006    0.0000    0.0000    0.0000  27.00
  28.00    2.1821E+37    0.0006    0.0013    0.0000   -0.0000    0.0000    0.0006    0.0000    0.0000    0.0000  28.00
  29.00    4.4098E+37    0.0005    0.0010    0.0000   -0.0000    0.0000    0.0006    0.0000    0.0000    0.0000  29.00
  30.00    7.0925E+37    0.0003    0.0006    0.0000   -0.0000    0.0000    0.0006    0.0000    0.0000    0.0000  30.00
  31.00    9.4693E+37    0.0002    0.0004    0.0000   -0.0000    0.0000    0.0006    0.0000    0.0000    0.0000  31.00
  32.00    1.0903E+38    0.0001    0.0002    0.0000   -0.0000    0.0000    0.0006    0.0000    0.0000    0.0000  32.00
  33.00    1.1035E+38    0.0000    0.0000    0.0000   -0.0000    0.0000    0.0006    0.0000    0.0000    0.0000  33.00
  34.00    9.8560E+37   -0.0001   -0.0002    0.0000   -0.0000    0.0000    0.0006    0.0000    0.0000    0.0000  34.00
  35.00    7.6955E+37   -0.0002   -0.0004    0.0000   -0.0000   -0.0000    0.0006    0.0000    0.0000    0.0000  35.00
  36.00    5.1182E+37   -0.0003   -0.0007    0.0000   -0.0000   -0.0000    0.0006    0.0000    0.0000    0.0000  36.00
  37.00    2.7710E+37   -0.0005   -0.0010    0.0000   -0.0000   -0.0000    0.0006    0.0000    0.0000    0.0000  37.00
  38.00    1.2139E+37   -0.0006   -0.0012    0.0000   -0.0000    0.0000    0.0006    0.0000    0.0000    0.0000  38.00
  39.00    7.8180E+36    0.0002    0.0004    0.0000   -0.0000    0.0000    0.0006    0.0000    0.0000    0.0000  39.00
  40.00    1.5079E+37    0.0006    0.0013    0.0000   -0.0000    0.0000    0.0006    0.0000    0.0000    0.0000  40.00
  41.00    3.1280E+37    0.0005    0.0010    0.0000   -0.0000    0.0000    0.0006    0.0000    0.0000    0.0000  41.00
  42.00    5.1596E+37    0.0003    0.0007    0.0000   -0.0000    0.0000    0.0006    0.0000    0.0000    0.0000  42.00
  43.00    7.0345E+37    0.0002    0.0004    0.0000   -0.0000    0.0000    0.0006    0.0000    0.0000    0.0000  43.00
  44.00    8.2473E+37    0.0001    0.0002    0.0000   -0.0000    0.0000    0.0006    0.0000    0.0000    0.0000  44.00
  45.00    8.4839E+37    0.0000    0.0000    0.0000   -0.0000    0.0000    0.0006    0.0000    0.0000    0.0000  45.00
  46.00    7.6949E+37   -0.0001   -0.0002    0.0000   -0.0000    0.0000    0.0006    0.0000    0.0000    0.0000  46.00
  47.00    6.1000E+37   -0.0002   -0.0004    0.0000   -0.0000   -0.0000    0.0006    0.0000    0.0000    0.0000  47.00
  48.00    4.1217E+37   -0.0003   -0.0007    0.0000   -0.0000   -0.0000    0.0006    0.0000    0.0000    0.0000  48.00
  49.00    2.2700E+37   -0.0005   -0.0010    0.0000   -0.0000    0.0000    0.0006    0.0000    0.0000    0.0000  49.00
  50.00    1.0070E+37   -0.0006   -0.0012    0.0000   -0.0000    0.0000    0.0006    0.0000    0.0000    0.0000  50.00
  51.00    6.2893E+36    0.0002    0.0003    0.0000   -0.0000    0.0000    0.0006    0.0000    0.0000    0.0000  51.00
  52.00    1.1935E+37    0.0006    0.0013    0.0000   -0.0000    0.0000    0.0006    0.0000    0.0000    0.0000  52.00
  53.00    2.5117E+37    0.0005    0.0010    0.0000   -0.0000    0.0000    0.0006    0.0000    0.0000    0.0000  53.00
  54.00    4.2037E+37    0.0003    0.0007    0.0000   -0.0000    0.0000    0.0006    0.0000    0.0000    0.0000  54.00
  55.00    5.8021E+37    0.0002    0.0004    0.0000   -0.0000    0.0000    0.0006    0.0000    0.0000    0.0000  55.00
  56.00    6.8766E+37    0.0001    0.0002    0.0000   -0.0000    0.0000    0.0006    0.0000    0.0000    0.0000  56.00
  57.00    7.1449E+37    0.0000    0.0000    0.0000   -0.0000    0.0000    0.0006    0.0000    0.0000    0.0000  57.00
  58.00    6.5428E+37   -0.0001   -0.0002    0.0000   -0.0000   -0.0000    0.0006    0.0000    0.0000    0.0000  58.00
  59.00    5.2366E+37   -0.0002   -0.0004    0.0000   -0.0000    0.0000    0.0006    0.0000    0.0000    0.0000  59.00
  60.00    3.5742E+37   -0.0003   -0.0006    0.0000   -0.0000    0.0000    0.0006    0.0000    0.0000    0.0000  60.00
0Tot-sig   6.3755E+38
1Inelastic  10Be(d,p)11Be Ex=1.40 AK UNB LMAX15 RMAX20 V10                 0/00/00
    THETA  36                               37                               38                               39   THETA cos(theta)
     0.00  |++++++++++++++++++++++++++++++++|++++++++++++++++++++++++++++++++|+*++++++++++++++++++++++++++++++|+    0.00    1.0000
     1.00  +                                                                     *                             +    1.00    0.9998
     2.00  +                                                                          *                        +    2.00    0.9994
     3.00  +                                                                               *                   +    3.00    0.9986
     4.00  +                                                                                   *               +    4.00    0.9976
     5.00  +                                                                                      *            +    5.00    0.9962
     6.00  +                                                                                       *           +    6.00    0.9945
     7.00  +                                                                                        *          +    7.00    0.9925
     8.00  +                                                                                       *           +    8.00    0.9903
     9.00  +                                                                                     *             +    9.00    0.9877
    10.00  +                                                                                 *                 +   10.00    0.9848
    11.00  +                                                                            *                      +   11.00    0.9816
    12.00  +                                                                    *                              +   12.00    0.9781
    13.00  +                                                          *                                        +   13.00    0.9744
    14.00  +                                             *                                                     +   14.00    0.9703
    15.00  +                                          *                                                        +   15.00    0.9659
    16.00  +                                                     *                                             +   16.00    0.9613
    17.00  +                                                              *                                    +   17.00    0.9563
    18.00  +                                                                    *                              +   18.00    0.9511
    19.00  +                                                                       *                           +   19.00    0.9455
    20.00  +                                                                         *                         +   20.00    0.9397
    21.00  +                                                                        *                          +   21.00    0.9336
    22.00  +                                                                      *                            +   22.00    0.9272
    23.00  +                                                                  *                                +   23.00    0.9205
    24.00  +                                                            *                                      +   24.00    0.9135
    25.00  +                                                   *                                               +   25.00    0.9063
    26.00  +                                       *                                                           +   26.00    0.8988
    27.00  +                                 *                                                                 +   27.00    0.8910
    28.00  +                                           *                                                       +   28.00    0.8829
    29.00  +                                                     *                                             +   29.00    0.8746
    30.00  +                                                            *                                      +   30.00    0.8660
    31.00  +                                                                *                                  +   31.00    0.8572
    32.00  +                                                                  *                                +   32.00    0.8480
    33.00  +                                                                  *                                +   33.00    0.8387
    34.00  +                                                                 *                                 +   34.00    0.8290
    35.00  +                                                             *                                     +   35.00    0.8192
    36.00  +                                                       *                                           +   36.00    0.8090
    37.00  +                                               *                                                   +   37.00    0.7986
    38.00  +                                   *                                                               +   38.00    0.7880
    39.00  +                            *                                                                      +   39.00    0.7771
    40.00  +                                      *                                                            +   40.00    0.7660
    41.00  +                                                *                                                  +   41.00    0.7547
    42.00  +                                                        *                                          +   42.00    0.7431
    43.00  +                                                            *                                      +   43.00    0.7314
    44.00  +                                                              *                                    +   44.00    0.7193
    45.00  +                                                               *                                   +   45.00    0.7071
    46.00  +                                                             *                                     +   46.00    0.6947
    47.00  +                                                          *                                        +   47.00    0.6820
    48.00  +                                                    *                                              +   48.00    0.6691
    49.00  +                                            *                                                      +   49.00    0.6561
    50.00  +                                *                                                                  +   50.00    0.6428
    51.00  +                         *                                                                         +   51.00    0.6293
    52.00  +                                   *                                                               +   52.00    0.6157
    53.00  +                                             *                                                     +   53.00    0.6018
    54.00  +                                                     *                                             +   54.00    0.5878
    55.00  +                                                         *                                         +   55.00    0.5736
    56.00  +                                                            *                                      +   56.00    0.5592
    57.00  +                                                            *                                      +   57.00    0.5446
    58.00  +                                                           *                                       +   58.00    0.5299
    59.00  +                                                        *                                          +   59.00    0.5150
    60.00  |++++++++++++++++++++++++++++++++|+++++++++++++++++*++++++++++++++|++++++++++++++++++++++++++++++++|+   60.00    0.5000
    THETA  36                               37                               38                               39   THETA cos(theta)
1DWUCK4-DISTORTED WAVES U.COLORADO- PC-VERSION  12/Jan /1995
 Elapsed time in seconds =   0.00
 Elapsed time in seconds =   0.00
0CONTROL INTEGERS
  1 2 3 4 5 6 7 8 9 A B C D E F G H I J K    RUN IDENTIFICATION                                             0/00/00   0.00.00
  1 0 1 1 0 0 0 0 3 0 0 0 0 0 0 0 0 0 0 0    10Be(d,p)11Be Ex=1.60 AK UNB LMAX15 RMAX20 V10              
 10Be(d,p)11Be Ex=1.60 AK UNB LMAX15 RMAX20 V10              
 Adwck4 entered
0ANGLE DATA          THETN=  61.0000   THET1=   0.0000   DTHET=   1.0000   A-ANG=   0.0000   B-ANG=   0.0000
0CARD SET 3 DATA     LMAX =  15          LTR=   1
                     NLTR =   1        2*JTR=   3
0CARD SET 4 DATA     DRF  =   0.1000   RZ   =   0.0000   RMAX = -20.0000   VCE  =   0.0000   FNRNG=   0.0000
                     AMASS=   0.8000
 PARTICLE DATA 
0PARTICLE 1*******************************************************************************************************************
 INPUT DATA          ELAB =  17.4000   RC0  =   1.3030   AC   =   0.0000   2*STR=   2.0000
                     MASSP=   2.0000   MASST=  10.0000   Q    =   0.0000
                     ZP   =   1.0000   ZT   =   4.0000   PNLOC=   2.0000
 
 DERIVED DATA        ECM  =  14.5000   RC   =   2.8072   RHO  =   3.0186
                     K    =   1.0753   ETA  =   0.2136   DR   =   0.0080
0POTENTIAL PARAMETERS
 NX=1 VOLUME  W-S    V RL = -88.7440   R0RL =   1.1480   A RL =   0.7460   R RL =   2.4733   VSOR =   0.0000
                     V IM =  -2.1860   R0IM =   1.3510   A IM =   0.6400   R IM =   2.9106   VSOI =   0.0000   POWR =   0.0000
 NX=2 SURFACE W-S    V RL =   0.0000   R0RL =   0.0000   A RL =   0.0000   R RL =   0.0000   VSOR =   0.0000
                     V IM =  27.3930   R0IM =   1.4050   A IM =   0.6650   R IM =   3.0270   VSOI =   0.0000   POWR =   0.0000
 NX=4 L*S VOLUME     V RL = -14.2280   R0RL =   0.9720   A RL =   1.0110   R RL =   2.0941   VSOR =   0.0000
                     V IM =   0.0000   R0IM =   0.0000   A IM =   0.0000   R IM =   0.0000   VSOI =   0.0000   POWR =   0.0000
0PARTICLE 2*******************************************************************************************************************
 INPUT DATA          ELAB =  12.1953   RC0  =   1.5780   AC   =   0.0000   2*STR=   1.0000
                     MASSP=   1.0000   MASST=  11.0000   Q    =  -3.3210
                     ZP   =   1.0000   ZT   =   4.0000   PNLOC=   1.0000
 
 DERIVED DATA        ECM  =  11.1790   RC   =   3.5094   RHO  =   2.4573
                     K    =   0.7002   ETA  =   0.1804   DR   =   0.0073
0POTENTIAL PARAMETERS
 NX=1 VOLUME  W-S    V RL = -56.2800   R0RL =   1.1220   A RL =   0.6760   R RL =   2.4953   VSOR =   0.0000
                     V IM =  -1.1170   R0IM =   1.1220   A IM =   0.6760   R IM =   2.4953   VSOI =   0.0000   POWR =   0.0000
 NX=2 SURFACE W-S    V RL =   0.0000   R0RL =   0.0000   A RL =   0.0000   R RL =   0.0000   VSOR =   0.0000
                     V IM =  20.7710   R0IM =   1.3070   A IM =   0.5240   R IM =   2.9067   VSOI =   0.0000   POWR =   0.0000
 NX=4 L*S VOLUME     V RL = -21.8760   R0RL =   0.8940   A RL =   0.5900   R RL =   1.9882   VSOR =   0.0000
                     V IM =   0.8640   R0IM =   0.8940   A IM =   0.5900   R IM =   1.9882   VSOI =   0.0000   POWR =   0.0000
110Be(d,p)11Be Ex=1.60 AK UNB LMAX15 RMAX20 V10                 0/ 0/ 0
0FORM FACTOR DATA 
0PARTICLE 3*******************************************************************************************************************
 INPUT DATA          ELAB =   1.0960   RC0  =   1.3000   AC   =   0.0000   2*STR=   1.0000
                     MASSP=   1.0000   MASST=  10.0000   Q    =   1.0960
                     ZP   =   0.0000   ZT   =   4.0000   PNLOC=   1.0000
 
 DERIVED DATA        ECM  =   1.0960   RC   =   2.8008   RHO  =   0.6115
                     K    =   0.2183   ETA  =   0.0000   DR   =   0.0080
0POTENTIAL PARAMETERS
 NX=1 VOLUME  W-S    V RL =   1.0000   R0RL =   1.2500   A RL =   0.6500   R RL =   2.6930   VSOR =  24.0000
                     V IM =   1.1000   R0IM =   0.6500   A IM =   0.0000   R IM =   1.4004   VSOI =   0.0000   POWR =   0.0000
 
                     NODES=   0.0000   L    =   1.0000   2*J  =   3.0000   2*S  =   1.0000   FISW =   2.0000
 
                     COSD =  1.0000E+00               SIND = -2.0705E-03
                     V    =  28.3480   DET  =   0.0000   NODES=   0.0000   RM   =   2.6930   E    =   1.0960   ITER.=   0
0Non-locality correction is applied, parameter =   2.000
0Non-locality correction is applied, parameter =   1.000
0*****  Warning *****  LMAX too large for reliable calculation of unbound stripping or coulomb excitation cases.  Increase RMAX 
0                    LMAX =  15        NSTEP= 200        NLTR =   1
 Bdwck4 entered
   Subroutine INTEG  entered
0REACSIG 1   1.11469E+01                                             REACSIG 2   1.38287E+00
   Subroutine RADINT entered
110Be(d,p)11Be Ex=1.60 AK UNB LMAX15 RMAX20 V10                 0/00/00
0BASIC DATA          DR   =   0.1000   RMIN =   0.0000   RMAX =  20.0000   COUEX=   0.0000     IS1=   1.0000
                     FNRNG=   0.0000   PNLC1=   2.0000   PNLC2=   1.0000   PNLC3=   1.0000     IS2=   0.5000
 ANG MOM TRANSFER    LTR  =   1.       2*JTR=   3.       2*STR=   1.       Q    =  -3.3210
   Subroutine INSIG  entered
0 Theta Inelsig,fm**2      Polz       Asy       Ayy       A22       A21       A20       T22       T21       T20  Theta
   0.00    1.4084E+38    0.0000    0.0000    0.0000    0.0000    0.0000    0.0006    0.0000    0.0000    0.0000   0.00
   1.00    1.6462E+38    0.0004    0.0009    0.0000   -0.0000    0.0000    0.0006    0.0000    0.0000    0.0000   1.00
   2.00    2.3094E+38    0.0006    0.0012    0.0000   -0.0000    0.0000    0.0006    0.0000    0.0000    0.0000   2.00
   3.00    3.2579E+38    0.0005    0.0011    0.0000   -0.0000    0.0000    0.0006    0.0000    0.0000    0.0000   3.00
   4.00    4.2914E+38    0.0005    0.0009    0.0000   -0.0000    0.0000    0.0006    0.0000    0.0000    0.0000   4.00
   5.00    5.1918E+38    0.0004    0.0007    0.0000   -0.0000    0.0000    0.0006    0.0000    0.0000    0.0000   5.00
   6.00    5.7682E+38    0.0003    0.0005    0.0000   -0.0000    0.0000    0.0006    0.0000    0.0000    0.0000   6.00
   7.00    5.8963E+38    0.0002    0.0004    0.0000   -0.0000    0.0000    0.0006    0.0000    0.0000    0.0000   7.00
   8.00    5.5422E+38    0.0001    0.0002    0.0000   -0.0000    0.0000    0.0006    0.0000    0.0000    0.0000   8.00
   9.00    4.7669E+38    0.0000    0.0000    0.0000   -0.0000    0.0000    0.0006    0.0000    0.0000    0.0000   9.00
  10.00    3.7109E+38   -0.0001   -0.0001    0.0000   -0.0000    0.0000    0.0006    0.0000    0.0000    0.0000  10.00
  11.00    2.5619E+38   -0.0002   -0.0004    0.0000   -0.0000    0.0000    0.0006    0.0000    0.0000    0.0000  11.00
  12.00    1.5146E+38   -0.0003   -0.0007    0.0000   -0.0000    0.0000    0.0006    0.0000    0.0000    0.0000  12.00
  13.00    7.2990E+37   -0.0005   -0.0010    0.0000   -0.0000   -0.0000    0.0006    0.0000    0.0000    0.0000  13.00
  14.00    3.0425E+37   -0.0005   -0.0010    0.0000   -0.0000   -0.0000    0.0006    0.0000    0.0000    0.0000  14.00
  15.00    2.5346E+37    0.0004    0.0007    0.0000   -0.0000    0.0000    0.0006    0.0000    0.0000    0.0000  15.00
  16.00    5.1546E+37    0.0006    0.0012    0.0000   -0.0000    0.0000    0.0006    0.0000    0.0000    0.0000  16.00
  17.00    9.6951E+37    0.0004    0.0009    0.0000   -0.0000    0.0000    0.0006    0.0000    0.0000    0.0000  17.00
  18.00    1.4672E+38    0.0003    0.0006    0.0000   -0.0000    0.0000    0.0006    0.0000    0.0000    0.0000  18.00
  19.00    1.8673E+38    0.0002    0.0004    0.0000   -0.0000    0.0000    0.0006    0.0000    0.0000    0.0000  19.00
  20.00    2.0669E+38    0.0001    0.0002    0.0000   -0.0000    0.0000    0.0006    0.0000    0.0000    0.0000  20.00
  21.00    2.0217E+38    0.0000    0.0000    0.0000   -0.0000    0.0000    0.0006    0.0000    0.0000    0.0000  21.00
  22.00    1.7508E+38   -0.0001   -0.0002    0.0000   -0.0000    0.0000    0.0006    0.0000    0.0000    0.0000  22.00
  23.00    1.3277E+38   -0.0002   -0.0004    0.0000   -0.0000    0.0000    0.0006    0.0000    0.0000    0.0000  23.00
  24.00    8.5787E+37   -0.0003   -0.0006    0.0000   -0.0000   -0.0000    0.0006    0.0000    0.0000    0.0000  24.00
  25.00    4.5145E+37   -0.0005   -0.0010    0.0000   -0.0000   -0.0000    0.0006    0.0000    0.0000    0.0000  25.00
  26.00    1.9576E+37   -0.0005   -0.0011    0.0000   -0.0000    0.0000    0.0006    0.0000    0.0000    0.0000  26.00
  27.00    1.3563E+37    0.0002    0.0004    0.0000   -0.0000    0.0000    0.0006    0.0000    0.0000    0.0000  27.00
  28.00    2.6503E+37    0.0006    0.0012    0.0000   -0.0000    0.0000    0.0006    0.0000    0.0000    0.0000  28.00
  29.00    5.3169E+37    0.0005    0.0009    0.0000   -0.0000    0.0000    0.0006    0.0000    0.0000    0.0000  29.00
  30.00    8.5275E+37    0.0003    0.0006    0.0000   -0.0000    0.0000    0.0006    0.0000    0.0000    0.0000  30.00
  31.00    1.1371E+38    0.0002    0.0004    0.0000   -0.0000    0.0000    0.0006    0.0000    0.0000    0.0000  31.00
  32.00    1.3086E+38    0.0001    0.0002    0.0000   -0.0000    0.0000    0.0006    0.0000    0.0000    0.0000  32.00
  33.00    1.3241E+38    0.0000    0.0000    0.0000   -0.0000    0.0000    0.0006    0.0000    0.0000    0.0000  33.00
  34.00    1.1827E+38   -0.0001   -0.0002    0.0000   -0.0000    0.0000    0.0006    0.0000    0.0000    0.0000  34.00
  35.00    9.2394E+37   -0.0002   -0.0004    0.0000   -0.0000   -0.0000    0.0006    0.0000    0.0000    0.0000  35.00
  36.00    6.1533E+37   -0.0003   -0.0006    0.0000   -0.0000   -0.0000    0.0006    0.0000    0.0000    0.0000  36.00
  37.00    3.3432E+37   -0.0005   -0.0010    0.0000   -0.0000   -0.0000    0.0006    0.0000    0.0000    0.0000  37.00
  38.00    1.4797E+37   -0.0006   -0.0011    0.0000   -0.0000    0.0000    0.0006    0.0000    0.0000    0.0000  38.00
  39.00    9.6302E+36    0.0002    0.0003    0.0000   -0.0000    0.0000    0.0006    0.0000    0.0000    0.0000  39.00
  40.00    1.8329E+37    0.0006    0.0012    0.0000   -0.0000    0.0000    0.0006    0.0000    0.0000    0.0000  40.00
  41.00    3.7725E+37    0.0005    0.0009    0.0000   -0.0000    0.0000    0.0006    0.0000    0.0000    0.0000  41.00
  42.00    6.2043E+37    0.0003    0.0006    0.0000   -0.0000    0.0000    0.0006    0.0000    0.0000    0.0000  42.00
  43.00    8.4478E+37    0.0002    0.0004    0.0000   -0.0000    0.0000    0.0006    0.0000    0.0000    0.0000  43.00
  44.00    9.8985E+37    0.0001    0.0002    0.0000   -0.0000    0.0000    0.0006    0.0000    0.0000    0.0000  44.00
  45.00    1.0180E+38    0.0000    0.0000    0.0000   -0.0000    0.0000    0.0006    0.0000    0.0000    0.0000  45.00
  46.00    9.2343E+37   -0.0001   -0.0002    0.0000   -0.0000    0.0000    0.0006    0.0000    0.0000    0.0000  46.00
  47.00    7.3239E+37   -0.0002   -0.0004    0.0000   -0.0000   -0.0000    0.0006    0.0000    0.0000    0.0000  47.00
  48.00    4.9552E+37   -0.0003   -0.0006    0.0000   -0.0000   -0.0000    0.0006    0.0000    0.0000    0.0000  48.00
  49.00    2.7384E+37   -0.0005   -0.0009    0.0000   -0.0000    0.0000    0.0006    0.0000    0.0000    0.0000  49.00
  50.00    1.2269E+37   -0.0006   -0.0011    0.0000   -0.0000    0.0000    0.0006    0.0000    0.0000    0.0000  50.00
  51.00    7.7488E+36    0.0001    0.0003    0.0000   -0.0000    0.0000    0.0006    0.0000    0.0000    0.0000  51.00
  52.00    1.4514E+37    0.0006    0.0012    0.0000   -0.0000    0.0000    0.0006    0.0000    0.0000    0.0000  52.00
  53.00    3.0299E+37    0.0005    0.0009    0.0000   -0.0000    0.0000    0.0006    0.0000    0.0000    0.0000  53.00
  54.00    5.0553E+37    0.0003    0.0006    0.0000   -0.0000    0.0000    0.0006    0.0000    0.0000    0.0000  54.00
  55.00    6.9684E+37    0.0002    0.0004    0.0000   -0.0000    0.0000    0.0006    0.0000    0.0000    0.0000  55.00
  56.00    8.2538E+37    0.0001    0.0002    0.0000   -0.0000    0.0000    0.0006    0.0000    0.0000    0.0000  56.00
  57.00    8.5739E+37    0.0000    0.0000    0.0000   -0.0000    0.0000    0.0006    0.0000    0.0000    0.0000  57.00
  58.00    7.8520E+37   -0.0001   -0.0002    0.0000   -0.0000   -0.0000    0.0006    0.0000    0.0000    0.0000  58.00
  59.00    6.2875E+37   -0.0002   -0.0004    0.0000   -0.0000    0.0000    0.0006    0.0000    0.0000    0.0000  59.00
  60.00    4.2969E+37   -0.0003   -0.0006    0.0000   -0.0000    0.0000    0.0006    0.0000    0.0000    0.0000  60.00
0Tot-sig   7.6673E+38
1Inelastic  10Be(d,p)11Be Ex=1.60 AK UNB LMAX15 RMAX20 V10                 0/00/00
    THETA  36                               37                               38                               39   THETA cos(theta)
     0.00  |++++++++++++++++++++++++++++++++|++++++++++++++++++++++++++++++++|++++*+++++++++++++++++++++++++++|+    0.00    1.0000
     1.00  +                                                                        *                          +    1.00    0.9998
     2.00  +                                                                             *                     +    2.00    0.9994
     3.00  +                                                                                  *                +    3.00    0.9986
     4.00  +                                                                                      *            +    4.00    0.9976
     5.00  +                                                                                         *         +    5.00    0.9962
     6.00  +                                                                                          *        +    6.00    0.9945
     7.00  +                                                                                          *        +    7.00    0.9925
     8.00  +                                                                                          *        +    8.00    0.9903
     9.00  +                                                                                       *           +    9.00    0.9877
    10.00  +                                                                                    *              +   10.00    0.9848
    11.00  +                                                                              *                    +   11.00    0.9816
    12.00  +                                                                       *                           +   12.00    0.9781
    13.00  +                                                            *                                      +   13.00    0.9744
    14.00  +                                                *                                                  +   14.00    0.9703
    15.00  +                                             *                                                     +   15.00    0.9659
    16.00  +                                                        *                                          +   16.00    0.9613
    17.00  +                                                                 *                                 +   17.00    0.9563
    18.00  +                                                                      *                            +   18.00    0.9511
    19.00  +                                                                          *                        +   19.00    0.9455
    20.00  +                                                                           *                       +   20.00    0.9397
    21.00  +                                                                           *                       +   21.00    0.9336
    22.00  +                                                                         *                         +   22.00    0.9272
    23.00  +                                                                     *                             +   23.00    0.9205
    24.00  +                                                               *                                   +   24.00    0.9135
    25.00  +                                                      *                                            +   25.00    0.9063
    26.00  +                                          *                                                        +   26.00    0.8988
    27.00  +                                    *                                                              +   27.00    0.8910
    28.00  +                                              *                                                    +   28.00    0.8829
    29.00  +                                                        *                                          +   29.00    0.8746
    30.00  +                                                               *                                   +   30.00    0.8660
    31.00  +                                                                   *                               +   31.00    0.8572
    32.00  +                                                                     *                             +   32.00    0.8480
    33.00  +                                                                     *                             +   33.00    0.8387
    34.00  +                                                                   *                               +   34.00    0.8290
    35.00  +                                                                *                                  +   35.00    0.8192
    36.00  +                                                          *                                        +   36.00    0.8090
    37.00  +                                                 *                                                 +   37.00    0.7986
    38.00  +                                      *                                                            +   38.00    0.7880
    39.00  +                               *                                                                   +   39.00    0.7771
    40.00  +                                         *                                                         +   40.00    0.7660
    41.00  +                                                   *                                               +   41.00    0.7547
    42.00  +                                                          *                                        +   42.00    0.7431
    43.00  +                                                               *                                   +   43.00    0.7314
    44.00  +                                                                 *                                 +   44.00    0.7193
    45.00  +                                                                 *                                 +   45.00    0.7071
    46.00  +                                                                *                                  +   46.00    0.6947
    47.00  +                                                             *                                     +   47.00    0.6820
    48.00  +                                                       *                                           +   48.00    0.6691
    49.00  +                                              *                                                    +   49.00    0.6561
    50.00  +                                   *                                                               +   50.00    0.6428
    51.00  +                            *                                                                      +   51.00    0.6293
    52.00  +                                     *                                                             +   52.00    0.6157
    53.00  +                                                *                                                  +   53.00    0.6018
    54.00  +                                                       *                                           +   54.00    0.5878
    55.00  +                                                            *                                      +   55.00    0.5736
    56.00  +                                                              *                                    +   56.00    0.5592
    57.00  +                                                               *                                   +   57.00    0.5446
    58.00  +                                                              *                                    +   58.00    0.5299
    59.00  +                                                          *                                        +   59.00    0.5150
    60.00  |++++++++++++++++++++++++++++++++|++++++++++++++++++++*+++++++++++|++++++++++++++++++++++++++++++++|+   60.00    0.5000
    THETA  36                               37                               38                               39   THETA cos(theta)
1DWUCK4-DISTORTED WAVES U.COLORADO- PC-VERSION  12/Jan /1995
 Elapsed time in seconds =   0.00
 Elapsed time in seconds =   0.00
0CONTROL INTEGERS
  1 2 3 4 5 6 7 8 9 A B C D E F G H I J K    RUN IDENTIFICATION                                             0/00/00   0.00.00
  1 0 1 1 0 0 0 0 3 0 0 0 0 0 0 0 0 0 0 0    10Be(d,p)11Be Ex=1.80 AK UNB LMAX15 RMAX20 V10              
 10Be(d,p)11Be Ex=1.80 AK UNB LMAX15 RMAX20 V10              
 Adwck4 entered
0ANGLE DATA          THETN=  61.0000   THET1=   0.0000   DTHET=   1.0000   A-ANG=   0.0000   B-ANG=   0.0000
0CARD SET 3 DATA     LMAX =  15          LTR=   1
                     NLTR =   1        2*JTR=   3
0CARD SET 4 DATA     DRF  =   0.1000   RZ   =   0.0000   RMAX = -20.0000   VCE  =   0.0000   FNRNG=   0.0000
                     AMASS=   0.8000
 PARTICLE DATA 
0PARTICLE 1*******************************************************************************************************************
 INPUT DATA          ELAB =  17.4000   RC0  =   1.3030   AC   =   0.0000   2*STR=   2.0000
                     MASSP=   2.0000   MASST=  10.0000   Q    =   0.0000
                     ZP   =   1.0000   ZT   =   4.0000   PNLOC=   2.0000
 
 DERIVED DATA        ECM  =  14.5000   RC   =   2.8072   RHO  =   3.0186
                     K    =   1.0753   ETA  =   0.2136   DR   =   0.0080
0POTENTIAL PARAMETERS
 NX=1 VOLUME  W-S    V RL = -88.7440   R0RL =   1.1480   A RL =   0.7460   R RL =   2.4733   VSOR =   0.0000
                     V IM =  -2.1860   R0IM =   1.3510   A IM =   0.6400   R IM =   2.9106   VSOI =   0.0000   POWR =   0.0000
 NX=2 SURFACE W-S    V RL =   0.0000   R0RL =   0.0000   A RL =   0.0000   R RL =   0.0000   VSOR =   0.0000
                     V IM =  27.3930   R0IM =   1.4050   A IM =   0.6650   R IM =   3.0270   VSOI =   0.0000   POWR =   0.0000
 NX=4 L*S VOLUME     V RL = -14.2280   R0RL =   0.9720   A RL =   1.0110   R RL =   2.0941   VSOR =   0.0000
                     V IM =   0.0000   R0IM =   0.0000   A IM =   0.0000   R IM =   0.0000   VSOI =   0.0000   POWR =   0.0000
0PARTICLE 2*******************************************************************************************************************
 INPUT DATA          ELAB =  11.9771   RC0  =   1.5780   AC   =   0.0000   2*STR=   1.0000
                     MASSP=   1.0000   MASST=  11.0000   Q    =  -3.5210
                     ZP   =   1.0000   ZT   =   4.0000   PNLOC=   1.0000
 
 DERIVED DATA        ECM  =  10.9790   RC   =   3.5094   RHO  =   2.4353
                     K    =   0.6939   ETA  =   0.1820   DR   =   0.0073
0POTENTIAL PARAMETERS
 NX=1 VOLUME  W-S    V RL = -56.2800   R0RL =   1.1220   A RL =   0.6760   R RL =   2.4953   VSOR =   0.0000
                     V IM =  -1.1170   R0IM =   1.1220   A IM =   0.6760   R IM =   2.4953   VSOI =   0.0000   POWR =   0.0000
 NX=2 SURFACE W-S    V RL =   0.0000   R0RL =   0.0000   A RL =   0.0000   R RL =   0.0000   VSOR =   0.0000
                     V IM =  20.7710   R0IM =   1.3070   A IM =   0.5240   R IM =   2.9067   VSOI =   0.0000   POWR =   0.0000
 NX=4 L*S VOLUME     V RL = -21.8760   R0RL =   0.8940   A RL =   0.5900   R RL =   1.9882   VSOR =   0.0000
                     V IM =   0.8640   R0IM =   0.8940   A IM =   0.5900   R IM =   1.9882   VSOI =   0.0000   POWR =   0.0000
110Be(d,p)11Be Ex=1.80 AK UNB LMAX15 RMAX20 V10                 0/ 0/ 0
0FORM FACTOR DATA 
0PARTICLE 3*******************************************************************************************************************
 INPUT DATA          ELAB =   1.2960   RC0  =   1.3000   AC   =   0.0000   2*STR=   1.0000
                     MASSP=   1.0000   MASST=  10.0000   Q    =   1.2960
                     ZP   =   0.0000   ZT   =   4.0000   PNLOC=   1.0000
 
 DERIVED DATA        ECM  =   1.2960   RC   =   2.8008   RHO  =   0.6650
                     K    =   0.2374   ETA  =   0.0000   DR   =   0.0080
0POTENTIAL PARAMETERS
 NX=1 VOLUME  W-S    V RL =   1.0000   R0RL =   1.2500   A RL =   0.6500   R RL =   2.6930   VSOR =  24.0000
                     V IM =   1.1000   R0IM =   0.6500   A IM =   0.0000   R IM =   1.4004   VSOI =   0.0000   POWR =   0.0000
 
                     NODES=   0.0000   L    =   1.0000   2*J  =   3.0000   2*S  =   1.0000   FISW =   2.0000
 
                     COSD =  1.0000E+00               SIND = -2.6500E-03
                     V    =  28.3480   DET  =   0.0000   NODES=   0.0000   RM   =   2.6930   E    =   1.2960   ITER.=   0
0Non-locality correction is applied, parameter =   2.000
0Non-locality correction is applied, parameter =   1.000
0*****  Warning *****  LMAX too large for reliable calculation of unbound stripping or coulomb excitation cases.  Increase RMAX 
0                    LMAX =  15        NSTEP= 200        NLTR =   1
 Bdwck4 entered
   Subroutine INTEG  entered
0REACSIG 1   1.11469E+01                                             REACSIG 2   1.38214E+00
   Subroutine RADINT entered
110Be(d,p)11Be Ex=1.80 AK UNB LMAX15 RMAX20 V10                 0/00/00
0BASIC DATA          DR   =   0.1000   RMIN =   0.0000   RMAX =  20.0000   COUEX=   0.0000     IS1=   1.0000
                     FNRNG=   0.0000   PNLC1=   2.0000   PNLC2=   1.0000   PNLC3=   1.0000     IS2=   0.5000
 ANG MOM TRANSFER    LTR  =   1.       2*JTR=   3.       2*STR=   1.       Q    =  -3.5210
   Subroutine INSIG  entered
0 Theta Inelsig,fm**2      Polz       Asy       Ayy       A22       A21       A20       T22       T21       T20  Theta
   0.00    7.8653E+38    0.0000    0.0000    0.0000    0.0000    0.0000    0.0006    0.0000    0.0000    0.0000   0.00
   1.00    9.1464E+38    0.0004    0.0008    0.0000   -0.0000    0.0000    0.0006    0.0000    0.0000    0.0000   1.00
   2.00    1.2719E+39    0.0005    0.0011    0.0000   -0.0000    0.0000    0.0006    0.0000    0.0000    0.0000   2.00
   3.00    1.7826E+39    0.0005    0.0010    0.0000   -0.0000    0.0000    0.0006    0.0000    0.0000    0.0000   3.00
   4.00    2.3388E+39    0.0004    0.0009    0.0000   -0.0000    0.0000    0.0006    0.0000    0.0000    0.0000   4.00
   5.00    2.8228E+39    0.0003    0.0007    0.0000   -0.0000    0.0000    0.0006    0.0000    0.0000    0.0000   5.00
   6.00    3.1316E+39    0.0003    0.0005    0.0000   -0.0000    0.0000    0.0006    0.0000    0.0000    0.0000   6.00
   7.00    3.1982E+39    0.0002    0.0003    0.0000   -0.0000    0.0000    0.0006    0.0000    0.0000    0.0000   7.00
   8.00    3.0046E+39    0.0001    0.0002    0.0000   -0.0000    0.0000    0.0006    0.0000    0.0000    0.0000   8.00
   9.00    2.5837E+39    0.0000    0.0000    0.0000   -0.0000    0.0000    0.0006    0.0000    0.0000    0.0000   9.00
  10.00    2.0116E+39   -0.0001   -0.0001    0.0000   -0.0000    0.0000    0.0006    0.0000    0.0000    0.0000  10.00
  11.00    1.3897E+39   -0.0002   -0.0004    0.0000   -0.0000    0.0000    0.0006    0.0000    0.0000    0.0000  11.00
  12.00    8.2306E+38   -0.0003   -0.0006    0.0000   -0.0000    0.0000    0.0006    0.0000    0.0000    0.0000  12.00
  13.00    3.9873E+38   -0.0005   -0.0010    0.0000   -0.0000   -0.0000    0.0006    0.0000    0.0000    0.0000  13.00
  14.00    1.6859E+38   -0.0005   -0.0009    0.0000   -0.0000   -0.0000    0.0006    0.0000    0.0000    0.0000  14.00
  15.00    1.4114E+38    0.0003    0.0007    0.0000   -0.0000    0.0000    0.0006    0.0000    0.0000    0.0000  15.00
  16.00    2.8273E+38    0.0005    0.0011    0.0000   -0.0000    0.0000    0.0006    0.0000    0.0000    0.0000  16.00
  17.00    5.2805E+38    0.0004    0.0008    0.0000   -0.0000    0.0000    0.0006    0.0000    0.0000    0.0000  17.00
  18.00    7.9687E+38    0.0003    0.0006    0.0000   -0.0000    0.0000    0.0006    0.0000    0.0000    0.0000  18.00
  19.00    1.0129E+39    0.0002    0.0004    0.0000   -0.0000    0.0000    0.0006    0.0000    0.0000    0.0000  19.00
  20.00    1.1205E+39    0.0001    0.0002    0.0000   -0.0000    0.0000    0.0006    0.0000    0.0000    0.0000  20.00
  21.00    1.0958E+39    0.0000    0.0000    0.0000   -0.0000    0.0000    0.0006    0.0000    0.0000    0.0000  21.00
  22.00    9.4910E+38   -0.0001   -0.0002    0.0000   -0.0000    0.0000    0.0006    0.0000    0.0000    0.0000  22.00
  23.00    7.2019E+38   -0.0002   -0.0004    0.0000   -0.0000    0.0000    0.0006    0.0000    0.0000    0.0000  23.00
  24.00    4.6613E+38   -0.0003   -0.0006    0.0000   -0.0000   -0.0000    0.0006    0.0000    0.0000    0.0000  24.00
  25.00    2.4639E+38   -0.0005   -0.0009    0.0000   -0.0000   -0.0000    0.0006    0.0000    0.0000    0.0000  25.00
  26.00    1.0817E+38   -0.0005   -0.0010    0.0000   -0.0000    0.0000    0.0006    0.0000    0.0000    0.0000  26.00
  27.00    7.5667E+37    0.0002    0.0004    0.0000   -0.0000    0.0000    0.0006    0.0000    0.0000    0.0000  27.00
  28.00    1.4561E+38    0.0006    0.0011    0.0000   -0.0000    0.0000    0.0006    0.0000    0.0000    0.0000  28.00
  29.00    2.8971E+38    0.0004    0.0009    0.0000   -0.0000    0.0000    0.0006    0.0000    0.0000    0.0000  29.00
  30.00    4.6319E+38    0.0003    0.0006    0.0000   -0.0000    0.0000    0.0006    0.0000    0.0000    0.0000  30.00
  31.00    6.1681E+38    0.0002    0.0004    0.0000   -0.0000    0.0000    0.0006    0.0000    0.0000    0.0000  31.00
  32.00    7.0937E+38    0.0001    0.0002    0.0000   -0.0000    0.0000    0.0006    0.0000    0.0000    0.0000  32.00
  33.00    7.1764E+38    0.0000    0.0000    0.0000   -0.0000    0.0000    0.0006    0.0000    0.0000    0.0000  33.00
  34.00    6.4115E+38   -0.0001   -0.0002    0.0000   -0.0000    0.0000    0.0006    0.0000    0.0000    0.0000  34.00
  35.00    5.0119E+38   -0.0002   -0.0004    0.0000   -0.0000   -0.0000    0.0006    0.0000    0.0000    0.0000  35.00
  36.00    3.3433E+38   -0.0003   -0.0006    0.0000   -0.0000   -0.0000    0.0006    0.0000    0.0000    0.0000  36.00
  37.00    1.8241E+38   -0.0004   -0.0009    0.0000   -0.0000   -0.0000    0.0006    0.0000    0.0000    0.0000  37.00
  38.00    8.1677E+37   -0.0005   -0.0010    0.0000   -0.0000    0.0000    0.0006    0.0000    0.0000    0.0000  38.00
  39.00    5.3753E+37    0.0002    0.0003    0.0000   -0.0000    0.0000    0.0006    0.0000    0.0000    0.0000  39.00
  40.00    1.0077E+38    0.0006    0.0011    0.0000   -0.0000    0.0000    0.0006    0.0000    0.0000    0.0000  40.00
  41.00    2.0560E+38    0.0004    0.0009    0.0000   -0.0000    0.0000    0.0006    0.0000    0.0000    0.0000  41.00
  42.00    3.3701E+38    0.0003    0.0006    0.0000   -0.0000    0.0000    0.0006    0.0000    0.0000    0.0000  42.00
  43.00    4.5823E+38    0.0002    0.0004    0.0000   -0.0000    0.0000    0.0006    0.0000    0.0000    0.0000  43.00
  44.00    5.3659E+38    0.0001    0.0002    0.0000   -0.0000    0.0000    0.0006    0.0000    0.0000    0.0000  44.00
  45.00    5.5176E+38    0.0000    0.0000    0.0000   -0.0000    0.0000    0.0006    0.0000    0.0000    0.0000  45.00
  46.00    5.0058E+38   -0.0001   -0.0002    0.0000   -0.0000    0.0000    0.0006    0.0000    0.0000    0.0000  46.00
  47.00    3.9728E+38   -0.0002   -0.0003    0.0000   -0.0000   -0.0000    0.0006    0.0000    0.0000    0.0000  47.00
  48.00    2.6922E+38   -0.0003   -0.0006    0.0000   -0.0000   -0.0000    0.0006    0.0000    0.0000    0.0000  48.00
  49.00    1.4939E+38   -0.0004   -0.0009    0.0000   -0.0000    0.0000    0.0006    0.0000    0.0000    0.0000  49.00
  50.00    6.7687E+37   -0.0005   -0.0010    0.0000   -0.0000    0.0000    0.0006    0.0000    0.0000    0.0000  50.00
  51.00    4.3260E+37    0.0001    0.0003    0.0000   -0.0000    0.0000    0.0006    0.0000    0.0000    0.0000  51.00
  52.00    7.9825E+37    0.0006    0.0011    0.0000   -0.0000    0.0000    0.0006    0.0000    0.0000    0.0000  52.00
  53.00    1.6514E+38    0.0004    0.0009    0.0000   -0.0000    0.0000    0.0006    0.0000    0.0000    0.0000  53.00
  54.00    2.7460E+38    0.0003    0.0006    0.0000   -0.0000    0.0000    0.0006    0.0000    0.0000    0.0000  54.00
  55.00    3.7798E+38    0.0002    0.0004    0.0000   -0.0000    0.0000    0.0006    0.0000    0.0000    0.0000  55.00
  56.00    4.4743E+38    0.0001    0.0002    0.0000   -0.0000    0.0000    0.0006    0.0000    0.0000    0.0000  56.00
  57.00    4.6469E+38    0.0000    0.0000    0.0000   -0.0000    0.0000    0.0006    0.0000    0.0000    0.0000  57.00
  58.00    4.2564E+38   -0.0001   -0.0002    0.0000   -0.0000   -0.0000    0.0006    0.0000    0.0000    0.0000  58.00
  59.00    3.4106E+38   -0.0002   -0.0003    0.0000   -0.0000    0.0000    0.0006    0.0000    0.0000    0.0000  59.00
  60.00    2.3345E+38   -0.0003   -0.0006    0.0000   -0.0000    0.0000    0.0006    0.0000    0.0000    0.0000  60.00
0Tot-sig   4.1650E+39
1Inelastic  10Be(d,p)11Be Ex=1.80 AK UNB LMAX15 RMAX20 V10                 0/00/00
    THETA  37                               38                               39                               40   THETA cos(theta)
     0.00  |++++++++++++++++++++++++++++++++|+++++++++++++++++++++++++++++*++|++++++++++++++++++++++++++++++++|+    0.00    1.0000
     1.00  +                                                                *                                  +    1.00    0.9998
     2.00  +                                                                    *                              +    2.00    0.9994
     3.00  +                                                                         *                         +    3.00    0.9986
     4.00  +                                                                             *                     +    4.00    0.9976
     5.00  +                                                                                *                  +    5.00    0.9962
     6.00  +                                                                                 *                 +    6.00    0.9945
     7.00  +                                                                                  *                +    7.00    0.9925
     8.00  +                                                                                 *                 +    8.00    0.9903
     9.00  +                                                                               *                   +    9.00    0.9877
    10.00  +                                                                           *                       +   10.00    0.9848
    11.00  +                                                                      *                            +   11.00    0.9816
    12.00  +                                                              *                                    +   12.00    0.9781
    13.00  +                                                    *                                              +   13.00    0.9744
    14.00  +                                       *                                                           +   14.00    0.9703
    15.00  +                                     *                                                             +   15.00    0.9659
    16.00  +                                               *                                                   +   16.00    0.9613
    17.00  +                                                        *                                          +   17.00    0.9563
    18.00  +                                                              *                                    +   18.00    0.9511
    19.00  +                                                                 *                                 +   19.00    0.9455
    20.00  +                                                                   *                               +   20.00    0.9397
    21.00  +                                                                  *                                +   21.00    0.9336
    22.00  +                                                                *                                  +   22.00    0.9272
    23.00  +                                                            *                                      +   23.00    0.9205
    24.00  +                                                      *                                            +   24.00    0.9135
    25.00  +                                             *                                                     +   25.00    0.9063
    26.00  +                                 *                                                                 +   26.00    0.8988
    27.00  +                            *                                                                      +   27.00    0.8910
    28.00  +                                     *                                                             +   28.00    0.8829
    29.00  +                                               *                                                   +   29.00    0.8746
    30.00  +                                                      *                                            +   30.00    0.8660
    31.00  +                                                          *                                        +   31.00    0.8572
    32.00  +                                                            *                                      +   32.00    0.8480
    33.00  +                                                            *                                      +   33.00    0.8387
    34.00  +                                                           *                                       +   34.00    0.8290
    35.00  +                                                       *                                           +   35.00    0.8192
    36.00  +                                                 *                                                 +   36.00    0.8090
    37.00  +                                         *                                                         +   37.00    0.7986
    38.00  +                             *                                                                     +   38.00    0.7880
    39.00  +                       *                                                                           +   39.00    0.7771
    40.00  +                                *                                                                  +   40.00    0.7660
    41.00  +                                          *                                                        +   41.00    0.7547
    42.00  +                                                 *                                                 +   42.00    0.7431
    43.00  +                                                      *                                            +   43.00    0.7314
    44.00  +                                                        *                                          +   44.00    0.7193
    45.00  +                                                        *                                          +   45.00    0.7071
    46.00  +                                                       *                                           +   46.00    0.6947
    47.00  +                                                    *                                              +   47.00    0.6820
    48.00  +                                              *                                                    +   48.00    0.6691
    49.00  +                                      *                                                            +   49.00    0.6561
    50.00  +                          *                                                                        +   50.00    0.6428
    51.00  +                    *                                                                              +   51.00    0.6293
    52.00  +                             *                                                                     +   52.00    0.6157
    53.00  +                                       *                                                           +   53.00    0.6018
    54.00  +                                              *                                                    +   54.00    0.5878
    55.00  +                                                   *                                               +   55.00    0.5736
    56.00  +                                                     *                                             +   56.00    0.5592
    57.00  +                                                      *                                            +   57.00    0.5446
    58.00  +                                                     *                                             +   58.00    0.5299
    59.00  +                                                  *                                                +   59.00    0.5150
    60.00  |++++++++++++++++++++++++++++++++|+++++++++++*++++++++++++++++++++|++++++++++++++++++++++++++++++++|+   60.00    0.5000
    THETA  37                               38                               39                               40   THETA cos(theta)
1DWUCK4-DISTORTED WAVES U.COLORADO- PC-VERSION  12/Jan /1995
 Elapsed time in seconds =   0.00
 Elapsed time in seconds =   0.00
0CONTROL INTEGERS
  1 2 3 4 5 6 7 8 9 A B C D E F G H I J K    RUN IDENTIFICATION                                             0/00/00   0.00.00
  1 0 1 1 0 0 0 0 3 0 0 0 0 0 0 0 0 0 0 0    10Be(d,p)11Be Ex=2.00 AK UNB LMAX15 RMAX20 V10              
 10Be(d,p)11Be Ex=2.00 AK UNB LMAX15 RMAX20 V10              
 Adwck4 entered
0ANGLE DATA          THETN=  61.0000   THET1=   0.0000   DTHET=   1.0000   A-ANG=   0.0000   B-ANG=   0.0000
0CARD SET 3 DATA     LMAX =  15          LTR=   1
                     NLTR =   1        2*JTR=   3
0CARD SET 4 DATA     DRF  =   0.1000   RZ   =   0.0000   RMAX = -20.0000   VCE  =   0.0000   FNRNG=   0.0000
                     AMASS=   0.8000
 PARTICLE DATA 
0PARTICLE 1*******************************************************************************************************************
 INPUT DATA          ELAB =  17.4000   RC0  =   1.3030   AC   =   0.0000   2*STR=   2.0000
                     MASSP=   2.0000   MASST=  10.0000   Q    =   0.0000
                     ZP   =   1.0000   ZT   =   4.0000   PNLOC=   2.0000
 
 DERIVED DATA        ECM  =  14.5000   RC   =   2.8072   RHO  =   3.0186
                     K    =   1.0753   ETA  =   0.2136   DR   =   0.0080
0POTENTIAL PARAMETERS
 NX=1 VOLUME  W-S    V RL = -88.7440   R0RL =   1.1480   A RL =   0.7460   R RL =   2.4733   VSOR =   0.0000
                     V IM =  -2.1860   R0IM =   1.3510   A IM =   0.6400   R IM =   2.9106   VSOI =   0.0000   POWR =   0.0000
 NX=2 SURFACE W-S    V RL =   0.0000   R0RL =   0.0000   A RL =   0.0000   R RL =   0.0000   VSOR =   0.0000
                     V IM =  27.3930   R0IM =   1.4050   A IM =   0.6650   R IM =   3.0270   VSOI =   0.0000   POWR =   0.0000
 NX=4 L*S VOLUME     V RL = -14.2280   R0RL =   0.9720   A RL =   1.0110   R RL =   2.0941   VSOR =   0.0000
                     V IM =   0.0000   R0IM =   0.0000   A IM =   0.0000   R IM =   0.0000   VSOI =   0.0000   POWR =   0.0000
0PARTICLE 2*******************************************************************************************************************
 INPUT DATA          ELAB =  11.7589   RC0  =   1.5780   AC   =   0.0000   2*STR=   1.0000
                     MASSP=   1.0000   MASST=  11.0000   Q    =  -3.7210
                     ZP   =   1.0000   ZT   =   4.0000   PNLOC=   1.0000
 
 DERIVED DATA        ECM  =  10.7790   RC   =   3.5094   RHO  =   2.4130
                     K    =   0.6876   ETA  =   0.1837   DR   =   0.0073
0POTENTIAL PARAMETERS
 NX=1 VOLUME  W-S    V RL = -56.2800   R0RL =   1.1220   A RL =   0.6760   R RL =   2.4953   VSOR =   0.0000
                     V IM =  -1.1170   R0IM =   1.1220   A IM =   0.6760   R IM =   2.4953   VSOI =   0.0000   POWR =   0.0000
 NX=2 SURFACE W-S    V RL =   0.0000   R0RL =   0.0000   A RL =   0.0000   R RL =   0.0000   VSOR =   0.0000
                     V IM =  20.7710   R0IM =   1.3070   A IM =   0.5240   R IM =   2.9067   VSOI =   0.0000   POWR =   0.0000
 NX=4 L*S VOLUME     V RL = -21.8760   R0RL =   0.8940   A RL =   0.5900   R RL =   1.9882   VSOR =   0.0000
                     V IM =   0.8640   R0IM =   0.8940   A IM =   0.5900   R IM =   1.9882   VSOI =   0.0000   POWR =   0.0000
110Be(d,p)11Be Ex=2.00 AK UNB LMAX15 RMAX20 V10                 0/ 0/ 0
0FORM FACTOR DATA 
0PARTICLE 3*******************************************************************************************************************
 INPUT DATA          ELAB =   1.4960   RC0  =   1.3000   AC   =   0.0000   2*STR=   1.0000
                     MASSP=   1.0000   MASST=  10.0000   Q    =   1.4960
                     ZP   =   0.0000   ZT   =   4.0000   PNLOC=   1.0000
 
 DERIVED DATA        ECM  =   1.4960   RC   =   2.8008   RHO  =   0.7144
                     K    =   0.2551   ETA  =   0.0000   DR   =   0.0080
0POTENTIAL PARAMETERS
 NX=1 VOLUME  W-S    V RL =   1.0000   R0RL =   1.2500   A RL =   0.6500   R RL =   2.6930   VSOR =  24.0000
                     V IM =   1.1000   R0IM =   0.6500   A IM =   0.0000   R IM =   1.4004   VSOI =   0.0000   POWR =   0.0000
 
                     NODES=   0.0000   L    =   1.0000   2*J  =   3.0000   2*S  =   1.0000   FISW =   2.0000
 
                     COSD =  9.9999E-01               SIND = -3.2713E-03
                     V    =  28.3480   DET  =   0.0000   NODES=   0.0000   RM   =   2.6930   E    =   1.4960   ITER.=   0
0Non-locality correction is applied, parameter =   2.000
0Non-locality correction is applied, parameter =   1.000
0*****  Warning *****  LMAX too large for reliable calculation of unbound stripping or coulomb excitation cases.  Increase RMAX 
0                    LMAX =  15        NSTEP= 200        NLTR =   1
 Bdwck4 entered
   Subroutine INTEG  entered
0REACSIG 1   1.11469E+01                                             REACSIG 2   1.38175E+00
   Subroutine RADINT entered
110Be(d,p)11Be Ex=2.00 AK UNB LMAX15 RMAX20 V10                 0/00/00
0BASIC DATA          DR   =   0.1000   RMIN =   0.0000   RMAX =  20.0000   COUEX=   0.0000     IS1=   1.0000
                     FNRNG=   0.0000   PNLC1=   2.0000   PNLC2=   1.0000   PNLC3=   1.0000     IS2=   0.5000
 ANG MOM TRANSFER    LTR  =   1.       2*JTR=   3.       2*STR=   1.       Q    =  -3.7210
   Subroutine INSIG  entered
0 Theta Inelsig,fm**2      Polz       Asy       Ayy       A22       A21       A20       T22       T21       T20  Theta
   0.00    6.8361E+39    0.0000    0.0000    0.0000    0.0000    0.0000    0.0006    0.0000    0.0000    0.0000   0.00
   1.00    7.9114E+39    0.0004    0.0008    0.0000   -0.0000    0.0000    0.0006    0.0000    0.0000    0.0000   1.00
   2.00    1.0909E+40    0.0005    0.0010    0.0000   -0.0000    0.0000    0.0006    0.0000    0.0000    0.0000   2.00
   3.00    1.5194E+40    0.0005    0.0010    0.0000   -0.0000    0.0000    0.0006    0.0000    0.0000    0.0000   3.00
   4.00    1.9858E+40    0.0004    0.0008    0.0000   -0.0000    0.0000    0.0006    0.0000    0.0000    0.0000   4.00
   5.00    2.3911E+40    0.0003    0.0006    0.0000   -0.0000    0.0000    0.0006    0.0000    0.0000    0.0000   5.00
   6.00    2.6489E+40    0.0002    0.0005    0.0000   -0.0000    0.0000    0.0006    0.0000    0.0000    0.0000   6.00
   7.00    2.7029E+40    0.0002    0.0003    0.0000   -0.0000    0.0000    0.0006    0.0000    0.0000    0.0000   7.00
   8.00    2.5379E+40    0.0001    0.0002    0.0000   -0.0000    0.0000    0.0006    0.0000    0.0000    0.0000   8.00
   9.00    2.1819E+40    0.0000    0.0000    0.0000   -0.0000    0.0000    0.0006    0.0000    0.0000    0.0000   9.00
  10.00    1.6990E+40   -0.0001   -0.0001    0.0000   -0.0000    0.0000    0.0006    0.0000    0.0000    0.0000  10.00
  11.00    1.1745E+40   -0.0002   -0.0003    0.0000   -0.0000    0.0000    0.0006    0.0000    0.0000    0.0000  11.00
  12.00    6.9690E+39   -0.0003   -0.0006    0.0000   -0.0000    0.0000    0.0006    0.0000    0.0000    0.0000  12.00
  13.00    3.3934E+39   -0.0004   -0.0009    0.0000   -0.0000   -0.0000    0.0006    0.0000    0.0000    0.0000  13.00
  14.00    1.4547E+39   -0.0004   -0.0009    0.0000   -0.0000   -0.0000    0.0006    0.0000    0.0000    0.0000  14.00
  15.00    1.2234E+39    0.0003    0.0006    0.0000   -0.0000    0.0000    0.0006    0.0000    0.0000    0.0000  15.00
  16.00    2.4155E+39    0.0005    0.0010    0.0000   -0.0000    0.0000    0.0006    0.0000    0.0000    0.0000  16.00
  17.00    4.4808E+39    0.0004    0.0008    0.0000   -0.0000    0.0000    0.0006    0.0000    0.0000    0.0000  17.00
  18.00    6.7431E+39    0.0003    0.0005    0.0000   -0.0000    0.0000    0.0006    0.0000    0.0000    0.0000  18.00
  19.00    8.5603E+39    0.0002    0.0003    0.0000   -0.0000    0.0000    0.0006    0.0000    0.0000    0.0000  19.00
  20.00    9.4644E+39    0.0001    0.0002    0.0000   -0.0000    0.0000    0.0006    0.0000    0.0000    0.0000  20.00
  21.00    9.2535E+39    0.0000    0.0000    0.0000   -0.0000    0.0000    0.0006    0.0000    0.0000    0.0000  21.00
  22.00    8.0163E+39   -0.0001   -0.0001    0.0000   -0.0000    0.0000    0.0006    0.0000    0.0000    0.0000  22.00
  23.00    6.0869E+39   -0.0002   -0.0003    0.0000   -0.0000    0.0000    0.0006    0.0000    0.0000    0.0000  23.00
  24.00    3.9463E+39   -0.0003   -0.0006    0.0000   -0.0000   -0.0000    0.0006    0.0000    0.0000    0.0000  24.00
  25.00    2.0951E+39   -0.0004   -0.0009    0.0000   -0.0000   -0.0000    0.0006    0.0000    0.0000    0.0000  25.00
  26.00    9.3084E+38   -0.0005   -0.0009    0.0000   -0.0000    0.0000    0.0006    0.0000    0.0000    0.0000  26.00
  27.00    6.5704E+38    0.0002    0.0004    0.0000   -0.0000    0.0000    0.0006    0.0000    0.0000    0.0000  27.00
  28.00    1.2459E+39    0.0005    0.0010    0.0000   -0.0000    0.0000    0.0006    0.0000    0.0000    0.0000  28.00
  29.00    2.4593E+39    0.0004    0.0008    0.0000   -0.0000    0.0000    0.0006    0.0000    0.0000    0.0000  29.00
  30.00    3.9198E+39    0.0003    0.0005    0.0000   -0.0000    0.0000    0.0006    0.0000    0.0000    0.0000  30.00
  31.00    5.2128E+39    0.0002    0.0003    0.0000   -0.0000    0.0000    0.0006    0.0000    0.0000    0.0000  31.00
  32.00    5.9915E+39    0.0001    0.0002    0.0000   -0.0000    0.0000    0.0006    0.0000    0.0000    0.0000  32.00
  33.00    6.0603E+39    0.0000    0.0000    0.0000   -0.0000    0.0000    0.0006    0.0000    0.0000    0.0000  33.00
  34.00    5.4153E+39   -0.0001   -0.0001    0.0000   -0.0000    0.0000    0.0006    0.0000    0.0000    0.0000  34.00
  35.00    4.2359E+39   -0.0002   -0.0003    0.0000   -0.0000    0.0000    0.0006    0.0000    0.0000    0.0000  35.00
  36.00    2.8303E+39   -0.0003   -0.0006    0.0000   -0.0000   -0.0000    0.0006    0.0000    0.0000    0.0000  36.00
  37.00    1.5507E+39   -0.0004   -0.0008    0.0000   -0.0000   -0.0000    0.0006    0.0000    0.0000    0.0000  37.00
  38.00    7.0218E+38   -0.0005   -0.0010    0.0000   -0.0000    0.0000    0.0006    0.0000    0.0000    0.0000  38.00
  39.00    4.6696E+38    0.0001    0.0003    0.0000   -0.0000    0.0000    0.0006    0.0000    0.0000    0.0000  39.00
  40.00    8.6282E+38    0.0005    0.0010    0.0000   -0.0000    0.0000    0.0006    0.0000    0.0000    0.0000  40.00
  41.00    1.7455E+39    0.0004    0.0008    0.0000   -0.0000    0.0000    0.0006    0.0000    0.0000    0.0000  41.00
  42.00    2.8520E+39    0.0003    0.0006    0.0000   -0.0000    0.0000    0.0006    0.0000    0.0000    0.0000  42.00
  43.00    3.8725E+39    0.0002    0.0003    0.0000   -0.0000    0.0000    0.0006    0.0000    0.0000    0.0000  43.00
  44.00    4.5320E+39    0.0001    0.0002    0.0000   -0.0000    0.0000    0.0006    0.0000    0.0000    0.0000  44.00
  45.00    4.6593E+39    0.0000    0.0000    0.0000   -0.0000    0.0000    0.0006    0.0000    0.0000    0.0000  45.00
  46.00    4.2279E+39   -0.0001   -0.0001    0.0000   -0.0000    0.0000    0.0006    0.0000    0.0000    0.0000  46.00
  47.00    3.3577E+39   -0.0002   -0.0003    0.0000   -0.0000   -0.0000    0.0006    0.0000    0.0000    0.0000  47.00
  48.00    2.2790E+39   -0.0003   -0.0006    0.0000   -0.0000   -0.0000    0.0006    0.0000    0.0000    0.0000  48.00
  49.00    1.2697E+39   -0.0004   -0.0008    0.0000   -0.0000    0.0000    0.0006    0.0000    0.0000    0.0000  49.00
  50.00    5.8162E+38   -0.0005   -0.0010    0.0000   -0.0000    0.0000    0.0006    0.0000    0.0000    0.0000  50.00
  51.00    3.7586E+38    0.0001    0.0003    0.0000   -0.0000    0.0000    0.0006    0.0000    0.0000    0.0000  51.00
  52.00    6.8373E+38    0.0005    0.0011    0.0000   -0.0000    0.0000    0.0006    0.0000    0.0000    0.0000  52.00
  53.00    1.4021E+39    0.0004    0.0008    0.0000   -0.0000    0.0000    0.0006    0.0000    0.0000    0.0000  53.00
  54.00    2.3238E+39    0.0003    0.0006    0.0000   -0.0000    0.0000    0.0006    0.0000    0.0000    0.0000  54.00
  55.00    3.1942E+39    0.0002    0.0004    0.0000   -0.0000    0.0000    0.0006    0.0000    0.0000    0.0000  55.00
  56.00    3.7788E+39    0.0001    0.0002    0.0000   -0.0000    0.0000    0.0006    0.0000    0.0000    0.0000  56.00
  57.00    3.9240E+39    0.0000    0.0000    0.0000   -0.0000    0.0000    0.0006    0.0000    0.0000    0.0000  57.00
  58.00    3.5949E+39   -0.0001   -0.0001    0.0000   -0.0000   -0.0000    0.0006    0.0000    0.0000    0.0000  58.00
  59.00    2.8825E+39   -0.0002   -0.0003    0.0000   -0.0000    0.0000    0.0006    0.0000    0.0000    0.0000  59.00
  60.00    1.9761E+39   -0.0003   -0.0005    0.0000   -0.0000    0.0000    0.0006    0.0000    0.0000    0.0000  60.00
0Tot-sig   3.5248E+40
1Inelastic  10Be(d,p)11Be Ex=2.00 AK UNB LMAX15 RMAX20 V10                 0/00/00
    THETA  38                               39                               40                               41   THETA cos(theta)
     0.00  |++++++++++++++++++++++++++++++++|+++++++++++++++++++++++++++*++++|++++++++++++++++++++++++++++++++|+    0.00    1.0000
     1.00  +                                                              *                                    +    1.00    0.9998
     2.00  +                                                                  *                                +    2.00    0.9994
     3.00  +                                                                       *                           +    3.00    0.9986
     4.00  +                                                                           *                       +    4.00    0.9976
     5.00  +                                                                             *                     +    5.00    0.9962
     6.00  +                                                                               *                   +    6.00    0.9945
     7.00  +                                                                               *                   +    7.00    0.9925
     8.00  +                                                                              *                    +    8.00    0.9903
     9.00  +                                                                            *                      +    9.00    0.9877
    10.00  +                                                                         *                         +   10.00    0.9848
    11.00  +                                                                   *                               +   11.00    0.9816
    12.00  +                                                            *                                      +   12.00    0.9781
    13.00  +                                                  *                                                +   13.00    0.9744
    14.00  +                                     *                                                             +   14.00    0.9703
    15.00  +                                   *                                                               +   15.00    0.9659
    16.00  +                                             *                                                     +   16.00    0.9613
    17.00  +                                                     *                                             +   17.00    0.9563
    18.00  +                                                           *                                       +   18.00    0.9511
    19.00  +                                                               *                                   +   19.00    0.9455
    20.00  +                                                                *                                  +   20.00    0.9397
    21.00  +                                                                *                                  +   21.00    0.9336
    22.00  +                                                              *                                    +   22.00    0.9272
    23.00  +                                                          *                                        +   23.00    0.9205
    24.00  +                                                    *                                              +   24.00    0.9135
    25.00  +                                           *                                                       +   25.00    0.9063
    26.00  +                               *                                                                   +   26.00    0.8988
    27.00  +                          *                                                                        +   27.00    0.8910
    28.00  +                                   *                                                               +   28.00    0.8829
    29.00  +                                             *                                                     +   29.00    0.8746
    30.00  +                                                    *                                              +   30.00    0.8660
    31.00  +                                                        *                                          +   31.00    0.8572
    32.00  +                                                          *                                        +   32.00    0.8480
    33.00  +                                                          *                                        +   33.00    0.8387
    34.00  +                                                        *                                          +   34.00    0.8290
    35.00  +                                                     *                                             +   35.00    0.8192
    36.00  +                                               *                                                   +   36.00    0.8090
    37.00  +                                      *                                                            +   37.00    0.7986
    38.00  +                           *                                                                       +   38.00    0.7880
    39.00  +                     *                                                                             +   39.00    0.7771
    40.00  +                              *                                                                    +   40.00    0.7660
    41.00  +                                        *                                                          +   41.00    0.7547
    42.00  +                                               *                                                   +   42.00    0.7431
    43.00  +                                                   *                                               +   43.00    0.7314
    44.00  +                                                      *                                            +   44.00    0.7193
    45.00  +                                                      *                                            +   45.00    0.7071
    46.00  +                                                     *                                             +   46.00    0.6947
    47.00  +                                                 *                                                 +   47.00    0.6820
    48.00  +                                            *                                                      +   48.00    0.6691
    49.00  +                                   *                                                               +   49.00    0.6561
    50.00  +                        *                                                                          +   50.00    0.6428
    51.00  +                  *                                                                                +   51.00    0.6293
    52.00  +                           *                                                                       +   52.00    0.6157
    53.00  +                                     *                                                             +   53.00    0.6018
    54.00  +                                            *                                                      +   54.00    0.5878
    55.00  +                                                 *                                                 +   55.00    0.5736
    56.00  +                                                   *                                               +   56.00    0.5592
    57.00  +                                                    *                                              +   57.00    0.5446
    58.00  +                                                  *                                                +   58.00    0.5299
    59.00  +                                               *                                                   +   59.00    0.5150
    60.00  |++++++++++++++++++++++++++++++++|+++++++++*++++++++++++++++++++++|++++++++++++++++++++++++++++++++|+   60.00    0.5000
    THETA  38                               39                               40                               41   THETA cos(theta)
1DWUCK4-DISTORTED WAVES U.COLORADO- PC-VERSION  12/Jan /1995
 Elapsed time in seconds =   0.00
 Elapsed time in seconds =   0.00
0CONTROL INTEGERS
  1 2 3 4 5 6 7 8 9 A B C D E F G H I J K    RUN IDENTIFICATION                                             0/00/00   0.00.00
  1 0 1 1 0 0 0 0 3 0 0 0 0 0 0 0 0 0 0 0    10Be(d,p)11Be Ex=2.20 AK UNB LMAX15 RMAX20 V10              
 10Be(d,p)11Be Ex=2.20 AK UNB LMAX15 RMAX20 V10              
 Adwck4 entered
0ANGLE DATA          THETN=  61.0000   THET1=   0.0000   DTHET=   1.0000   A-ANG=   0.0000   B-ANG=   0.0000
0CARD SET 3 DATA     LMAX =  15          LTR=   1
                     NLTR =   1        2*JTR=   3
0CARD SET 4 DATA     DRF  =   0.1000   RZ   =   0.0000   RMAX = -20.0000   VCE  =   0.0000   FNRNG=   0.0000
                     AMASS=   0.8000
 PARTICLE DATA 
0PARTICLE 1*******************************************************************************************************************
 INPUT DATA          ELAB =  17.4000   RC0  =   1.3030   AC   =   0.0000   2*STR=   2.0000
                     MASSP=   2.0000   MASST=  10.0000   Q    =   0.0000
                     ZP   =   1.0000   ZT   =   4.0000   PNLOC=   2.0000
 
 DERIVED DATA        ECM  =  14.5000   RC   =   2.8072   RHO  =   3.0186
                     K    =   1.0753   ETA  =   0.2136   DR   =   0.0080
0POTENTIAL PARAMETERS
 NX=1 VOLUME  W-S    V RL = -88.7440   R0RL =   1.1480   A RL =   0.7460   R RL =   2.4733   VSOR =   0.0000
                     V IM =  -2.1860   R0IM =   1.3510   A IM =   0.6400   R IM =   2.9106   VSOI =   0.0000   POWR =   0.0000
 NX=2 SURFACE W-S    V RL =   0.0000   R0RL =   0.0000   A RL =   0.0000   R RL =   0.0000   VSOR =   0.0000
                     V IM =  27.3930   R0IM =   1.4050   A IM =   0.6650   R IM =   3.0270   VSOI =   0.0000   POWR =   0.0000
 NX=4 L*S VOLUME     V RL = -14.2280   R0RL =   0.9720   A RL =   1.0110   R RL =   2.0941   VSOR =   0.0000
                     V IM =   0.0000   R0IM =   0.0000   A IM =   0.0000   R IM =   0.0000   VSOI =   0.0000   POWR =   0.0000
0PARTICLE 2*******************************************************************************************************************
 INPUT DATA          ELAB =  11.5407   RC0  =   1.5780   AC   =   0.0000   2*STR=   1.0000
                     MASSP=   1.0000   MASST=  11.0000   Q    =  -3.9210
                     ZP   =   1.0000   ZT   =   4.0000   PNLOC=   1.0000
 
 DERIVED DATA        ECM  =  10.5790   RC   =   3.5094   RHO  =   2.3905
                     K    =   0.6812   ETA  =   0.1854   DR   =   0.0073
0POTENTIAL PARAMETERS
 NX=1 VOLUME  W-S    V RL = -56.2800   R0RL =   1.1220   A RL =   0.6760   R RL =   2.4953   VSOR =   0.0000
                     V IM =  -1.1170   R0IM =   1.1220   A IM =   0.6760   R IM =   2.4953   VSOI =   0.0000   POWR =   0.0000
 NX=2 SURFACE W-S    V RL =   0.0000   R0RL =   0.0000   A RL =   0.0000   R RL =   0.0000   VSOR =   0.0000
                     V IM =  20.7710   R0IM =   1.3070   A IM =   0.5240   R IM =   2.9067   VSOI =   0.0000   POWR =   0.0000
 NX=4 L*S VOLUME     V RL = -21.8760   R0RL =   0.8940   A RL =   0.5900   R RL =   1.9882   VSOR =   0.0000
                     V IM =   0.8640   R0IM =   0.8940   A IM =   0.5900   R IM =   1.9882   VSOI =   0.0000   POWR =   0.0000
110Be(d,p)11Be Ex=2.20 AK UNB LMAX15 RMAX20 V10                 0/ 0/ 0
0FORM FACTOR DATA 
0PARTICLE 3*******************************************************************************************************************
 INPUT DATA          ELAB =   1.6960   RC0  =   1.3000   AC   =   0.0000   2*STR=   1.0000
                     MASSP=   1.0000   MASST=  10.0000   Q    =   1.6960
                     ZP   =   0.0000   ZT   =   4.0000   PNLOC=   1.0000
 
 DERIVED DATA        ECM  =   1.6960   RC   =   2.8008   RHO  =   0.7607
                     K    =   0.2716   ETA  =   0.0000   DR   =   0.0080
0POTENTIAL PARAMETERS
 NX=1 VOLUME  W-S    V RL =   1.0000   R0RL =   1.2500   A RL =   0.6500   R RL =   2.6930   VSOR =  24.0000
                     V IM =   1.1000   R0IM =   0.6500   A IM =   0.0000   R IM =   1.4004   VSOI =   0.0000   POWR =   0.0000
 
                     NODES=   0.0000   L    =   1.0000   2*J  =   3.0000   2*S  =   1.0000   FISW =   2.0000
 
                     COSD =  9.9999E-01               SIND = -3.9307E-03
                     V    =  28.3480   DET  =   0.0000   NODES=   0.0000   RM   =   2.6930   E    =   1.6960   ITER.=   0
0Non-locality correction is applied, parameter =   2.000
0Non-locality correction is applied, parameter =   1.000
0*****  Warning *****  LMAX too large for reliable calculation of unbound stripping or coulomb excitation cases.  Increase RMAX 
0                    LMAX =  15        NSTEP= 200        NLTR =   1
 Bdwck4 entered
   Subroutine INTEG  entered
0REACSIG 1   1.11469E+01                                             REACSIG 2   1.38170E+00
   Subroutine RADINT entered
110Be(d,p)11Be Ex=2.20 AK UNB LMAX15 RMAX20 V10                 0/00/00
0BASIC DATA          DR   =   0.1000   RMIN =   0.0000   RMAX =  20.0000   COUEX=   0.0000     IS1=   1.0000
                     FNRNG=   0.0000   PNLC1=   2.0000   PNLC2=   1.0000   PNLC3=   1.0000     IS2=   0.5000
 ANG MOM TRANSFER    LTR  =   1.       2*JTR=   3.       2*STR=   1.       Q    =  -3.9210
   Subroutine INSIG  entered
0 Theta Inelsig,fm**2      Polz       Asy       Ayy       A22       A21       A20       T22       T21       T20  Theta
   0.00    7.8623E+39    0.0000    0.0000    0.0000    0.0000    0.0000    0.0006    0.0000    0.0000    0.0000   0.00
   1.00    9.0554E+39    0.0003    0.0007    0.0000   -0.0000    0.0000    0.0006    0.0000    0.0000    0.0000   1.00
   2.00    1.2381E+40    0.0005    0.0009    0.0000   -0.0000    0.0000    0.0006    0.0000    0.0000    0.0000   2.00
   3.00    1.7133E+40    0.0004    0.0009    0.0000   -0.0000    0.0000    0.0006    0.0000    0.0000    0.0000   3.00
   4.00    2.2302E+40    0.0004    0.0007    0.0000   -0.0000    0.0000    0.0006    0.0000    0.0000    0.0000   4.00
   5.00    2.6789E+40    0.0003    0.0006    0.0000   -0.0000    0.0000    0.0006    0.0000    0.0000    0.0000   5.00
   6.00    2.9632E+40    0.0002    0.0004    0.0000   -0.0000    0.0000    0.0006    0.0000    0.0000    0.0000   6.00
   7.00    3.0207E+40    0.0002    0.0003    0.0000   -0.0000    0.0000    0.0006    0.0000    0.0000    0.0000   7.00
   8.00    2.8348E+40    0.0001    0.0002    0.0000   -0.0000    0.0000    0.0006    0.0000    0.0000    0.0000   8.00
   9.00    2.4366E+40    0.0000    0.0000    0.0000   -0.0000    0.0000    0.0006    0.0000    0.0000    0.0000   9.00
  10.00    1.8976E+40   -0.0001   -0.0001    0.0000   -0.0000    0.0000    0.0006    0.0000    0.0000    0.0000  10.00
  11.00    1.3127E+40   -0.0002   -0.0003    0.0000   -0.0000    0.0000    0.0006    0.0000    0.0000    0.0000  11.00
  12.00    7.8040E+39   -0.0003   -0.0005    0.0000   -0.0000    0.0000    0.0006    0.0000    0.0000    0.0000  12.00
  13.00    3.8204E+39   -0.0004   -0.0008    0.0000   -0.0000   -0.0000    0.0006    0.0000    0.0000    0.0000  13.00
  14.00    1.6610E+39   -0.0004   -0.0008    0.0000   -0.0000   -0.0000    0.0006    0.0000    0.0000    0.0000  14.00
  15.00    1.4032E+39    0.0003    0.0006    0.0000   -0.0000    0.0000    0.0006    0.0000    0.0000    0.0000  15.00
  16.00    2.7303E+39    0.0005    0.0009    0.0000   -0.0000    0.0000    0.0006    0.0000    0.0000    0.0000  16.00
  17.00    5.0289E+39    0.0004    0.0007    0.0000   -0.0000    0.0000    0.0006    0.0000    0.0000    0.0000  17.00
  18.00    7.5462E+39    0.0003    0.0005    0.0000   -0.0000    0.0000    0.0006    0.0000    0.0000    0.0000  18.00
  19.00    9.5672E+39    0.0002    0.0003    0.0000   -0.0000    0.0000    0.0006    0.0000    0.0000    0.0000  19.00
  20.00    1.0571E+40    0.0001    0.0002    0.0000   -0.0000    0.0000    0.0006    0.0000    0.0000    0.0000  20.00
  21.00    1.0334E+40    0.0000    0.0000    0.0000   -0.0000    0.0000    0.0006    0.0000    0.0000    0.0000  21.00
  22.00    8.9535E+39   -0.0001   -0.0001    0.0000   -0.0000    0.0000    0.0006    0.0000    0.0000    0.0000  22.00
  23.00    6.8033E+39   -0.0002   -0.0003    0.0000   -0.0000    0.0000    0.0006    0.0000    0.0000    0.0000  23.00
  24.00    4.4186E+39   -0.0003   -0.0005    0.0000   -0.0000   -0.0000    0.0006    0.0000    0.0000    0.0000  24.00
  25.00    2.3567E+39   -0.0004   -0.0008    0.0000   -0.0000   -0.0000    0.0006    0.0000    0.0000    0.0000  25.00
  26.00    1.0600E+39   -0.0004   -0.0009    0.0000   -0.0000    0.0000    0.0006    0.0000    0.0000    0.0000  26.00
  27.00    7.5495E+38    0.0002    0.0004    0.0000   -0.0000    0.0000    0.0006    0.0000    0.0000    0.0000  27.00
  28.00    1.4105E+39    0.0005    0.0010    0.0000   -0.0000    0.0000    0.0006    0.0000    0.0000    0.0000  28.00
  29.00    2.7612E+39    0.0004    0.0008    0.0000   -0.0000    0.0000    0.0006    0.0000    0.0000    0.0000  29.00
  30.00    4.3868E+39    0.0003    0.0005    0.0000   -0.0000    0.0000    0.0006    0.0000    0.0000    0.0000  30.00
  31.00    5.8257E+39    0.0002    0.0003    0.0000   -0.0000    0.0000    0.0006    0.0000    0.0000    0.0000  31.00
  32.00    6.6919E+39    0.0001    0.0002    0.0000   -0.0000    0.0000    0.0006    0.0000    0.0000    0.0000  32.00
  33.00    6.7674E+39    0.0000    0.0000    0.0000   -0.0000    0.0000    0.0006    0.0000    0.0000    0.0000  33.00
  34.00    6.0484E+39   -0.0001   -0.0001    0.0000   -0.0000    0.0000    0.0006    0.0000    0.0000    0.0000  34.00
  35.00    4.7345E+39   -0.0002   -0.0003    0.0000   -0.0000    0.0000    0.0006    0.0000    0.0000    0.0000  35.00
  36.00    3.1688E+39   -0.0003   -0.0005    0.0000   -0.0000   -0.0000    0.0006    0.0000    0.0000    0.0000  36.00
  37.00    1.7437E+39   -0.0004   -0.0008    0.0000   -0.0000   -0.0000    0.0006    0.0000    0.0000    0.0000  37.00
  38.00    7.9880E+38   -0.0004   -0.0009    0.0000   -0.0000    0.0000    0.0006    0.0000    0.0000    0.0000  38.00
  39.00    5.3678E+38    0.0001    0.0003    0.0000   -0.0000    0.0000    0.0006    0.0000    0.0000    0.0000  39.00
  40.00    9.7743E+38    0.0005    0.0010    0.0000   -0.0000    0.0000    0.0006    0.0000    0.0000    0.0000  40.00
  41.00    1.9600E+39    0.0004    0.0008    0.0000   -0.0000    0.0000    0.0006    0.0000    0.0000    0.0000  41.00
  42.00    3.1917E+39    0.0003    0.0005    0.0000   -0.0000    0.0000    0.0006    0.0000    0.0000    0.0000  42.00
  43.00    4.3277E+39    0.0002    0.0003    0.0000   -0.0000    0.0000    0.0006    0.0000    0.0000    0.0000  43.00
  44.00    5.0615E+39    0.0001    0.0002    0.0000   -0.0000    0.0000    0.0006    0.0000    0.0000    0.0000  44.00
  45.00    5.2028E+39    0.0000    0.0000    0.0000   -0.0000    0.0000    0.0006    0.0000    0.0000    0.0000  45.00
  46.00    4.7221E+39   -0.0001   -0.0001    0.0000   -0.0000    0.0000    0.0006    0.0000    0.0000    0.0000  46.00
  47.00    3.7528E+39   -0.0002   -0.0003    0.0000   -0.0000   -0.0000    0.0006    0.0000    0.0000    0.0000  47.00
  48.00    2.5515E+39   -0.0003   -0.0005    0.0000   -0.0000   -0.0000    0.0006    0.0000    0.0000    0.0000  48.00
  49.00    1.4276E+39   -0.0004   -0.0008    0.0000   -0.0000    0.0000    0.0006    0.0000    0.0000    0.0000  49.00
  50.00    6.6132E+38   -0.0004   -0.0009    0.0000   -0.0000    0.0000    0.0006    0.0000    0.0000    0.0000  50.00
  51.00    4.3212E+38    0.0001    0.0002    0.0000   -0.0000    0.0000    0.0006    0.0000    0.0000    0.0000  51.00
  52.00    7.7481E+38    0.0005    0.0010    0.0000   -0.0000    0.0000    0.0006    0.0000    0.0000    0.0000  52.00
  53.00    1.5745E+39    0.0004    0.0008    0.0000   -0.0000    0.0000    0.0006    0.0000    0.0000    0.0000  53.00
  54.00    2.6005E+39    0.0003    0.0005    0.0000   -0.0000    0.0000    0.0006    0.0000    0.0000    0.0000  54.00
  55.00    3.5694E+39    0.0002    0.0003    0.0000   -0.0000    0.0000    0.0006    0.0000    0.0000    0.0000  55.00
  56.00    4.2201E+39    0.0001    0.0002    0.0000   -0.0000    0.0000    0.0006    0.0000    0.0000    0.0000  56.00
  57.00    4.3815E+39    0.0000    0.0000    0.0000   -0.0000    0.0000    0.0006    0.0000    0.0000    0.0000  57.00
  58.00    4.0150E+39   -0.0001   -0.0001    0.0000   -0.0000   -0.0000    0.0006    0.0000    0.0000    0.0000  58.00
  59.00    3.2216E+39   -0.0002   -0.0003    0.0000   -0.0000    0.0000    0.0006    0.0000    0.0000    0.0000  59.00
  60.00    2.2123E+39   -0.0003   -0.0005    0.0000   -0.0000    0.0000    0.0006    0.0000    0.0000    0.0000  60.00
0Tot-sig   3.9448E+40
1Inelastic  10Be(d,p)11Be Ex=2.20 AK UNB LMAX15 RMAX20 V10                 0/00/00
    THETA  38                               39                               40                               41   THETA cos(theta)
     0.00  |++++++++++++++++++++++++++++++++|+++++++++++++++++++++++++++++*++|++++++++++++++++++++++++++++++++|+    0.00    1.0000
     1.00  +                                                                *                                  +    1.00    0.9998
     2.00  +                                                                    *                              +    2.00    0.9994
     3.00  +                                                                         *                         +    3.00    0.9986
     4.00  +                                                                            *                      +    4.00    0.9976
     5.00  +                                                                               *                   +    5.00    0.9962
     6.00  +                                                                                 *                 +    6.00    0.9945
     7.00  +                                                                                 *                 +    7.00    0.9925
     8.00  +                                                                                *                  +    8.00    0.9903
     9.00  +                                                                              *                    +    9.00    0.9877
    10.00  +                                                                          *                        +   10.00    0.9848
    11.00  +                                                                     *                             +   11.00    0.9816
    12.00  +                                                             *                                     +   12.00    0.9781
    13.00  +                                                   *                                               +   13.00    0.9744
    14.00  +                                       *                                                           +   14.00    0.9703
    15.00  +                                     *                                                             +   15.00    0.9659
    16.00  +                                              *                                                    +   16.00    0.9613
    17.00  +                                                       *                                           +   17.00    0.9563
    18.00  +                                                             *                                     +   18.00    0.9511
    19.00  +                                                                *                                  +   19.00    0.9455
    20.00  +                                                                  *                                +   20.00    0.9397
    21.00  +                                                                 *                                 +   21.00    0.9336
    22.00  +                                                               *                                   +   22.00    0.9272
    23.00  +                                                           *                                       +   23.00    0.9205
    24.00  +                                                     *                                             +   24.00    0.9135
    25.00  +                                            *                                                      +   25.00    0.9063
    26.00  +                                 *                                                                 +   26.00    0.8988
    27.00  +                            *                                                                      +   27.00    0.8910
    28.00  +                                     *                                                             +   28.00    0.8829
    29.00  +                                               *                                                   +   29.00    0.8746
    30.00  +                                                     *                                             +   30.00    0.8660
    31.00  +                                                         *                                         +   31.00    0.8572
    32.00  +                                                           *                                       +   32.00    0.8480
    33.00  +                                                           *                                       +   33.00    0.8387
    34.00  +                                                          *                                        +   34.00    0.8290
    35.00  +                                                      *                                            +   35.00    0.8192
    36.00  +                                                 *                                                 +   36.00    0.8090
    37.00  +                                        *                                                          +   37.00    0.7986
    38.00  +                             *                                                                     +   38.00    0.7880
    39.00  +                       *                                                                           +   39.00    0.7771
    40.00  +                                *                                                                  +   40.00    0.7660
    41.00  +                                          *                                                        +   41.00    0.7547
    42.00  +                                                 *                                                 +   42.00    0.7431
    43.00  +                                                     *                                             +   43.00    0.7314
    44.00  +                                                       *                                           +   44.00    0.7193
    45.00  +                                                        *                                          +   45.00    0.7071
    46.00  +                                                      *                                            +   46.00    0.6947
    47.00  +                                                   *                                               +   47.00    0.6820
    48.00  +                                             *                                                     +   48.00    0.6691
    49.00  +                                     *                                                             +   49.00    0.6561
    50.00  +                          *                                                                        +   50.00    0.6428
    51.00  +                    *                                                                              +   51.00    0.6293
    52.00  +                            *                                                                      +   52.00    0.6157
    53.00  +                                       *                                                           +   53.00    0.6018
    54.00  +                                              *                                                    +   54.00    0.5878
    55.00  +                                                  *                                                +   55.00    0.5736
    56.00  +                                                     *                                             +   56.00    0.5592
    57.00  +                                                     *                                             +   57.00    0.5446
    58.00  +                                                    *                                              +   58.00    0.5299
    59.00  +                                                 *                                                 +   59.00    0.5150
    60.00  |++++++++++++++++++++++++++++++++|++++++++++*+++++++++++++++++++++|++++++++++++++++++++++++++++++++|+   60.00    0.5000
    THETA  38                               39                               40                               41   THETA cos(theta)
1DWUCK4-DISTORTED WAVES U.COLORADO- PC-VERSION  12/Jan /1995
 Elapsed time in seconds =   0.00
 Elapsed time in seconds =   0.00
0CONTROL INTEGERS
  1 2 3 4 5 6 7 8 9 A B C D E F G H I J K    RUN IDENTIFICATION                                             0/00/00   0.00.00
  1 0 1 1 0 0 0 0 3 0 0 0 0 0 0 0 0 0 0 0    10Be(d,p)11Be Ex=2.40 AK UNB LMAX15 RMAX20 V10              
 10Be(d,p)11Be Ex=2.40 AK UNB LMAX15 RMAX20 V10              
 Adwck4 entered
0ANGLE DATA          THETN=  61.0000   THET1=   0.0000   DTHET=   1.0000   A-ANG=   0.0000   B-ANG=   0.0000
0CARD SET 3 DATA     LMAX =  15          LTR=   1
                     NLTR =   1        2*JTR=   3
0CARD SET 4 DATA     DRF  =   0.1000   RZ   =   0.0000   RMAX = -20.0000   VCE  =   0.0000   FNRNG=   0.0000
                     AMASS=   0.8000
 PARTICLE DATA 
0PARTICLE 1*******************************************************************************************************************
 INPUT DATA          ELAB =  17.4000   RC0  =   1.3030   AC   =   0.0000   2*STR=   2.0000
                     MASSP=   2.0000   MASST=  10.0000   Q    =   0.0000
                     ZP   =   1.0000   ZT   =   4.0000   PNLOC=   2.0000
 
 DERIVED DATA        ECM  =  14.5000   RC   =   2.8072   RHO  =   3.0186
                     K    =   1.0753   ETA  =   0.2136   DR   =   0.0080
0POTENTIAL PARAMETERS
 NX=1 VOLUME  W-S    V RL = -88.7440   R0RL =   1.1480   A RL =   0.7460   R RL =   2.4733   VSOR =   0.0000
                     V IM =  -2.1860   R0IM =   1.3510   A IM =   0.6400   R IM =   2.9106   VSOI =   0.0000   POWR =   0.0000
 NX=2 SURFACE W-S    V RL =   0.0000   R0RL =   0.0000   A RL =   0.0000   R RL =   0.0000   VSOR =   0.0000
                     V IM =  27.3930   R0IM =   1.4050   A IM =   0.6650   R IM =   3.0270   VSOI =   0.0000   POWR =   0.0000
 NX=4 L*S VOLUME     V RL = -14.2280   R0RL =   0.9720   A RL =   1.0110   R RL =   2.0941   VSOR =   0.0000
                     V IM =   0.0000   R0IM =   0.0000   A IM =   0.0000   R IM =   0.0000   VSOI =   0.0000   POWR =   0.0000
0PARTICLE 2*******************************************************************************************************************
 INPUT DATA          ELAB =  11.3225   RC0  =   1.5780   AC   =   0.0000   2*STR=   1.0000
                     MASSP=   1.0000   MASST=  11.0000   Q    =  -4.1210
                     ZP   =   1.0000   ZT   =   4.0000   PNLOC=   1.0000
 
 DERIVED DATA        ECM  =  10.3790   RC   =   3.5094   RHO  =   2.3678
                     K    =   0.6747   ETA  =   0.1872   DR   =   0.0073
0POTENTIAL PARAMETERS
 NX=1 VOLUME  W-S    V RL = -56.2800   R0RL =   1.1220   A RL =   0.6760   R RL =   2.4953   VSOR =   0.0000
                     V IM =  -1.1170   R0IM =   1.1220   A IM =   0.6760   R IM =   2.4953   VSOI =   0.0000   POWR =   0.0000
 NX=2 SURFACE W-S    V RL =   0.0000   R0RL =   0.0000   A RL =   0.0000   R RL =   0.0000   VSOR =   0.0000
                     V IM =  20.7710   R0IM =   1.3070   A IM =   0.5240   R IM =   2.9067   VSOI =   0.0000   POWR =   0.0000
 NX=4 L*S VOLUME     V RL = -21.8760   R0RL =   0.8940   A RL =   0.5900   R RL =   1.9882   VSOR =   0.0000
                     V IM =   0.8640   R0IM =   0.8940   A IM =   0.5900   R IM =   1.9882   VSOI =   0.0000   POWR =   0.0000
110Be(d,p)11Be Ex=2.40 AK UNB LMAX15 RMAX20 V10                 0/ 0/ 0
0FORM FACTOR DATA 
0PARTICLE 3*******************************************************************************************************************
 INPUT DATA          ELAB =   1.8960   RC0  =   1.3000   AC   =   0.0000   2*STR=   1.0000
                     MASSP=   1.0000   MASST=  10.0000   Q    =   1.8960
                     ZP   =   0.0000   ZT   =   4.0000   PNLOC=   1.0000
 
 DERIVED DATA        ECM  =   1.8960   RC   =   2.8008   RHO  =   0.8043
                     K    =   0.2872   ETA  =   0.0000   DR   =   0.0080
0POTENTIAL PARAMETERS
 NX=1 VOLUME  W-S    V RL =   1.0000   R0RL =   1.2500   A RL =   0.6500   R RL =   2.6930   VSOR =  24.0000
                     V IM =   1.1000   R0IM =   0.6500   A IM =   0.0000   R IM =   1.4004   VSOI =   0.0000   POWR =   0.0000
 
                     NODES=   0.0000   L    =   1.0000   2*J  =   3.0000   2*S  =   1.0000   FISW =   2.0000
 
                     COSD =  9.9999E-01               SIND = -4.6249E-03
                     V    =  28.3480   DET  =   0.0000   NODES=   0.0000   RM   =   2.6930   E    =   1.8960   ITER.=   0
0Non-locality correction is applied, parameter =   2.000
0Non-locality correction is applied, parameter =   1.000
0*****  Warning *****  LMAX too large for reliable calculation of unbound stripping or coulomb excitation cases.  Increase RMAX 
0                    LMAX =  15        NSTEP= 200        NLTR =   1
 Bdwck4 entered
   Subroutine INTEG  entered
0REACSIG 1   1.11469E+01                                             REACSIG 2   1.38203E+00
   Subroutine RADINT entered
110Be(d,p)11Be Ex=2.40 AK UNB LMAX15 RMAX20 V10                 0/00/00
0BASIC DATA          DR   =   0.1000   RMIN =   0.0000   RMAX =  20.0000   COUEX=   0.0000     IS1=   1.0000
                     FNRNG=   0.0000   PNLC1=   2.0000   PNLC2=   1.0000   PNLC3=   1.0000     IS2=   0.5000
 ANG MOM TRANSFER    LTR  =   1.       2*JTR=   3.       2*STR=   1.       Q    =  -4.1210
   Subroutine INSIG  entered
0 Theta Inelsig,fm**2      Polz       Asy       Ayy       A22       A21       A20       T22       T21       T20  Theta
   0.00    8.3937E+40    0.0000    0.0000    0.0000    0.0000    0.0000    0.0006    0.0000    0.0000    0.0000   0.00
   1.00    9.6229E+40    0.0003    0.0006    0.0000   -0.0000    0.0000    0.0006    0.0000    0.0000    0.0000   1.00
   2.00    1.3049E+41    0.0004    0.0009    0.0000   -0.0000    0.0000    0.0006    0.0000    0.0000    0.0000   2.00
   3.00    1.7942E+41    0.0004    0.0008    0.0000   -0.0000    0.0000    0.0006    0.0000    0.0000    0.0000   3.00
   4.00    2.3262E+41    0.0003    0.0007    0.0000   -0.0000    0.0000    0.0006    0.0000    0.0000    0.0000   4.00
   5.00    2.7872E+41    0.0003    0.0006    0.0000   -0.0000    0.0000    0.0006    0.0000    0.0000    0.0000   5.00
   6.00    3.0783E+41    0.0002    0.0004    0.0000   -0.0000    0.0000    0.0006    0.0000    0.0000    0.0000   6.00
   7.00    3.1351E+41    0.0001    0.0003    0.0000   -0.0000    0.0000    0.0006    0.0000    0.0000    0.0000   7.00
   8.00    2.9405E+41    0.0001    0.0002    0.0000   -0.0000    0.0000    0.0006    0.0000    0.0000    0.0000   8.00
   9.00    2.5270E+41    0.0000    0.0000    0.0000   -0.0000    0.0000    0.0006    0.0000    0.0000    0.0000   9.00
  10.00    1.9682E+41   -0.0001   -0.0001    0.0000   -0.0000    0.0000    0.0006    0.0000    0.0000    0.0000  10.00
  11.00    1.3625E+41   -0.0001   -0.0003    0.0000   -0.0000    0.0000    0.0006    0.0000    0.0000    0.0000  11.00
  12.00    8.1161E+40   -0.0003   -0.0005    0.0000   -0.0000    0.0000    0.0006    0.0000    0.0000    0.0000  12.00
  13.00    3.9946E+40   -0.0004   -0.0008    0.0000   -0.0000   -0.0000    0.0006    0.0000    0.0000    0.0000  13.00
  14.00    1.7609E+40   -0.0004   -0.0007    0.0000   -0.0000   -0.0000    0.0006    0.0000    0.0000    0.0000  14.00
  15.00    1.4942E+40    0.0003    0.0005    0.0000   -0.0000    0.0000    0.0006    0.0000    0.0000    0.0000  15.00
  16.00    2.8659E+40    0.0004    0.0009    0.0000   -0.0000    0.0000    0.0006    0.0000    0.0000    0.0000  16.00
  17.00    5.2415E+40    0.0003    0.0007    0.0000   -0.0000    0.0000    0.0006    0.0000    0.0000    0.0000  17.00
  18.00    7.8426E+40    0.0002    0.0005    0.0000   -0.0000    0.0000    0.0006    0.0000    0.0000    0.0000  18.00
  19.00    9.9297E+40    0.0002    0.0003    0.0000   -0.0000    0.0000    0.0006    0.0000    0.0000    0.0000  19.00
  20.00    1.0965E+41    0.0001    0.0002    0.0000   -0.0000    0.0000    0.0006    0.0000    0.0000    0.0000  20.00
  21.00    1.0716E+41    0.0000    0.0000    0.0000   -0.0000    0.0000    0.0006    0.0000    0.0000    0.0000  21.00
  22.00    9.2871E+40   -0.0001   -0.0001    0.0000   -0.0000    0.0000    0.0006    0.0000    0.0000    0.0000  22.00
  23.00    7.0619E+40   -0.0001   -0.0003    0.0000   -0.0000    0.0000    0.0006    0.0000    0.0000    0.0000  23.00
  24.00    4.5947E+40   -0.0002   -0.0005    0.0000   -0.0000   -0.0000    0.0006    0.0000    0.0000    0.0000  24.00
  25.00    2.4620E+40   -0.0004   -0.0007    0.0000   -0.0000   -0.0000    0.0006    0.0000    0.0000    0.0000  25.00
  26.00    1.1208E+40   -0.0004   -0.0008    0.0000   -0.0000    0.0000    0.0006    0.0000    0.0000    0.0000  26.00
  27.00    8.0522E+39    0.0002    0.0003    0.0000   -0.0000    0.0000    0.0006    0.0000    0.0000    0.0000  27.00
  28.00    1.4828E+40    0.0004    0.0009    0.0000   -0.0000    0.0000    0.0006    0.0000    0.0000    0.0000  28.00
  29.00    2.8790E+40    0.0004    0.0007    0.0000   -0.0000    0.0000    0.0006    0.0000    0.0000    0.0000  29.00
  30.00    4.5592E+40    0.0002    0.0005    0.0000   -0.0000    0.0000    0.0006    0.0000    0.0000    0.0000  30.00
  31.00    6.0462E+40    0.0002    0.0003    0.0000   -0.0000    0.0000    0.0006    0.0000    0.0000    0.0000  31.00
  32.00    6.9408E+40    0.0001    0.0002    0.0000   -0.0000    0.0000    0.0006    0.0000    0.0000    0.0000  32.00
  33.00    7.0180E+40    0.0000    0.0000    0.0000   -0.0000    0.0000    0.0006    0.0000    0.0000    0.0000  33.00
  34.00    6.2736E+40   -0.0001   -0.0001    0.0000   -0.0000    0.0000    0.0006    0.0000    0.0000    0.0000  34.00
  35.00    4.9144E+40   -0.0001   -0.0003    0.0000   -0.0000    0.0000    0.0006    0.0000    0.0000    0.0000  35.00
  36.00    3.2950E+40   -0.0002   -0.0005    0.0000   -0.0000   -0.0000    0.0006    0.0000    0.0000    0.0000  36.00
  37.00    1.8211E+40   -0.0004   -0.0007    0.0000   -0.0000   -0.0000    0.0006    0.0000    0.0000    0.0000  37.00
  38.00    8.4387E+39   -0.0004   -0.0008    0.0000   -0.0000    0.0000    0.0006    0.0000    0.0000    0.0000  38.00
  39.00    5.7275E+39    0.0001    0.0003    0.0000   -0.0000    0.0000    0.0006    0.0000    0.0000    0.0000  39.00
  40.00    1.0281E+40    0.0005    0.0009    0.0000   -0.0000    0.0000    0.0006    0.0000    0.0000    0.0000  40.00
  41.00    2.0439E+40    0.0004    0.0007    0.0000   -0.0000    0.0000    0.0006    0.0000    0.0000    0.0000  41.00
  42.00    3.3170E+40    0.0002    0.0005    0.0000   -0.0000    0.0000    0.0006    0.0000    0.0000    0.0000  42.00
  43.00    4.4911E+40    0.0002    0.0003    0.0000   -0.0000    0.0000    0.0006    0.0000    0.0000    0.0000  43.00
  44.00    5.2495E+40    0.0001    0.0002    0.0000   -0.0000    0.0000    0.0006    0.0000    0.0000    0.0000  44.00
  45.00    5.3952E+40    0.0000    0.0000    0.0000   -0.0000    0.0000    0.0006    0.0000    0.0000    0.0000  45.00
  46.00    4.8978E+40   -0.0001   -0.0001    0.0000   -0.0000    0.0000    0.0006    0.0000    0.0000    0.0000  46.00
  47.00    3.8953E+40   -0.0001   -0.0003    0.0000   -0.0000   -0.0000    0.0006    0.0000    0.0000    0.0000  47.00
  48.00    2.6530E+40   -0.0002   -0.0005    0.0000   -0.0000   -0.0000    0.0006    0.0000    0.0000    0.0000  48.00
  49.00    1.4907E+40   -0.0004   -0.0007    0.0000   -0.0000    0.0000    0.0006    0.0000    0.0000    0.0000  49.00
  50.00    6.9829E+39   -0.0004   -0.0008    0.0000   -0.0000    0.0000    0.0006    0.0000    0.0000    0.0000  50.00
  51.00    4.6113E+39    0.0001    0.0002    0.0000   -0.0000    0.0000    0.0006    0.0000    0.0000    0.0000  51.00
  52.00    8.1525E+39    0.0005    0.0009    0.0000   -0.0000    0.0000    0.0006    0.0000    0.0000    0.0000  52.00
  53.00    1.6419E+40    0.0004    0.0007    0.0000   -0.0000    0.0000    0.0006    0.0000    0.0000    0.0000  53.00
  54.00    2.7025E+40    0.0002    0.0005    0.0000   -0.0000    0.0000    0.0006    0.0000    0.0000    0.0000  54.00
  55.00    3.7040E+40    0.0002    0.0003    0.0000   -0.0000    0.0000    0.0006    0.0000    0.0000    0.0000  55.00
  56.00    4.3766E+40    0.0001    0.0002    0.0000   -0.0000    0.0000    0.0006    0.0000    0.0000    0.0000  56.00
  57.00    4.5433E+40    0.0000    0.0000    0.0000   -0.0000    0.0000    0.0006    0.0000    0.0000    0.0000  57.00
  58.00    4.1642E+40   -0.0001   -0.0001    0.0000   -0.0000   -0.0000    0.0006    0.0000    0.0000    0.0000  58.00
  59.00    3.3438E+40   -0.0001   -0.0003    0.0000   -0.0000    0.0000    0.0006    0.0000    0.0000    0.0000  59.00
  60.00    2.3002E+40   -0.0002   -0.0005    0.0000   -0.0000    0.0000    0.0006    0.0000    0.0000    0.0000  60.00
0Tot-sig   4.0997E+41
1Inelastic  10Be(d,p)11Be Ex=2.40 AK UNB LMAX15 RMAX20 V10                 0/00/00
    THETA  39                               40                               41                               42   THETA cos(theta)
     0.00  |++++++++++++++++++++++++++++++++|+++++++++++++++++++++++++++++*++|++++++++++++++++++++++++++++++++|+    0.00    1.0000
     1.00  +                                                                *                                  +    1.00    0.9998
     2.00  +                                                                     *                             +    2.00    0.9994
     3.00  +                                                                         *                         +    3.00    0.9986
     4.00  +                                                                             *                     +    4.00    0.9976
     5.00  +                                                                                *                  +    5.00    0.9962
     6.00  +                                                                                 *                 +    6.00    0.9945
     7.00  +                                                                                 *                 +    7.00    0.9925
     8.00  +                                                                                *                  +    8.00    0.9903
     9.00  +                                                                              *                    +    9.00    0.9877
    10.00  +                                                                           *                       +   10.00    0.9848
    11.00  +                                                                     *                             +   11.00    0.9816
    12.00  +                                                              *                                    +   12.00    0.9781
    13.00  +                                                    *                                              +   13.00    0.9744
    14.00  +                                        *                                                          +   14.00    0.9703
    15.00  +                                      *                                                            +   15.00    0.9659
    16.00  +                                               *                                                   +   16.00    0.9613
    17.00  +                                                        *                                          +   17.00    0.9563
    18.00  +                                                              *                                    +   18.00    0.9511
    19.00  +                                                                 *                                 +   19.00    0.9455
    20.00  +                                                                  *                                +   20.00    0.9397
    21.00  +                                                                  *                                +   21.00    0.9336
    22.00  +                                                                *                                  +   22.00    0.9272
    23.00  +                                                            *                                      +   23.00    0.9205
    24.00  +                                                      *                                            +   24.00    0.9135
    25.00  +                                             *                                                     +   25.00    0.9063
    26.00  +                                  *                                                                +   26.00    0.8988
    27.00  +                             *                                                                     +   27.00    0.8910
    28.00  +                                      *                                                            +   28.00    0.8829
    29.00  +                                               *                                                   +   29.00    0.8746
    30.00  +                                                      *                                            +   30.00    0.8660
    31.00  +                                                          *                                        +   31.00    0.8572
    32.00  +                                                            *                                      +   32.00    0.8480
    33.00  +                                                            *                                      +   33.00    0.8387
    34.00  +                                                          *                                        +   34.00    0.8290
    35.00  +                                                       *                                           +   35.00    0.8192
    36.00  +                                                 *                                                 +   36.00    0.8090
    37.00  +                                         *                                                         +   37.00    0.7986
    38.00  +                              *                                                                    +   38.00    0.7880
    39.00  +                        *                                                                          +   39.00    0.7771
    40.00  +                                *                                                                  +   40.00    0.7660
    41.00  +                                          *                                                        +   41.00    0.7547
    42.00  +                                                 *                                                 +   42.00    0.7431
    43.00  +                                                      *                                            +   43.00    0.7314
    44.00  +                                                        *                                          +   44.00    0.7193
    45.00  +                                                        *                                          +   45.00    0.7071
    46.00  +                                                       *                                           +   46.00    0.6947
    47.00  +                                                   *                                               +   47.00    0.6820
    48.00  +                                              *                                                    +   48.00    0.6691
    49.00  +                                      *                                                            +   49.00    0.6561
    50.00  +                           *                                                                       +   50.00    0.6428
    51.00  +                     *                                                                             +   51.00    0.6293
    52.00  +                             *                                                                     +   52.00    0.6157
    53.00  +                                       *                                                           +   53.00    0.6018
    54.00  +                                              *                                                    +   54.00    0.5878
    55.00  +                                                   *                                               +   55.00    0.5736
    56.00  +                                                     *                                             +   56.00    0.5592
    57.00  +                                                      *                                            +   57.00    0.5446
    58.00  +                                                    *                                              +   58.00    0.5299
    59.00  +                                                 *                                                 +   59.00    0.5150
    60.00  |++++++++++++++++++++++++++++++++|+++++++++++*++++++++++++++++++++|++++++++++++++++++++++++++++++++|+   60.00    0.5000
    THETA  39                               40                               41                               42   THETA cos(theta)
1DWUCK4-DISTORTED WAVES U.COLORADO- PC-VERSION  12/Jan /1995
 Elapsed time in seconds =   0.00
 Elapsed time in seconds =   0.00
0CONTROL INTEGERS
  1 2 3 4 5 6 7 8 9 A B C D E F G H I J K    RUN IDENTIFICATION                                             0/00/00   0.00.00
  1 0 1 1 0 0 0 0 3 0 0 0 0 0 0 0 0 0 0 0    10Be(d,p)11Be Ex=2.60 AK UNB LMAX15 RMAX20 V10              
 10Be(d,p)11Be Ex=2.60 AK UNB LMAX15 RMAX20 V10              
 Adwck4 entered
0ANGLE DATA          THETN=  61.0000   THET1=   0.0000   DTHET=   1.0000   A-ANG=   0.0000   B-ANG=   0.0000
0CARD SET 3 DATA     LMAX =  15          LTR=   1
                     NLTR =   1        2*JTR=   3
0CARD SET 4 DATA     DRF  =   0.1000   RZ   =   0.0000   RMAX = -20.0000   VCE  =   0.0000   FNRNG=   0.0000
                     AMASS=   0.8000
 PARTICLE DATA 
0PARTICLE 1*******************************************************************************************************************
 INPUT DATA          ELAB =  17.4000   RC0  =   1.3030   AC   =   0.0000   2*STR=   2.0000
                     MASSP=   2.0000   MASST=  10.0000   Q    =   0.0000
                     ZP   =   1.0000   ZT   =   4.0000   PNLOC=   2.0000
 
 DERIVED DATA        ECM  =  14.5000   RC   =   2.8072   RHO  =   3.0186
                     K    =   1.0753   ETA  =   0.2136   DR   =   0.0080
0POTENTIAL PARAMETERS
 NX=1 VOLUME  W-S    V RL = -88.7440   R0RL =   1.1480   A RL =   0.7460   R RL =   2.4733   VSOR =   0.0000
                     V IM =  -2.1860   R0IM =   1.3510   A IM =   0.6400   R IM =   2.9106   VSOI =   0.0000   POWR =   0.0000
 NX=2 SURFACE W-S    V RL =   0.0000   R0RL =   0.0000   A RL =   0.0000   R RL =   0.0000   VSOR =   0.0000
                     V IM =  27.3930   R0IM =   1.4050   A IM =   0.6650   R IM =   3.0270   VSOI =   0.0000   POWR =   0.0000
 NX=4 L*S VOLUME     V RL = -14.2280   R0RL =   0.9720   A RL =   1.0110   R RL =   2.0941   VSOR =   0.0000
                     V IM =   0.0000   R0IM =   0.0000   A IM =   0.0000   R IM =   0.0000   VSOI =   0.0000   POWR =   0.0000
0PARTICLE 2*******************************************************************************************************************
 INPUT DATA          ELAB =  11.1044   RC0  =   1.5780   AC   =   0.0000   2*STR=   1.0000
                     MASSP=   1.0000   MASST=  11.0000   Q    =  -4.3210
                     ZP   =   1.0000   ZT   =   4.0000   PNLOC=   1.0000
 
 DERIVED DATA        ECM  =  10.1790   RC   =   3.5094   RHO  =   2.3448
                     K    =   0.6682   ETA  =   0.1890   DR   =   0.0073
0POTENTIAL PARAMETERS
 NX=1 VOLUME  W-S    V RL = -56.2800   R0RL =   1.1220   A RL =   0.6760   R RL =   2.4953   VSOR =   0.0000
                     V IM =  -1.1170   R0IM =   1.1220   A IM =   0.6760   R IM =   2.4953   VSOI =   0.0000   POWR =   0.0000
 NX=2 SURFACE W-S    V RL =   0.0000   R0RL =   0.0000   A RL =   0.0000   R RL =   0.0000   VSOR =   0.0000
                     V IM =  20.7710   R0IM =   1.3070   A IM =   0.5240   R IM =   2.9067   VSOI =   0.0000   POWR =   0.0000
 NX=4 L*S VOLUME     V RL = -21.8760   R0RL =   0.8940   A RL =   0.5900   R RL =   1.9882   VSOR =   0.0000
                     V IM =   0.8640   R0IM =   0.8940   A IM =   0.5900   R IM =   1.9882   VSOI =   0.0000   POWR =   0.0000
110Be(d,p)11Be Ex=2.60 AK UNB LMAX15 RMAX20 V10                 0/ 0/ 0
0FORM FACTOR DATA 
0PARTICLE 3*******************************************************************************************************************
 INPUT DATA          ELAB =   2.0960   RC0  =   1.3000   AC   =   0.0000   2*STR=   1.0000
                     MASSP=   1.0000   MASST=  10.0000   Q    =   2.0960
                     ZP   =   0.0000   ZT   =   4.0000   PNLOC=   1.0000
 
 DERIVED DATA        ECM  =   2.0960   RC   =   2.8008   RHO  =   0.8457
                     K    =   0.3019   ETA  =   0.0000   DR   =   0.0080
0POTENTIAL PARAMETERS
 NX=1 VOLUME  W-S    V RL =   1.0000   R0RL =   1.2500   A RL =   0.6500   R RL =   2.6930   VSOR =  24.0000
                     V IM =   1.1000   R0IM =   0.6500   A IM =   0.0000   R IM =   1.4004   VSOI =   0.0000   POWR =   0.0000
 
                     NODES=   0.0000   L    =   1.0000   2*J  =   3.0000   2*S  =   1.0000   FISW =   2.0000
 
                     COSD =  9.9999E-01               SIND = -5.3511E-03
                     V    =  28.3480   DET  =   0.0000   NODES=   0.0000   RM   =   2.6930   E    =   2.0960   ITER.=   0
0Non-locality correction is applied, parameter =   2.000
0Non-locality correction is applied, parameter =   1.000
0*****  Warning *****  LMAX too large for reliable calculation of unbound stripping or coulomb excitation cases.  Increase RMAX 
0                    LMAX =  15        NSTEP= 200        NLTR =   1
 Bdwck4 entered
   Subroutine INTEG  entered
0REACSIG 1   1.11469E+01                                             REACSIG 2   1.38276E+00
   Subroutine RADINT entered
110Be(d,p)11Be Ex=2.60 AK UNB LMAX15 RMAX20 V10                 0/00/00
0BASIC DATA          DR   =   0.1000   RMIN =   0.0000   RMAX =  20.0000   COUEX=   0.0000     IS1=   1.0000
                     FNRNG=   0.0000   PNLC1=   2.0000   PNLC2=   1.0000   PNLC3=   1.0000     IS2=   0.5000
 ANG MOM TRANSFER    LTR  =   1.       2*JTR=   3.       2*STR=   1.       Q    =  -4.3210
   Subroutine INSIG  entered
0 Theta Inelsig,fm**2      Polz       Asy       Ayy       A22       A21       A20       T22       T21       T20  Theta
   0.00    1.7589E+40    0.0000    0.0000    0.0000    0.0000    0.0000    0.0006    0.0000    0.0000    0.0000   0.00
   1.00    2.0074E+40    0.0003    0.0006    0.0000   -0.0000    0.0000    0.0006    0.0000    0.0000    0.0000   1.00
   2.00    2.6999E+40    0.0004    0.0008    0.0000   -0.0000    0.0000    0.0006    0.0000    0.0000    0.0000   2.00
   3.00    3.6888E+40    0.0004    0.0008    0.0000   -0.0000    0.0000    0.0006    0.0000    0.0000    0.0000   3.00
   4.00    4.7630E+40    0.0003    0.0006    0.0000   -0.0000    0.0000    0.0006    0.0000    0.0000    0.0000   4.00
   5.00    5.6928E+40    0.0003    0.0005    0.0000   -0.0000    0.0000    0.0006    0.0000    0.0000    0.0000   5.00
   6.00    6.2776E+40    0.0002    0.0004    0.0000   -0.0000    0.0000    0.0006    0.0000    0.0000    0.0000   6.00
   7.00    6.3872E+40    0.0001    0.0003    0.0000   -0.0000    0.0000    0.0006    0.0000    0.0000    0.0000   7.00
   8.00    5.9874E+40    0.0001    0.0001    0.0000   -0.0000    0.0000    0.0006    0.0000    0.0000    0.0000   8.00
   9.00    5.1443E+40    0.0000    0.0000    0.0000   -0.0000    0.0000    0.0006    0.0000    0.0000    0.0000   9.00
  10.00    4.0074E+40   -0.0001   -0.0001    0.0000   -0.0000    0.0000    0.0006    0.0000    0.0000    0.0000  10.00
  11.00    2.7762E+40   -0.0001   -0.0003    0.0000   -0.0000    0.0000    0.0006    0.0000    0.0000    0.0000  11.00
  12.00    1.6570E+40   -0.0002   -0.0005    0.0000   -0.0000    0.0000    0.0006    0.0000    0.0000    0.0000  12.00
  13.00    8.2002E+39   -0.0004   -0.0007    0.0000   -0.0000   -0.0000    0.0006    0.0000    0.0000    0.0000  13.00
  14.00    3.6650E+39   -0.0003   -0.0007    0.0000   -0.0000   -0.0000    0.0006    0.0000    0.0000    0.0000  14.00
  15.00    3.1229E+39    0.0002    0.0005    0.0000   -0.0000    0.0000    0.0006    0.0000    0.0000    0.0000  15.00
  16.00    5.9056E+39    0.0004    0.0008    0.0000   -0.0000    0.0000    0.0006    0.0000    0.0000    0.0000  16.00
  17.00    1.0724E+40    0.0003    0.0006    0.0000   -0.0000    0.0000    0.0006    0.0000    0.0000    0.0000  17.00
  18.00    1.5999E+40    0.0002    0.0004    0.0000   -0.0000    0.0000    0.0006    0.0000    0.0000    0.0000  18.00
  19.00    2.0230E+40    0.0001    0.0003    0.0000   -0.0000    0.0000    0.0006    0.0000    0.0000    0.0000  19.00
  20.00    2.2325E+40    0.0001    0.0001    0.0000   -0.0000    0.0000    0.0006    0.0000    0.0000    0.0000  20.00
  21.00    2.1815E+40    0.0000    0.0000    0.0000   -0.0000    0.0000    0.0006    0.0000    0.0000    0.0000  21.00
  22.00    1.8909E+40   -0.0001   -0.0001    0.0000   -0.0000    0.0000    0.0006    0.0000    0.0000    0.0000  22.00
  23.00    1.4389E+40   -0.0001   -0.0003    0.0000   -0.0000    0.0000    0.0006    0.0000    0.0000    0.0000  23.00
  24.00    9.3797E+39   -0.0002   -0.0005    0.0000   -0.0000   -0.0000    0.0006    0.0000    0.0000    0.0000  24.00
  25.00    5.0497E+39   -0.0003   -0.0007    0.0000   -0.0000   -0.0000    0.0006    0.0000    0.0000    0.0000  25.00
  26.00    2.3269E+39   -0.0004   -0.0007    0.0000   -0.0000    0.0000    0.0006    0.0000    0.0000    0.0000  26.00
  27.00    1.6857E+39    0.0002    0.0003    0.0000   -0.0000    0.0000    0.0006    0.0000    0.0000    0.0000  27.00
  28.00    3.0600E+39    0.0004    0.0008    0.0000   -0.0000    0.0000    0.0006    0.0000    0.0000    0.0000  28.00
  29.00    5.8923E+39    0.0003    0.0007    0.0000   -0.0000    0.0000    0.0006    0.0000    0.0000    0.0000  29.00
  30.00    9.3009E+39    0.0002    0.0004    0.0000   -0.0000    0.0000    0.0006    0.0000    0.0000    0.0000  30.00
  31.00    1.2317E+40    0.0001    0.0003    0.0000   -0.0000    0.0000    0.0006    0.0000    0.0000    0.0000  31.00
  32.00    1.4131E+40    0.0001    0.0001    0.0000   -0.0000    0.0000    0.0006    0.0000    0.0000    0.0000  32.00
  33.00    1.4285E+40    0.0000    0.0000    0.0000   -0.0000    0.0000    0.0006    0.0000    0.0000    0.0000  33.00
  34.00    1.2773E+40   -0.0001   -0.0001    0.0000   -0.0000    0.0000    0.0006    0.0000    0.0000    0.0000  34.00
  35.00    1.0014E+40   -0.0001   -0.0003    0.0000   -0.0000    0.0000    0.0006    0.0000    0.0000    0.0000  35.00
  36.00    6.7262E+39   -0.0002   -0.0004    0.0000   -0.0000   -0.0000    0.0006    0.0000    0.0000    0.0000  36.00
  37.00    3.7343E+39   -0.0003   -0.0007    0.0000   -0.0000   -0.0000    0.0006    0.0000    0.0000    0.0000  37.00
  38.00    1.7503E+39   -0.0004   -0.0007    0.0000   -0.0000    0.0000    0.0006    0.0000    0.0000    0.0000  38.00
  39.00    1.1994E+39    0.0001    0.0003    0.0000   -0.0000    0.0000    0.0006    0.0000    0.0000    0.0000  39.00
  40.00    2.1229E+39    0.0004    0.0008    0.0000   -0.0000    0.0000    0.0006    0.0000    0.0000    0.0000  40.00
  41.00    4.1833E+39    0.0003    0.0007    0.0000   -0.0000    0.0000    0.0006    0.0000    0.0000    0.0000  41.00
  42.00    6.7662E+39    0.0002    0.0005    0.0000   -0.0000    0.0000    0.0006    0.0000    0.0000    0.0000  42.00
  43.00    9.1481E+39    0.0001    0.0003    0.0000   -0.0000    0.0000    0.0006    0.0000    0.0000    0.0000  43.00
  44.00    1.0686E+40    0.0001    0.0001    0.0000   -0.0000    0.0000    0.0006    0.0000    0.0000    0.0000  44.00
  45.00    1.0981E+40    0.0000    0.0000    0.0000   -0.0000    0.0000    0.0006    0.0000    0.0000    0.0000  45.00
  46.00    9.9716E+39   -0.0001   -0.0001    0.0000   -0.0000    0.0000    0.0006    0.0000    0.0000    0.0000  46.00
  47.00    7.9369E+39   -0.0001   -0.0003    0.0000   -0.0000   -0.0000    0.0006    0.0000    0.0000    0.0000  47.00
  48.00    5.4155E+39   -0.0002   -0.0004    0.0000   -0.0000   -0.0000    0.0006    0.0000    0.0000    0.0000  48.00
  49.00    3.0564E+39   -0.0003   -0.0006    0.0000   -0.0000    0.0000    0.0006    0.0000    0.0000    0.0000  49.00
  50.00    1.4477E+39   -0.0004   -0.0007    0.0000   -0.0000    0.0000    0.0006    0.0000    0.0000    0.0000  50.00
  51.00    9.6579E+38    0.0001    0.0002    0.0000   -0.0000    0.0000    0.0006    0.0000    0.0000    0.0000  51.00
  52.00    1.6837E+39    0.0004    0.0008    0.0000   -0.0000    0.0000    0.0006    0.0000    0.0000    0.0000  52.00
  53.00    3.3604E+39    0.0003    0.0007    0.0000   -0.0000    0.0000    0.0006    0.0000    0.0000    0.0000  53.00
  54.00    5.5120E+39    0.0002    0.0005    0.0000   -0.0000    0.0000    0.0006    0.0000    0.0000    0.0000  54.00
  55.00    7.5439E+39    0.0001    0.0003    0.0000   -0.0000    0.0000    0.0006    0.0000    0.0000    0.0000  55.00
  56.00    8.9084E+39    0.0001    0.0001    0.0000   -0.0000    0.0000    0.0006    0.0000    0.0000    0.0000  56.00
  57.00    9.2467E+39    0.0000    0.0000    0.0000   -0.0000    0.0000    0.0006    0.0000    0.0000    0.0000  57.00
  58.00    8.4775E+39   -0.0001   -0.0001    0.0000   -0.0000   -0.0000    0.0006    0.0000    0.0000    0.0000  58.00
  59.00    6.8126E+39   -0.0001   -0.0003    0.0000   -0.0000    0.0000    0.0006    0.0000    0.0000    0.0000  59.00
  60.00    4.6950E+39   -0.0002   -0.0004    0.0000   -0.0000    0.0000    0.0006    0.0000    0.0000    0.0000  60.00
0Tot-sig   8.3623E+40
1Inelastic  10Be(d,p)11Be Ex=2.60 AK UNB LMAX15 RMAX20 V10                 0/00/00
    THETA  38                               39                               40                               41   THETA cos(theta)
     0.00  |++++++++++++++++++++++++++++++++|++++++++++++++++++++++++++++++++|+++++++*++++++++++++++++++++++++|+    0.00    1.0000
     1.00  +                                                                           *                       +    1.00    0.9998
     2.00  +                                                                               *                   +    2.00    0.9994
     3.00  +                                                                                    *              +    3.00    0.9986
     4.00  +                                                                                       *           +    4.00    0.9976
     5.00  +                                                                                          *        +    5.00    0.9962
     6.00  +                                                                                           *       +    6.00    0.9945
     7.00  +                                                                                            *      +    7.00    0.9925
     8.00  +                                                                                           *       +    8.00    0.9903
     9.00  +                                                                                        *          +    9.00    0.9877
    10.00  +                                                                                     *             +   10.00    0.9848
    11.00  +                                                                                *                  +   11.00    0.9816
    12.00  +                                                                        *                          +   12.00    0.9781
    13.00  +                                                              *                                    +   13.00    0.9744
    14.00  +                                                   *                                               +   14.00    0.9703
    15.00  +                                                *                                                  +   15.00    0.9659
    16.00  +                                                         *                                         +   16.00    0.9613
    17.00  +                                                                  *                                +   17.00    0.9563
    18.00  +                                                                        *                          +   18.00    0.9511
    19.00  +                                                                           *                       +   19.00    0.9455
    20.00  +                                                                             *                     +   20.00    0.9397
    21.00  +                                                                            *                      +   21.00    0.9336
    22.00  +                                                                          *                        +   22.00    0.9272
    23.00  +                                                                      *                            +   23.00    0.9205
    24.00  +                                                                *                                  +   24.00    0.9135
    25.00  +                                                       *                                           +   25.00    0.9063
    26.00  +                                            *                                                      +   26.00    0.8988
    27.00  +                                       *                                                           +   27.00    0.8910
    28.00  +                                                *                                                  +   28.00    0.8829
    29.00  +                                                         *                                         +   29.00    0.8746
    30.00  +                                                                *                                  +   30.00    0.8660
    31.00  +                                                                    *                              +   31.00    0.8572
    32.00  +                                                                      *                            +   32.00    0.8480
    33.00  +                                                                      *                            +   33.00    0.8387
    34.00  +                                                                     *                             +   34.00    0.8290
    35.00  +                                                                 *                                 +   35.00    0.8192
    36.00  +                                                           *                                       +   36.00    0.8090
    37.00  +                                                   *                                               +   37.00    0.7986
    38.00  +                                        *                                                          +   38.00    0.7880
    39.00  +                                   *                                                               +   39.00    0.7771
    40.00  +                                           *                                                       +   40.00    0.7660
    41.00  +                                                     *                                             +   41.00    0.7547
    42.00  +                                                           *                                       +   42.00    0.7431
    43.00  +                                                                *                                  +   43.00    0.7314
    44.00  +                                                                  *                                +   44.00    0.7193
    45.00  +                                                                  *                                +   45.00    0.7071
    46.00  +                                                                 *                                 +   46.00    0.6947
    47.00  +                                                              *                                    +   47.00    0.6820
    48.00  +                                                        *                                          +   48.00    0.6691
    49.00  +                                                *                                                  +   49.00    0.6561
    50.00  +                                     *                                                             +   50.00    0.6428
    51.00  +                                *                                                                  +   51.00    0.6293
    52.00  +                                       *                                                           +   52.00    0.6157
    53.00  +                                                 *                                                 +   53.00    0.6018
    54.00  +                                                        *                                          +   54.00    0.5878
    55.00  +                                                             *                                     +   55.00    0.5736
    56.00  +                                                               *                                   +   56.00    0.5592
    57.00  +                                                                *                                  +   57.00    0.5446
    58.00  +                                                               *                                   +   58.00    0.5299
    59.00  +                                                           *                                       +   59.00    0.5150
    60.00  |++++++++++++++++++++++++++++++++|+++++++++++++++++++++*++++++++++|++++++++++++++++++++++++++++++++|+   60.00    0.5000
    THETA  38                               39                               40                               41   THETA cos(theta)
1DWUCK4-DISTORTED WAVES U.COLORADO- PC-VERSION  12/Jan /1995
 Elapsed time in seconds =   0.00
 Elapsed time in seconds =   0.00
0CONTROL INTEGERS
  1 2 3 4 5 6 7 8 9 A B C D E F G H I J K    RUN IDENTIFICATION                                             0/00/00   0.00.00
  1 0 1 1 0 0 0 0 3 0 0 0 0 0 0 0 0 0 0 0    10Be(d,p)11Be Ex=2.80 AK UNB LMAX15 RMAX20 V10              
 10Be(d,p)11Be Ex=2.80 AK UNB LMAX15 RMAX20 V10              
 Adwck4 entered
0ANGLE DATA          THETN=  61.0000   THET1=   0.0000   DTHET=   1.0000   A-ANG=   0.0000   B-ANG=   0.0000
0CARD SET 3 DATA     LMAX =  15          LTR=   1
                     NLTR =   1        2*JTR=   3
0CARD SET 4 DATA     DRF  =   0.1000   RZ   =   0.0000   RMAX = -20.0000   VCE  =   0.0000   FNRNG=   0.0000
                     AMASS=   0.8000
 PARTICLE DATA 
0PARTICLE 1*******************************************************************************************************************
 INPUT DATA          ELAB =  17.4000   RC0  =   1.3030   AC   =   0.0000   2*STR=   2.0000
                     MASSP=   2.0000   MASST=  10.0000   Q    =   0.0000
                     ZP   =   1.0000   ZT   =   4.0000   PNLOC=   2.0000
 
 DERIVED DATA        ECM  =  14.5000   RC   =   2.8072   RHO  =   3.0186
                     K    =   1.0753   ETA  =   0.2136   DR   =   0.0080
0POTENTIAL PARAMETERS
 NX=1 VOLUME  W-S    V RL = -88.7440   R0RL =   1.1480   A RL =   0.7460   R RL =   2.4733   VSOR =   0.0000
                     V IM =  -2.1860   R0IM =   1.3510   A IM =   0.6400   R IM =   2.9106   VSOI =   0.0000   POWR =   0.0000
 NX=2 SURFACE W-S    V RL =   0.0000   R0RL =   0.0000   A RL =   0.0000   R RL =   0.0000   VSOR =   0.0000
                     V IM =  27.3930   R0IM =   1.4050   A IM =   0.6650   R IM =   3.0270   VSOI =   0.0000   POWR =   0.0000
 NX=4 L*S VOLUME     V RL = -14.2280   R0RL =   0.9720   A RL =   1.0110   R RL =   2.0941   VSOR =   0.0000
                     V IM =   0.0000   R0IM =   0.0000   A IM =   0.0000   R IM =   0.0000   VSOI =   0.0000   POWR =   0.0000
0PARTICLE 2*******************************************************************************************************************
 INPUT DATA          ELAB =  10.8862   RC0  =   1.5780   AC   =   0.0000   2*STR=   1.0000
                     MASSP=   1.0000   MASST=  11.0000   Q    =  -4.5210
                     ZP   =   1.0000   ZT   =   4.0000   PNLOC=   1.0000
 
 DERIVED DATA        ECM  =   9.9790   RC   =   3.5094   RHO  =   2.3217
                     K    =   0.6616   ETA  =   0.1909   DR   =   0.0073
0POTENTIAL PARAMETERS
 NX=1 VOLUME  W-S    V RL = -56.2800   R0RL =   1.1220   A RL =   0.6760   R RL =   2.4953   VSOR =   0.0000
                     V IM =  -1.1170   R0IM =   1.1220   A IM =   0.6760   R IM =   2.4953   VSOI =   0.0000   POWR =   0.0000
 NX=2 SURFACE W-S    V RL =   0.0000   R0RL =   0.0000   A RL =   0.0000   R RL =   0.0000   VSOR =   0.0000
                     V IM =  20.7710   R0IM =   1.3070   A IM =   0.5240   R IM =   2.9067   VSOI =   0.0000   POWR =   0.0000
 NX=4 L*S VOLUME     V RL = -21.8760   R0RL =   0.8940   A RL =   0.5900   R RL =   1.9882   VSOR =   0.0000
                     V IM =   0.8640   R0IM =   0.8940   A IM =   0.5900   R IM =   1.9882   VSOI =   0.0000   POWR =   0.0000
110Be(d,p)11Be Ex=2.80 AK UNB LMAX15 RMAX20 V10                 0/ 0/ 0
0FORM FACTOR DATA 
0PARTICLE 3*******************************************************************************************************************
 INPUT DATA          ELAB =   2.2960   RC0  =   1.3000   AC   =   0.0000   2*STR=   1.0000
                     MASSP=   1.0000   MASST=  10.0000   Q    =   2.2960
                     ZP   =   0.0000   ZT   =   4.0000   PNLOC=   1.0000
 
 DERIVED DATA        ECM  =   2.2960   RC   =   2.8008   RHO  =   0.8851
                     K    =   0.3160   ETA  =   0.0000   DR   =   0.0080
0POTENTIAL PARAMETERS
 NX=1 VOLUME  W-S    V RL =   1.0000   R0RL =   1.2500   A RL =   0.6500   R RL =   2.6930   VSOR =  24.0000
                     V IM =   1.1000   R0IM =   0.6500   A IM =   0.0000   R IM =   1.4004   VSOI =   0.0000   POWR =   0.0000
 
                     NODES=   0.0000   L    =   1.0000   2*J  =   3.0000   2*S  =   1.0000   FISW =   2.0000
 
                     COSD =  9.9998E-01               SIND = -6.1073E-03
                     V    =  28.3480   DET  =   0.0000   NODES=   0.0000   RM   =   2.6930   E    =   2.2960   ITER.=   0
0Non-locality correction is applied, parameter =   2.000
0Non-locality correction is applied, parameter =   1.000
0*****  Warning *****  LMAX too large for reliable calculation of unbound stripping or coulomb excitation cases.  Increase RMAX 
0                    LMAX =  15        NSTEP= 200        NLTR =   1
 Bdwck4 entered
   Subroutine INTEG  entered
0REACSIG 1   1.11469E+01                                             REACSIG 2   1.38392E+00
   Subroutine RADINT entered
110Be(d,p)11Be Ex=2.80 AK UNB LMAX15 RMAX20 V10                 0/00/00
0BASIC DATA          DR   =   0.1000   RMIN =   0.0000   RMAX =  20.0000   COUEX=   0.0000     IS1=   1.0000
                     FNRNG=   0.0000   PNLC1=   2.0000   PNLC2=   1.0000   PNLC3=   1.0000     IS2=   0.5000
 ANG MOM TRANSFER    LTR  =   1.       2*JTR=   3.       2*STR=   1.       Q    =  -4.5210
   Subroutine INSIG  entered
0 Theta Inelsig,fm**2      Polz       Asy       Ayy       A22       A21       A20       T22       T21       T20  Theta
   0.00    1.5947E+41    0.0000    0.0000    0.0000    0.0000    0.0000    0.0006    0.0000    0.0000    0.0000   0.00
   1.00    1.8116E+41    0.0003    0.0005    0.0000   -0.0000    0.0000    0.0006    0.0000    0.0000    0.0000   1.00
   2.00    2.4158E+41    0.0004    0.0007    0.0000   -0.0000    0.0000    0.0006    0.0000    0.0000    0.0000   2.00
   3.00    3.2782E+41    0.0003    0.0007    0.0000   -0.0000    0.0000    0.0006    0.0000    0.0000    0.0000   3.00
   4.00    4.2143E+41    0.0003    0.0006    0.0000   -0.0000    0.0000    0.0006    0.0000    0.0000    0.0000   4.00
   5.00    5.0232E+41    0.0002    0.0005    0.0000   -0.0000    0.0000    0.0006    0.0000    0.0000    0.0000   5.00
   6.00    5.5298E+41    0.0002    0.0004    0.0000   -0.0000    0.0000    0.0006    0.0000    0.0000    0.0000   6.00
   7.00    5.6205E+41    0.0001    0.0002    0.0000   -0.0000    0.0000    0.0006    0.0000    0.0000    0.0000   7.00
   8.00    5.2655E+41    0.0001    0.0001    0.0000   -0.0000    0.0000    0.0006    0.0000    0.0000    0.0000   8.00
   9.00    4.5230E+41    0.0000    0.0000    0.0000   -0.0000    0.0000    0.0006    0.0000    0.0000    0.0000   9.00
  10.00    3.5240E+41   -0.0000   -0.0001    0.0000   -0.0000    0.0000    0.0006    0.0000    0.0000    0.0000  10.00
  11.00    2.4434E+41   -0.0001   -0.0002    0.0000   -0.0000    0.0000    0.0006    0.0000    0.0000    0.0000  11.00
  12.00    1.4616E+41   -0.0002   -0.0004    0.0000   -0.0000    0.0000    0.0006    0.0000    0.0000    0.0000  12.00
  13.00    7.2763E+40   -0.0003   -0.0006    0.0000   -0.0000   -0.0000    0.0006    0.0000    0.0000    0.0000  13.00
  14.00    3.3000E+40   -0.0003   -0.0006    0.0000   -0.0000   -0.0000    0.0006    0.0000    0.0000    0.0000  14.00
  15.00    2.8237E+40    0.0002    0.0004    0.0000   -0.0000    0.0000    0.0006    0.0000    0.0000    0.0000  15.00
  16.00    5.2604E+40    0.0004    0.0007    0.0000   -0.0000    0.0000    0.0006    0.0000    0.0000    0.0000  16.00
  17.00    9.4802E+40    0.0003    0.0006    0.0000   -0.0000    0.0000    0.0006    0.0000    0.0000    0.0000  17.00
  18.00    1.4098E+41    0.0002    0.0004    0.0000   -0.0000    0.0000    0.0006    0.0000    0.0000    0.0000  18.00
  19.00    1.7800E+41    0.0001    0.0003    0.0000   -0.0000    0.0000    0.0006    0.0000    0.0000    0.0000  19.00
  20.00    1.9631E+41    0.0001    0.0001    0.0000   -0.0000    0.0000    0.0006    0.0000    0.0000    0.0000  20.00
  21.00    1.9179E+41    0.0000    0.0000    0.0000   -0.0000    0.0000    0.0006    0.0000    0.0000    0.0000  21.00
  22.00    1.6629E+41   -0.0001   -0.0001    0.0000   -0.0000    0.0000    0.0006    0.0000    0.0000    0.0000  22.00
  23.00    1.2665E+41   -0.0001   -0.0002    0.0000   -0.0000    0.0000    0.0006    0.0000    0.0000    0.0000  23.00
  24.00    8.2727E+40   -0.0002   -0.0004    0.0000   -0.0000   -0.0000    0.0006    0.0000    0.0000    0.0000  24.00
  25.00    4.4769E+40   -0.0003   -0.0006    0.0000   -0.0000   -0.0000    0.0006    0.0000    0.0000    0.0000  25.00
  26.00    2.0897E+40   -0.0003   -0.0006    0.0000   -0.0000    0.0000    0.0006    0.0000    0.0000    0.0000  26.00
  27.00    1.5267E+40    0.0001    0.0003    0.0000   -0.0000    0.0000    0.0006    0.0000    0.0000    0.0000  27.00
  28.00    2.7296E+40    0.0004    0.0008    0.0000   -0.0000    0.0000    0.0006    0.0000    0.0000    0.0000  28.00
  29.00    5.2100E+40    0.0003    0.0006    0.0000   -0.0000    0.0000    0.0006    0.0000    0.0000    0.0000  29.00
  30.00    8.1950E+40    0.0002    0.0004    0.0000   -0.0000    0.0000    0.0006    0.0000    0.0000    0.0000  30.00
  31.00    1.0836E+41    0.0001    0.0003    0.0000   -0.0000    0.0000    0.0006    0.0000    0.0000    0.0000  31.00
  32.00    1.2424E+41    0.0001    0.0001    0.0000   -0.0000    0.0000    0.0006    0.0000    0.0000    0.0000  32.00
  33.00    1.2558E+41    0.0000    0.0000    0.0000   -0.0000    0.0000    0.0006    0.0000    0.0000    0.0000  33.00
  34.00    1.1232E+41   -0.0001   -0.0001    0.0000   -0.0000    0.0000    0.0006    0.0000    0.0000    0.0000  34.00
  35.00    8.8134E+40   -0.0001   -0.0002    0.0000   -0.0000    0.0000    0.0006    0.0000    0.0000    0.0000  35.00
  36.00    5.9322E+40   -0.0002   -0.0004    0.0000   -0.0000   -0.0000    0.0006    0.0000    0.0000    0.0000  36.00
  37.00    3.3098E+40   -0.0003   -0.0006    0.0000   -0.0000   -0.0000    0.0006    0.0000    0.0000    0.0000  37.00
  38.00    1.5705E+40   -0.0003   -0.0006    0.0000   -0.0000    0.0000    0.0006    0.0000    0.0000    0.0000  38.00
  39.00    1.0867E+40    0.0001    0.0002    0.0000   -0.0000    0.0000    0.0006    0.0000    0.0000    0.0000  39.00
  40.00    1.8945E+40    0.0004    0.0008    0.0000   -0.0000    0.0000    0.0006    0.0000    0.0000    0.0000  40.00
  41.00    3.6987E+40    0.0003    0.0006    0.0000   -0.0000    0.0000    0.0006    0.0000    0.0000    0.0000  41.00
  42.00    5.9607E+40    0.0002    0.0004    0.0000   -0.0000    0.0000    0.0006    0.0000    0.0000    0.0000  42.00
  43.00    8.0469E+40    0.0001    0.0003    0.0000   -0.0000    0.0000    0.0006    0.0000    0.0000    0.0000  43.00
  44.00    9.3942E+40    0.0001    0.0001    0.0000   -0.0000    0.0000    0.0006    0.0000    0.0000    0.0000  44.00
  45.00    9.6527E+40    0.0000    0.0000    0.0000   -0.0000    0.0000    0.0006    0.0000    0.0000    0.0000  45.00
  46.00    8.7679E+40   -0.0001   -0.0001    0.0000   -0.0000    0.0000    0.0006    0.0000    0.0000    0.0000  46.00
  47.00    6.9852E+40   -0.0001   -0.0002    0.0000   -0.0000   -0.0000    0.0006    0.0000    0.0000    0.0000  47.00
  48.00    4.7759E+40   -0.0002   -0.0004    0.0000   -0.0000   -0.0000    0.0006    0.0000    0.0000    0.0000  48.00
  49.00    2.7086E+40   -0.0003   -0.0006    0.0000   -0.0000    0.0000    0.0006    0.0000    0.0000    0.0000  49.00
  50.00    1.2984E+40   -0.0003   -0.0006    0.0000   -0.0000    0.0000    0.0006    0.0000    0.0000    0.0000  50.00
  51.00    8.7505E+39    0.0001    0.0002    0.0000   -0.0000    0.0000    0.0006    0.0000    0.0000    0.0000  51.00
  52.00    1.5028E+40    0.0004    0.0008    0.0000   -0.0000    0.0000    0.0006    0.0000    0.0000    0.0000  52.00
  53.00    2.9706E+40    0.0003    0.0006    0.0000   -0.0000    0.0000    0.0006    0.0000    0.0000    0.0000  53.00
  54.00    4.8548E+40    0.0002    0.0004    0.0000   -0.0000    0.0000    0.0006    0.0000    0.0000    0.0000  54.00
  55.00    6.6345E+40    0.0001    0.0003    0.0000   -0.0000    0.0000    0.0006    0.0000    0.0000    0.0000  55.00
  56.00    7.8300E+40    0.0001    0.0001    0.0000   -0.0000    0.0000    0.0006    0.0000    0.0000    0.0000  56.00
  57.00    8.1266E+40    0.0000    0.0000    0.0000   -0.0000    0.0000    0.0006    0.0000    0.0000    0.0000  57.00
  58.00    7.4533E+40   -0.0001   -0.0001    0.0000   -0.0000   -0.0000    0.0006    0.0000    0.0000    0.0000  58.00
  59.00    5.9952E+40   -0.0001   -0.0002    0.0000   -0.0000    0.0000    0.0006    0.0000    0.0000    0.0000  59.00
  60.00    4.1402E+40   -0.0002   -0.0004    0.0000   -0.0000    0.0000    0.0006    0.0000    0.0000    0.0000  60.00
0Tot-sig   7.3660E+41
1Inelastic  10Be(d,p)11Be Ex=2.80 AK UNB LMAX15 RMAX20 V10                 0/00/00
    THETA  39                               40                               41                               42   THETA cos(theta)
     0.00  |++++++++++++++++++++++++++++++++|++++++++++++++++++++++++++++++++|++++++*+++++++++++++++++++++++++|+    0.00    1.0000
     1.00  +                                                                          *                        +    1.00    0.9998
     2.00  +                                                                              *                    +    2.00    0.9994
     3.00  +                                                                                  *                +    3.00    0.9986
     4.00  +                                                                                      *            +    4.00    0.9976
     5.00  +                                                                                        *          +    5.00    0.9962
     6.00  +                                                                                          *        +    6.00    0.9945
     7.00  +                                                                                          *        +    7.00    0.9925
     8.00  +                                                                                         *         +    8.00    0.9903
     9.00  +                                                                                       *           +    9.00    0.9877
    10.00  +                                                                                   *               +   10.00    0.9848
    11.00  +                                                                              *                    +   11.00    0.9816
    12.00  +                                                                      *                            +   12.00    0.9781
    13.00  +                                                            *                                      +   13.00    0.9744
    14.00  +                                                 *                                                 +   14.00    0.9703
    15.00  +                                               *                                                   +   15.00    0.9659
    16.00  +                                                        *                                          +   16.00    0.9613
    17.00  +                                                                *                                  +   17.00    0.9563
    18.00  +                                                                      *                            +   18.00    0.9511
    19.00  +                                                                         *                         +   19.00    0.9455
    20.00  +                                                                           *                       +   20.00    0.9397
    21.00  +                                                                          *                        +   21.00    0.9336
    22.00  +                                                                        *                          +   22.00    0.9272
    23.00  +                                                                    *                              +   23.00    0.9205
    24.00  +                                                              *                                    +   24.00    0.9135
    25.00  +                                                     *                                             +   25.00    0.9063
    26.00  +                                           *                                                       +   26.00    0.8988
    27.00  +                                      *                                                            +   27.00    0.8910
    28.00  +                                              *                                                    +   28.00    0.8829
    29.00  +                                                        *                                          +   29.00    0.8746
    30.00  +                                                              *                                    +   30.00    0.8660
    31.00  +                                                                  *                                +   31.00    0.8572
    32.00  +                                                                    *                              +   32.00    0.8480
    33.00  +                                                                    *                              +   33.00    0.8387
    34.00  +                                                                   *                               +   34.00    0.8290
    35.00  +                                                               *                                   +   35.00    0.8192
    36.00  +                                                          *                                        +   36.00    0.8090
    37.00  +                                                 *                                                 +   37.00    0.7986
    38.00  +                                      *                                                            +   38.00    0.7880
    39.00  +                                 *                                                                 +   39.00    0.7771
    40.00  +                                         *                                                         +   40.00    0.7660
    41.00  +                                                   *                                               +   41.00    0.7547
    42.00  +                                                          *                                        +   42.00    0.7431
    43.00  +                                                              *                                    +   43.00    0.7314
    44.00  +                                                                *                                  +   44.00    0.7193
    45.00  +                                                                *                                  +   45.00    0.7071
    46.00  +                                                               *                                   +   46.00    0.6947
    47.00  +                                                            *                                      +   47.00    0.6820
    48.00  +                                                      *                                            +   48.00    0.6691
    49.00  +                                              *                                                    +   49.00    0.6561
    50.00  +                                    *                                                              +   50.00    0.6428
    51.00  +                              *                                                                    +   51.00    0.6293
    52.00  +                                      *                                                            +   52.00    0.6157
    53.00  +                                                *                                                  +   53.00    0.6018
    54.00  +                                                       *                                           +   54.00    0.5878
    55.00  +                                                           *                                       +   55.00    0.5736
    56.00  +                                                             *                                     +   56.00    0.5592
    57.00  +                                                              *                                    +   57.00    0.5446
    58.00  +                                                             *                                     +   58.00    0.5299
    59.00  +                                                          *                                        +   59.00    0.5150
    60.00  |++++++++++++++++++++++++++++++++|+++++++++++++++++++*++++++++++++|++++++++++++++++++++++++++++++++|+   60.00    0.5000
    THETA  39                               40                               41                               42   THETA cos(theta)
1DWUCK4-DISTORTED WAVES U.COLORADO- PC-VERSION  12/Jan /1995
 Elapsed time in seconds =   0.00
 Elapsed time in seconds =   0.00
0CONTROL INTEGERS
  1 2 3 4 5 6 7 8 9 A B C D E F G H I J K    RUN IDENTIFICATION                                             0/00/00   0.00.00
  1 0 1 1 0 0 0 0 3 0 0 0 0 0 0 0 0 0 0 0    10Be(d,p)11Be Ex=3.00 AK UNB LMAX15 RMAX20 V10              
 10Be(d,p)11Be Ex=3.00 AK UNB LMAX15 RMAX20 V10              
 Adwck4 entered
0ANGLE DATA          THETN=  61.0000   THET1=   0.0000   DTHET=   1.0000   A-ANG=   0.0000   B-ANG=   0.0000
0CARD SET 3 DATA     LMAX =  15          LTR=   1
                     NLTR =   1        2*JTR=   3
0CARD SET 4 DATA     DRF  =   0.1000   RZ   =   0.0000   RMAX = -20.0000   VCE  =   0.0000   FNRNG=   0.0000
                     AMASS=   0.8000
 PARTICLE DATA 
0PARTICLE 1*******************************************************************************************************************
 INPUT DATA          ELAB =  17.4000   RC0  =   1.3030   AC   =   0.0000   2*STR=   2.0000
                     MASSP=   2.0000   MASST=  10.0000   Q    =   0.0000
                     ZP   =   1.0000   ZT   =   4.0000   PNLOC=   2.0000
 
 DERIVED DATA        ECM  =  14.5000   RC   =   2.8072   RHO  =   3.0186
                     K    =   1.0753   ETA  =   0.2136   DR   =   0.0080
0POTENTIAL PARAMETERS
 NX=1 VOLUME  W-S    V RL = -88.7440   R0RL =   1.1480   A RL =   0.7460   R RL =   2.4733   VSOR =   0.0000
                     V IM =  -2.1860   R0IM =   1.3510   A IM =   0.6400   R IM =   2.9106   VSOI =   0.0000   POWR =   0.0000
 NX=2 SURFACE W-S    V RL =   0.0000   R0RL =   0.0000   A RL =   0.0000   R RL =   0.0000   VSOR =   0.0000
                     V IM =  27.3930   R0IM =   1.4050   A IM =   0.6650   R IM =   3.0270   VSOI =   0.0000   POWR =   0.0000
 NX=4 L*S VOLUME     V RL = -14.2280   R0RL =   0.9720   A RL =   1.0110   R RL =   2.0941   VSOR =   0.0000
                     V IM =   0.0000   R0IM =   0.0000   A IM =   0.0000   R IM =   0.0000   VSOI =   0.0000   POWR =   0.0000
0PARTICLE 2*******************************************************************************************************************
 INPUT DATA          ELAB =  10.6680   RC0  =   1.5780   AC   =   0.0000   2*STR=   1.0000
                     MASSP=   1.0000   MASST=  11.0000   Q    =  -4.7210
                     ZP   =   1.0000   ZT   =   4.0000   PNLOC=   1.0000
 
 DERIVED DATA        ECM  =   9.7790   RC   =   3.5094   RHO  =   2.2983
                     K    =   0.6549   ETA  =   0.1929   DR   =   0.0073
0POTENTIAL PARAMETERS
 NX=1 VOLUME  W-S    V RL = -56.2800   R0RL =   1.1220   A RL =   0.6760   R RL =   2.4953   VSOR =   0.0000
                     V IM =  -1.1170   R0IM =   1.1220   A IM =   0.6760   R IM =   2.4953   VSOI =   0.0000   POWR =   0.0000
 NX=2 SURFACE W-S    V RL =   0.0000   R0RL =   0.0000   A RL =   0.0000   R RL =   0.0000   VSOR =   0.0000
                     V IM =  20.7710   R0IM =   1.3070   A IM =   0.5240   R IM =   2.9067   VSOI =   0.0000   POWR =   0.0000
 NX=4 L*S VOLUME     V RL = -21.8760   R0RL =   0.8940   A RL =   0.5900   R RL =   1.9882   VSOR =   0.0000
                     V IM =   0.8640   R0IM =   0.8940   A IM =   0.5900   R IM =   1.9882   VSOI =   0.0000   POWR =   0.0000
110Be(d,p)11Be Ex=3.00 AK UNB LMAX15 RMAX20 V10                 0/ 0/ 0
0FORM FACTOR DATA 
0PARTICLE 3*******************************************************************************************************************
 INPUT DATA          ELAB =   2.4960   RC0  =   1.3000   AC   =   0.0000   2*STR=   1.0000
                     MASSP=   1.0000   MASST=  10.0000   Q    =   2.4960
                     ZP   =   0.0000   ZT   =   4.0000   PNLOC=   1.0000
 
 DERIVED DATA        ECM  =   2.4960   RC   =   2.8008   RHO  =   0.9228
                     K    =   0.3295   ETA  =   0.0000   DR   =   0.0080
0POTENTIAL PARAMETERS
 NX=1 VOLUME  W-S    V RL =   1.0000   R0RL =   1.2500   A RL =   0.6500   R RL =   2.6930   VSOR =  24.0000
                     V IM =   1.1000   R0IM =   0.6500   A IM =   0.0000   R IM =   1.4004   VSOI =   0.0000   POWR =   0.0000
 
                     NODES=   0.0000   L    =   1.0000   2*J  =   3.0000   2*S  =   1.0000   FISW =   2.0000
 
                     COSD =  9.9998E-01               SIND = -6.8912E-03
                     V    =  28.3480   DET  =   0.0000   NODES=   0.0000   RM   =   2.6930   E    =   2.4960   ITER.=   0
0Non-locality correction is applied, parameter =   2.000
0Non-locality correction is applied, parameter =   1.000
0*****  Warning *****  LMAX too large for reliable calculation of unbound stripping or coulomb excitation cases.  Increase RMAX 
0                    LMAX =  15        NSTEP= 200        NLTR =   1
 Bdwck4 entered
   Subroutine INTEG  entered
0REACSIG 1   1.11469E+01                                             REACSIG 2   1.38554E+00
   Subroutine RADINT entered
110Be(d,p)11Be Ex=3.00 AK UNB LMAX15 RMAX20 V10                 0/00/00
0BASIC DATA          DR   =   0.1000   RMIN =   0.0000   RMAX =  20.0000   COUEX=   0.0000     IS1=   1.0000
                     FNRNG=   0.0000   PNLC1=   2.0000   PNLC2=   1.0000   PNLC3=   1.0000     IS2=   0.5000
 ANG MOM TRANSFER    LTR  =   1.       2*JTR=   3.       2*STR=   1.       Q    =  -4.7210
   Subroutine INSIG  entered
0 Theta Inelsig,fm**2      Polz       Asy       Ayy       A22       A21       A20       T22       T21       T20  Theta
   0.00    2.7369E+40    0.0000    0.0000    0.0000    0.0000    0.0000    0.0006    0.0000    0.0000    0.0000   0.00
   1.00    3.0942E+40    0.0002    0.0005    0.0000   -0.0000    0.0000    0.0006    0.0000    0.0000    0.0000   1.00
   2.00    4.0897E+40    0.0003    0.0006    0.0000   -0.0000    0.0000    0.0006    0.0000    0.0000    0.0000   2.00
   3.00    5.5101E+40    0.0003    0.0006    0.0000   -0.0000    0.0000    0.0006    0.0000    0.0000    0.0000   3.00
   4.00    7.0506E+40    0.0003    0.0005    0.0000   -0.0000    0.0000    0.0006    0.0000    0.0000    0.0000   4.00
   5.00    8.3797E+40    0.0002    0.0004    0.0000   -0.0000    0.0000    0.0006    0.0000    0.0000    0.0000   5.00
   6.00    9.2081E+40    0.0002    0.0003    0.0000   -0.0000    0.0000    0.0006    0.0000    0.0000    0.0000   6.00
   7.00    9.3486E+40    0.0001    0.0002    0.0000   -0.0000    0.0000    0.0006    0.0000    0.0000    0.0000   7.00
   8.00    8.7526E+40    0.0001    0.0001    0.0000   -0.0000    0.0000    0.0006    0.0000    0.0000    0.0000   8.00
   9.00    7.5166E+40    0.0000    0.0000    0.0000   -0.0000    0.0000    0.0006    0.0000    0.0000    0.0000   9.00
  10.00    5.8578E+40   -0.0000   -0.0001    0.0000   -0.0000    0.0000    0.0006    0.0000    0.0000    0.0000  10.00
  11.00    4.0653E+40   -0.0001   -0.0002    0.0000   -0.0000    0.0000    0.0006    0.0000    0.0000    0.0000  11.00
  12.00    2.4378E+40   -0.0002   -0.0004    0.0000   -0.0000    0.0000    0.0006    0.0000    0.0000    0.0000  12.00
  13.00    1.2215E+40   -0.0003   -0.0006    0.0000   -0.0000   -0.0000    0.0006    0.0000    0.0000    0.0000  13.00
  14.00    5.6249E+39   -0.0002   -0.0005    0.0000   -0.0000   -0.0000    0.0006    0.0000    0.0000    0.0000  14.00
  15.00    4.8313E+39    0.0002    0.0004    0.0000   -0.0000    0.0000    0.0006    0.0000    0.0000    0.0000  15.00
  16.00    8.8605E+39    0.0003    0.0007    0.0000   -0.0000    0.0000    0.0006    0.0000    0.0000    0.0000  16.00
  17.00    1.5841E+40    0.0003    0.0005    0.0000   -0.0000    0.0000    0.0006    0.0000    0.0000    0.0000  17.00
  18.00    2.3479E+40    0.0002    0.0004    0.0000   -0.0000    0.0000    0.0006    0.0000    0.0000    0.0000  18.00
  19.00    2.9601E+40    0.0001    0.0002    0.0000   -0.0000    0.0000    0.0006    0.0000    0.0000    0.0000  19.00
  20.00    3.2624E+40    0.0001    0.0001    0.0000   -0.0000    0.0000    0.0006    0.0000    0.0000    0.0000  20.00
  21.00    3.1870E+40    0.0000    0.0000    0.0000   -0.0000    0.0000    0.0006    0.0000    0.0000    0.0000  21.00
  22.00    2.7641E+40   -0.0000   -0.0001    0.0000   -0.0000    0.0000    0.0006    0.0000    0.0000    0.0000  22.00
  23.00    2.1074E+40   -0.0001   -0.0002    0.0000   -0.0000    0.0000    0.0006    0.0000    0.0000    0.0000  23.00
  24.00    1.3798E+40   -0.0002   -0.0004    0.0000   -0.0000   -0.0000    0.0006    0.0000    0.0000    0.0000  24.00
  25.00    7.5100E+39   -0.0003   -0.0005    0.0000   -0.0000   -0.0000    0.0006    0.0000    0.0000    0.0000  25.00
  26.00    3.5533E+39   -0.0003   -0.0005    0.0000   -0.0000    0.0000    0.0006    0.0000    0.0000    0.0000  26.00
  27.00    2.6163E+39    0.0001    0.0003    0.0000   -0.0000    0.0000    0.0006    0.0000    0.0000    0.0000  27.00
  28.00    4.6030E+39    0.0003    0.0007    0.0000   -0.0000    0.0000    0.0006    0.0000    0.0000    0.0000  28.00
  29.00    8.7049E+39    0.0003    0.0006    0.0000   -0.0000    0.0000    0.0006    0.0000    0.0000    0.0000  29.00
  30.00    1.3643E+40    0.0002    0.0004    0.0000   -0.0000    0.0000    0.0006    0.0000    0.0000    0.0000  30.00
  31.00    1.8013E+40    0.0001    0.0002    0.0000   -0.0000    0.0000    0.0006    0.0000    0.0000    0.0000  31.00
  32.00    2.0641E+40    0.0001    0.0001    0.0000   -0.0000    0.0000    0.0006    0.0000    0.0000    0.0000  32.00
  33.00    2.0864E+40    0.0000    0.0000    0.0000   -0.0000    0.0000    0.0006    0.0000    0.0000    0.0000  33.00
  34.00    1.8669E+40   -0.0000   -0.0001    0.0000   -0.0000    0.0000    0.0006    0.0000    0.0000    0.0000  34.00
  35.00    1.4665E+40   -0.0001   -0.0002    0.0000   -0.0000    0.0000    0.0006    0.0000    0.0000    0.0000  35.00
  36.00    9.8946E+39   -0.0002   -0.0004    0.0000   -0.0000   -0.0000    0.0006    0.0000    0.0000    0.0000  36.00
  37.00    5.5513E+39   -0.0003   -0.0005    0.0000   -0.0000   -0.0000    0.0006    0.0000    0.0000    0.0000  37.00
  38.00    2.6683E+39   -0.0003   -0.0005    0.0000   -0.0000    0.0000    0.0006    0.0000    0.0000    0.0000  38.00
  39.00    1.8627E+39    0.0001    0.0003    0.0000   -0.0000    0.0000    0.0006    0.0000    0.0000    0.0000  39.00
  40.00    3.1952E+39    0.0004    0.0007    0.0000   -0.0000    0.0000    0.0006    0.0000    0.0000    0.0000  40.00
  41.00    6.1774E+39    0.0003    0.0006    0.0000   -0.0000    0.0000    0.0006    0.0000    0.0000    0.0000  41.00
  42.00    9.9191E+39    0.0002    0.0004    0.0000   -0.0000    0.0000    0.0006    0.0000    0.0000    0.0000  42.00
  43.00    1.3371E+40    0.0001    0.0003    0.0000   -0.0000    0.0000    0.0006    0.0000    0.0000    0.0000  43.00
  44.00    1.5602E+40    0.0001    0.0001    0.0000   -0.0000    0.0000    0.0006    0.0000    0.0000    0.0000  44.00
  45.00    1.6032E+40    0.0000    0.0000    0.0000   -0.0000    0.0000    0.0006    0.0000    0.0000    0.0000  45.00
  46.00    1.4571E+40   -0.0000   -0.0001    0.0000   -0.0000    0.0000    0.0006    0.0000    0.0000    0.0000  46.00
  47.00    1.1622E+40   -0.0001   -0.0002    0.0000   -0.0000   -0.0000    0.0006    0.0000    0.0000    0.0000  47.00
  48.00    7.9655E+39   -0.0002   -0.0003    0.0000   -0.0000   -0.0000    0.0006    0.0000    0.0000    0.0000  48.00
  49.00    4.5423E+39   -0.0003   -0.0005    0.0000   -0.0000    0.0000    0.0006    0.0000    0.0000    0.0000  49.00
  50.00    2.2049E+39   -0.0003   -0.0005    0.0000   -0.0000    0.0000    0.0006    0.0000    0.0000    0.0000  50.00
  51.00    1.4998E+39    0.0001    0.0003    0.0000   -0.0000    0.0000    0.0006    0.0000    0.0000    0.0000  51.00
  52.00    2.5339E+39    0.0004    0.0007    0.0000   -0.0000    0.0000    0.0006    0.0000    0.0000    0.0000  52.00
  53.00    4.9590E+39    0.0003    0.0006    0.0000   -0.0000    0.0000    0.0006    0.0000    0.0000    0.0000  53.00
  54.00    8.0747E+39    0.0002    0.0004    0.0000   -0.0000    0.0000    0.0006    0.0000    0.0000    0.0000  54.00
  55.00    1.1020E+40    0.0001    0.0003    0.0000   -0.0000    0.0000    0.0006    0.0000    0.0000    0.0000  55.00
  56.00    1.3000E+40    0.0001    0.0001    0.0000   -0.0000    0.0000    0.0006    0.0000    0.0000    0.0000  56.00
  57.00    1.3493E+40    0.0000    0.0000    0.0000   -0.0000    0.0000    0.0006    0.0000    0.0000    0.0000  57.00
  58.00    1.2382E+40   -0.0000   -0.0001    0.0000   -0.0000   -0.0000    0.0006    0.0000    0.0000    0.0000  58.00
  59.00    9.9724E+39   -0.0001   -0.0002    0.0000   -0.0000    0.0000    0.0006    0.0000    0.0000    0.0000  59.00
  60.00    6.9039E+39   -0.0002   -0.0003    0.0000   -0.0000    0.0000    0.0006    0.0000    0.0000    0.0000  60.00
0Tot-sig   1.2253E+41
1Inelastic  10Be(d,p)11Be Ex=3.00 AK UNB LMAX15 RMAX20 V10                 0/00/00
    THETA  38                               39                               40                               41   THETA cos(theta)
     0.00  |++++++++++++++++++++++++++++++++|++++++++++++++++++++++++++++++++|+++++++++++++*++++++++++++++++++|+    0.00    1.0000
     1.00  +                                                                                 *                 +    1.00    0.9998
     2.00  +                                                                                     *             +    2.00    0.9994
     3.00  +                                                                                         *         +    3.00    0.9986
     4.00  +                                                                                             *     +    4.00    0.9976
     5.00  +                                                                                               *   +    5.00    0.9962
     6.00  +                                                                                                 * +    6.00    0.9945
     7.00  +                                                                                                 * +    7.00    0.9925
     8.00  +                                                                                                *  +    8.00    0.9903
     9.00  +                                                                                              *    +    9.00    0.9877
    10.00  +                                                                                          *        +   10.00    0.9848
    11.00  +                                                                                     *             +   11.00    0.9816
    12.00  +                                                                              *                    +   12.00    0.9781
    13.00  +                                                                    *                              +   13.00    0.9744
    14.00  +                                                         *                                         +   14.00    0.9703
    15.00  +                                                       *                                           +   15.00    0.9659
    16.00  +                                                               *                                   +   16.00    0.9613
    17.00  +                                                                        *                          +   17.00    0.9563
    18.00  +                                                                             *                     +   18.00    0.9511
    19.00  +                                                                                 *                 +   19.00    0.9455
    20.00  +                                                                                  *                +   20.00    0.9397
    21.00  +                                                                                  *                +   21.00    0.9336
    22.00  +                                                                                *                  +   22.00    0.9272
    23.00  +                                                                            *                      +   23.00    0.9205
    24.00  +                                                                      *                            +   24.00    0.9135
    25.00  +                                                             *                                     +   25.00    0.9063
    26.00  +                                                  *                                                +   26.00    0.8988
    27.00  +                                              *                                                    +   27.00    0.8910
    28.00  +                                                      *                                            +   28.00    0.8829
    29.00  +                                                               *                                   +   29.00    0.8746
    30.00  +                                                                     *                             +   30.00    0.8660
    31.00  +                                                                         *                         +   31.00    0.8572
    32.00  +                                                                           *                       +   32.00    0.8480
    33.00  +                                                                            *                      +   33.00    0.8387
    34.00  +                                                                          *                        +   34.00    0.8290
    35.00  +                                                                      *                            +   35.00    0.8192
    36.00  +                                                                 *                                 +   36.00    0.8090
    37.00  +                                                         *                                         +   37.00    0.7986
    38.00  +                                              *                                                    +   38.00    0.7880
    39.00  +                                         *                                                         +   39.00    0.7771
    40.00  +                                                 *                                                 +   40.00    0.7660
    41.00  +                                                          *                                        +   41.00    0.7547
    42.00  +                                                                 *                                 +   42.00    0.7431
    43.00  +                                                                     *                             +   43.00    0.7314
    44.00  +                                                                       *                           +   44.00    0.7193
    45.00  +                                                                        *                          +   45.00    0.7071
    46.00  +                                                                      *                            +   46.00    0.6947
    47.00  +                                                                   *                               +   47.00    0.6820
    48.00  +                                                              *                                    +   48.00    0.6691
    49.00  +                                                      *                                            +   49.00    0.6561
    50.00  +                                           *                                                       +   50.00    0.6428
    51.00  +                                      *                                                            +   51.00    0.6293
    52.00  +                                             *                                                     +   52.00    0.6157
    53.00  +                                                       *                                           +   53.00    0.6018
    54.00  +                                                              *                                    +   54.00    0.5878
    55.00  +                                                                  *                                +   55.00    0.5736
    56.00  +                                                                     *                             +   56.00    0.5592
    57.00  +                                                                     *                             +   57.00    0.5446
    58.00  +                                                                    *                              +   58.00    0.5299
    59.00  +                                                                 *                                 +   59.00    0.5150
    60.00  |++++++++++++++++++++++++++++++++|+++++++++++++++++++++++++++*++++|++++++++++++++++++++++++++++++++|+   60.00    0.5000
    THETA  38                               39                               40                               41   THETA cos(theta)
1DWUCK4-DISTORTED WAVES U.COLORADO- PC-VERSION  12/Jan /1995
 Elapsed time in seconds =   0.00
 Elapsed time in seconds =   0.00
0CONTROL INTEGERS
  1 2 3 4 5 6 7 8 9 A B C D E F G H I J K    RUN IDENTIFICATION                                             0/00/00   0.00.00
  9 0 0 0 0 0 0 0 0 0 0 0 0 0 0 0 0 0 0 0    END OF DATA for DWUCK4                                      
