1********************DWUCK4 AT YOUR SERVICE********************

 installed         Mon May 21 11:05:50 1990                
 today is          Mon Mar 16 14:06:38 2026




















                    *******************************************************
                    *                                                     *
                    * User     : calemhoffman                             *
                    * Directory: <- /Users/calemhoffman/Documents/GitHub/ *
                    * Input    : Standard Input                           *
                    * Output   : Standard Output                          *
                    *                                                     *
                    *******************************************************
1
0DWUCK4-DISTORTED WAVES U.COLORADO- PC-VERSION  12/Jan /1995
 Elapsed time in seconds =   0.00
 Elapsed time in seconds =   0.00
0CONTROL INTEGERS
  1 2 3 4 5 6 7 8 9 A B C D E F G H I J K    RUN IDENTIFICATION                                             0/00/00   0.00.00
  1 0 1 1 0 0 0 0 3 0 0 0 0 0 0 0 0 0 0 0    10Be(d,p)11Be Ex=0.60 QG UNB LMAX10 RMAX30 V9               
 10Be(d,p)11Be Ex=0.60 QG UNB LMAX10 RMAX30 V9               
 Adwck4 entered
0ANGLE DATA          THETN=  61.0000   THET1=   0.0000   DTHET=   1.0000   A-ANG=   0.0000   B-ANG=   0.0000
0CARD SET 3 DATA     LMAX =  10          LTR=   1
                     NLTR =   1        2*JTR=   3
0CARD SET 4 DATA     DRF  =   0.1000   RZ   =   0.0000   RMAX = -30.0000   VCE  =   0.0000   FNRNG=   0.0000
                     AMASS=   0.8000
 PARTICLE DATA 
0PARTICLE 1*******************************************************************************************************************
 INPUT DATA          ELAB =  17.4000   RC0  =   1.3030   AC   =   0.0000   2*STR=   2.0000
                     MASSP=   2.0000   MASST=  10.0000   Q    =   0.0000
                     ZP   =   1.0000   ZT   =   4.0000   PNLOC=   2.0000
 
 DERIVED DATA        ECM  =  14.5000   RC   =   2.8072   RHO  =   3.0186
                     K    =   1.0753   ETA  =   0.2136   DR   =   0.0080
0POTENTIAL PARAMETERS
 NX=1 VOLUME  W-S    V RL = -88.7440   R0RL =   1.1480   A RL =   0.7460   R RL =   2.4733   VSOR =   0.0000
                     V IM =  -2.1860   R0IM =   1.3510   A IM =   0.6400   R IM =   2.9106   VSOI =   0.0000   POWR =   0.0000
 NX=2 SURFACE W-S    V RL =   0.0000   R0RL =   0.0000   A RL =   0.0000   R RL =   0.0000   VSOR =   0.0000
                     V IM =  27.3930   R0IM =   1.4050   A IM =   0.6650   R IM =   3.0270   VSOI =   0.0000   POWR =   0.0000
 NX=4 L*S VOLUME     V RL = -14.2280   R0RL =   0.9720   A RL =   1.0110   R RL =   2.0941   VSOR =   0.0000
                     V IM =   0.0000   R0IM =   0.0000   A IM =   0.0000   R IM =   0.0000   VSOI =   0.0000   POWR =   0.0000
0PARTICLE 2*******************************************************************************************************************
 INPUT DATA          ELAB =  13.2862   RC0  =   1.5780   AC   =   0.0000   2*STR=   1.0000
                     MASSP=   1.0000   MASST=  11.0000   Q    =  -2.3210
                     ZP   =   1.0000   ZT   =   4.0000   PNLOC=   1.0000
 
 DERIVED DATA        ECM  =  12.1790   RC   =   3.5094   RHO  =   2.5649
                     K    =   0.7309   ETA  =   0.1728   DR   =   0.0073
0POTENTIAL PARAMETERS
 NX=1 VOLUME  W-S    V RL = -56.2800   R0RL =   1.1220   A RL =   0.6760   R RL =   2.4953   VSOR =   0.0000
                     V IM =  -1.1170   R0IM =   1.1220   A IM =   0.6760   R IM =   2.4953   VSOI =   0.0000   POWR =   0.0000
 NX=2 SURFACE W-S    V RL =   0.0000   R0RL =   0.0000   A RL =   0.0000   R RL =   0.0000   VSOR =   0.0000
                     V IM =  20.7710   R0IM =   1.3070   A IM =   0.5240   R IM =   2.9067   VSOI =   0.0000   POWR =   0.0000
 NX=4 L*S VOLUME     V RL = -21.8760   R0RL =   0.8940   A RL =   0.5900   R RL =   1.9882   VSOR =   0.0000
                     V IM =   0.8640   R0IM =   0.8940   A IM =   0.5900   R IM =   1.9882   VSOI =   0.0000   POWR =   0.0000
110Be(d,p)11Be Ex=0.60 QG UNB LMAX10 RMAX30 V9                  0/ 0/ 0
0FORM FACTOR DATA 
0PARTICLE 3*******************************************************************************************************************
 INPUT DATA          ELAB =   0.0960   RC0  =   1.3000   AC   =   0.0000   2*STR=   1.0000
                     MASSP=   1.0000   MASST=  10.0000   Q    =   0.0960
                     ZP   =   0.0000   ZT   =   4.0000   PNLOC=   1.0000
 
 DERIVED DATA        ECM  =   0.0960   RC   =   2.8008   RHO  =   0.1810
                     K    =   0.0646   ETA  =   0.0000   DR   =   0.0080
0POTENTIAL PARAMETERS
 NX=1 VOLUME  W-S    V RL =   1.0000   R0RL =   1.2500   A RL =   0.6500   R RL =   2.6930   VSOR =  24.0000
                     V IM =   1.1000   R0IM =   0.6500   A IM =   0.0000   R IM =   1.4004   VSOI =   0.0000   POWR =   0.0000
 
                     NODES=   0.0000   L    =   1.0000   2*J  =   3.0000   2*S  =   1.0000   FISW =   2.0000
 
                     COSD =  1.0000E+00               SIND = -2.9226E-04
                     V    =  28.3480   DET  =   0.0000   NODES=   0.0000   RM   =   2.6930   E    =   0.0960   ITER.=   0
0Non-locality correction is applied, parameter =   2.000
0Non-locality correction is applied, parameter =   1.000
0                    LMAX =  12        NSTEP= 300        NLTR =   1
 Bdwck4 entered
   Subroutine INTEG  entered
0REACSIG 1   2.04884E+01                                             REACSIG 2   8.27733E+00
   Subroutine RADINT entered
110Be(d,p)11Be Ex=0.60 QG UNB LMAX10 RMAX30 V9                  0/00/00
0BASIC DATA          DR   =   0.1000   RMIN =   0.0000   RMAX =  30.0000   COUEX=   0.0000     IS1=   1.0000
                     FNRNG=   0.0000   PNLC1=   2.0000   PNLC2=   1.0000   PNLC3=   1.0000     IS2=   0.5000
 ANG MOM TRANSFER    LTR  =   1.       2*JTR=   3.       2*STR=   1.       Q    =  -2.3210
   Subroutine INSIG  entered
0 Theta Inelsig,fm**2      Polz       Asy       Ayy       A22       A21       A20       T22       T21       T20  Theta
   0.00    2.4748E+10    0.0000    0.0000    0.0000    0.0000    0.0000    0.0006    0.0000    0.0000    0.0000   0.00
   1.00    2.7480E+10    0.0006    0.0012    0.0000   -0.0000    0.0000    0.0006    0.0000    0.0000    0.0000   1.00
   2.00    3.5305E+10    0.0009    0.0018    0.0000   -0.0000    0.0000    0.0006    0.0000    0.0000    0.0000   2.00
   3.00    4.7163E+10    0.0009    0.0018    0.0000   -0.0000    0.0000    0.0006    0.0000    0.0000    0.0000   3.00
   4.00    6.1451E+10    0.0008    0.0016    0.0000   -0.0000    0.0000    0.0006    0.0000    0.0000    0.0000   4.00
   5.00    7.6234E+10    0.0007    0.0014    0.0000   -0.0000    0.0000    0.0006    0.0000    0.0000    0.0000   5.00
   6.00    8.9513E+10    0.0006    0.0012    0.0000   -0.0000    0.0000    0.0006    0.0000    0.0000    0.0000   6.00
   7.00    9.9486E+10    0.0005    0.0009    0.0000   -0.0000    0.0000    0.0006    0.0000    0.0000    0.0000   7.00
   8.00    1.0479E+11    0.0004    0.0007    0.0000   -0.0000    0.0000    0.0006    0.0000    0.0000    0.0000   8.00
   9.00    1.0466E+11    0.0003    0.0005    0.0000   -0.0000    0.0000    0.0006    0.0000    0.0000    0.0000   9.00
  10.00    9.9056E+10    0.0002    0.0003    0.0000   -0.0000    0.0000    0.0006    0.0000    0.0000    0.0000  10.00
  11.00    8.8596E+10    0.0001    0.0001    0.0000   -0.0000    0.0000    0.0006    0.0000    0.0000    0.0000  11.00
  12.00    7.4502E+10   -0.0000   -0.0001    0.0000   -0.0000    0.0000    0.0006    0.0000    0.0000    0.0000  12.00
  13.00    5.8401E+10   -0.0002   -0.0003    0.0000   -0.0000    0.0000    0.0006    0.0000    0.0000    0.0000  13.00
  14.00    4.2102E+10   -0.0003   -0.0006    0.0000   -0.0000    0.0000    0.0006    0.0000    0.0000    0.0000  14.00
  15.00    2.7342E+10   -0.0005   -0.0009    0.0000   -0.0000    0.0000    0.0006    0.0000    0.0000    0.0000  15.00
  16.00    1.5569E+10   -0.0007   -0.0013    0.0000   -0.0000    0.0000    0.0006    0.0000    0.0000    0.0000  16.00
  17.00    7.7522E+09   -0.0008   -0.0016    0.0000   -0.0000    0.0000    0.0006    0.0000    0.0000    0.0000  17.00
  18.00    4.2851E+09   -0.0002   -0.0004    0.0000   -0.0000    0.0000    0.0006    0.0000    0.0000    0.0000  18.00
  19.00    4.9589E+09    0.0009    0.0018    0.0000   -0.0000    0.0000    0.0006    0.0000    0.0000    0.0000  19.00
  20.00    9.0297E+09    0.0010    0.0020   -0.0000    0.0000   -0.0000    0.0006    0.0000    0.0000    0.0000  20.00
  21.00    1.5354E+10    0.0008    0.0016   -0.0000    0.0000   -0.0000    0.0006    0.0000    0.0000    0.0000  21.00
  22.00    2.2575E+10    0.0006    0.0012   -0.0000    0.0000   -0.0000    0.0006    0.0000    0.0000    0.0000  22.00
  23.00    2.9331E+10    0.0004    0.0009   -0.0000   -0.0000   -0.0000    0.0006    0.0000    0.0000    0.0000  23.00
  24.00    3.4450E+10    0.0003    0.0006   -0.0000   -0.0000   -0.0000    0.0006    0.0000    0.0000    0.0000  24.00
  25.00    3.7113E+10    0.0002    0.0004   -0.0000   -0.0000   -0.0000    0.0006    0.0000    0.0000    0.0000  25.00
  26.00    3.6946E+10    0.0001    0.0001   -0.0000    0.0000   -0.0000    0.0006    0.0000    0.0000    0.0000  26.00
  27.00    3.4050E+10   -0.0000   -0.0001   -0.0000    0.0000   -0.0000    0.0006    0.0000    0.0000    0.0000  27.00
  28.00    2.8955E+10   -0.0001   -0.0003   -0.0000    0.0000   -0.0000    0.0006    0.0000    0.0000    0.0000  28.00
  29.00    2.2511E+10   -0.0003   -0.0006   -0.0000    0.0000   -0.0000    0.0006    0.0000    0.0000    0.0000  29.00
  30.00    1.5738E+10   -0.0004   -0.0008   -0.0000    0.0000   -0.0000    0.0006    0.0000    0.0000    0.0000  30.00
  31.00    9.6521E+09   -0.0006   -0.0012   -0.0000    0.0000   -0.0000    0.0006    0.0000    0.0000    0.0000  31.00
  32.00    5.1126E+09   -0.0007   -0.0014   -0.0000    0.0000   -0.0000    0.0006    0.0000    0.0000    0.0000  32.00
  33.00    2.6886E+09   -0.0003   -0.0005    0.0000   -0.0000   -0.0000    0.0006    0.0000    0.0000    0.0000  33.00
  34.00    2.5853E+09    0.0009    0.0018    0.0000   -0.0000   -0.0000    0.0006    0.0000    0.0000    0.0000  34.00
  35.00    4.6288E+09    0.0011    0.0022    0.0000   -0.0000   -0.0000    0.0006    0.0000    0.0000    0.0000  35.00
  36.00    8.3116E+09    0.0009    0.0017    0.0000   -0.0000    0.0000    0.0006    0.0000    0.0000    0.0000  36.00
  37.00    1.2888E+10    0.0006    0.0013    0.0000   -0.0000    0.0000    0.0006    0.0000    0.0000    0.0000  37.00
  38.00    1.7507E+10    0.0005    0.0009    0.0000   -0.0000    0.0000    0.0006    0.0000    0.0000    0.0000  38.00
  39.00    2.1351E+10    0.0003    0.0006    0.0000   -0.0000    0.0000    0.0006    0.0000    0.0000    0.0000  39.00
  40.00    2.3766E+10    0.0002    0.0004    0.0000   -0.0000    0.0000    0.0006    0.0000    0.0000    0.0000  40.00
  41.00    2.4365E+10    0.0001    0.0002    0.0000   -0.0000    0.0000    0.0006    0.0000    0.0000    0.0000  41.00
  42.00    2.3075E+10   -0.0000   -0.0000    0.0000   -0.0000    0.0000    0.0006    0.0000    0.0000    0.0000  42.00
  43.00    2.0139E+10   -0.0001   -0.0003    0.0000   -0.0000    0.0000    0.0006    0.0000    0.0000    0.0000  43.00
  44.00    1.6067E+10   -0.0003   -0.0005    0.0000   -0.0000    0.0000    0.0006    0.0000    0.0000    0.0000  44.00
  45.00    1.1536E+10   -0.0004   -0.0008    0.0000   -0.0000    0.0000    0.0006    0.0000    0.0000    0.0000  45.00
  46.00    7.2781E+09   -0.0005   -0.0011    0.0000   -0.0000    0.0000    0.0006    0.0000    0.0000    0.0000  46.00
  47.00    3.9586E+09   -0.0006   -0.0013    0.0000   -0.0000    0.0000    0.0006    0.0000    0.0000    0.0000  47.00
  48.00    2.0653E+09   -0.0002   -0.0005    0.0000   -0.0000    0.0000    0.0006    0.0000    0.0000    0.0000  48.00
  49.00    1.8358E+09    0.0010    0.0019   -0.0000    0.0000    0.0000    0.0006    0.0000    0.0000    0.0000  49.00
  50.00    3.2255E+09    0.0012    0.0024   -0.0000    0.0000    0.0000    0.0006    0.0000    0.0000    0.0000  50.00
  51.00    5.9231E+09    0.0009    0.0019   -0.0000    0.0000    0.0000    0.0006    0.0000    0.0000    0.0000  51.00
  52.00    9.4101E+09    0.0007    0.0013   -0.0000    0.0000    0.0000    0.0006    0.0000    0.0000    0.0000  52.00
  53.00    1.3052E+10    0.0005    0.0010   -0.0000    0.0000   -0.0000    0.0006    0.0000    0.0000    0.0000  53.00
  54.00    1.6208E+10    0.0003    0.0007   -0.0000    0.0000   -0.0000    0.0006    0.0000    0.0000    0.0000  54.00
  55.00    1.8335E+10    0.0002    0.0004   -0.0000    0.0000   -0.0000    0.0006    0.0000    0.0000    0.0000  55.00
  56.00    1.9078E+10    0.0001    0.0002   -0.0000    0.0000   -0.0000    0.0006    0.0000    0.0000    0.0000  56.00
  57.00    1.8325E+10   -0.0000   -0.0000   -0.0000    0.0000   -0.0000    0.0006    0.0000    0.0000    0.0000  57.00
  58.00    1.6217E+10   -0.0001   -0.0002   -0.0000    0.0000   -0.0000    0.0006    0.0000    0.0000    0.0000  58.00
  59.00    1.3119E+10   -0.0002   -0.0005   -0.0000    0.0000   -0.0000    0.0006    0.0000    0.0000    0.0000  59.00
  60.00    9.5577E+09   -0.0004   -0.0007   -0.0000    0.0000   -0.0000    0.0006    0.0000    0.0000    0.0000  60.00
0Tot-sig   1.6514E+11
1Inelastic  10Be(d,p)11Be Ex=0.60 QG UNB LMAX10 RMAX30 V9                  0/00/00
    THETA   9                               10                               11                               12   THETA cos(theta)
     0.00  |++++++++++++++++++++++++++++++++|++++++++++++*+++++++++++++++++++|++++++++++++++++++++++++++++++++|+    0.00    1.0000
     1.00  +                                              *                                                    +    1.00    0.9998
     2.00  +                                                  *                                                +    2.00    0.9994
     3.00  +                                                      *                                            +    3.00    0.9986
     4.00  +                                                          *                                        +    4.00    0.9976
     5.00  +                                                             *                                     +    5.00    0.9962
     6.00  +                                                               *                                   +    6.00    0.9945
     7.00  +                                                                 *                                 +    7.00    0.9925
     8.00  +                                                                  *                                +    8.00    0.9903
     9.00  +                                                                  *                                +    9.00    0.9877
    10.00  +                                                                 *                                 +   10.00    0.9848
    11.00  +                                                               *                                   +   11.00    0.9816
    12.00  +                                                             *                                     +   12.00    0.9781
    13.00  +                                                         *                                         +   13.00    0.9744
    14.00  +                                                     *                                             +   14.00    0.9703
    15.00  +                                              *                                                    +   15.00    0.9659
    16.00  +                                      *                                                            +   16.00    0.9613
    17.00  +                            *                                                                      +   17.00    0.9563
    18.00  +                    *                                                                              +   18.00    0.9511
    19.00  +                      *                                                                            +   19.00    0.9455
    20.00  +                               *                                                                   +   20.00    0.9397
    21.00  +                                      *                                                            +   21.00    0.9336
    22.00  +                                            *                                                      +   22.00    0.9272
    23.00  +                                               *                                                   +   23.00    0.9205
    24.00  +                                                  *                                                +   24.00    0.9135
    25.00  +                                                   *                                               +   25.00    0.9063
    26.00  +                                                   *                                               +   26.00    0.8988
    27.00  +                                                  *                                                +   27.00    0.8910
    28.00  +                                               *                                                   +   28.00    0.8829
    29.00  +                                            *                                                      +   29.00    0.8746
    30.00  +                                      *                                                            +   30.00    0.8660
    31.00  +                               *                                                                   +   31.00    0.8572
    32.00  +                      *                                                                            +   32.00    0.8480
    33.00  +             *                                                                                     +   33.00    0.8387
    34.00  +             *                                                                                     +   34.00    0.8290
    35.00  +                     *                                                                             +   35.00    0.8192
    36.00  +                             *                                                                     +   36.00    0.8090
    37.00  +                                    *                                                              +   37.00    0.7986
    38.00  +                                        *                                                          +   38.00    0.7880
    39.00  +                                           *                                                       +   39.00    0.7771
    40.00  +                                            *                                                      +   40.00    0.7660
    41.00  +                                             *                                                     +   41.00    0.7547
    42.00  +                                            *                                                      +   42.00    0.7431
    43.00  +                                          *                                                        +   43.00    0.7314
    44.00  +                                       *                                                           +   44.00    0.7193
    45.00  +                                  *                                                                +   45.00    0.7071
    46.00  +                           *                                                                       +   46.00    0.6947
    47.00  +                   *                                                                               +   47.00    0.6820
    48.00  +         *                                                                                         +   48.00    0.6691
    49.00  +        *                                                                                          +   49.00    0.6561
    50.00  +                *                                                                                  +   50.00    0.6428
    51.00  +                        *                                                                          +   51.00    0.6293
    52.00  +                               *                                                                   +   52.00    0.6157
    53.00  +                                    *                                                              +   53.00    0.6018
    54.00  +                                       *                                                           +   54.00    0.5878
    55.00  +                                         *                                                         +   55.00    0.5736
    56.00  +                                         *                                                         +   56.00    0.5592
    57.00  +                                         *                                                         +   57.00    0.5446
    58.00  +                                       *                                                           +   58.00    0.5299
    59.00  +                                    *                                                              +   59.00    0.5150
    60.00  |+++++++++++++++++++++++++++++++*|++++++++++++++++++++++++++++++++|++++++++++++++++++++++++++++++++|+   60.00    0.5000
    THETA   9                               10                               11                               12   THETA cos(theta)
1DWUCK4-DISTORTED WAVES U.COLORADO- PC-VERSION  12/Jan /1995
 Elapsed time in seconds =   0.00
 Elapsed time in seconds =   0.00
0CONTROL INTEGERS
  1 2 3 4 5 6 7 8 9 A B C D E F G H I J K    RUN IDENTIFICATION                                             0/00/00   0.00.00
  1 0 1 1 0 0 0 0 3 0 0 0 0 0 0 0 0 0 0 0    10Be(d,p)11Be Ex=0.80 QG UNB LMAX10 RMAX30 V9               
 10Be(d,p)11Be Ex=0.80 QG UNB LMAX10 RMAX30 V9               
 Adwck4 entered
0ANGLE DATA          THETN=  61.0000   THET1=   0.0000   DTHET=   1.0000   A-ANG=   0.0000   B-ANG=   0.0000
0CARD SET 3 DATA     LMAX =  10          LTR=   1
                     NLTR =   1        2*JTR=   3
0CARD SET 4 DATA     DRF  =   0.1000   RZ   =   0.0000   RMAX = -30.0000   VCE  =   0.0000   FNRNG=   0.0000
                     AMASS=   0.8000
 PARTICLE DATA 
0PARTICLE 1*******************************************************************************************************************
 INPUT DATA          ELAB =  17.4000   RC0  =   1.3030   AC   =   0.0000   2*STR=   2.0000
                     MASSP=   2.0000   MASST=  10.0000   Q    =   0.0000
                     ZP   =   1.0000   ZT   =   4.0000   PNLOC=   2.0000
 
 DERIVED DATA        ECM  =  14.5000   RC   =   2.8072   RHO  =   3.0186
                     K    =   1.0753   ETA  =   0.2136   DR   =   0.0080
0POTENTIAL PARAMETERS
 NX=1 VOLUME  W-S    V RL = -88.7440   R0RL =   1.1480   A RL =   0.7460   R RL =   2.4733   VSOR =   0.0000
                     V IM =  -2.1860   R0IM =   1.3510   A IM =   0.6400   R IM =   2.9106   VSOI =   0.0000   POWR =   0.0000
 NX=2 SURFACE W-S    V RL =   0.0000   R0RL =   0.0000   A RL =   0.0000   R RL =   0.0000   VSOR =   0.0000
                     V IM =  27.3930   R0IM =   1.4050   A IM =   0.6650   R IM =   3.0270   VSOI =   0.0000   POWR =   0.0000
 NX=4 L*S VOLUME     V RL = -14.2280   R0RL =   0.9720   A RL =   1.0110   R RL =   2.0941   VSOR =   0.0000
                     V IM =   0.0000   R0IM =   0.0000   A IM =   0.0000   R IM =   0.0000   VSOI =   0.0000   POWR =   0.0000
0PARTICLE 2*******************************************************************************************************************
 INPUT DATA          ELAB =  13.0680   RC0  =   1.5780   AC   =   0.0000   2*STR=   1.0000
                     MASSP=   1.0000   MASST=  11.0000   Q    =  -2.5210
                     ZP   =   1.0000   ZT   =   4.0000   PNLOC=   1.0000
 
 DERIVED DATA        ECM  =  11.9790   RC   =   3.5094   RHO  =   2.5437
                     K    =   0.7248   ETA  =   0.1743   DR   =   0.0073
0POTENTIAL PARAMETERS
 NX=1 VOLUME  W-S    V RL = -56.2800   R0RL =   1.1220   A RL =   0.6760   R RL =   2.4953   VSOR =   0.0000
                     V IM =  -1.1170   R0IM =   1.1220   A IM =   0.6760   R IM =   2.4953   VSOI =   0.0000   POWR =   0.0000
 NX=2 SURFACE W-S    V RL =   0.0000   R0RL =   0.0000   A RL =   0.0000   R RL =   0.0000   VSOR =   0.0000
                     V IM =  20.7710   R0IM =   1.3070   A IM =   0.5240   R IM =   2.9067   VSOI =   0.0000   POWR =   0.0000
 NX=4 L*S VOLUME     V RL = -21.8760   R0RL =   0.8940   A RL =   0.5900   R RL =   1.9882   VSOR =   0.0000
                     V IM =   0.8640   R0IM =   0.8940   A IM =   0.5900   R IM =   1.9882   VSOI =   0.0000   POWR =   0.0000
110Be(d,p)11Be Ex=0.80 QG UNB LMAX10 RMAX30 V9                  0/ 0/ 0
0FORM FACTOR DATA 
0PARTICLE 3*******************************************************************************************************************
 INPUT DATA          ELAB =   0.2960   RC0  =   1.3000   AC   =   0.0000   2*STR=   1.0000
                     MASSP=   1.0000   MASST=  10.0000   Q    =   0.2960
                     ZP   =   0.0000   ZT   =   4.0000   PNLOC=   1.0000
 
 DERIVED DATA        ECM  =   0.2960   RC   =   2.8008   RHO  =   0.3178
                     K    =   0.1135   ETA  =   0.0000   DR   =   0.0080
0POTENTIAL PARAMETERS
 NX=1 VOLUME  W-S    V RL =   1.0000   R0RL =   1.2500   A RL =   0.6500   R RL =   2.6930   VSOR =  24.0000
                     V IM =   1.1000   R0IM =   0.6500   A IM =   0.0000   R IM =   1.4004   VSOI =   0.0000   POWR =   0.0000
 
                     NODES=   0.0000   L    =   1.0000   2*J  =   3.0000   2*S  =   1.0000   FISW =   2.0000
 
                     COSD =  1.0000E+00               SIND = -1.5625E-03
                     V    =  28.3480   DET  =   0.0000   NODES=   0.0000   RM   =   2.6930   E    =   0.2960   ITER.=   0
0Non-locality correction is applied, parameter =   2.000
0Non-locality correction is applied, parameter =   1.000
0                    LMAX =  12        NSTEP= 300        NLTR =   1
 Bdwck4 entered
   Subroutine INTEG  entered
0REACSIG 1   2.04884E+01                                             REACSIG 2   8.46292E+00
   Subroutine RADINT entered
110Be(d,p)11Be Ex=0.80 QG UNB LMAX10 RMAX30 V9                  0/00/00
0BASIC DATA          DR   =   0.1000   RMIN =   0.0000   RMAX =  30.0000   COUEX=   0.0000     IS1=   1.0000
                     FNRNG=   0.0000   PNLC1=   2.0000   PNLC2=   1.0000   PNLC3=   1.0000     IS2=   0.5000
 ANG MOM TRANSFER    LTR  =   1.       2*JTR=   3.       2*STR=   1.       Q    =  -2.5210
   Subroutine INSIG  entered
0 Theta Inelsig,fm**2      Polz       Asy       Ayy       A22       A21       A20       T22       T21       T20  Theta
   0.00    4.7565E+10    0.0000    0.0000    0.0000    0.0000    0.0000    0.0006    0.0000    0.0000    0.0000   0.00
   1.00    5.3325E+10    0.0006    0.0012    0.0000   -0.0000    0.0000    0.0006    0.0000    0.0000    0.0000   1.00
   2.00    6.9827E+10    0.0009    0.0018    0.0000   -0.0000    0.0000    0.0006    0.0000    0.0000    0.0000   2.00
   3.00    9.4838E+10    0.0009    0.0018    0.0000   -0.0000    0.0000    0.0006    0.0000    0.0000    0.0000   3.00
   4.00    1.2497E+11    0.0008    0.0016    0.0000   -0.0000    0.0000    0.0006    0.0000    0.0000    0.0000   4.00
   5.00    1.5617E+11    0.0007    0.0014    0.0000   -0.0000    0.0000    0.0006    0.0000    0.0000    0.0000   5.00
   6.00    1.8420E+11    0.0006    0.0011    0.0000   -0.0000    0.0000    0.0006    0.0000    0.0000    0.0000   6.00
   7.00    2.0530E+11    0.0004    0.0009    0.0000   -0.0000    0.0000    0.0006    0.0000    0.0000    0.0000   7.00
   8.00    2.1658E+11    0.0003    0.0007    0.0000   -0.0000    0.0000    0.0006    0.0000    0.0000    0.0000   8.00
   9.00    2.1646E+11    0.0002    0.0005    0.0000   -0.0000    0.0000    0.0006    0.0000    0.0000    0.0000   9.00
  10.00    2.0484E+11    0.0001    0.0003    0.0000   -0.0000    0.0000    0.0006    0.0000    0.0000    0.0000  10.00
  11.00    1.8305E+11    0.0000    0.0001    0.0000   -0.0000    0.0000    0.0006    0.0000    0.0000    0.0000  11.00
  12.00    1.5367E+11   -0.0001   -0.0001    0.0000   -0.0000    0.0000    0.0006    0.0000    0.0000    0.0000  12.00
  13.00    1.2011E+11   -0.0002   -0.0004    0.0000   -0.0000    0.0000    0.0006    0.0000    0.0000    0.0000  13.00
  14.00    8.6185E+10   -0.0003   -0.0006    0.0000   -0.0000    0.0000    0.0006    0.0000    0.0000    0.0000  14.00
  15.00    5.5532E+10   -0.0005   -0.0010    0.0000   -0.0000    0.0000    0.0006    0.0000    0.0000    0.0000  15.00
  16.00    3.1175E+10   -0.0007   -0.0015    0.0000   -0.0000    0.0000    0.0006    0.0000    0.0000    0.0000  16.00
  17.00    1.5131E+10   -0.0010   -0.0019    0.0000   -0.0000    0.0000    0.0006    0.0000    0.0000    0.0000  17.00
  18.00    8.1966E+09   -0.0005   -0.0009    0.0000   -0.0000    0.0000    0.0006    0.0000    0.0000    0.0000  18.00
  19.00    9.9055E+09    0.0007    0.0014    0.0000   -0.0000    0.0000    0.0006    0.0000    0.0000    0.0000  19.00
  20.00    1.8669E+10    0.0008    0.0017   -0.0000    0.0000   -0.0000    0.0006    0.0000    0.0000    0.0000  20.00
  21.00    3.2066E+10    0.0007    0.0014   -0.0000    0.0000   -0.0000    0.0006    0.0000    0.0000    0.0000  21.00
  22.00    4.7242E+10    0.0005    0.0010   -0.0000    0.0000   -0.0000    0.0006    0.0000    0.0000    0.0000  22.00
  23.00    6.1341E+10    0.0004    0.0007   -0.0000    0.0000   -0.0000    0.0006    0.0000    0.0000    0.0000  23.00
  24.00    7.1923E+10    0.0002    0.0005   -0.0000    0.0000   -0.0000    0.0006    0.0000    0.0000    0.0000  24.00
  25.00    7.7294E+10    0.0001    0.0003   -0.0000    0.0000   -0.0000    0.0006    0.0000    0.0000    0.0000  25.00
  26.00    7.6709E+10    0.0000    0.0001   -0.0000    0.0000   -0.0000    0.0006    0.0000    0.0000    0.0000  26.00
  27.00    7.0420E+10   -0.0001   -0.0002   -0.0000    0.0000   -0.0000    0.0006    0.0000    0.0000    0.0000  27.00
  28.00    5.9576E+10   -0.0002   -0.0004   -0.0000    0.0000   -0.0000    0.0006    0.0000    0.0000    0.0000  28.00
  29.00    4.5991E+10   -0.0003   -0.0007   -0.0000    0.0000   -0.0000    0.0006    0.0000    0.0000    0.0000  29.00
  30.00    3.1818E+10   -0.0005   -0.0010   -0.0000    0.0000   -0.0000    0.0006    0.0000    0.0000    0.0000  30.00
  31.00    1.9194E+10   -0.0007   -0.0014   -0.0000    0.0000   -0.0000    0.0006    0.0000    0.0000    0.0000  31.00
  32.00    9.9016E+09   -0.0010   -0.0019   -0.0000    0.0000   -0.0000    0.0006    0.0000    0.0000    0.0000  32.00
  33.00    5.1062E+09   -0.0007   -0.0014    0.0000   -0.0000   -0.0000    0.0006    0.0000    0.0000    0.0000  33.00
  34.00    5.1987E+09    0.0005    0.0010    0.0000   -0.0000   -0.0000    0.0006    0.0000    0.0000    0.0000  34.00
  35.00    9.7707E+09    0.0008    0.0017    0.0000   -0.0000   -0.0000    0.0006    0.0000    0.0000    0.0000  35.00
  36.00    1.7717E+10    0.0007    0.0014    0.0000   -0.0000    0.0000    0.0006    0.0000    0.0000    0.0000  36.00
  37.00    2.7443E+10    0.0005    0.0010    0.0000   -0.0000    0.0000    0.0006    0.0000    0.0000    0.0000  37.00
  38.00    3.7145E+10    0.0004    0.0007    0.0000   -0.0000    0.0000    0.0006    0.0000    0.0000    0.0000  38.00
  39.00    4.5108E+10    0.0002    0.0005    0.0000   -0.0000    0.0000    0.0006    0.0000    0.0000    0.0000  39.00
  40.00    4.9981E+10    0.0001    0.0003    0.0000   -0.0000    0.0000    0.0006    0.0000    0.0000    0.0000  40.00
  41.00    5.0984E+10    0.0000    0.0000    0.0000   -0.0000    0.0000    0.0006    0.0000    0.0000    0.0000  41.00
  42.00    4.8007E+10   -0.0001   -0.0002    0.0000   -0.0000    0.0000    0.0006    0.0000    0.0000    0.0000  42.00
  43.00    4.1608E+10   -0.0002   -0.0004    0.0000   -0.0000    0.0000    0.0006    0.0000    0.0000    0.0000  43.00
  44.00    3.2893E+10   -0.0003   -0.0007    0.0000   -0.0000    0.0000    0.0006    0.0000    0.0000    0.0000  44.00
  45.00    2.3317E+10   -0.0005   -0.0010    0.0000   -0.0000    0.0000    0.0006    0.0000    0.0000    0.0000  45.00
  46.00    1.4433E+10   -0.0007   -0.0015    0.0000   -0.0000    0.0000    0.0006    0.0000    0.0000    0.0000  46.00
  47.00    7.6286E+09   -0.0010   -0.0019    0.0000   -0.0000    0.0000    0.0006    0.0000    0.0000    0.0000  47.00
  48.00    3.9077E+09   -0.0008   -0.0016    0.0000   -0.0000    0.0000    0.0006    0.0000    0.0000    0.0000  48.00
  49.00    3.7316E+09    0.0004    0.0008   -0.0000    0.0000    0.0000    0.0006    0.0000    0.0000    0.0000  49.00
  50.00    6.9608E+09    0.0008    0.0016   -0.0000    0.0000    0.0000    0.0006    0.0000    0.0000    0.0000  50.00
  51.00    1.2895E+10    0.0007    0.0014   -0.0000    0.0000    0.0000    0.0006    0.0000    0.0000    0.0000  51.00
  52.00    2.0403E+10    0.0005    0.0010   -0.0000    0.0000    0.0000    0.0006    0.0000    0.0000    0.0000  52.00
  53.00    2.8126E+10    0.0004    0.0007   -0.0000    0.0000   -0.0000    0.0006    0.0000    0.0000    0.0000  53.00
  54.00    3.4707E+10    0.0002    0.0005   -0.0000    0.0000   -0.0000    0.0006    0.0000    0.0000    0.0000  54.00
  55.00    3.9015E+10    0.0001    0.0002   -0.0000    0.0000   -0.0000    0.0006    0.0000    0.0000    0.0000  55.00
  56.00    4.0332E+10    0.0000    0.0000   -0.0000    0.0000   -0.0000    0.0006    0.0000    0.0000    0.0000  56.00
  57.00    3.8463E+10   -0.0001   -0.0002   -0.0000    0.0000   -0.0000    0.0006    0.0000    0.0000    0.0000  57.00
  58.00    3.3751E+10   -0.0002   -0.0004   -0.0000    0.0000   -0.0000    0.0006    0.0000    0.0000    0.0000  58.00
  59.00    2.7016E+10   -0.0003   -0.0007   -0.0000    0.0000   -0.0000    0.0006    0.0000    0.0000    0.0000  59.00
  60.00    1.9400E+10   -0.0005   -0.0010   -0.0000    0.0000   -0.0000    0.0006    0.0000    0.0000    0.0000  60.00
0Tot-sig   3.5618E+11
1Inelastic  10Be(d,p)11Be Ex=0.80 QG UNB LMAX10 RMAX30 V9                  0/00/00
    THETA   9                               10                               11                               12   THETA cos(theta)
     0.00  |++++++++++++++++++++++++++++++++|+++++++++++++++++++++*++++++++++|++++++++++++++++++++++++++++++++|+    0.00    1.0000
     1.00  +                                                        *                                          +    1.00    0.9998
     2.00  +                                                            *                                      +    2.00    0.9994
     3.00  +                                                                *                                  +    3.00    0.9986
     4.00  +                                                                    *                              +    4.00    0.9976
     5.00  +                                                                       *                           +    5.00    0.9962
     6.00  +                                                                          *                        +    6.00    0.9945
     7.00  +                                                                           *                       +    7.00    0.9925
     8.00  +                                                                            *                      +    8.00    0.9903
     9.00  +                                                                            *                      +    9.00    0.9877
    10.00  +                                                                           *                       +   10.00    0.9848
    11.00  +                                                                          *                        +   11.00    0.9816
    12.00  +                                                                       *                           +   12.00    0.9781
    13.00  +                                                                    *                              +   13.00    0.9744
    14.00  +                                                               *                                   +   14.00    0.9703
    15.00  +                                                         *                                         +   15.00    0.9659
    16.00  +                                                *                                                  +   16.00    0.9613
    17.00  +                                      *                                                            +   17.00    0.9563
    18.00  +                             *                                                                     +   18.00    0.9511
    19.00  +                                *                                                                  +   19.00    0.9455
    20.00  +                                         *                                                         +   20.00    0.9397
    21.00  +                                                 *                                                 +   21.00    0.9336
    22.00  +                                                      *                                            +   22.00    0.9272
    23.00  +                                                          *                                        +   23.00    0.9205
    24.00  +                                                            *                                      +   24.00    0.9135
    25.00  +                                                             *                                     +   25.00    0.9063
    26.00  +                                                             *                                     +   26.00    0.8988
    27.00  +                                                            *                                      +   27.00    0.8910
    28.00  +                                                          *                                        +   28.00    0.8829
    29.00  +                                                      *                                            +   29.00    0.8746
    30.00  +                                                 *                                                 +   30.00    0.8660
    31.00  +                                         *                                                         +   31.00    0.8572
    32.00  +                                *                                                                  +   32.00    0.8480
    33.00  +                      *                                                                            +   33.00    0.8387
    34.00  +                       *                                                                           +   34.00    0.8290
    35.00  +                                *                                                                  +   35.00    0.8192
    36.00  +                                        *                                                          +   36.00    0.8090
    37.00  +                                              *                                                    +   37.00    0.7986
    38.00  +                                                   *                                               +   38.00    0.7880
    39.00  +                                                      *                                            +   39.00    0.7771
    40.00  +                                                       *                                           +   40.00    0.7660
    41.00  +                                                       *                                           +   41.00    0.7547
    42.00  +                                                      *                                            +   42.00    0.7431
    43.00  +                                                    *                                              +   43.00    0.7314
    44.00  +                                                 *                                                 +   44.00    0.7193
    45.00  +                                            *                                                      +   45.00    0.7071
    46.00  +                                     *                                                             +   46.00    0.6947
    47.00  +                            *                                                                      +   47.00    0.6820
    48.00  +                   *                                                                               +   48.00    0.6691
    49.00  +                  *                                                                                +   49.00    0.6561
    50.00  +                           *                                                                       +   50.00    0.6428
    51.00  +                                    *                                                              +   51.00    0.6293
    52.00  +                                          *                                                        +   52.00    0.6157
    53.00  +                                               *                                                   +   53.00    0.6018
    54.00  +                                                  *                                                +   54.00    0.5878
    55.00  +                                                    *                                              +   55.00    0.5736
    56.00  +                                                    *                                              +   56.00    0.5592
    57.00  +                                                   *                                               +   57.00    0.5446
    58.00  +                                                 *                                                 +   58.00    0.5299
    59.00  +                                              *                                                    +   59.00    0.5150
    60.00  |++++++++++++++++++++++++++++++++|++++++++*+++++++++++++++++++++++|++++++++++++++++++++++++++++++++|+   60.00    0.5000
    THETA   9                               10                               11                               12   THETA cos(theta)
1DWUCK4-DISTORTED WAVES U.COLORADO- PC-VERSION  12/Jan /1995
 Elapsed time in seconds =   0.00
 Elapsed time in seconds =   0.00
0CONTROL INTEGERS
  1 2 3 4 5 6 7 8 9 A B C D E F G H I J K    RUN IDENTIFICATION                                             0/00/00   0.00.00
  1 0 1 1 0 0 0 0 3 0 0 0 0 0 0 0 0 0 0 0    10Be(d,p)11Be Ex=1.00 QG UNB LMAX10 RMAX30 V9               
 10Be(d,p)11Be Ex=1.00 QG UNB LMAX10 RMAX30 V9               
 Adwck4 entered
0ANGLE DATA          THETN=  61.0000   THET1=   0.0000   DTHET=   1.0000   A-ANG=   0.0000   B-ANG=   0.0000
0CARD SET 3 DATA     LMAX =  10          LTR=   1
                     NLTR =   1        2*JTR=   3
0CARD SET 4 DATA     DRF  =   0.1000   RZ   =   0.0000   RMAX = -30.0000   VCE  =   0.0000   FNRNG=   0.0000
                     AMASS=   0.8000
 PARTICLE DATA 
0PARTICLE 1*******************************************************************************************************************
 INPUT DATA          ELAB =  17.4000   RC0  =   1.3030   AC   =   0.0000   2*STR=   2.0000
                     MASSP=   2.0000   MASST=  10.0000   Q    =   0.0000
                     ZP   =   1.0000   ZT   =   4.0000   PNLOC=   2.0000
 
 DERIVED DATA        ECM  =  14.5000   RC   =   2.8072   RHO  =   3.0186
                     K    =   1.0753   ETA  =   0.2136   DR   =   0.0080
0POTENTIAL PARAMETERS
 NX=1 VOLUME  W-S    V RL = -88.7440   R0RL =   1.1480   A RL =   0.7460   R RL =   2.4733   VSOR =   0.0000
                     V IM =  -2.1860   R0IM =   1.3510   A IM =   0.6400   R IM =   2.9106   VSOI =   0.0000   POWR =   0.0000
 NX=2 SURFACE W-S    V RL =   0.0000   R0RL =   0.0000   A RL =   0.0000   R RL =   0.0000   VSOR =   0.0000
                     V IM =  27.3930   R0IM =   1.4050   A IM =   0.6650   R IM =   3.0270   VSOI =   0.0000   POWR =   0.0000
 NX=4 L*S VOLUME     V RL = -14.2280   R0RL =   0.9720   A RL =   1.0110   R RL =   2.0941   VSOR =   0.0000
                     V IM =   0.0000   R0IM =   0.0000   A IM =   0.0000   R IM =   0.0000   VSOI =   0.0000   POWR =   0.0000
0PARTICLE 2*******************************************************************************************************************
 INPUT DATA          ELAB =  12.8498   RC0  =   1.5780   AC   =   0.0000   2*STR=   1.0000
                     MASSP=   1.0000   MASST=  11.0000   Q    =  -2.7210
                     ZP   =   1.0000   ZT   =   4.0000   PNLOC=   1.0000
 
 DERIVED DATA        ECM  =  11.7790   RC   =   3.5094   RHO  =   2.5224
                     K    =   0.7188   ETA  =   0.1757   DR   =   0.0073
0POTENTIAL PARAMETERS
 NX=1 VOLUME  W-S    V RL = -56.2800   R0RL =   1.1220   A RL =   0.6760   R RL =   2.4953   VSOR =   0.0000
                     V IM =  -1.1170   R0IM =   1.1220   A IM =   0.6760   R IM =   2.4953   VSOI =   0.0000   POWR =   0.0000
 NX=2 SURFACE W-S    V RL =   0.0000   R0RL =   0.0000   A RL =   0.0000   R RL =   0.0000   VSOR =   0.0000
                     V IM =  20.7710   R0IM =   1.3070   A IM =   0.5240   R IM =   2.9067   VSOI =   0.0000   POWR =   0.0000
 NX=4 L*S VOLUME     V RL = -21.8760   R0RL =   0.8940   A RL =   0.5900   R RL =   1.9882   VSOR =   0.0000
                     V IM =   0.8640   R0IM =   0.8940   A IM =   0.5900   R IM =   1.9882   VSOI =   0.0000   POWR =   0.0000
110Be(d,p)11Be Ex=1.00 QG UNB LMAX10 RMAX30 V9                  0/ 0/ 0
0FORM FACTOR DATA 
0PARTICLE 3*******************************************************************************************************************
 INPUT DATA          ELAB =   0.4960   RC0  =   1.3000   AC   =   0.0000   2*STR=   1.0000
                     MASSP=   1.0000   MASST=  10.0000   Q    =   0.4960
                     ZP   =   0.0000   ZT   =   4.0000   PNLOC=   1.0000
 
 DERIVED DATA        ECM  =   0.4960   RC   =   2.8008   RHO  =   0.4114
                     K    =   0.1469   ETA  =   0.0000   DR   =   0.0080
0POTENTIAL PARAMETERS
 NX=1 VOLUME  W-S    V RL =   1.0000   R0RL =   1.2500   A RL =   0.6500   R RL =   2.6930   VSOR =  24.0000
                     V IM =   1.1000   R0IM =   0.6500   A IM =   0.0000   R IM =   1.4004   VSOI =   0.0000   POWR =   0.0000
 
                     NODES=   0.0000   L    =   1.0000   2*J  =   3.0000   2*S  =   1.0000   FISW =   2.0000
 
                     COSD =  9.9999E-01               SIND = -3.3474E-03
                     V    =  28.3480   DET  =   0.0000   NODES=   0.0000   RM   =   2.6930   E    =   0.4960   ITER.=   0
0Non-locality correction is applied, parameter =   2.000
0Non-locality correction is applied, parameter =   1.000
0                    LMAX =  12        NSTEP= 300        NLTR =   1
 Bdwck4 entered
   Subroutine INTEG  entered
0REACSIG 1   2.04884E+01                                             REACSIG 2   8.66000E+00
   Subroutine RADINT entered
110Be(d,p)11Be Ex=1.00 QG UNB LMAX10 RMAX30 V9                  0/00/00
0BASIC DATA          DR   =   0.1000   RMIN =   0.0000   RMAX =  30.0000   COUEX=   0.0000     IS1=   1.0000
                     FNRNG=   0.0000   PNLC1=   2.0000   PNLC2=   1.0000   PNLC3=   1.0000     IS2=   0.5000
 ANG MOM TRANSFER    LTR  =   1.       2*JTR=   3.       2*STR=   1.       Q    =  -2.7210
   Subroutine INSIG  entered
0 Theta Inelsig,fm**2      Polz       Asy       Ayy       A22       A21       A20       T22       T21       T20  Theta
   0.00    4.7309E+12    0.0000    0.0000    0.0000    0.0000    0.0000    0.0006    0.0000    0.0000    0.0000   0.00
   1.00    5.2601E+12    0.0006    0.0011    0.0000   -0.0000    0.0000    0.0006    0.0000    0.0000    0.0000   1.00
   2.00    6.7760E+12    0.0008    0.0016    0.0000   -0.0000    0.0000    0.0006    0.0000    0.0000    0.0000   2.00
   3.00    9.0728E+12    0.0008    0.0017    0.0000   -0.0000    0.0000    0.0006    0.0000    0.0000    0.0000   3.00
   4.00    1.1839E+13    0.0008    0.0015    0.0000   -0.0000    0.0000    0.0006    0.0000    0.0000    0.0000   4.00
   5.00    1.4700E+13    0.0006    0.0013    0.0000   -0.0000    0.0000    0.0006    0.0000    0.0000    0.0000   5.00
   6.00    1.7268E+13    0.0005    0.0011    0.0000   -0.0000    0.0000    0.0006    0.0000    0.0000    0.0000   6.00
   7.00    1.9194E+13    0.0004    0.0009    0.0000   -0.0000    0.0000    0.0006    0.0000    0.0000    0.0000   7.00
   8.00    2.0214E+13    0.0003    0.0007    0.0000   -0.0000    0.0000    0.0006    0.0000    0.0000    0.0000   8.00
   9.00    2.0183E+13    0.0002    0.0005    0.0000   -0.0000    0.0000    0.0006    0.0000    0.0000    0.0000   9.00
  10.00    1.9091E+13    0.0001    0.0003    0.0000   -0.0000    0.0000    0.0006    0.0000    0.0000    0.0000  10.00
  11.00    1.7060E+13    0.0001    0.0001    0.0000   -0.0000    0.0000    0.0006    0.0000    0.0000    0.0000  11.00
  12.00    1.4330E+13   -0.0001   -0.0001    0.0000   -0.0000    0.0000    0.0006    0.0000    0.0000    0.0000  12.00
  13.00    1.1215E+13   -0.0002   -0.0003    0.0000   -0.0000    0.0000    0.0006    0.0000    0.0000    0.0000  13.00
  14.00    8.0671E+12   -0.0003   -0.0006    0.0000   -0.0000    0.0000    0.0006    0.0000    0.0000    0.0000  14.00
  15.00    5.2222E+12   -0.0005   -0.0009    0.0000   -0.0000    0.0000    0.0006    0.0000    0.0000    0.0000  15.00
  16.00    2.9596E+12   -0.0007   -0.0013    0.0000   -0.0000    0.0000    0.0006    0.0000    0.0000    0.0000  16.00
  17.00    1.4658E+12   -0.0008   -0.0017    0.0000   -0.0000    0.0000    0.0006    0.0000    0.0000    0.0000  17.00
  18.00    8.1488E+11   -0.0003   -0.0007    0.0000   -0.0000    0.0000    0.0006    0.0000    0.0000    0.0000  18.00
  19.00    9.6406E+11    0.0007    0.0014    0.0000   -0.0000    0.0000    0.0006    0.0000    0.0000    0.0000  19.00
  20.00    1.7671E+12    0.0008    0.0017    0.0000   -0.0000    0.0000    0.0006    0.0000    0.0000    0.0000  20.00
  21.00    3.0008E+12    0.0007    0.0013    0.0000   -0.0000    0.0000    0.0006    0.0000    0.0000    0.0000  21.00
  22.00    4.4014E+12    0.0005    0.0010    0.0000   -0.0000    0.0000    0.0006    0.0000    0.0000    0.0000  22.00
  23.00    5.7051E+12    0.0004    0.0007    0.0000   -0.0000    0.0000    0.0006    0.0000    0.0000    0.0000  23.00
  24.00    6.6859E+12    0.0002    0.0005    0.0000   -0.0000    0.0000    0.0006    0.0000    0.0000    0.0000  24.00
  25.00    7.1868E+12    0.0001    0.0003    0.0000   -0.0000    0.0000    0.0006    0.0000    0.0000    0.0000  25.00
  26.00    7.1377E+12    0.0000    0.0001    0.0000   -0.0000    0.0000    0.0006    0.0000    0.0000    0.0000  26.00
  27.00    6.5611E+12   -0.0001   -0.0001    0.0000   -0.0000   -0.0000    0.0006    0.0000    0.0000    0.0000  27.00
  28.00    5.5622E+12   -0.0002   -0.0003    0.0000   -0.0000   -0.0000    0.0006    0.0000    0.0000    0.0000  28.00
  29.00    4.3076E+12   -0.0003   -0.0006    0.0000   -0.0000   -0.0000    0.0006    0.0000    0.0000    0.0000  29.00
  30.00    2.9960E+12   -0.0005   -0.0009    0.0000   -0.0000   -0.0000    0.0006    0.0000    0.0000    0.0000  30.00
  31.00    1.8247E+12   -0.0006   -0.0013    0.0000   -0.0000   -0.0000    0.0006    0.0000    0.0000    0.0000  31.00
  32.00    9.5893E+11   -0.0008   -0.0016    0.0000   -0.0000   -0.0000    0.0006    0.0000    0.0000    0.0000  32.00
  33.00    5.0715E+11   -0.0005   -0.0010    0.0000   -0.0000   -0.0000    0.0006    0.0000    0.0000    0.0000  33.00
  34.00    5.0656E+11    0.0006    0.0012    0.0000   -0.0000   -0.0000    0.0006    0.0000    0.0000    0.0000  34.00
  35.00    9.2060E+11    0.0009    0.0017    0.0000   -0.0000    0.0000    0.0006    0.0000    0.0000    0.0000  35.00
  36.00    1.6482E+12    0.0007    0.0014    0.0000   -0.0000    0.0000    0.0006    0.0000    0.0000    0.0000  36.00
  37.00    2.5431E+12    0.0005    0.0010    0.0000   -0.0000    0.0000    0.0006    0.0000    0.0000    0.0000  37.00
  38.00    3.4388E+12    0.0004    0.0007    0.0000   -0.0000    0.0000    0.0006    0.0000    0.0000    0.0000  38.00
  39.00    4.1771E+12    0.0003    0.0005    0.0000   -0.0000    0.0000    0.0006    0.0000    0.0000    0.0000  39.00
  40.00    4.6325E+12    0.0001    0.0003    0.0000   -0.0000    0.0000    0.0006    0.0000    0.0000    0.0000  40.00
  41.00    4.7320E+12    0.0000    0.0001    0.0000   -0.0000    0.0000    0.0006    0.0000    0.0000    0.0000  41.00
  42.00    4.4642E+12   -0.0001   -0.0001    0.0000   -0.0000    0.0000    0.0006    0.0000    0.0000    0.0000  42.00
  43.00    3.8794E+12   -0.0002   -0.0003    0.0000   -0.0000    0.0000    0.0006    0.0000    0.0000    0.0000  43.00
  44.00    3.0787E+12   -0.0003   -0.0006    0.0000   -0.0000    0.0000    0.0006    0.0000    0.0000    0.0000  44.00
  45.00    2.1955E+12   -0.0004   -0.0009    0.0000   -0.0000    0.0000    0.0006    0.0000    0.0000    0.0000  45.00
  46.00    1.3728E+12   -0.0006   -0.0012    0.0000   -0.0000    0.0000    0.0006    0.0000    0.0000    0.0000  46.00
  47.00    7.3925E+11   -0.0008   -0.0016    0.0000   -0.0000    0.0000    0.0006    0.0000    0.0000    0.0000  47.00
  48.00    3.8794E+11   -0.0006   -0.0011    0.0000   -0.0000    0.0000    0.0006    0.0000    0.0000    0.0000  48.00
  49.00    3.6263E+11    0.0005    0.0011    0.0000   -0.0000    0.0000    0.0006    0.0000    0.0000    0.0000  49.00
  50.00    6.5175E+11    0.0009    0.0018   -0.0000    0.0000    0.0000    0.0006    0.0000    0.0000    0.0000  50.00
  51.00    1.1919E+12    0.0007    0.0014   -0.0000    0.0000    0.0000    0.0006    0.0000    0.0000    0.0000  51.00
  52.00    1.8799E+12    0.0005    0.0011   -0.0000    0.0000    0.0000    0.0006    0.0000    0.0000    0.0000  52.00
  53.00    2.5910E+12    0.0004    0.0008   -0.0000   -0.0000    0.0000    0.0006    0.0000    0.0000    0.0000  53.00
  54.00    3.2000E+12    0.0003    0.0005    0.0000   -0.0000   -0.0000    0.0006    0.0000    0.0000    0.0000  54.00
  55.00    3.6024E+12    0.0001    0.0003    0.0000   -0.0000   -0.0000    0.0006    0.0000    0.0000    0.0000  55.00
  56.00    3.7310E+12    0.0000    0.0001    0.0000   -0.0000   -0.0000    0.0006    0.0000    0.0000    0.0000  56.00
  57.00    3.5665E+12   -0.0001   -0.0001    0.0000   -0.0000   -0.0000    0.0006    0.0000    0.0000    0.0000  57.00
  58.00    3.1393E+12   -0.0002   -0.0003   -0.0000   -0.0000   -0.0000    0.0006    0.0000    0.0000    0.0000  58.00
  59.00    2.5237E+12   -0.0003   -0.0006   -0.0000   -0.0000   -0.0000    0.0006    0.0000    0.0000    0.0000  59.00
  60.00    1.8240E+12   -0.0004   -0.0009   -0.0000    0.0000   -0.0000    0.0006    0.0000    0.0000    0.0000  60.00
0Tot-sig   3.2832E+13
1Inelastic  10Be(d,p)11Be Ex=1.00 QG UNB LMAX10 RMAX30 V9                  0/00/00
    THETA  11                               12                               13                               14   THETA cos(theta)
     0.00  |++++++++++++++++++++++++++++++++|+++++++++++++++++++++*++++++++++|++++++++++++++++++++++++++++++++|+    0.00    1.0000
     1.00  +                                                        *                                          +    1.00    0.9998
     2.00  +                                                           *                                       +    2.00    0.9994
     3.00  +                                                                *                                  +    3.00    0.9986
     4.00  +                                                                   *                               +    4.00    0.9976
     5.00  +                                                                       *                           +    5.00    0.9962
     6.00  +                                                                         *                         +    6.00    0.9945
     7.00  +                                                                          *                        +    7.00    0.9925
     8.00  +                                                                           *                       +    8.00    0.9903
     9.00  +                                                                           *                       +    9.00    0.9877
    10.00  +                                                                          *                        +   10.00    0.9848
    11.00  +                                                                         *                         +   11.00    0.9816
    12.00  +                                                                      *                            +   12.00    0.9781
    13.00  +                                                                   *                               +   13.00    0.9744
    14.00  +                                                              *                                    +   14.00    0.9703
    15.00  +                                                        *                                          +   15.00    0.9659
    16.00  +                                                *                                                  +   16.00    0.9613
    17.00  +                                     *                                                             +   17.00    0.9563
    18.00  +                             *                                                                     +   18.00    0.9511
    19.00  +                               *                                                                   +   19.00    0.9455
    20.00  +                                        *                                                          +   20.00    0.9397
    21.00  +                                                *                                                  +   21.00    0.9336
    22.00  +                                                     *                                             +   22.00    0.9272
    23.00  +                                                         *                                         +   23.00    0.9205
    24.00  +                                                           *                                       +   24.00    0.9135
    25.00  +                                                            *                                      +   25.00    0.9063
    26.00  +                                                            *                                      +   26.00    0.8988
    27.00  +                                                           *                                       +   27.00    0.8910
    28.00  +                                                         *                                         +   28.00    0.8829
    29.00  +                                                     *                                             +   29.00    0.8746
    30.00  +                                                *                                                  +   30.00    0.8660
    31.00  +                                         *                                                         +   31.00    0.8572
    32.00  +                               *                                                                   +   32.00    0.8480
    33.00  +                      *                                                                            +   33.00    0.8387
    34.00  +                      *                                                                            +   34.00    0.8290
    35.00  +                               *                                                                   +   35.00    0.8192
    36.00  +                                       *                                                           +   36.00    0.8090
    37.00  +                                             *                                                     +   37.00    0.7986
    38.00  +                                                  *                                                +   38.00    0.7880
    39.00  +                                                    *                                              +   39.00    0.7771
    40.00  +                                                      *                                            +   40.00    0.7660
    41.00  +                                                      *                                            +   41.00    0.7547
    42.00  +                                                     *                                             +   42.00    0.7431
    43.00  +                                                   *                                               +   43.00    0.7314
    44.00  +                                                *                                                  +   44.00    0.7193
    45.00  +                                           *                                                       +   45.00    0.7071
    46.00  +                                     *                                                             +   46.00    0.6947
    47.00  +                            *                                                                      +   47.00    0.6820
    48.00  +                  *                                                                                +   48.00    0.6691
    49.00  +                 *                                                                                 +   49.00    0.6561
    50.00  +                          *                                                                        +   50.00    0.6428
    51.00  +                                   *                                                               +   51.00    0.6293
    52.00  +                                         *                                                         +   52.00    0.6157
    53.00  +                                              *                                                    +   53.00    0.6018
    54.00  +                                                 *                                                 +   54.00    0.5878
    55.00  +                                                  *                                                +   55.00    0.5736
    56.00  +                                                   *                                               +   56.00    0.5592
    57.00  +                                                  *                                                +   57.00    0.5446
    58.00  +                                                *                                                  +   58.00    0.5299
    59.00  +                                             *                                                     +   59.00    0.5150
    60.00  |++++++++++++++++++++++++++++++++|++++++++*+++++++++++++++++++++++|++++++++++++++++++++++++++++++++|+   60.00    0.5000
    THETA  11                               12                               13                               14   THETA cos(theta)
1DWUCK4-DISTORTED WAVES U.COLORADO- PC-VERSION  12/Jan /1995
 Elapsed time in seconds =   0.00
 Elapsed time in seconds =   0.00
0CONTROL INTEGERS
  1 2 3 4 5 6 7 8 9 A B C D E F G H I J K    RUN IDENTIFICATION                                             0/00/00   0.00.00
  1 0 1 1 0 0 0 0 3 0 0 0 0 0 0 0 0 0 0 0    10Be(d,p)11Be Ex=1.20 QG UNB LMAX10 RMAX30 V9               
 10Be(d,p)11Be Ex=1.20 QG UNB LMAX10 RMAX30 V9               
 Adwck4 entered
0ANGLE DATA          THETN=  61.0000   THET1=   0.0000   DTHET=   1.0000   A-ANG=   0.0000   B-ANG=   0.0000
0CARD SET 3 DATA     LMAX =  10          LTR=   1
                     NLTR =   1        2*JTR=   3
0CARD SET 4 DATA     DRF  =   0.1000   RZ   =   0.0000   RMAX = -30.0000   VCE  =   0.0000   FNRNG=   0.0000
                     AMASS=   0.8000
 PARTICLE DATA 
0PARTICLE 1*******************************************************************************************************************
 INPUT DATA          ELAB =  17.4000   RC0  =   1.3030   AC   =   0.0000   2*STR=   2.0000
                     MASSP=   2.0000   MASST=  10.0000   Q    =   0.0000
                     ZP   =   1.0000   ZT   =   4.0000   PNLOC=   2.0000
 
 DERIVED DATA        ECM  =  14.5000   RC   =   2.8072   RHO  =   3.0186
                     K    =   1.0753   ETA  =   0.2136   DR   =   0.0080
0POTENTIAL PARAMETERS
 NX=1 VOLUME  W-S    V RL = -88.7440   R0RL =   1.1480   A RL =   0.7460   R RL =   2.4733   VSOR =   0.0000
                     V IM =  -2.1860   R0IM =   1.3510   A IM =   0.6400   R IM =   2.9106   VSOI =   0.0000   POWR =   0.0000
 NX=2 SURFACE W-S    V RL =   0.0000   R0RL =   0.0000   A RL =   0.0000   R RL =   0.0000   VSOR =   0.0000
                     V IM =  27.3930   R0IM =   1.4050   A IM =   0.6650   R IM =   3.0270   VSOI =   0.0000   POWR =   0.0000
 NX=4 L*S VOLUME     V RL = -14.2280   R0RL =   0.9720   A RL =   1.0110   R RL =   2.0941   VSOR =   0.0000
                     V IM =   0.0000   R0IM =   0.0000   A IM =   0.0000   R IM =   0.0000   VSOI =   0.0000   POWR =   0.0000
0PARTICLE 2*******************************************************************************************************************
 INPUT DATA          ELAB =  12.6316   RC0  =   1.5780   AC   =   0.0000   2*STR=   1.0000
                     MASSP=   1.0000   MASST=  11.0000   Q    =  -2.9210
                     ZP   =   1.0000   ZT   =   4.0000   PNLOC=   1.0000
 
 DERIVED DATA        ECM  =  11.5790   RC   =   3.5094   RHO  =   2.5009
                     K    =   0.7126   ETA  =   0.1772   DR   =   0.0073
0POTENTIAL PARAMETERS
 NX=1 VOLUME  W-S    V RL = -56.2800   R0RL =   1.1220   A RL =   0.6760   R RL =   2.4953   VSOR =   0.0000
                     V IM =  -1.1170   R0IM =   1.1220   A IM =   0.6760   R IM =   2.4953   VSOI =   0.0000   POWR =   0.0000
 NX=2 SURFACE W-S    V RL =   0.0000   R0RL =   0.0000   A RL =   0.0000   R RL =   0.0000   VSOR =   0.0000
                     V IM =  20.7710   R0IM =   1.3070   A IM =   0.5240   R IM =   2.9067   VSOI =   0.0000   POWR =   0.0000
 NX=4 L*S VOLUME     V RL = -21.8760   R0RL =   0.8940   A RL =   0.5900   R RL =   1.9882   VSOR =   0.0000
                     V IM =   0.8640   R0IM =   0.8940   A IM =   0.5900   R IM =   1.9882   VSOI =   0.0000   POWR =   0.0000
110Be(d,p)11Be Ex=1.20 QG UNB LMAX10 RMAX30 V9                  0/ 0/ 0
0FORM FACTOR DATA 
0PARTICLE 3*******************************************************************************************************************
 INPUT DATA          ELAB =   0.6960   RC0  =   1.3000   AC   =   0.0000   2*STR=   1.0000
                     MASSP=   1.0000   MASST=  10.0000   Q    =   0.6960
                     ZP   =   0.0000   ZT   =   4.0000   PNLOC=   1.0000
 
 DERIVED DATA        ECM  =   0.6960   RC   =   2.8008   RHO  =   0.4873
                     K    =   0.1740   ETA  =   0.0000   DR   =   0.0080
0POTENTIAL PARAMETERS
 NX=1 VOLUME  W-S    V RL =   1.0000   R0RL =   1.2500   A RL =   0.6500   R RL =   2.6930   VSOR =  24.0000
                     V IM =   1.1000   R0IM =   0.6500   A IM =   0.0000   R IM =   1.4004   VSOI =   0.0000   POWR =   0.0000
 
                     NODES=   0.0000   L    =   1.0000   2*J  =   3.0000   2*S  =   1.0000   FISW =   2.0000
 
                     COSD =  9.9998E-01               SIND = -5.4965E-03
                     V    =  28.3480   DET  =   0.0000   NODES=   0.0000   RM   =   2.6930   E    =   0.6960   ITER.=   0
0Non-locality correction is applied, parameter =   2.000
0Non-locality correction is applied, parameter =   1.000
0                    LMAX =  12        NSTEP= 300        NLTR =   1
 Bdwck4 entered
   Subroutine INTEG  entered
0REACSIG 1   2.04884E+01                                             REACSIG 2   8.86931E+00
   Subroutine RADINT entered
110Be(d,p)11Be Ex=1.20 QG UNB LMAX10 RMAX30 V9                  0/00/00
0BASIC DATA          DR   =   0.1000   RMIN =   0.0000   RMAX =  30.0000   COUEX=   0.0000     IS1=   1.0000
                     FNRNG=   0.0000   PNLC1=   2.0000   PNLC2=   1.0000   PNLC3=   1.0000     IS2=   0.5000
 ANG MOM TRANSFER    LTR  =   1.       2*JTR=   3.       2*STR=   1.       Q    =  -2.9210
   Subroutine INSIG  entered
0 Theta Inelsig,fm**2      Polz       Asy       Ayy       A22       A21       A20       T22       T21       T20  Theta
   0.00    6.3542E+14    0.0000    0.0000    0.0000    0.0000    0.0000    0.0006    0.0000    0.0000    0.0000   0.00
   1.00    7.0395E+14    0.0005    0.0010    0.0000   -0.0000    0.0000    0.0006    0.0000    0.0000    0.0000   1.00
   2.00    9.0023E+14    0.0008    0.0015    0.0000   -0.0000    0.0000    0.0006    0.0000    0.0000    0.0000   2.00
   3.00    1.1976E+15    0.0008    0.0016    0.0000   -0.0000    0.0000    0.0006    0.0000    0.0000    0.0000   3.00
   4.00    1.5557E+15    0.0007    0.0014    0.0000   -0.0000    0.0000    0.0006    0.0000    0.0000    0.0000   4.00
   5.00    1.9258E+15    0.0006    0.0012    0.0000   -0.0000    0.0000    0.0006    0.0000    0.0000    0.0000   5.00
   6.00    2.2578E+15    0.0005    0.0010    0.0000   -0.0000    0.0000    0.0006    0.0000    0.0000    0.0000   6.00
   7.00    2.5063E+15    0.0004    0.0008    0.0000   -0.0000    0.0000    0.0006    0.0000    0.0000    0.0000   7.00
   8.00    2.6372E+15    0.0003    0.0006    0.0000   -0.0000    0.0000    0.0006    0.0000    0.0000    0.0000   8.00
   9.00    2.6316E+15    0.0002    0.0005    0.0000   -0.0000    0.0000    0.0006    0.0000    0.0000    0.0000   9.00
  10.00    2.4884E+15    0.0001    0.0003    0.0000   -0.0000    0.0000    0.0006    0.0000    0.0000    0.0000  10.00
  11.00    2.2235E+15    0.0000    0.0001    0.0000   -0.0000    0.0000    0.0006    0.0000    0.0000    0.0000  11.00
  12.00    1.8678E+15   -0.0000   -0.0001    0.0000   -0.0000    0.0000    0.0006    0.0000    0.0000    0.0000  12.00
  13.00    1.4625E+15   -0.0002   -0.0003    0.0000   -0.0000    0.0000    0.0006    0.0000    0.0000    0.0000  13.00
  14.00    1.0529E+15   -0.0003   -0.0006    0.0000   -0.0000    0.0000    0.0006    0.0000    0.0000    0.0000  14.00
  15.00    6.8284E+14   -0.0004   -0.0009    0.0000   -0.0000    0.0000    0.0006    0.0000    0.0000    0.0000  15.00
  16.00    3.8854E+14   -0.0006   -0.0013    0.0000   -0.0000    0.0000    0.0006    0.0000    0.0000    0.0000  16.00
  17.00    1.9418E+14   -0.0008   -0.0015    0.0000   -0.0000    0.0000    0.0006    0.0000    0.0000    0.0000  17.00
  18.00    1.0935E+14   -0.0003   -0.0006    0.0000   -0.0000    0.0000    0.0006    0.0000    0.0000    0.0000  18.00
  19.00    1.2851E+14    0.0007    0.0014    0.0000   -0.0000    0.0000    0.0006    0.0000    0.0000    0.0000  19.00
  20.00    2.3263E+14    0.0008    0.0016    0.0000   -0.0000    0.0000    0.0006    0.0000    0.0000    0.0000  20.00
  21.00    3.9274E+14    0.0006    0.0013    0.0000   -0.0000    0.0000    0.0006    0.0000    0.0000    0.0000  21.00
  22.00    5.7458E+14    0.0005    0.0010    0.0000   -0.0000    0.0000    0.0006    0.0000    0.0000    0.0000  22.00
  23.00    7.4386E+14    0.0004    0.0007    0.0000   -0.0000    0.0000    0.0006    0.0000    0.0000    0.0000  23.00
  24.00    8.7125E+14    0.0002    0.0005    0.0000   -0.0000    0.0000    0.0006    0.0000    0.0000    0.0000  24.00
  25.00    9.3631E+14    0.0001    0.0003    0.0000   -0.0000    0.0000    0.0006    0.0000    0.0000    0.0000  25.00
  26.00    9.2995E+14    0.0000    0.0001    0.0000   -0.0000    0.0000    0.0006    0.0000    0.0000    0.0000  26.00
  27.00    8.5507E+14   -0.0001   -0.0001    0.0000   -0.0000    0.0000    0.0006    0.0000    0.0000    0.0000  27.00
  28.00    7.2530E+14   -0.0002   -0.0003    0.0000   -0.0000    0.0000    0.0006    0.0000    0.0000    0.0000  28.00
  29.00    5.6229E+14   -0.0003   -0.0006    0.0000   -0.0000    0.0000    0.0006    0.0000    0.0000    0.0000  29.00
  30.00    3.9181E+14   -0.0004   -0.0008    0.0000   -0.0000    0.0000    0.0006    0.0000    0.0000    0.0000  30.00
  31.00    2.3951E+14   -0.0006   -0.0012    0.0000   -0.0000   -0.0000    0.0006    0.0000    0.0000    0.0000  31.00
  32.00    1.2686E+14   -0.0007   -0.0015    0.0000   -0.0000   -0.0000    0.0006    0.0000    0.0000    0.0000  32.00
  33.00    6.7953E+13   -0.0004   -0.0009    0.0000   -0.0000    0.0000    0.0006    0.0000    0.0000    0.0000  33.00
  34.00    6.7643E+13    0.0006    0.0012    0.0000   -0.0000    0.0000    0.0006    0.0000    0.0000    0.0000  34.00
  35.00    1.2121E+14    0.0008    0.0017    0.0000   -0.0000    0.0000    0.0006    0.0000    0.0000    0.0000  35.00
  36.00    2.1555E+14    0.0007    0.0014    0.0000   -0.0000    0.0000    0.0006    0.0000    0.0000    0.0000  36.00
  37.00    3.3167E+14    0.0005    0.0010    0.0000   -0.0000    0.0000    0.0006    0.0000    0.0000    0.0000  37.00
  38.00    4.4798E+14    0.0004    0.0007    0.0000   -0.0000    0.0000    0.0006    0.0000    0.0000    0.0000  38.00
  39.00    5.4390E+14    0.0002    0.0005    0.0000   -0.0000    0.0000    0.0006    0.0000    0.0000    0.0000  39.00
  40.00    6.0315E+14    0.0001    0.0003    0.0000   -0.0000    0.0000    0.0006    0.0000    0.0000    0.0000  40.00
  41.00    6.1620E+14    0.0000    0.0001    0.0000   -0.0000    0.0000    0.0006    0.0000    0.0000    0.0000  41.00
  42.00    5.8157E+14   -0.0001   -0.0001    0.0000   -0.0000    0.0000    0.0006    0.0000    0.0000    0.0000  42.00
  43.00    5.0574E+14   -0.0002   -0.0003    0.0000   -0.0000    0.0000    0.0006    0.0000    0.0000    0.0000  43.00
  44.00    4.0181E+14   -0.0003   -0.0005    0.0000   -0.0000    0.0000    0.0006    0.0000    0.0000    0.0000  44.00
  45.00    2.8711E+14   -0.0004   -0.0008    0.0000   -0.0000    0.0000    0.0006    0.0000    0.0000    0.0000  45.00
  46.00    1.8020E+14   -0.0006   -0.0012    0.0000   -0.0000    0.0000    0.0006    0.0000    0.0000    0.0000  46.00
  47.00    9.7769E+13   -0.0007   -0.0015    0.0000   -0.0000    0.0000    0.0006    0.0000    0.0000    0.0000  47.00
  48.00    5.1943E+13   -0.0005   -0.0010    0.0000   -0.0000    0.0000    0.0006    0.0000    0.0000    0.0000  48.00
  49.00    4.8427E+13    0.0005    0.0011    0.0000   -0.0000    0.0000    0.0006    0.0000    0.0000    0.0000  49.00
  50.00    8.5745E+13    0.0009    0.0017    0.0000   -0.0000    0.0000    0.0006    0.0000    0.0000    0.0000  50.00
  51.00    1.5570E+14    0.0007    0.0014    0.0000   -0.0000    0.0000    0.0006    0.0000    0.0000    0.0000  51.00
  52.00    2.4491E+14    0.0005    0.0010    0.0000   -0.0000    0.0000    0.0006    0.0000    0.0000    0.0000  52.00
  53.00    3.3720E+14    0.0004    0.0007    0.0000   -0.0000    0.0000    0.0006    0.0000    0.0000    0.0000  53.00
  54.00    4.1631E+14    0.0002    0.0005    0.0000   -0.0000    0.0000    0.0006    0.0000    0.0000    0.0000  54.00
  55.00    4.6867E+14    0.0001    0.0003    0.0000   -0.0000    0.0000    0.0006    0.0000    0.0000    0.0000  55.00
  56.00    4.8553E+14    0.0000    0.0001    0.0000   -0.0000    0.0000    0.0006    0.0000    0.0000    0.0000  56.00
  57.00    4.6435E+14   -0.0001   -0.0001    0.0000   -0.0000   -0.0000    0.0006    0.0000    0.0000    0.0000  57.00
  58.00    4.0906E+14   -0.0002   -0.0003    0.0000   -0.0000   -0.0000    0.0006    0.0000    0.0000    0.0000  58.00
  59.00    3.2925E+14   -0.0003   -0.0005    0.0000   -0.0000   -0.0000    0.0006    0.0000    0.0000    0.0000  59.00
  60.00    2.3846E+14   -0.0004   -0.0008    0.0000   -0.0000   -0.0000    0.0006    0.0000    0.0000    0.0000  60.00
0Tot-sig   4.2752E+15
1Inelastic  10Be(d,p)11Be Ex=1.20 QG UNB LMAX10 RMAX30 V9                  0/00/00
    THETA  13                               14                               15                               16   THETA cos(theta)
     0.00  |++++++++++++++++++++++++++++++++|++++++++++++++++++++++++++*+++++|++++++++++++++++++++++++++++++++|+    0.00    1.0000
     1.00  +                                                            *                                      +    1.00    0.9998
     2.00  +                                                               *                                   +    2.00    0.9994
     3.00  +                                                                    *                              +    3.00    0.9986
     4.00  +                                                                       *                           +    4.00    0.9976
     5.00  +                                                                          *                        +    5.00    0.9962
     6.00  +                                                                             *                     +    6.00    0.9945
     7.00  +                                                                              *                    +    7.00    0.9925
     8.00  +                                                                               *                   +    8.00    0.9903
     9.00  +                                                                               *                   +    9.00    0.9877
    10.00  +                                                                              *                    +   10.00    0.9848
    11.00  +                                                                            *                      +   11.00    0.9816
    12.00  +                                                                          *                        +   12.00    0.9781
    13.00  +                                                                      *                            +   13.00    0.9744
    14.00  +                                                                  *                                +   14.00    0.9703
    15.00  +                                                            *                                      +   15.00    0.9659
    16.00  +                                                   *                                               +   16.00    0.9613
    17.00  +                                          *                                                        +   17.00    0.9563
    18.00  +                                 *                                                                 +   18.00    0.9511
    19.00  +                                    *                                                              +   19.00    0.9455
    20.00  +                                            *                                                      +   20.00    0.9397
    21.00  +                                                    *                                              +   21.00    0.9336
    22.00  +                                                         *                                         +   22.00    0.9272
    23.00  +                                                             *                                     +   23.00    0.9205
    24.00  +                                                               *                                   +   24.00    0.9135
    25.00  +                                                                *                                  +   25.00    0.9063
    26.00  +                                                                *                                  +   26.00    0.8988
    27.00  +                                                               *                                   +   27.00    0.8910
    28.00  +                                                            *                                      +   28.00    0.8829
    29.00  +                                                         *                                         +   29.00    0.8746
    30.00  +                                                    *                                              +   30.00    0.8660
    31.00  +                                             *                                                     +   31.00    0.8572
    32.00  +                                   *                                                               +   32.00    0.8480
    33.00  +                          *                                                                        +   33.00    0.8387
    34.00  +                          *                                                                        +   34.00    0.8290
    35.00  +                                   *                                                               +   35.00    0.8192
    36.00  +                                           *                                                       +   36.00    0.8090
    37.00  +                                                 *                                                 +   37.00    0.7986
    38.00  +                                                     *                                             +   38.00    0.7880
    39.00  +                                                        *                                          +   39.00    0.7771
    40.00  +                                                          *                                        +   40.00    0.7660
    41.00  +                                                          *                                        +   41.00    0.7547
    42.00  +                                                         *                                         +   42.00    0.7431
    43.00  +                                                       *                                           +   43.00    0.7314
    44.00  +                                                    *                                              +   44.00    0.7193
    45.00  +                                               *                                                   +   45.00    0.7071
    46.00  +                                        *                                                          +   46.00    0.6947
    47.00  +                                *                                                                  +   47.00    0.6820
    48.00  +                       *                                                                           +   48.00    0.6691
    49.00  +                      *                                                                            +   49.00    0.6561
    50.00  +                              *                                                                    +   50.00    0.6428
    51.00  +                                      *                                                            +   51.00    0.6293
    52.00  +                                             *                                                     +   52.00    0.6157
    53.00  +                                                 *                                                 +   53.00    0.6018
    54.00  +                                                    *                                              +   54.00    0.5878
    55.00  +                                                      *                                            +   55.00    0.5736
    56.00  +                                                       *                                           +   56.00    0.5592
    57.00  +                                                      *                                            +   57.00    0.5446
    58.00  +                                                    *                                              +   58.00    0.5299
    59.00  +                                                 *                                                 +   59.00    0.5150
    60.00  |++++++++++++++++++++++++++++++++|+++++++++++*++++++++++++++++++++|++++++++++++++++++++++++++++++++|+   60.00    0.5000
    THETA  13                               14                               15                               16   THETA cos(theta)
1DWUCK4-DISTORTED WAVES U.COLORADO- PC-VERSION  12/Jan /1995
 Elapsed time in seconds =   0.00
 Elapsed time in seconds =   0.00
0CONTROL INTEGERS
  1 2 3 4 5 6 7 8 9 A B C D E F G H I J K    RUN IDENTIFICATION                                             0/00/00   0.00.00
  1 0 1 1 0 0 0 0 3 0 0 0 0 0 0 0 0 0 0 0    10Be(d,p)11Be Ex=1.40 QG UNB LMAX10 RMAX30 V9               
 10Be(d,p)11Be Ex=1.40 QG UNB LMAX10 RMAX30 V9               
 Adwck4 entered
0ANGLE DATA          THETN=  61.0000   THET1=   0.0000   DTHET=   1.0000   A-ANG=   0.0000   B-ANG=   0.0000
0CARD SET 3 DATA     LMAX =  10          LTR=   1
                     NLTR =   1        2*JTR=   3
0CARD SET 4 DATA     DRF  =   0.1000   RZ   =   0.0000   RMAX = -30.0000   VCE  =   0.0000   FNRNG=   0.0000
                     AMASS=   0.8000
 PARTICLE DATA 
0PARTICLE 1*******************************************************************************************************************
 INPUT DATA          ELAB =  17.4000   RC0  =   1.3030   AC   =   0.0000   2*STR=   2.0000
                     MASSP=   2.0000   MASST=  10.0000   Q    =   0.0000
                     ZP   =   1.0000   ZT   =   4.0000   PNLOC=   2.0000
 
 DERIVED DATA        ECM  =  14.5000   RC   =   2.8072   RHO  =   3.0186
                     K    =   1.0753   ETA  =   0.2136   DR   =   0.0080
0POTENTIAL PARAMETERS
 NX=1 VOLUME  W-S    V RL = -88.7440   R0RL =   1.1480   A RL =   0.7460   R RL =   2.4733   VSOR =   0.0000
                     V IM =  -2.1860   R0IM =   1.3510   A IM =   0.6400   R IM =   2.9106   VSOI =   0.0000   POWR =   0.0000
 NX=2 SURFACE W-S    V RL =   0.0000   R0RL =   0.0000   A RL =   0.0000   R RL =   0.0000   VSOR =   0.0000
                     V IM =  27.3930   R0IM =   1.4050   A IM =   0.6650   R IM =   3.0270   VSOI =   0.0000   POWR =   0.0000
 NX=4 L*S VOLUME     V RL = -14.2280   R0RL =   0.9720   A RL =   1.0110   R RL =   2.0941   VSOR =   0.0000
                     V IM =   0.0000   R0IM =   0.0000   A IM =   0.0000   R IM =   0.0000   VSOI =   0.0000   POWR =   0.0000
0PARTICLE 2*******************************************************************************************************************
 INPUT DATA          ELAB =  12.4135   RC0  =   1.5780   AC   =   0.0000   2*STR=   1.0000
                     MASSP=   1.0000   MASST=  11.0000   Q    =  -3.1210
                     ZP   =   1.0000   ZT   =   4.0000   PNLOC=   1.0000
 
 DERIVED DATA        ECM  =  11.3790   RC   =   3.5094   RHO  =   2.4792
                     K    =   0.7064   ETA  =   0.1788   DR   =   0.0073
0POTENTIAL PARAMETERS
 NX=1 VOLUME  W-S    V RL = -56.2800   R0RL =   1.1220   A RL =   0.6760   R RL =   2.4953   VSOR =   0.0000
                     V IM =  -1.1170   R0IM =   1.1220   A IM =   0.6760   R IM =   2.4953   VSOI =   0.0000   POWR =   0.0000
 NX=2 SURFACE W-S    V RL =   0.0000   R0RL =   0.0000   A RL =   0.0000   R RL =   0.0000   VSOR =   0.0000
                     V IM =  20.7710   R0IM =   1.3070   A IM =   0.5240   R IM =   2.9067   VSOI =   0.0000   POWR =   0.0000
 NX=4 L*S VOLUME     V RL = -21.8760   R0RL =   0.8940   A RL =   0.5900   R RL =   1.9882   VSOR =   0.0000
                     V IM =   0.8640   R0IM =   0.8940   A IM =   0.5900   R IM =   1.9882   VSOI =   0.0000   POWR =   0.0000
110Be(d,p)11Be Ex=1.40 QG UNB LMAX10 RMAX30 V9                  0/ 0/ 0
0FORM FACTOR DATA 
0PARTICLE 3*******************************************************************************************************************
 INPUT DATA          ELAB =   0.8960   RC0  =   1.3000   AC   =   0.0000   2*STR=   1.0000
                     MASSP=   1.0000   MASST=  10.0000   Q    =   0.8960
                     ZP   =   0.0000   ZT   =   4.0000   PNLOC=   1.0000
 
 DERIVED DATA        ECM  =   0.8960   RC   =   2.8008   RHO  =   0.5529
                     K    =   0.1974   ETA  =   0.0000   DR   =   0.0080
0POTENTIAL PARAMETERS
 NX=1 VOLUME  W-S    V RL =   1.0000   R0RL =   1.2500   A RL =   0.6500   R RL =   2.6930   VSOR =  24.0000
                     V IM =   1.1000   R0IM =   0.6500   A IM =   0.0000   R IM =   1.4004   VSOI =   0.0000   POWR =   0.0000
 
                     NODES=   0.0000   L    =   1.0000   2*J  =   3.0000   2*S  =   1.0000   FISW =   2.0000
 
                     COSD =  9.9997E-01               SIND = -7.9322E-03
                     V    =  28.3480   DET  =   0.0000   NODES=   0.0000   RM   =   2.6930   E    =   0.8960   ITER.=   0
0Non-locality correction is applied, parameter =   2.000
0Non-locality correction is applied, parameter =   1.000
0                    LMAX =  12        NSTEP= 300        NLTR =   1
 Bdwck4 entered
   Subroutine INTEG  entered
0REACSIG 1   2.04884E+01                                             REACSIG 2   9.09162E+00
   Subroutine RADINT entered
110Be(d,p)11Be Ex=1.40 QG UNB LMAX10 RMAX30 V9                  0/00/00
0BASIC DATA          DR   =   0.1000   RMIN =   0.0000   RMAX =  30.0000   COUEX=   0.0000     IS1=   1.0000
                     FNRNG=   0.0000   PNLC1=   2.0000   PNLC2=   1.0000   PNLC3=   1.0000     IS2=   0.5000
 ANG MOM TRANSFER    LTR  =   1.       2*JTR=   3.       2*STR=   1.       Q    =  -3.1210
   Subroutine INSIG  entered
0 Theta Inelsig,fm**2      Polz       Asy       Ayy       A22       A21       A20       T22       T21       T20  Theta
   0.00    1.4905E+15    0.0000    0.0000    0.0000    0.0000    0.0000    0.0006    0.0000    0.0000    0.0000   0.00
   1.00    1.6452E+15    0.0005    0.0010    0.0000   -0.0000    0.0000    0.0006    0.0000    0.0000    0.0000   1.00
   2.00    2.0884E+15    0.0007    0.0014    0.0000   -0.0000    0.0000    0.0006    0.0000    0.0000    0.0000   2.00
   3.00    2.7598E+15    0.0007    0.0015    0.0000   -0.0000    0.0000    0.0006    0.0000    0.0000    0.0000   3.00
   4.00    3.5679E+15    0.0007    0.0014    0.0000   -0.0000    0.0000    0.0006    0.0000    0.0000    0.0000   4.00
   5.00    4.4029E+15    0.0006    0.0012    0.0000   -0.0000    0.0000    0.0006    0.0000    0.0000    0.0000   5.00
   6.00    5.1510E+15    0.0005    0.0010    0.0000   -0.0000    0.0000    0.0006    0.0000    0.0000    0.0000   6.00
   7.00    5.7100E+15    0.0004    0.0008    0.0000   -0.0000    0.0000    0.0006    0.0000    0.0000    0.0000   7.00
   8.00    6.0025E+15    0.0003    0.0006    0.0000   -0.0000    0.0000    0.0006    0.0000    0.0000    0.0000   8.00
   9.00    5.9862E+15    0.0002    0.0004    0.0000   -0.0000    0.0000    0.0006    0.0000    0.0000    0.0000   9.00
  10.00    5.6582E+15    0.0001    0.0003    0.0000   -0.0000    0.0000    0.0006    0.0000    0.0000    0.0000  10.00
  11.00    5.0552E+15    0.0000    0.0001    0.0000   -0.0000    0.0000    0.0006    0.0000    0.0000    0.0000  11.00
  12.00    4.2469E+15   -0.0000   -0.0001    0.0000   -0.0000    0.0000    0.0006    0.0000    0.0000    0.0000  12.00
  13.00    3.3266E+15   -0.0001   -0.0003    0.0000   -0.0000    0.0000    0.0006    0.0000    0.0000    0.0000  13.00
  14.00    2.3971E+15   -0.0003   -0.0005    0.0000   -0.0000    0.0000    0.0006    0.0000    0.0000    0.0000  14.00
  15.00    1.5575E+15   -0.0004   -0.0008    0.0000   -0.0000    0.0000    0.0006    0.0000    0.0000    0.0000  15.00
  16.00    8.8988E+14   -0.0006   -0.0012    0.0000   -0.0000    0.0000    0.0006    0.0000    0.0000    0.0000  16.00
  17.00    4.4889E+14   -0.0007   -0.0014    0.0000   -0.0000   -0.0000    0.0006    0.0000    0.0000    0.0000  17.00
  18.00    2.5622E+14   -0.0003   -0.0005    0.0000   -0.0000    0.0000    0.0006    0.0000    0.0000    0.0000  18.00
  19.00    2.9925E+14    0.0006    0.0013    0.0000   -0.0000    0.0000    0.0006    0.0000    0.0000    0.0000  19.00
  20.00    5.3488E+14    0.0008    0.0015    0.0000   -0.0000    0.0000    0.0006    0.0000    0.0000    0.0000  20.00
  21.00    8.9740E+14    0.0006    0.0012    0.0000   -0.0000    0.0000    0.0006    0.0000    0.0000    0.0000  21.00
  22.00    1.3092E+15    0.0005    0.0009    0.0000   -0.0000    0.0000    0.0006    0.0000    0.0000    0.0000  22.00
  23.00    1.6925E+15    0.0003    0.0007    0.0000   -0.0000    0.0000    0.0006    0.0000    0.0000    0.0000  23.00
  24.00    1.9810E+15    0.0002    0.0005    0.0000   -0.0000    0.0000    0.0006    0.0000    0.0000    0.0000  24.00
  25.00    2.1283E+15    0.0001    0.0003    0.0000   -0.0000    0.0000    0.0006    0.0000    0.0000    0.0000  25.00
  26.00    2.1138E+15    0.0000    0.0001    0.0000   -0.0000    0.0000    0.0006    0.0000    0.0000    0.0000  26.00
  27.00    1.9440E+15   -0.0000   -0.0001    0.0000   -0.0000    0.0000    0.0006    0.0000    0.0000    0.0000  27.00
  28.00    1.6498E+15   -0.0001   -0.0003    0.0000   -0.0000    0.0000    0.0006    0.0000    0.0000    0.0000  28.00
  29.00    1.2803E+15   -0.0003   -0.0005    0.0000   -0.0000    0.0000    0.0006    0.0000    0.0000    0.0000  29.00
  30.00    8.9377E+14   -0.0004   -0.0008    0.0000   -0.0000    0.0000    0.0006    0.0000    0.0000    0.0000  30.00
  31.00    5.4840E+14   -0.0006   -0.0011    0.0000   -0.0000    0.0000    0.0006    0.0000    0.0000    0.0000  31.00
  32.00    2.9280E+14   -0.0007   -0.0014    0.0000   -0.0000    0.0000    0.0006    0.0000    0.0000    0.0000  32.00
  33.00    1.5894E+14   -0.0004   -0.0008    0.0000   -0.0000    0.0000    0.0006    0.0000    0.0000    0.0000  33.00
  34.00    1.5785E+14    0.0006    0.0011    0.0000   -0.0000    0.0000    0.0006    0.0000    0.0000    0.0000  34.00
  35.00    2.7886E+14    0.0008    0.0016    0.0000   -0.0000    0.0000    0.0006    0.0000    0.0000    0.0000  35.00
  36.00    4.9233E+14    0.0007    0.0013    0.0000   -0.0000    0.0000    0.0006    0.0000    0.0000    0.0000  36.00
  37.00    7.5522E+14    0.0005    0.0010    0.0000   -0.0000    0.0000    0.0006    0.0000    0.0000    0.0000  37.00
  38.00    1.0187E+15    0.0004    0.0007    0.0000   -0.0000    0.0000    0.0006    0.0000    0.0000    0.0000  38.00
  39.00    1.2360E+15    0.0002    0.0005    0.0000   -0.0000    0.0000    0.0006    0.0000    0.0000    0.0000  39.00
  40.00    1.3704E+15    0.0001    0.0003    0.0000   -0.0000    0.0000    0.0006    0.0000    0.0000    0.0000  40.00
  41.00    1.4001E+15    0.0000    0.0001    0.0000   -0.0000    0.0000    0.0006    0.0000    0.0000    0.0000  41.00
  42.00    1.3218E+15   -0.0000   -0.0001    0.0000   -0.0000    0.0000    0.0006    0.0000    0.0000    0.0000  42.00
  43.00    1.1502E+15   -0.0001   -0.0003    0.0000   -0.0000    0.0000    0.0006    0.0000    0.0000    0.0000  43.00
  44.00    9.1478E+14   -0.0003   -0.0005    0.0000   -0.0000   -0.0000    0.0006    0.0000    0.0000    0.0000  44.00
  45.00    6.5490E+14   -0.0004   -0.0008    0.0000   -0.0000   -0.0000    0.0006    0.0000    0.0000    0.0000  45.00
  46.00    4.1255E+14   -0.0005   -0.0011    0.0000   -0.0000   -0.0000    0.0006    0.0000    0.0000    0.0000  46.00
  47.00    2.2555E+14   -0.0007   -0.0013    0.0000   -0.0000   -0.0000    0.0006    0.0000    0.0000    0.0000  47.00
  48.00    1.2140E+14   -0.0004   -0.0008    0.0000   -0.0000    0.0000    0.0006    0.0000    0.0000    0.0000  48.00
  49.00    1.1305E+14    0.0005    0.0011    0.0000   -0.0000    0.0000    0.0006    0.0000    0.0000    0.0000  49.00
  50.00    1.9721E+14    0.0008    0.0017    0.0000   -0.0000    0.0000    0.0006    0.0000    0.0000    0.0000  50.00
  51.00    3.5536E+14    0.0007    0.0014    0.0000   -0.0000    0.0000    0.0006    0.0000    0.0000    0.0000  51.00
  52.00    5.5724E+14    0.0005    0.0010    0.0000   -0.0000    0.0000    0.0006    0.0000    0.0000    0.0000  52.00
  53.00    7.6620E+14    0.0004    0.0007    0.0000   -0.0000    0.0000    0.0006    0.0000    0.0000    0.0000  53.00
  54.00    9.4546E+14    0.0002    0.0005    0.0000   -0.0000    0.0000    0.0006    0.0000    0.0000    0.0000  54.00
  55.00    1.0642E+15    0.0001    0.0003    0.0000   -0.0000    0.0000    0.0006    0.0000    0.0000    0.0000  55.00
  56.00    1.1026E+15    0.0000    0.0001    0.0000   -0.0000    0.0000    0.0006    0.0000    0.0000    0.0000  56.00
  57.00    1.0549E+15   -0.0000   -0.0001    0.0000   -0.0000    0.0000    0.0006    0.0000    0.0000    0.0000  57.00
  58.00    9.2995E+14   -0.0001   -0.0003    0.0000   -0.0000    0.0000    0.0006    0.0000    0.0000    0.0000  58.00
  59.00    7.4936E+14   -0.0003   -0.0005    0.0000   -0.0000    0.0000    0.0006    0.0000    0.0000    0.0000  59.00
  60.00    5.4380E+14   -0.0004   -0.0008    0.0000   -0.0000    0.0000    0.0006    0.0000    0.0000    0.0000  60.00
0Tot-sig   9.7206E+15
1Inelastic  10Be(d,p)11Be Ex=1.40 QG UNB LMAX10 RMAX30 V9                  0/00/00
    THETA  13                               14                               15                               16   THETA cos(theta)
     0.00  |++++++++++++++++++++++++++++++++|++++++++++++++++++++++++++++++++|+++++*++++++++++++++++++++++++++|+    0.00    1.0000
     1.00  +                                                                        *                          +    1.00    0.9998
     2.00  +                                                                            *                      +    2.00    0.9994
     3.00  +                                                                                *                  +    3.00    0.9986
     4.00  +                                                                                   *               +    4.00    0.9976
     5.00  +                                                                                      *            +    5.00    0.9962
     6.00  +                                                                                        *          +    6.00    0.9945
     7.00  +                                                                                          *        +    7.00    0.9925
     8.00  +                                                                                           *       +    8.00    0.9903
     9.00  +                                                                                           *       +    9.00    0.9877
    10.00  +                                                                                          *        +   10.00    0.9848
    11.00  +                                                                                        *          +   11.00    0.9816
    12.00  +                                                                                      *            +   12.00    0.9781
    13.00  +                                                                                  *                +   13.00    0.9744
    14.00  +                                                                              *                    +   14.00    0.9703
    15.00  +                                                                       *                           +   15.00    0.9659
    16.00  +                                                               *                                   +   16.00    0.9613
    17.00  +                                                      *                                            +   17.00    0.9563
    18.00  +                                             *                                                     +   18.00    0.9511
    19.00  +                                                *                                                  +   19.00    0.9455
    20.00  +                                                        *                                          +   20.00    0.9397
    21.00  +                                                               *                                   +   21.00    0.9336
    22.00  +                                                                     *                             +   22.00    0.9272
    23.00  +                                                                         *                         +   23.00    0.9205
    24.00  +                                                                           *                       +   24.00    0.9135
    25.00  +                                                                            *                      +   25.00    0.9063
    26.00  +                                                                            *                      +   26.00    0.8988
    27.00  +                                                                           *                       +   27.00    0.8910
    28.00  +                                                                        *                          +   28.00    0.8829
    29.00  +                                                                     *                             +   29.00    0.8746
    30.00  +                                                               *                                   +   30.00    0.8660
    31.00  +                                                        *                                          +   31.00    0.8572
    32.00  +                                               *                                                   +   32.00    0.8480
    33.00  +                                       *                                                           +   33.00    0.8387
    34.00  +                                       *                                                           +   34.00    0.8290
    35.00  +                                               *                                                   +   35.00    0.8192
    36.00  +                                                       *                                           +   36.00    0.8090
    37.00  +                                                             *                                     +   37.00    0.7986
    38.00  +                                                                 *                                 +   38.00    0.7880
    39.00  +                                                                    *                              +   39.00    0.7771
    40.00  +                                                                      *                            +   40.00    0.7660
    41.00  +                                                                      *                            +   41.00    0.7547
    42.00  +                                                                     *                             +   42.00    0.7431
    43.00  +                                                                   *                               +   43.00    0.7314
    44.00  +                                                                *                                  +   44.00    0.7193
    45.00  +                                                           *                                       +   45.00    0.7071
    46.00  +                                                    *                                              +   46.00    0.6947
    47.00  +                                            *                                                      +   47.00    0.6820
    48.00  +                                   *                                                               +   48.00    0.6691
    49.00  +                                  *                                                                +   49.00    0.6561
    50.00  +                                          *                                                        +   50.00    0.6428
    51.00  +                                                  *                                                +   51.00    0.6293
    52.00  +                                                         *                                         +   52.00    0.6157
    53.00  +                                                             *                                     +   53.00    0.6018
    54.00  +                                                                *                                  +   54.00    0.5878
    55.00  +                                                                  *                                +   55.00    0.5736
    56.00  +                                                                  *                                +   56.00    0.5592
    57.00  +                                                                  *                                +   57.00    0.5446
    58.00  +                                                                *                                  +   58.00    0.5299
    59.00  +                                                             *                                     +   59.00    0.5150
    60.00  |++++++++++++++++++++++++++++++++|+++++++++++++++++++++++*++++++++|++++++++++++++++++++++++++++++++|+   60.00    0.5000
    THETA  13                               14                               15                               16   THETA cos(theta)
1DWUCK4-DISTORTED WAVES U.COLORADO- PC-VERSION  12/Jan /1995
 Elapsed time in seconds =   0.00
 Elapsed time in seconds =   0.00
0CONTROL INTEGERS
  1 2 3 4 5 6 7 8 9 A B C D E F G H I J K    RUN IDENTIFICATION                                             0/00/00   0.00.00
  1 0 1 1 0 0 0 0 3 0 0 0 0 0 0 0 0 0 0 0    10Be(d,p)11Be Ex=1.60 QG UNB LMAX10 RMAX30 V9               
 10Be(d,p)11Be Ex=1.60 QG UNB LMAX10 RMAX30 V9               
 Adwck4 entered
0ANGLE DATA          THETN=  61.0000   THET1=   0.0000   DTHET=   1.0000   A-ANG=   0.0000   B-ANG=   0.0000
0CARD SET 3 DATA     LMAX =  10          LTR=   1
                     NLTR =   1        2*JTR=   3
0CARD SET 4 DATA     DRF  =   0.1000   RZ   =   0.0000   RMAX = -30.0000   VCE  =   0.0000   FNRNG=   0.0000
                     AMASS=   0.8000
 PARTICLE DATA 
0PARTICLE 1*******************************************************************************************************************
 INPUT DATA          ELAB =  17.4000   RC0  =   1.3030   AC   =   0.0000   2*STR=   2.0000
                     MASSP=   2.0000   MASST=  10.0000   Q    =   0.0000
                     ZP   =   1.0000   ZT   =   4.0000   PNLOC=   2.0000
 
 DERIVED DATA        ECM  =  14.5000   RC   =   2.8072   RHO  =   3.0186
                     K    =   1.0753   ETA  =   0.2136   DR   =   0.0080
0POTENTIAL PARAMETERS
 NX=1 VOLUME  W-S    V RL = -88.7440   R0RL =   1.1480   A RL =   0.7460   R RL =   2.4733   VSOR =   0.0000
                     V IM =  -2.1860   R0IM =   1.3510   A IM =   0.6400   R IM =   2.9106   VSOI =   0.0000   POWR =   0.0000
 NX=2 SURFACE W-S    V RL =   0.0000   R0RL =   0.0000   A RL =   0.0000   R RL =   0.0000   VSOR =   0.0000
                     V IM =  27.3930   R0IM =   1.4050   A IM =   0.6650   R IM =   3.0270   VSOI =   0.0000   POWR =   0.0000
 NX=4 L*S VOLUME     V RL = -14.2280   R0RL =   0.9720   A RL =   1.0110   R RL =   2.0941   VSOR =   0.0000
                     V IM =   0.0000   R0IM =   0.0000   A IM =   0.0000   R IM =   0.0000   VSOI =   0.0000   POWR =   0.0000
0PARTICLE 2*******************************************************************************************************************
 INPUT DATA          ELAB =  12.1953   RC0  =   1.5780   AC   =   0.0000   2*STR=   1.0000
                     MASSP=   1.0000   MASST=  11.0000   Q    =  -3.3210
                     ZP   =   1.0000   ZT   =   4.0000   PNLOC=   1.0000
 
 DERIVED DATA        ECM  =  11.1790   RC   =   3.5094   RHO  =   2.4573
                     K    =   0.7002   ETA  =   0.1804   DR   =   0.0073
0POTENTIAL PARAMETERS
 NX=1 VOLUME  W-S    V RL = -56.2800   R0RL =   1.1220   A RL =   0.6760   R RL =   2.4953   VSOR =   0.0000
                     V IM =  -1.1170   R0IM =   1.1220   A IM =   0.6760   R IM =   2.4953   VSOI =   0.0000   POWR =   0.0000
 NX=2 SURFACE W-S    V RL =   0.0000   R0RL =   0.0000   A RL =   0.0000   R RL =   0.0000   VSOR =   0.0000
                     V IM =  20.7710   R0IM =   1.3070   A IM =   0.5240   R IM =   2.9067   VSOI =   0.0000   POWR =   0.0000
 NX=4 L*S VOLUME     V RL = -21.8760   R0RL =   0.8940   A RL =   0.5900   R RL =   1.9882   VSOR =   0.0000
                     V IM =   0.8640   R0IM =   0.8940   A IM =   0.5900   R IM =   1.9882   VSOI =   0.0000   POWR =   0.0000
110Be(d,p)11Be Ex=1.60 QG UNB LMAX10 RMAX30 V9                  0/ 0/ 0
0FORM FACTOR DATA 
0PARTICLE 3*******************************************************************************************************************
 INPUT DATA          ELAB =   1.0960   RC0  =   1.3000   AC   =   0.0000   2*STR=   1.0000
                     MASSP=   1.0000   MASST=  10.0000   Q    =   1.0960
                     ZP   =   0.0000   ZT   =   4.0000   PNLOC=   1.0000
 
 DERIVED DATA        ECM  =   1.0960   RC   =   2.8008   RHO  =   0.6115
                     K    =   0.2183   ETA  =   0.0000   DR   =   0.0080
0POTENTIAL PARAMETERS
 NX=1 VOLUME  W-S    V RL =   1.0000   R0RL =   1.2500   A RL =   0.6500   R RL =   2.6930   VSOR =  24.0000
                     V IM =   1.1000   R0IM =   0.6500   A IM =   0.0000   R IM =   1.4004   VSOI =   0.0000   POWR =   0.0000
 
                     NODES=   0.0000   L    =   1.0000   2*J  =   3.0000   2*S  =   1.0000   FISW =   2.0000
 
                     COSD =  9.9994E-01               SIND = -1.0604E-02
                     V    =  28.3480   DET  =   0.0000   NODES=   0.0000   RM   =   2.6930   E    =   1.0960   ITER.=   0
0Non-locality correction is applied, parameter =   2.000
0Non-locality correction is applied, parameter =   1.000
0                    LMAX =  12        NSTEP= 300        NLTR =   1
 Bdwck4 entered
   Subroutine INTEG  entered
0REACSIG 1   2.04884E+01                                             REACSIG 2   9.32777E+00
   Subroutine RADINT entered
110Be(d,p)11Be Ex=1.60 QG UNB LMAX10 RMAX30 V9                  0/00/00
0BASIC DATA          DR   =   0.1000   RMIN =   0.0000   RMAX =  30.0000   COUEX=   0.0000     IS1=   1.0000
                     FNRNG=   0.0000   PNLC1=   2.0000   PNLC2=   1.0000   PNLC3=   1.0000     IS2=   0.5000
 ANG MOM TRANSFER    LTR  =   1.       2*JTR=   3.       2*STR=   1.       Q    =  -3.3210
   Subroutine INSIG  entered
0 Theta Inelsig,fm**2      Polz       Asy       Ayy       A22       A21       A20       T22       T21       T20  Theta
   0.00    7.1180E+14    0.0000    0.0000    0.0000    0.0000    0.0000    0.0006    0.0000    0.0000    0.0000   0.00
   1.00    7.8289E+14    0.0004    0.0009    0.0000   -0.0000    0.0000    0.0006    0.0000    0.0000    0.0000   1.00
   2.00    9.8648E+14    0.0007    0.0013    0.0000   -0.0000    0.0000    0.0006    0.0000    0.0000    0.0000   2.00
   3.00    1.2948E+15    0.0007    0.0014    0.0000   -0.0000    0.0000    0.0006    0.0000    0.0000    0.0000   3.00
   4.00    1.6658E+15    0.0006    0.0013    0.0000   -0.0000    0.0000    0.0006    0.0000    0.0000    0.0000   4.00
   5.00    2.0490E+15    0.0006    0.0011    0.0000   -0.0000    0.0000    0.0006    0.0000    0.0000    0.0000   5.00
   6.00    2.3919E+15    0.0005    0.0009    0.0000   -0.0000    0.0000    0.0006    0.0000    0.0000    0.0000   6.00
   7.00    2.6476E+15    0.0004    0.0008    0.0000   -0.0000    0.0000    0.0006    0.0000    0.0000    0.0000   7.00
   8.00    2.7805E+15    0.0003    0.0006    0.0000   -0.0000    0.0000    0.0006    0.0000    0.0000    0.0000   8.00
   9.00    2.7712E+15    0.0002    0.0004    0.0000   -0.0000    0.0000    0.0006    0.0000    0.0000    0.0000   9.00
  10.00    2.6184E+15    0.0001    0.0003    0.0000   -0.0000    0.0000    0.0006    0.0000    0.0000    0.0000  10.00
  11.00    2.3390E+15    0.0000    0.0001    0.0000   -0.0000    0.0000    0.0006    0.0000    0.0000    0.0000  11.00
  12.00    1.9652E+15   -0.0000   -0.0001    0.0000   -0.0000    0.0000    0.0006    0.0000    0.0000    0.0000  12.00
  13.00    1.5400E+15   -0.0001   -0.0003    0.0000   -0.0000    0.0000    0.0006    0.0000    0.0000    0.0000  13.00
  14.00    1.1108E+15   -0.0003   -0.0005    0.0000   -0.0000    0.0000    0.0006    0.0000    0.0000    0.0000  14.00
  15.00    7.2317E+14   -0.0004   -0.0008    0.0000   -0.0000    0.0000    0.0006    0.0000    0.0000    0.0000  15.00
  16.00    4.1495E+14   -0.0006   -0.0011    0.0000   -0.0000    0.0000    0.0006    0.0000    0.0000    0.0000  16.00
  17.00    2.1132E+14   -0.0007   -0.0013    0.0000   -0.0000    0.0000    0.0006    0.0000    0.0000    0.0000  17.00
  18.00    1.2224E+14   -0.0002   -0.0004    0.0000   -0.0000    0.0000    0.0006    0.0000    0.0000    0.0000  18.00
  19.00    1.4187E+14    0.0006    0.0012    0.0000   -0.0000    0.0000    0.0006    0.0000    0.0000    0.0000  19.00
  20.00    2.5032E+14    0.0007    0.0015    0.0000   -0.0000    0.0000    0.0006    0.0000    0.0000    0.0000  20.00
  21.00    4.1730E+14    0.0006    0.0012    0.0000   -0.0000    0.0000    0.0006    0.0000    0.0000    0.0000  21.00
  22.00    6.0702E+14    0.0004    0.0009    0.0000   -0.0000    0.0000    0.0006    0.0000    0.0000    0.0000  22.00
  23.00    7.8367E+14    0.0003    0.0007    0.0000   -0.0000    0.0000    0.0006    0.0000    0.0000    0.0000  23.00
  24.00    9.1660E+14    0.0002    0.0004    0.0000   -0.0000    0.0000    0.0006    0.0000    0.0000    0.0000  24.00
  25.00    9.8445E+14    0.0001    0.0003    0.0000   -0.0000    0.0000    0.0006    0.0000    0.0000    0.0000  25.00
  26.00    9.7773E+14    0.0000    0.0001    0.0000   -0.0000    0.0000    0.0006    0.0000    0.0000    0.0000  26.00
  27.00    8.9942E+14   -0.0000   -0.0001    0.0000   -0.0000    0.0000    0.0006    0.0000    0.0000    0.0000  27.00
  28.00    7.6376E+14   -0.0001   -0.0003    0.0000   -0.0000    0.0000    0.0006    0.0000    0.0000    0.0000  28.00
  29.00    5.9332E+14   -0.0002   -0.0005    0.0000   -0.0000    0.0000    0.0006    0.0000    0.0000    0.0000  29.00
  30.00    4.1503E+14   -0.0004   -0.0007    0.0000   -0.0000    0.0000    0.0006    0.0000    0.0000    0.0000  30.00
  31.00    2.5565E+14   -0.0005   -0.0010    0.0000   -0.0000   -0.0000    0.0006    0.0000    0.0000    0.0000  31.00
  32.00    1.3763E+14   -0.0006   -0.0013    0.0000   -0.0000   -0.0000    0.0006    0.0000    0.0000    0.0000  32.00
  33.00    7.5705E+13   -0.0003   -0.0007    0.0000   -0.0000   -0.0000    0.0006    0.0000    0.0000    0.0000  33.00
  34.00    7.4982E+13    0.0006    0.0011    0.0000   -0.0000    0.0000    0.0006    0.0000    0.0000    0.0000  34.00
  35.00    1.3056E+14    0.0008    0.0016    0.0000   -0.0000    0.0000    0.0006    0.0000    0.0000    0.0000  35.00
  36.00    2.2880E+14    0.0006    0.0013    0.0000   -0.0000    0.0000    0.0006    0.0000    0.0000    0.0000  36.00
  37.00    3.4988E+14    0.0005    0.0009    0.0000   -0.0000    0.0000    0.0006    0.0000    0.0000    0.0000  37.00
  38.00    4.7128E+14    0.0003    0.0007    0.0000   -0.0000    0.0000    0.0006    0.0000    0.0000    0.0000  38.00
  39.00    5.7149E+14    0.0002    0.0005    0.0000   -0.0000    0.0000    0.0006    0.0000    0.0000    0.0000  39.00
  40.00    6.3350E+14    0.0001    0.0003    0.0000   -0.0000    0.0000    0.0006    0.0000    0.0000    0.0000  40.00
  41.00    6.4732E+14    0.0000    0.0001    0.0000   -0.0000    0.0000    0.0006    0.0000    0.0000    0.0000  41.00
  42.00    6.1135E+14   -0.0000   -0.0001    0.0000   -0.0000    0.0000    0.0006    0.0000    0.0000    0.0000  42.00
  43.00    5.3233E+14   -0.0001   -0.0003    0.0000   -0.0000    0.0000    0.0006    0.0000    0.0000    0.0000  43.00
  44.00    4.2389E+14   -0.0002   -0.0005    0.0000   -0.0000    0.0000    0.0006    0.0000    0.0000    0.0000  44.00
  45.00    3.0409E+14   -0.0004   -0.0007    0.0000   -0.0000    0.0000    0.0006    0.0000    0.0000    0.0000  45.00
  46.00    1.9231E+14   -0.0005   -0.0010    0.0000   -0.0000    0.0000    0.0006    0.0000    0.0000    0.0000  46.00
  47.00    1.0597E+14   -0.0006   -0.0012    0.0000   -0.0000    0.0000    0.0006    0.0000    0.0000    0.0000  47.00
  48.00    5.7776E+13   -0.0003   -0.0007    0.0000   -0.0000    0.0000    0.0006    0.0000    0.0000    0.0000  48.00
  49.00    5.3709E+13    0.0005    0.0011    0.0000   -0.0000    0.0000    0.0006    0.0000    0.0000    0.0000  49.00
  50.00    9.2285E+13    0.0008    0.0016    0.0000   -0.0000    0.0000    0.0006    0.0000    0.0000    0.0000  50.00
  51.00    1.6499E+14    0.0007    0.0013    0.0000   -0.0000    0.0000    0.0006    0.0000    0.0000    0.0000  51.00
  52.00    2.5791E+14    0.0005    0.0010    0.0000   -0.0000    0.0000    0.0006    0.0000    0.0000    0.0000  52.00
  53.00    3.5417E+14    0.0003    0.0007    0.0000   -0.0000    0.0000    0.0006    0.0000    0.0000    0.0000  53.00
  54.00    4.3681E+14    0.0002    0.0005    0.0000   -0.0000    0.0000    0.0006    0.0000    0.0000    0.0000  54.00
  55.00    4.9163E+14    0.0001    0.0003    0.0000   -0.0000    0.0000    0.0006    0.0000    0.0000    0.0000  55.00
  56.00    5.0949E+14    0.0001    0.0001    0.0000   -0.0000   -0.0000    0.0006    0.0000    0.0000    0.0000  56.00
  57.00    4.8767E+14   -0.0000   -0.0001    0.0000   -0.0000   -0.0000    0.0006    0.0000    0.0000    0.0000  57.00
  58.00    4.3022E+14   -0.0001   -0.0003    0.0000   -0.0000   -0.0000    0.0006    0.0000    0.0000    0.0000  58.00
  59.00    3.4711E+14   -0.0002   -0.0005    0.0000   -0.0000   -0.0000    0.0006    0.0000    0.0000    0.0000  59.00
  60.00    2.5243E+14   -0.0003   -0.0007    0.0000   -0.0000   -0.0000    0.0006    0.0000    0.0000    0.0000  60.00
0Tot-sig   4.4960E+15
1Inelastic  10Be(d,p)11Be Ex=1.60 QG UNB LMAX10 RMAX30 V9                  0/00/00
    THETA  13                               14                               15                               16   THETA cos(theta)
     0.00  |++++++++++++++++++++++++++++++++|+++++++++++++++++++++++++++*++++|++++++++++++++++++++++++++++++++|+    0.00    1.0000
     1.00  +                                                             *                                     +    1.00    0.9998
     2.00  +                                                                 *                                 +    2.00    0.9994
     3.00  +                                                                     *                             +    3.00    0.9986
     4.00  +                                                                        *                          +    4.00    0.9976
     5.00  +                                                                           *                       +    5.00    0.9962
     6.00  +                                                                             *                     +    6.00    0.9945
     7.00  +                                                                               *                   +    7.00    0.9925
     8.00  +                                                                                *                  +    8.00    0.9903
     9.00  +                                                                                *                  +    9.00    0.9877
    10.00  +                                                                               *                   +   10.00    0.9848
    11.00  +                                                                             *                     +   11.00    0.9816
    12.00  +                                                                           *                       +   12.00    0.9781
    13.00  +                                                                       *                           +   13.00    0.9744
    14.00  +                                                                   *                               +   14.00    0.9703
    15.00  +                                                            *                                      +   15.00    0.9659
    16.00  +                                                    *                                              +   16.00    0.9613
    17.00  +                                           *                                                       +   17.00    0.9563
    18.00  +                                   *                                                               +   18.00    0.9511
    19.00  +                                     *                                                             +   19.00    0.9455
    20.00  +                                             *                                                     +   20.00    0.9397
    21.00  +                                                    *                                              +   21.00    0.9336
    22.00  +                                                          *                                        +   22.00    0.9272
    23.00  +                                                              *                                    +   23.00    0.9205
    24.00  +                                                                *                                  +   24.00    0.9135
    25.00  +                                                                 *                                 +   25.00    0.9063
    26.00  +                                                                 *                                 +   26.00    0.8988
    27.00  +                                                               *                                   +   27.00    0.8910
    28.00  +                                                             *                                     +   28.00    0.8829
    29.00  +                                                          *                                        +   29.00    0.8746
    30.00  +                                                    *                                              +   30.00    0.8660
    31.00  +                                             *                                                     +   31.00    0.8572
    32.00  +                                     *                                                             +   32.00    0.8480
    33.00  +                            *                                                                      +   33.00    0.8387
    34.00  +                            *                                                                      +   34.00    0.8290
    35.00  +                                    *                                                              +   35.00    0.8192
    36.00  +                                            *                                                      +   36.00    0.8090
    37.00  +                                                  *                                                +   37.00    0.7986
    38.00  +                                                      *                                            +   38.00    0.7880
    39.00  +                                                         *                                         +   39.00    0.7771
    40.00  +                                                          *                                        +   40.00    0.7660
    41.00  +                                                           *                                       +   41.00    0.7547
    42.00  +                                                          *                                        +   42.00    0.7431
    43.00  +                                                        *                                          +   43.00    0.7314
    44.00  +                                                     *                                             +   44.00    0.7193
    45.00  +                                                *                                                  +   45.00    0.7071
    46.00  +                                         *                                                         +   46.00    0.6947
    47.00  +                                 *                                                                 +   47.00    0.6820
    48.00  +                        *                                                                          +   48.00    0.6691
    49.00  +                       *                                                                           +   49.00    0.6561
    50.00  +                               *                                                                   +   50.00    0.6428
    51.00  +                                       *                                                           +   51.00    0.6293
    52.00  +                                              *                                                    +   52.00    0.6157
    53.00  +                                                  *                                                +   53.00    0.6018
    54.00  +                                                     *                                             +   54.00    0.5878
    55.00  +                                                       *                                           +   55.00    0.5736
    56.00  +                                                       *                                           +   56.00    0.5592
    57.00  +                                                       *                                           +   57.00    0.5446
    58.00  +                                                     *                                             +   58.00    0.5299
    59.00  +                                                  *                                                +   59.00    0.5150
    60.00  |++++++++++++++++++++++++++++++++|++++++++++++*+++++++++++++++++++|++++++++++++++++++++++++++++++++|+   60.00    0.5000
    THETA  13                               14                               15                               16   THETA cos(theta)
1DWUCK4-DISTORTED WAVES U.COLORADO- PC-VERSION  12/Jan /1995
 Elapsed time in seconds =   0.00
 Elapsed time in seconds =   0.00
0CONTROL INTEGERS
  1 2 3 4 5 6 7 8 9 A B C D E F G H I J K    RUN IDENTIFICATION                                             0/00/00   0.00.00
  1 0 1 1 0 0 0 0 3 0 0 0 0 0 0 0 0 0 0 0    10Be(d,p)11Be Ex=1.80 QG UNB LMAX10 RMAX30 V9               
 10Be(d,p)11Be Ex=1.80 QG UNB LMAX10 RMAX30 V9               
 Adwck4 entered
0ANGLE DATA          THETN=  61.0000   THET1=   0.0000   DTHET=   1.0000   A-ANG=   0.0000   B-ANG=   0.0000
0CARD SET 3 DATA     LMAX =  10          LTR=   1
                     NLTR =   1        2*JTR=   3
0CARD SET 4 DATA     DRF  =   0.1000   RZ   =   0.0000   RMAX = -30.0000   VCE  =   0.0000   FNRNG=   0.0000
                     AMASS=   0.8000
 PARTICLE DATA 
0PARTICLE 1*******************************************************************************************************************
 INPUT DATA          ELAB =  17.4000   RC0  =   1.3030   AC   =   0.0000   2*STR=   2.0000
                     MASSP=   2.0000   MASST=  10.0000   Q    =   0.0000
                     ZP   =   1.0000   ZT   =   4.0000   PNLOC=   2.0000
 
 DERIVED DATA        ECM  =  14.5000   RC   =   2.8072   RHO  =   3.0186
                     K    =   1.0753   ETA  =   0.2136   DR   =   0.0080
0POTENTIAL PARAMETERS
 NX=1 VOLUME  W-S    V RL = -88.7440   R0RL =   1.1480   A RL =   0.7460   R RL =   2.4733   VSOR =   0.0000
                     V IM =  -2.1860   R0IM =   1.3510   A IM =   0.6400   R IM =   2.9106   VSOI =   0.0000   POWR =   0.0000
 NX=2 SURFACE W-S    V RL =   0.0000   R0RL =   0.0000   A RL =   0.0000   R RL =   0.0000   VSOR =   0.0000
                     V IM =  27.3930   R0IM =   1.4050   A IM =   0.6650   R IM =   3.0270   VSOI =   0.0000   POWR =   0.0000
 NX=4 L*S VOLUME     V RL = -14.2280   R0RL =   0.9720   A RL =   1.0110   R RL =   2.0941   VSOR =   0.0000
                     V IM =   0.0000   R0IM =   0.0000   A IM =   0.0000   R IM =   0.0000   VSOI =   0.0000   POWR =   0.0000
0PARTICLE 2*******************************************************************************************************************
 INPUT DATA          ELAB =  11.9771   RC0  =   1.5780   AC   =   0.0000   2*STR=   1.0000
                     MASSP=   1.0000   MASST=  11.0000   Q    =  -3.5210
                     ZP   =   1.0000   ZT   =   4.0000   PNLOC=   1.0000
 
 DERIVED DATA        ECM  =  10.9790   RC   =   3.5094   RHO  =   2.4353
                     K    =   0.6939   ETA  =   0.1820   DR   =   0.0073
0POTENTIAL PARAMETERS
 NX=1 VOLUME  W-S    V RL = -56.2800   R0RL =   1.1220   A RL =   0.6760   R RL =   2.4953   VSOR =   0.0000
                     V IM =  -1.1170   R0IM =   1.1220   A IM =   0.6760   R IM =   2.4953   VSOI =   0.0000   POWR =   0.0000
 NX=2 SURFACE W-S    V RL =   0.0000   R0RL =   0.0000   A RL =   0.0000   R RL =   0.0000   VSOR =   0.0000
                     V IM =  20.7710   R0IM =   1.3070   A IM =   0.5240   R IM =   2.9067   VSOI =   0.0000   POWR =   0.0000
 NX=4 L*S VOLUME     V RL = -21.8760   R0RL =   0.8940   A RL =   0.5900   R RL =   1.9882   VSOR =   0.0000
                     V IM =   0.8640   R0IM =   0.8940   A IM =   0.5900   R IM =   1.9882   VSOI =   0.0000   POWR =   0.0000
110Be(d,p)11Be Ex=1.80 QG UNB LMAX10 RMAX30 V9                  0/ 0/ 0
0FORM FACTOR DATA 
0PARTICLE 3*******************************************************************************************************************
 INPUT DATA          ELAB =   1.2960   RC0  =   1.3000   AC   =   0.0000   2*STR=   1.0000
                     MASSP=   1.0000   MASST=  10.0000   Q    =   1.2960
                     ZP   =   0.0000   ZT   =   4.0000   PNLOC=   1.0000
 
 DERIVED DATA        ECM  =   1.2960   RC   =   2.8008   RHO  =   0.6650
                     K    =   0.2374   ETA  =   0.0000   DR   =   0.0080
0POTENTIAL PARAMETERS
 NX=1 VOLUME  W-S    V RL =   1.0000   R0RL =   1.2500   A RL =   0.6500   R RL =   2.6930   VSOR =  24.0000
                     V IM =   1.1000   R0IM =   0.6500   A IM =   0.0000   R IM =   1.4004   VSOI =   0.0000   POWR =   0.0000
 
                     NODES=   0.0000   L    =   1.0000   2*J  =   3.0000   2*S  =   1.0000   FISW =   2.0000
 
                     COSD =  9.9991E-01               SIND = -1.3476E-02
                     V    =  28.3480   DET  =   0.0000   NODES=   0.0000   RM   =   2.6930   E    =   1.2960   ITER.=   0
0Non-locality correction is applied, parameter =   2.000
0Non-locality correction is applied, parameter =   1.000
0                    LMAX =  12        NSTEP= 300        NLTR =   1
 Bdwck4 entered
   Subroutine INTEG  entered
0REACSIG 1   2.04884E+01                                             REACSIG 2   9.57866E+00
   Subroutine RADINT entered
110Be(d,p)11Be Ex=1.80 QG UNB LMAX10 RMAX30 V9                  0/00/00
0BASIC DATA          DR   =   0.1000   RMIN =   0.0000   RMAX =  30.0000   COUEX=   0.0000     IS1=   1.0000
                     FNRNG=   0.0000   PNLC1=   2.0000   PNLC2=   1.0000   PNLC3=   1.0000     IS2=   0.5000
 ANG MOM TRANSFER    LTR  =   1.       2*JTR=   3.       2*STR=   1.       Q    =  -3.5210
   Subroutine INSIG  entered
0 Theta Inelsig,fm**2      Polz       Asy       Ayy       A22       A21       A20       T22       T21       T20  Theta
   0.00    1.1802E+15    0.0000    0.0000    0.0000    0.0000    0.0000    0.0006    0.0000    0.0000    0.0000   0.00
   1.00    1.2931E+15    0.0004    0.0008    0.0000   -0.0000    0.0000    0.0006    0.0000    0.0000    0.0000   1.00
   2.00    1.6165E+15    0.0006    0.0012    0.0000   -0.0000    0.0000    0.0006    0.0000    0.0000    0.0000   2.00
   3.00    2.1062E+15    0.0007    0.0013    0.0000   -0.0000    0.0000    0.0006    0.0000    0.0000    0.0000   3.00
   4.00    2.6952E+15    0.0006    0.0012    0.0000   -0.0000    0.0000    0.0006    0.0000    0.0000    0.0000   4.00
   5.00    3.3032E+15    0.0005    0.0011    0.0000   -0.0000    0.0000    0.0006    0.0000    0.0000    0.0000   5.00
   6.00    3.8467E+15    0.0004    0.0009    0.0000   -0.0000    0.0000    0.0006    0.0000    0.0000    0.0000   6.00
   7.00    4.2510E+15    0.0004    0.0007    0.0000   -0.0000    0.0000    0.0006    0.0000    0.0000    0.0000   7.00
   8.00    4.4596E+15    0.0003    0.0006    0.0000   -0.0000    0.0000    0.0006    0.0000    0.0000    0.0000   8.00
   9.00    4.4415E+15    0.0002    0.0004    0.0000   -0.0000    0.0000    0.0006    0.0000    0.0000    0.0000   9.00
  10.00    4.1949E+15    0.0001    0.0002    0.0000   -0.0000    0.0000    0.0006    0.0000    0.0000    0.0000  10.00
  11.00    3.7468E+15    0.0000    0.0001    0.0000   -0.0000    0.0000    0.0006    0.0000    0.0000    0.0000  11.00
  12.00    3.1486E+15   -0.0000   -0.0001    0.0000   -0.0000    0.0000    0.0006    0.0000    0.0000    0.0000  12.00
  13.00    2.4686E+15   -0.0001   -0.0003    0.0000   -0.0000    0.0000    0.0006    0.0000    0.0000    0.0000  13.00
  14.00    1.7827E+15   -0.0002   -0.0005    0.0000   -0.0000    0.0000    0.0006    0.0000    0.0000    0.0000  14.00
  15.00    1.1633E+15   -0.0004   -0.0007    0.0000   -0.0000    0.0000    0.0006    0.0000    0.0000    0.0000  15.00
  16.00    6.7077E+14   -0.0005   -0.0010    0.0000   -0.0000    0.0000    0.0006    0.0000    0.0000    0.0000  16.00
  17.00    3.4522E+14   -0.0006   -0.0012    0.0000   -0.0000    0.0000    0.0006    0.0000    0.0000    0.0000  17.00
  18.00    2.0250E+14   -0.0002   -0.0003    0.0000   -0.0000    0.0000    0.0006    0.0000    0.0000    0.0000  18.00
  19.00    2.3327E+14    0.0006    0.0012    0.0000   -0.0000    0.0000    0.0006    0.0000    0.0000    0.0000  19.00
  20.00    4.0583E+14    0.0007    0.0014    0.0000   -0.0000    0.0000    0.0006    0.0000    0.0000    0.0000  20.00
  21.00    6.7184E+14    0.0006    0.0011    0.0000   -0.0000    0.0000    0.0006    0.0000    0.0000    0.0000  21.00
  22.00    9.7423E+14    0.0004    0.0009    0.0000   -0.0000    0.0000    0.0006    0.0000    0.0000    0.0000  22.00
  23.00    1.2559E+15    0.0003    0.0006    0.0000   -0.0000    0.0000    0.0006    0.0000    0.0000    0.0000  23.00
  24.00    1.4679E+15    0.0002    0.0004    0.0000   -0.0000    0.0000    0.0006    0.0000    0.0000    0.0000  24.00
  25.00    1.5762E+15    0.0001    0.0003    0.0000   -0.0000    0.0000    0.0006    0.0000    0.0000    0.0000  25.00
  26.00    1.5655E+15    0.0000    0.0001    0.0000   -0.0000    0.0000    0.0006    0.0000    0.0000    0.0000  26.00
  27.00    1.4407E+15   -0.0000   -0.0001    0.0000   -0.0000    0.0000    0.0006    0.0000    0.0000    0.0000  27.00
  28.00    1.2243E+15   -0.0001   -0.0002    0.0000   -0.0000    0.0000    0.0006    0.0000    0.0000    0.0000  28.00
  29.00    9.5238E+14   -0.0002   -0.0004    0.0000   -0.0000    0.0000    0.0006    0.0000    0.0000    0.0000  29.00
  30.00    6.6778E+14   -0.0003   -0.0007    0.0000   -0.0000    0.0000    0.0006    0.0000    0.0000    0.0000  30.00
  31.00    4.1323E+14   -0.0005   -0.0009    0.0000   -0.0000   -0.0000    0.0006    0.0000    0.0000    0.0000  31.00
  32.00    2.2452E+14   -0.0006   -0.0011    0.0000   -0.0000   -0.0000    0.0006    0.0000    0.0000    0.0000  32.00
  33.00    1.2522E+14   -0.0003   -0.0005    0.0000   -0.0000   -0.0000    0.0006    0.0000    0.0000    0.0000  33.00
  34.00    1.2351E+14    0.0006    0.0011    0.0000   -0.0000    0.0000    0.0006    0.0000    0.0000    0.0000  34.00
  35.00    2.1166E+14    0.0008    0.0015    0.0000   -0.0000    0.0000    0.0006    0.0000    0.0000    0.0000  35.00
  36.00    3.6794E+14    0.0006    0.0012    0.0000   -0.0000    0.0000    0.0006    0.0000    0.0000    0.0000  36.00
  37.00    5.6079E+14    0.0005    0.0009    0.0000   -0.0000    0.0000    0.0006    0.0000    0.0000    0.0000  37.00
  38.00    7.5432E+14    0.0003    0.0007    0.0000   -0.0000    0.0000    0.0006    0.0000    0.0000    0.0000  38.00
  39.00    9.1425E+14    0.0002    0.0005    0.0000   -0.0000    0.0000    0.0006    0.0000    0.0000    0.0000  39.00
  40.00    1.0134E+15    0.0001    0.0003    0.0000   -0.0000    0.0000    0.0006    0.0000    0.0000    0.0000  40.00
  41.00    1.0357E+15    0.0001    0.0001    0.0000   -0.0000    0.0000    0.0006    0.0000    0.0000    0.0000  41.00
  42.00    9.7874E+14   -0.0000   -0.0001    0.0000   -0.0000    0.0000    0.0006    0.0000    0.0000    0.0000  42.00
  43.00    8.5302E+14   -0.0001   -0.0002    0.0000   -0.0000    0.0000    0.0006    0.0000    0.0000    0.0000  43.00
  44.00    6.8027E+14   -0.0002   -0.0004    0.0000   -0.0000    0.0000    0.0006    0.0000    0.0000    0.0000  44.00
  45.00    4.8926E+14   -0.0003   -0.0006    0.0000   -0.0000    0.0000    0.0006    0.0000    0.0000    0.0000  45.00
  46.00    3.1084E+14   -0.0004   -0.0009    0.0000   -0.0000    0.0000    0.0006    0.0000    0.0000    0.0000  46.00
  47.00    1.7283E+14   -0.0005   -0.0011    0.0000   -0.0000    0.0000    0.0006    0.0000    0.0000    0.0000  47.00
  48.00    9.5494E+13   -0.0003   -0.0005    0.0000   -0.0000    0.0000    0.0006    0.0000    0.0000    0.0000  48.00
  49.00    8.8463E+13    0.0006    0.0011    0.0000   -0.0000    0.0000    0.0006    0.0000    0.0000    0.0000  49.00
  50.00    1.4943E+14    0.0008    0.0016    0.0000   -0.0000    0.0000    0.0006    0.0000    0.0000    0.0000  50.00
  51.00    2.6490E+14    0.0006    0.0013    0.0000   -0.0000    0.0000    0.0006    0.0000    0.0000    0.0000  51.00
  52.00    4.1275E+14    0.0005    0.0010    0.0000   -0.0000    0.0000    0.0006    0.0000    0.0000    0.0000  52.00
  53.00    5.6609E+14    0.0003    0.0007    0.0000   -0.0000    0.0000    0.0006    0.0000    0.0000    0.0000  53.00
  54.00    6.9793E+14    0.0002    0.0005    0.0000   -0.0000    0.0000    0.0006    0.0000    0.0000    0.0000  54.00
  55.00    7.8560E+14    0.0001    0.0003    0.0000   -0.0000    0.0000    0.0006    0.0000    0.0000    0.0000  55.00
  56.00    8.1445E+14    0.0001    0.0001    0.0000   -0.0000    0.0000    0.0006    0.0000    0.0000    0.0000  56.00
  57.00    7.8011E+14   -0.0000   -0.0001    0.0000   -0.0000   -0.0000    0.0006    0.0000    0.0000    0.0000  57.00
  58.00    6.8894E+14   -0.0001   -0.0002    0.0000   -0.0000   -0.0000    0.0006    0.0000    0.0000    0.0000  58.00
  59.00    5.5676E+14   -0.0002   -0.0004    0.0000   -0.0000   -0.0000    0.0006    0.0000    0.0000    0.0000  59.00
  60.00    4.0597E+14   -0.0003   -0.0006    0.0000   -0.0000   -0.0000    0.0006    0.0000    0.0000    0.0000  60.00
0Tot-sig   7.1905E+15
1Inelastic  10Be(d,p)11Be Ex=1.80 QG UNB LMAX10 RMAX30 V9                  0/00/00
    THETA  13                               14                               15                               16   THETA cos(theta)
     0.00  |++++++++++++++++++++++++++++++++|++++++++++++++++++++++++++++++++|+*++++++++++++++++++++++++++++++|+    0.00    1.0000
     1.00  +                                                                     *                             +    1.00    0.9998
     2.00  +                                                                        *                          +    2.00    0.9994
     3.00  +                                                                            *                      +    3.00    0.9986
     4.00  +                                                                               *                   +    4.00    0.9976
     5.00  +                                                                                  *                +    5.00    0.9962
     6.00  +                                                                                    *              +    6.00    0.9945
     7.00  +                                                                                      *            +    7.00    0.9925
     8.00  +                                                                                      *            +    8.00    0.9903
     9.00  +                                                                                      *            +    9.00    0.9877
    10.00  +                                                                                      *            +   10.00    0.9848
    11.00  +                                                                                    *              +   11.00    0.9816
    12.00  +                                                                                 *                 +   12.00    0.9781
    13.00  +                                                                              *                    +   13.00    0.9744
    14.00  +                                                                         *                         +   14.00    0.9703
    15.00  +                                                                   *                               +   15.00    0.9659
    16.00  +                                                           *                                       +   16.00    0.9613
    17.00  +                                                  *                                                +   17.00    0.9563
    18.00  +                                          *                                                        +   18.00    0.9511
    19.00  +                                            *                                                      +   19.00    0.9455
    20.00  +                                                    *                                              +   20.00    0.9397
    21.00  +                                                           *                                       +   21.00    0.9336
    22.00  +                                                                 *                                 +   22.00    0.9272
    23.00  +                                                                    *                              +   23.00    0.9205
    24.00  +                                                                       *                           +   24.00    0.9135
    25.00  +                                                                        *                          +   25.00    0.9063
    26.00  +                                                                       *                           +   26.00    0.8988
    27.00  +                                                                      *                            +   27.00    0.8910
    28.00  +                                                                    *                              +   28.00    0.8829
    29.00  +                                                                *                                  +   29.00    0.8746
    30.00  +                                                           *                                       +   30.00    0.8660
    31.00  +                                                    *                                              +   31.00    0.8572
    32.00  +                                            *                                                      +   32.00    0.8480
    33.00  +                                   *                                                               +   33.00    0.8387
    34.00  +                                   *                                                               +   34.00    0.8290
    35.00  +                                           *                                                       +   35.00    0.8192
    36.00  +                                                   *                                               +   36.00    0.8090
    37.00  +                                                         *                                         +   37.00    0.7986
    38.00  +                                                             *                                     +   38.00    0.7880
    39.00  +                                                                *                                  +   39.00    0.7771
    40.00  +                                                                 *                                 +   40.00    0.7660
    41.00  +                                                                  *                                +   41.00    0.7547
    42.00  +                                                                 *                                 +   42.00    0.7431
    43.00  +                                                               *                                   +   43.00    0.7314
    44.00  +                                                           *                                       +   44.00    0.7193
    45.00  +                                                       *                                           +   45.00    0.7071
    46.00  +                                                *                                                  +   46.00    0.6947
    47.00  +                                        *                                                          +   47.00    0.6820
    48.00  +                               *                                                                   +   48.00    0.6691
    49.00  +                              *                                                                    +   49.00    0.6561
    50.00  +                                      *                                                            +   50.00    0.6428
    51.00  +                                              *                                                    +   51.00    0.6293
    52.00  +                                                    *                                              +   52.00    0.6157
    53.00  +                                                         *                                         +   53.00    0.6018
    54.00  +                                                            *                                      +   54.00    0.5878
    55.00  +                                                              *                                    +   55.00    0.5736
    56.00  +                                                              *                                    +   56.00    0.5592
    57.00  +                                                             *                                     +   57.00    0.5446
    58.00  +                                                            *                                      +   58.00    0.5299
    59.00  +                                                         *                                         +   59.00    0.5150
    60.00  |++++++++++++++++++++++++++++++++|+++++++++++++++++++*++++++++++++|++++++++++++++++++++++++++++++++|+   60.00    0.5000
    THETA  13                               14                               15                               16   THETA cos(theta)
1DWUCK4-DISTORTED WAVES U.COLORADO- PC-VERSION  12/Jan /1995
 Elapsed time in seconds =   0.00
 Elapsed time in seconds =   0.00
0CONTROL INTEGERS
  1 2 3 4 5 6 7 8 9 A B C D E F G H I J K    RUN IDENTIFICATION                                             0/00/00   0.00.00
  1 0 1 1 0 0 0 0 3 0 0 0 0 0 0 0 0 0 0 0    10Be(d,p)11Be Ex=2.00 QG UNB LMAX10 RMAX30 V9               
 10Be(d,p)11Be Ex=2.00 QG UNB LMAX10 RMAX30 V9               
 Adwck4 entered
0ANGLE DATA          THETN=  61.0000   THET1=   0.0000   DTHET=   1.0000   A-ANG=   0.0000   B-ANG=   0.0000
0CARD SET 3 DATA     LMAX =  10          LTR=   1
                     NLTR =   1        2*JTR=   3
0CARD SET 4 DATA     DRF  =   0.1000   RZ   =   0.0000   RMAX = -30.0000   VCE  =   0.0000   FNRNG=   0.0000
                     AMASS=   0.8000
 PARTICLE DATA 
0PARTICLE 1*******************************************************************************************************************
 INPUT DATA          ELAB =  17.4000   RC0  =   1.3030   AC   =   0.0000   2*STR=   2.0000
                     MASSP=   2.0000   MASST=  10.0000   Q    =   0.0000
                     ZP   =   1.0000   ZT   =   4.0000   PNLOC=   2.0000
 
 DERIVED DATA        ECM  =  14.5000   RC   =   2.8072   RHO  =   3.0186
                     K    =   1.0753   ETA  =   0.2136   DR   =   0.0080
0POTENTIAL PARAMETERS
 NX=1 VOLUME  W-S    V RL = -88.7440   R0RL =   1.1480   A RL =   0.7460   R RL =   2.4733   VSOR =   0.0000
                     V IM =  -2.1860   R0IM =   1.3510   A IM =   0.6400   R IM =   2.9106   VSOI =   0.0000   POWR =   0.0000
 NX=2 SURFACE W-S    V RL =   0.0000   R0RL =   0.0000   A RL =   0.0000   R RL =   0.0000   VSOR =   0.0000
                     V IM =  27.3930   R0IM =   1.4050   A IM =   0.6650   R IM =   3.0270   VSOI =   0.0000   POWR =   0.0000
 NX=4 L*S VOLUME     V RL = -14.2280   R0RL =   0.9720   A RL =   1.0110   R RL =   2.0941   VSOR =   0.0000
                     V IM =   0.0000   R0IM =   0.0000   A IM =   0.0000   R IM =   0.0000   VSOI =   0.0000   POWR =   0.0000
0PARTICLE 2*******************************************************************************************************************
 INPUT DATA          ELAB =  11.7589   RC0  =   1.5780   AC   =   0.0000   2*STR=   1.0000
                     MASSP=   1.0000   MASST=  11.0000   Q    =  -3.7210
                     ZP   =   1.0000   ZT   =   4.0000   PNLOC=   1.0000
 
 DERIVED DATA        ECM  =  10.7790   RC   =   3.5094   RHO  =   2.4130
                     K    =   0.6876   ETA  =   0.1837   DR   =   0.0073
0POTENTIAL PARAMETERS
 NX=1 VOLUME  W-S    V RL = -56.2800   R0RL =   1.1220   A RL =   0.6760   R RL =   2.4953   VSOR =   0.0000
                     V IM =  -1.1170   R0IM =   1.1220   A IM =   0.6760   R IM =   2.4953   VSOI =   0.0000   POWR =   0.0000
 NX=2 SURFACE W-S    V RL =   0.0000   R0RL =   0.0000   A RL =   0.0000   R RL =   0.0000   VSOR =   0.0000
                     V IM =  20.7710   R0IM =   1.3070   A IM =   0.5240   R IM =   2.9067   VSOI =   0.0000   POWR =   0.0000
 NX=4 L*S VOLUME     V RL = -21.8760   R0RL =   0.8940   A RL =   0.5900   R RL =   1.9882   VSOR =   0.0000
                     V IM =   0.8640   R0IM =   0.8940   A IM =   0.5900   R IM =   1.9882   VSOI =   0.0000   POWR =   0.0000
110Be(d,p)11Be Ex=2.00 QG UNB LMAX10 RMAX30 V9                  0/ 0/ 0
0FORM FACTOR DATA 
0PARTICLE 3*******************************************************************************************************************
 INPUT DATA          ELAB =   1.4960   RC0  =   1.3000   AC   =   0.0000   2*STR=   1.0000
                     MASSP=   1.0000   MASST=  10.0000   Q    =   1.4960
                     ZP   =   0.0000   ZT   =   4.0000   PNLOC=   1.0000
 
 DERIVED DATA        ECM  =   1.4960   RC   =   2.8008   RHO  =   0.7144
                     K    =   0.2551   ETA  =   0.0000   DR   =   0.0080
0POTENTIAL PARAMETERS
 NX=1 VOLUME  W-S    V RL =   1.0000   R0RL =   1.2500   A RL =   0.6500   R RL =   2.6930   VSOR =  24.0000
                     V IM =   1.1000   R0IM =   0.6500   A IM =   0.0000   R IM =   1.4004   VSOI =   0.0000   POWR =   0.0000
 
                     NODES=   0.0000   L    =   1.0000   2*J  =   3.0000   2*S  =   1.0000   FISW =   2.0000
 
                     COSD =  9.9986E-01               SIND = -1.6521E-02
                     V    =  28.3480   DET  =   0.0000   NODES=   0.0000   RM   =   2.6930   E    =   1.4960   ITER.=   0
0Non-locality correction is applied, parameter =   2.000
0Non-locality correction is applied, parameter =   1.000
0                    LMAX =  12        NSTEP= 300        NLTR =   1
 Bdwck4 entered
   Subroutine INTEG  entered
0REACSIG 1   2.04884E+01                                             REACSIG 2   9.84526E+00
   Subroutine RADINT entered
110Be(d,p)11Be Ex=2.00 QG UNB LMAX10 RMAX30 V9                  0/00/00
0BASIC DATA          DR   =   0.1000   RMIN =   0.0000   RMAX =  30.0000   COUEX=   0.0000     IS1=   1.0000
                     FNRNG=   0.0000   PNLC1=   2.0000   PNLC2=   1.0000   PNLC3=   1.0000     IS2=   0.5000
 ANG MOM TRANSFER    LTR  =   1.       2*JTR=   3.       2*STR=   1.       Q    =  -3.7210
   Subroutine INSIG  entered
0 Theta Inelsig,fm**2      Polz       Asy       Ayy       A22       A21       A20       T22       T21       T20  Theta
   0.00    1.9776E+15    0.0000    0.0000    0.0000    0.0000    0.0000    0.0006    0.0000    0.0000    0.0000   0.00
   1.00    2.1574E+15    0.0004    0.0007    0.0000   -0.0000    0.0000    0.0006    0.0000    0.0000    0.0000   1.00
   2.00    2.6722E+15    0.0006    0.0011    0.0000   -0.0000    0.0000    0.0006    0.0000    0.0000    0.0000   2.00
   3.00    3.4515E+15    0.0006    0.0012    0.0000   -0.0000    0.0000    0.0006    0.0000    0.0000    0.0000   3.00
   4.00    4.3886E+15    0.0006    0.0011    0.0000   -0.0000    0.0000    0.0006    0.0000    0.0000    0.0000   4.00
   5.00    5.3550E+15    0.0005    0.0010    0.0000   -0.0000    0.0000    0.0006    0.0000    0.0000    0.0000   5.00
   6.00    6.2180E+15    0.0004    0.0008    0.0000   -0.0000    0.0000    0.0006    0.0000    0.0000    0.0000   6.00
   7.00    6.8582E+15    0.0003    0.0007    0.0000   -0.0000    0.0000    0.0006    0.0000    0.0000    0.0000   7.00
   8.00    7.1856E+15    0.0003    0.0005    0.0000   -0.0000    0.0000    0.0006    0.0000    0.0000    0.0000   8.00
   9.00    7.1508E+15    0.0002    0.0004    0.0000   -0.0000    0.0000    0.0006    0.0000    0.0000    0.0000   9.00
  10.00    6.7510E+15    0.0001    0.0002    0.0000   -0.0000    0.0000    0.0006    0.0000    0.0000    0.0000  10.00
  11.00    6.0295E+15    0.0000    0.0001    0.0000   -0.0000    0.0000    0.0006    0.0000    0.0000    0.0000  11.00
  12.00    5.0685E+15   -0.0000   -0.0001    0.0000   -0.0000    0.0000    0.0006    0.0000    0.0000    0.0000  12.00
  13.00    3.9773E+15   -0.0001   -0.0002    0.0000   -0.0000    0.0000    0.0006    0.0000    0.0000    0.0000  13.00
  14.00    2.8768E+15   -0.0002   -0.0004    0.0000   -0.0000    0.0000    0.0006    0.0000    0.0000    0.0000  14.00
  15.00    1.8832E+15   -0.0003   -0.0007    0.0000   -0.0000    0.0000    0.0006    0.0000    0.0000    0.0000  15.00
  16.00    1.0928E+15   -0.0005   -0.0009    0.0000   -0.0000    0.0000    0.0006    0.0000    0.0000    0.0000  16.00
  17.00    5.6962E+14   -0.0005   -0.0010    0.0000   -0.0000   -0.0000    0.0006    0.0000    0.0000    0.0000  17.00
  18.00    3.3918E+14   -0.0001   -0.0002    0.0000   -0.0000    0.0000    0.0006    0.0000    0.0000    0.0000  18.00
  19.00    3.8658E+14    0.0006    0.0012    0.0000   -0.0000    0.0000    0.0006    0.0000    0.0000    0.0000  19.00
  20.00    6.6117E+14    0.0007    0.0014    0.0000   -0.0000    0.0000    0.0006    0.0000    0.0000    0.0000  20.00
  21.00    1.0857E+15    0.0006    0.0011    0.0000   -0.0000    0.0000    0.0006    0.0000    0.0000    0.0000  21.00
  22.00    1.5690E+15    0.0004    0.0008    0.0000   -0.0000    0.0000    0.0006    0.0000    0.0000    0.0000  22.00
  23.00    2.0195E+15    0.0003    0.0006    0.0000   -0.0000    0.0000    0.0006    0.0000    0.0000    0.0000  23.00
  24.00    2.3591E+15    0.0002    0.0004    0.0000   -0.0000    0.0000    0.0006    0.0000    0.0000    0.0000  24.00
  25.00    2.5331E+15    0.0001    0.0003    0.0000   -0.0000    0.0000    0.0006    0.0000    0.0000    0.0000  25.00
  26.00    2.5169E+15    0.0001    0.0001    0.0000   -0.0000    0.0000    0.0006    0.0000    0.0000    0.0000  26.00
  27.00    2.3180E+15   -0.0000   -0.0000    0.0000   -0.0000    0.0000    0.0006    0.0000    0.0000    0.0000  27.00
  28.00    1.9724E+15   -0.0001   -0.0002    0.0000   -0.0000    0.0000    0.0006    0.0000    0.0000    0.0000  28.00
  29.00    1.5375E+15   -0.0002   -0.0004    0.0000   -0.0000    0.0000    0.0006    0.0000    0.0000    0.0000  29.00
  30.00    1.0818E+15   -0.0003   -0.0006    0.0000   -0.0000    0.0000    0.0006    0.0000    0.0000    0.0000  30.00
  31.00    6.7356E+14   -0.0004   -0.0008    0.0000   -0.0000    0.0000    0.0006    0.0000    0.0000    0.0000  31.00
  32.00    3.7022E+14   -0.0005   -0.0009    0.0000   -0.0000    0.0000    0.0006    0.0000    0.0000    0.0000  32.00
  33.00    2.0956E+14   -0.0001   -0.0003    0.0000   -0.0000    0.0000    0.0006    0.0000    0.0000    0.0000  33.00
  34.00    2.0492E+14    0.0006    0.0012    0.0000   -0.0000    0.0000    0.0006    0.0000    0.0000    0.0000  34.00
  35.00    3.4414E+14    0.0008    0.0015    0.0000   -0.0000    0.0000    0.0006    0.0000    0.0000    0.0000  35.00
  36.00    5.9273E+14    0.0006    0.0012    0.0000   -0.0000    0.0000    0.0006    0.0000    0.0000    0.0000  36.00
  37.00    9.0037E+14    0.0005    0.0009    0.0000   -0.0000    0.0000    0.0006    0.0000    0.0000    0.0000  37.00
  38.00    1.2097E+15    0.0003    0.0007    0.0000   -0.0000    0.0000    0.0006    0.0000    0.0000    0.0000  38.00
  39.00    1.4660E+15    0.0002    0.0005    0.0000   -0.0000    0.0000    0.0006    0.0000    0.0000    0.0000  39.00
  40.00    1.6255E+15    0.0001    0.0003    0.0000   -0.0000    0.0000    0.0006    0.0000    0.0000    0.0000  40.00
  41.00    1.6627E+15    0.0001    0.0001    0.0000   -0.0000    0.0000    0.0006    0.0000    0.0000    0.0000  41.00
  42.00    1.5729E+15   -0.0000   -0.0000    0.0000   -0.0000    0.0000    0.0006    0.0000    0.0000    0.0000  42.00
  43.00    1.3732E+15   -0.0001   -0.0002    0.0000   -0.0000    0.0000    0.0006    0.0000    0.0000    0.0000  43.00
  44.00    1.0977E+15   -0.0002   -0.0004    0.0000   -0.0000   -0.0000    0.0006    0.0000    0.0000    0.0000  44.00
  45.00    7.9252E+14   -0.0003   -0.0005    0.0000   -0.0000   -0.0000    0.0006    0.0000    0.0000    0.0000  45.00
  46.00    5.0677E+14   -0.0004   -0.0007    0.0000   -0.0000   -0.0000    0.0006    0.0000    0.0000    0.0000  46.00
  47.00    2.8499E+14   -0.0004   -0.0008    0.0000   -0.0000   -0.0000    0.0006    0.0000    0.0000    0.0000  47.00
  48.00    1.5974E+14   -0.0001   -0.0002    0.0000   -0.0000    0.0000    0.0006    0.0000    0.0000    0.0000  48.00
  49.00    1.4661E+14    0.0006    0.0013    0.0000   -0.0000    0.0000    0.0006    0.0000    0.0000    0.0000  49.00
  50.00    2.4219E+14    0.0008    0.0016    0.0000   -0.0000    0.0000    0.0006    0.0000    0.0000    0.0000  50.00
  51.00    4.2519E+14    0.0007    0.0013    0.0000   -0.0000    0.0000    0.0006    0.0000    0.0000    0.0000  51.00
  52.00    6.6045E+14    0.0005    0.0010    0.0000   -0.0000    0.0000    0.0006    0.0000    0.0000    0.0000  52.00
  53.00    9.0516E+14    0.0003    0.0007    0.0000   -0.0000    0.0000    0.0006    0.0000    0.0000    0.0000  53.00
  54.00    1.1162E+15    0.0002    0.0005    0.0000   -0.0000    0.0000    0.0006    0.0000    0.0000    0.0000  54.00
  55.00    1.2573E+15    0.0002    0.0003    0.0000   -0.0000    0.0000    0.0006    0.0000    0.0000    0.0000  55.00
  56.00    1.3048E+15    0.0001    0.0001    0.0000   -0.0000    0.0000    0.0006    0.0000    0.0000    0.0000  56.00
  57.00    1.2516E+15   -0.0000   -0.0000    0.0000   -0.0000    0.0000    0.0006    0.0000    0.0000    0.0000  57.00
  58.00    1.1074E+15   -0.0001   -0.0002    0.0000   -0.0000    0.0000    0.0006    0.0000    0.0000    0.0000  58.00
  59.00    8.9740E+14   -0.0002   -0.0003    0.0000   -0.0000    0.0000    0.0006    0.0000    0.0000    0.0000  59.00
  60.00    6.5704E+14   -0.0003   -0.0005    0.0000   -0.0000    0.0000    0.0006    0.0000    0.0000    0.0000  60.00
0Tot-sig   1.1502E+16
1Inelastic  10Be(d,p)11Be Ex=2.00 QG UNB LMAX10 RMAX30 V9                  0/00/00
    THETA  13                               14                               15                               16   THETA cos(theta)
     0.00  |++++++++++++++++++++++++++++++++|++++++++++++++++++++++++++++++++|+++++++++*++++++++++++++++++++++|+    0.00    1.0000
     1.00  +                                                                            *                      +    1.00    0.9998
     2.00  +                                                                               *                   +    2.00    0.9994
     3.00  +                                                                                   *               +    3.00    0.9986
     4.00  +                                                                                      *            +    4.00    0.9976
     5.00  +                                                                                         *         +    5.00    0.9962
     6.00  +                                                                                           *       +    6.00    0.9945
     7.00  +                                                                                             *     +    7.00    0.9925
     8.00  +                                                                                             *     +    8.00    0.9903
     9.00  +                                                                                             *     +    9.00    0.9877
    10.00  +                                                                                            *      +   10.00    0.9848
    11.00  +                                                                                           *       +   11.00    0.9816
    12.00  +                                                                                        *          +   12.00    0.9781
    13.00  +                                                                                     *             +   13.00    0.9744
    14.00  +                                                                                *                  +   14.00    0.9703
    15.00  +                                                                          *                        +   15.00    0.9659
    16.00  +                                                                  *                                +   16.00    0.9613
    17.00  +                                                         *                                         +   17.00    0.9563
    18.00  +                                                  *                                                +   18.00    0.9511
    19.00  +                                                   *                                               +   19.00    0.9455
    20.00  +                                                           *                                       +   20.00    0.9397
    21.00  +                                                                  *                                +   21.00    0.9336
    22.00  +                                                                       *                           +   22.00    0.9272
    23.00  +                                                                           *                       +   23.00    0.9205
    24.00  +                                                                             *                     +   24.00    0.9135
    25.00  +                                                                              *                    +   25.00    0.9063
    26.00  +                                                                              *                    +   26.00    0.8988
    27.00  +                                                                             *                     +   27.00    0.8910
    28.00  +                                                                           *                       +   28.00    0.8829
    29.00  +                                                                       *                           +   29.00    0.8746
    30.00  +                                                                  *                                +   30.00    0.8660
    31.00  +                                                           *                                       +   31.00    0.8572
    32.00  +                                                   *                                               +   32.00    0.8480
    33.00  +                                           *                                                       +   33.00    0.8387
    34.00  +                                          *                                                        +   34.00    0.8290
    35.00  +                                                  *                                                +   35.00    0.8192
    36.00  +                                                          *                                        +   36.00    0.8090
    37.00  +                                                               *                                   +   37.00    0.7986
    38.00  +                                                                    *                              +   38.00    0.7880
    39.00  +                                                                      *                            +   39.00    0.7771
    40.00  +                                                                        *                          +   40.00    0.7660
    41.00  +                                                                        *                          +   41.00    0.7547
    42.00  +                                                                       *                           +   42.00    0.7431
    43.00  +                                                                      *                            +   43.00    0.7314
    44.00  +                                                                  *                                +   44.00    0.7193
    45.00  +                                                              *                                    +   45.00    0.7071
    46.00  +                                                       *                                           +   46.00    0.6947
    47.00  +                                               *                                                   +   47.00    0.6820
    48.00  +                                       *                                                           +   48.00    0.6691
    49.00  +                                     *                                                             +   49.00    0.6561
    50.00  +                                             *                                                     +   50.00    0.6428
    51.00  +                                                     *                                             +   51.00    0.6293
    52.00  +                                                           *                                       +   52.00    0.6157
    53.00  +                                                                *                                  +   53.00    0.6018
    54.00  +                                                                   *                               +   54.00    0.5878
    55.00  +                                                                    *                              +   55.00    0.5736
    56.00  +                                                                     *                             +   56.00    0.5592
    57.00  +                                                                    *                              +   57.00    0.5446
    58.00  +                                                                  *                                +   58.00    0.5299
    59.00  +                                                               *                                   +   59.00    0.5150
    60.00  |++++++++++++++++++++++++++++++++|++++++++++++++++++++++++++*+++++|++++++++++++++++++++++++++++++++|+   60.00    0.5000
    THETA  13                               14                               15                               16   THETA cos(theta)
1DWUCK4-DISTORTED WAVES U.COLORADO- PC-VERSION  12/Jan /1995
 Elapsed time in seconds =   0.00
 Elapsed time in seconds =   0.00
0CONTROL INTEGERS
  1 2 3 4 5 6 7 8 9 A B C D E F G H I J K    RUN IDENTIFICATION                                             0/00/00   0.00.00
  1 0 1 1 0 0 0 0 3 0 0 0 0 0 0 0 0 0 0 0    10Be(d,p)11Be Ex=2.20 QG UNB LMAX10 RMAX30 V9               
 10Be(d,p)11Be Ex=2.20 QG UNB LMAX10 RMAX30 V9               
 Adwck4 entered
0ANGLE DATA          THETN=  61.0000   THET1=   0.0000   DTHET=   1.0000   A-ANG=   0.0000   B-ANG=   0.0000
0CARD SET 3 DATA     LMAX =  10          LTR=   1
                     NLTR =   1        2*JTR=   3
0CARD SET 4 DATA     DRF  =   0.1000   RZ   =   0.0000   RMAX = -30.0000   VCE  =   0.0000   FNRNG=   0.0000
                     AMASS=   0.8000
 PARTICLE DATA 
0PARTICLE 1*******************************************************************************************************************
 INPUT DATA          ELAB =  17.4000   RC0  =   1.3030   AC   =   0.0000   2*STR=   2.0000
                     MASSP=   2.0000   MASST=  10.0000   Q    =   0.0000
                     ZP   =   1.0000   ZT   =   4.0000   PNLOC=   2.0000
 
 DERIVED DATA        ECM  =  14.5000   RC   =   2.8072   RHO  =   3.0186
                     K    =   1.0753   ETA  =   0.2136   DR   =   0.0080
0POTENTIAL PARAMETERS
 NX=1 VOLUME  W-S    V RL = -88.7440   R0RL =   1.1480   A RL =   0.7460   R RL =   2.4733   VSOR =   0.0000
                     V IM =  -2.1860   R0IM =   1.3510   A IM =   0.6400   R IM =   2.9106   VSOI =   0.0000   POWR =   0.0000
 NX=2 SURFACE W-S    V RL =   0.0000   R0RL =   0.0000   A RL =   0.0000   R RL =   0.0000   VSOR =   0.0000
                     V IM =  27.3930   R0IM =   1.4050   A IM =   0.6650   R IM =   3.0270   VSOI =   0.0000   POWR =   0.0000
 NX=4 L*S VOLUME     V RL = -14.2280   R0RL =   0.9720   A RL =   1.0110   R RL =   2.0941   VSOR =   0.0000
                     V IM =   0.0000   R0IM =   0.0000   A IM =   0.0000   R IM =   0.0000   VSOI =   0.0000   POWR =   0.0000
0PARTICLE 2*******************************************************************************************************************
 INPUT DATA          ELAB =  11.5407   RC0  =   1.5780   AC   =   0.0000   2*STR=   1.0000
                     MASSP=   1.0000   MASST=  11.0000   Q    =  -3.9210
                     ZP   =   1.0000   ZT   =   4.0000   PNLOC=   1.0000
 
 DERIVED DATA        ECM  =  10.5790   RC   =   3.5094   RHO  =   2.3905
                     K    =   0.6812   ETA  =   0.1854   DR   =   0.0073
0POTENTIAL PARAMETERS
 NX=1 VOLUME  W-S    V RL = -56.2800   R0RL =   1.1220   A RL =   0.6760   R RL =   2.4953   VSOR =   0.0000
                     V IM =  -1.1170   R0IM =   1.1220   A IM =   0.6760   R IM =   2.4953   VSOI =   0.0000   POWR =   0.0000
 NX=2 SURFACE W-S    V RL =   0.0000   R0RL =   0.0000   A RL =   0.0000   R RL =   0.0000   VSOR =   0.0000
                     V IM =  20.7710   R0IM =   1.3070   A IM =   0.5240   R IM =   2.9067   VSOI =   0.0000   POWR =   0.0000
 NX=4 L*S VOLUME     V RL = -21.8760   R0RL =   0.8940   A RL =   0.5900   R RL =   1.9882   VSOR =   0.0000
                     V IM =   0.8640   R0IM =   0.8940   A IM =   0.5900   R IM =   1.9882   VSOI =   0.0000   POWR =   0.0000
110Be(d,p)11Be Ex=2.20 QG UNB LMAX10 RMAX30 V9                  0/ 0/ 0
0FORM FACTOR DATA 
0PARTICLE 3*******************************************************************************************************************
 INPUT DATA          ELAB =   1.6960   RC0  =   1.3000   AC   =   0.0000   2*STR=   1.0000
                     MASSP=   1.0000   MASST=  10.0000   Q    =   1.6960
                     ZP   =   0.0000   ZT   =   4.0000   PNLOC=   1.0000
 
 DERIVED DATA        ECM  =   1.6960   RC   =   2.8008   RHO  =   0.7607
                     K    =   0.2716   ETA  =   0.0000   DR   =   0.0080
0POTENTIAL PARAMETERS
 NX=1 VOLUME  W-S    V RL =   1.0000   R0RL =   1.2500   A RL =   0.6500   R RL =   2.6930   VSOR =  24.0000
                     V IM =   1.1000   R0IM =   0.6500   A IM =   0.0000   R IM =   1.4004   VSOI =   0.0000   POWR =   0.0000
 
                     NODES=   0.0000   L    =   1.0000   2*J  =   3.0000   2*S  =   1.0000   FISW =   2.0000
 
                     COSD =  9.9981E-01               SIND = -1.9715E-02
                     V    =  28.3480   DET  =   0.0000   NODES=   0.0000   RM   =   2.6930   E    =   1.6960   ITER.=   0
0Non-locality correction is applied, parameter =   2.000
0Non-locality correction is applied, parameter =   1.000
0                    LMAX =  12        NSTEP= 300        NLTR =   1
 Bdwck4 entered
   Subroutine INTEG  entered
0REACSIG 1   2.04884E+01                                             REACSIG 2   1.01286E+01
   Subroutine RADINT entered
110Be(d,p)11Be Ex=2.20 QG UNB LMAX10 RMAX30 V9                  0/00/00
0BASIC DATA          DR   =   0.1000   RMIN =   0.0000   RMAX =  30.0000   COUEX=   0.0000     IS1=   1.0000
                     FNRNG=   0.0000   PNLC1=   2.0000   PNLC2=   1.0000   PNLC3=   1.0000     IS2=   0.5000
 ANG MOM TRANSFER    LTR  =   1.       2*JTR=   3.       2*STR=   1.       Q    =  -3.9210
   Subroutine INSIG  entered
0 Theta Inelsig,fm**2      Polz       Asy       Ayy       A22       A21       A20       T22       T21       T20  Theta
   0.00    9.6710E+13    0.0000    0.0000    0.0000    0.0000    0.0000    0.0006    0.0000    0.0000    0.0000   0.00
   1.00    1.0431E+14    0.0003    0.0006    0.0000   -0.0000    0.0000    0.0006    0.0000    0.0000    0.0000   1.00
   2.00    1.2608E+14    0.0005    0.0010    0.0000   -0.0000    0.0000    0.0006    0.0000    0.0000    0.0000   2.00
   3.00    1.5901E+14    0.0005    0.0011    0.0000   -0.0000    0.0000    0.0006    0.0000    0.0000    0.0000   3.00
   4.00    1.9857E+14    0.0005    0.0010    0.0000   -0.0000    0.0000    0.0006    0.0000    0.0000    0.0000   4.00
   5.00    2.3930E+14    0.0005    0.0009    0.0000   -0.0000    0.0000    0.0006    0.0000    0.0000    0.0000   5.00
   6.00    2.7557E+14    0.0004    0.0008    0.0000   -0.0000    0.0000    0.0006    0.0000    0.0000    0.0000   6.00
   7.00    3.0229E+14    0.0003    0.0006    0.0000   -0.0000    0.0000    0.0006    0.0000    0.0000    0.0000   7.00
   8.00    3.1565E+14    0.0003    0.0005    0.0000   -0.0000    0.0000    0.0006    0.0000    0.0000    0.0000   8.00
   9.00    3.1353E+14    0.0002    0.0004    0.0000   -0.0000    0.0000    0.0006    0.0000    0.0000    0.0000   9.00
  10.00    2.9582E+14    0.0001    0.0003    0.0000   -0.0000    0.0000    0.0006    0.0000    0.0000    0.0000  10.00
  11.00    2.6436E+14    0.0001    0.0001    0.0000   -0.0000    0.0000    0.0006    0.0000    0.0000    0.0000  11.00
  12.00    2.2265E+14   -0.0000   -0.0000    0.0000   -0.0000    0.0000    0.0006    0.0000    0.0000    0.0000  12.00
  13.00    1.7536E+14   -0.0001   -0.0001    0.0000   -0.0000    0.0000    0.0006    0.0000    0.0000    0.0000  13.00
  14.00    1.2766E+14   -0.0002   -0.0003    0.0000   -0.0000    0.0000    0.0006    0.0000    0.0000    0.0000  14.00
  15.00    8.4514E+13   -0.0002   -0.0005    0.0000   -0.0000    0.0000    0.0006    0.0000    0.0000    0.0000  15.00
  16.00    5.0055E+13   -0.0003   -0.0006    0.0000   -0.0000   -0.0000    0.0006    0.0000    0.0000    0.0000  16.00
  17.00    2.7055E+13   -0.0003   -0.0005    0.0000   -0.0000   -0.0000    0.0006    0.0000    0.0000    0.0000  17.00
  18.00    1.6634E+13    0.0002    0.0004    0.0000   -0.0000   -0.0000    0.0006    0.0000    0.0000    0.0000  18.00
  19.00    1.8191E+13    0.0008    0.0015    0.0000   -0.0000    0.0000    0.0006    0.0000    0.0000    0.0000  19.00
  20.00    2.9594E+13    0.0008    0.0015    0.0000   -0.0000    0.0000    0.0006    0.0000    0.0000    0.0000  20.00
  21.00    4.7562E+13    0.0006    0.0012    0.0000   -0.0000    0.0000    0.0006    0.0000    0.0000    0.0000  21.00
  22.00    6.8200E+13    0.0005    0.0009    0.0000   -0.0000    0.0000    0.0006    0.0000    0.0000    0.0000  22.00
  23.00    8.7590E+13    0.0003    0.0007    0.0000   -0.0000    0.0000    0.0006    0.0000    0.0000    0.0000  23.00
  24.00    1.0235E+14    0.0002    0.0005    0.0000   -0.0000    0.0000    0.0006    0.0000    0.0000    0.0000  24.00
  25.00    1.1010E+14    0.0002    0.0003    0.0000   -0.0000    0.0000    0.0006    0.0000    0.0000    0.0000  25.00
  26.00    1.0974E+14    0.0001    0.0002    0.0000   -0.0000    0.0000    0.0006    0.0000    0.0000    0.0000  26.00
  27.00    1.0152E+14    0.0000    0.0001    0.0000   -0.0000    0.0000    0.0006    0.0000    0.0000    0.0000  27.00
  28.00    8.6922E+13   -0.0000   -0.0001    0.0000   -0.0000    0.0000    0.0006    0.0000    0.0000    0.0000  28.00
  29.00    6.8367E+13   -0.0001   -0.0002    0.0000   -0.0000    0.0000    0.0006    0.0000    0.0000    0.0000  29.00
  30.00    4.8764E+13   -0.0002   -0.0003    0.0000   -0.0000    0.0000    0.0006    0.0000    0.0000    0.0000  30.00
  31.00    3.1037E+13   -0.0002   -0.0004    0.0000   -0.0000    0.0000    0.0006    0.0000    0.0000    0.0000  31.00
  32.00    1.7667E+13   -0.0001   -0.0002    0.0000   -0.0000    0.0000    0.0006    0.0000    0.0000    0.0000  32.00
  33.00    1.0319E+13    0.0004    0.0007    0.0000   -0.0000    0.0000    0.0006    0.0000    0.0000    0.0000  33.00
  34.00    9.6267E+12    0.0010    0.0020    0.0000   -0.0000    0.0000    0.0006    0.0000    0.0000    0.0000  34.00
  35.00    1.5135E+13    0.0010    0.0020    0.0000   -0.0000    0.0000    0.0006    0.0000    0.0000    0.0000  35.00
  36.00    2.5429E+13    0.0008    0.0015    0.0000   -0.0000    0.0000    0.0006    0.0000    0.0000    0.0000  36.00
  37.00    3.8402E+13    0.0006    0.0011    0.0000   -0.0000    0.0000    0.0006    0.0000    0.0000    0.0000  37.00
  38.00    5.1624E+13    0.0004    0.0008    0.0000   -0.0000    0.0000    0.0006    0.0000    0.0000    0.0000  38.00
  39.00    6.2745E+13    0.0003    0.0006    0.0000   -0.0000    0.0000    0.0006    0.0000    0.0000    0.0000  39.00
  40.00    6.9871E+13    0.0002    0.0004    0.0000   -0.0000    0.0000    0.0006    0.0000    0.0000    0.0000  40.00
  41.00    7.1847E+13    0.0001    0.0003    0.0000   -0.0000    0.0000    0.0006    0.0000    0.0000    0.0000  41.00
  42.00    6.8418E+13    0.0001    0.0001    0.0000   -0.0000   -0.0000    0.0006    0.0000    0.0000    0.0000  42.00
  43.00    6.0230E+13    0.0000    0.0000    0.0000   -0.0000   -0.0000    0.0006    0.0000    0.0000    0.0000  43.00
  44.00    4.8694E+13   -0.0001   -0.0001    0.0000   -0.0000   -0.0000    0.0006    0.0000    0.0000    0.0000  44.00
  45.00    3.5723E+13   -0.0001   -0.0002    0.0000   -0.0000   -0.0000    0.0006    0.0000    0.0000    0.0000  45.00
  46.00    2.3403E+13   -0.0001   -0.0002    0.0000   -0.0000   -0.0000    0.0006    0.0000    0.0000    0.0000  46.00
  47.00    1.3648E+13    0.0000    0.0000    0.0000   -0.0000   -0.0000    0.0006    0.0000    0.0000    0.0000  47.00
  48.00    7.8834E+12    0.0005    0.0011    0.0000   -0.0000   -0.0000    0.0006    0.0000    0.0000    0.0000  48.00
  49.00    6.8358E+12    0.0013    0.0025    0.0000   -0.0000   -0.0000    0.0006    0.0000    0.0000    0.0000  49.00
  50.00    1.0431E+13    0.0012    0.0024    0.0000   -0.0000   -0.0000    0.0006    0.0000    0.0000    0.0000  50.00
  51.00    1.7830E+13    0.0009    0.0018    0.0000   -0.0000    0.0000    0.0006    0.0000    0.0000    0.0000  51.00
  52.00    2.7595E+13    0.0006    0.0013    0.0000   -0.0000    0.0000    0.0006    0.0000    0.0000    0.0000  52.00
  53.00    3.7939E+13    0.0005    0.0009    0.0000   -0.0000    0.0000    0.0006    0.0000    0.0000    0.0000  53.00
  54.00    4.7032E+13    0.0003    0.0007    0.0000   -0.0000    0.0000    0.0006    0.0000    0.0000    0.0000  54.00
  55.00    5.3310E+13    0.0002    0.0005    0.0000   -0.0000    0.0000    0.0006    0.0000    0.0000    0.0000  55.00
  56.00    5.5721E+13    0.0002    0.0003    0.0000   -0.0000    0.0000    0.0006    0.0000    0.0000    0.0000  56.00
  57.00    5.3891E+13    0.0001    0.0002    0.0000   -0.0000    0.0000    0.0006    0.0000    0.0000    0.0000  57.00
  58.00    4.8166E+13    0.0000    0.0001    0.0000   -0.0000    0.0000    0.0006    0.0000    0.0000    0.0000  58.00
  59.00    3.9540E+13   -0.0000   -0.0000    0.0000   -0.0000    0.0000    0.0006    0.0000    0.0000    0.0000  59.00
  60.00    2.9472E+13   -0.0001   -0.0001    0.0000   -0.0000    0.0000    0.0006    0.0000    0.0000    0.0000  60.00
0Tot-sig   4.8191E+14
1Inelastic  10Be(d,p)11Be Ex=2.20 QG UNB LMAX10 RMAX30 V9                  0/00/00
    THETA  12                               13                               14                               15   THETA cos(theta)
     0.00  |++++++++++++++++++++++++++++++++|++++++++++++++++++++++++++++++++*++++++++++++++++++++++++++++++++|+    0.00    1.0000
     1.00  +                                                                  *                                +    1.00    0.9998
     2.00  +                                                                    *                              +    2.00    0.9994
     3.00  +                                                                        *                          +    3.00    0.9986
     4.00  +                                                                           *                       +    4.00    0.9976
     5.00  +                                                                              *                    +    5.00    0.9962
     6.00  +                                                                                *                  +    6.00    0.9945
     7.00  +                                                                                 *                 +    7.00    0.9925
     8.00  +                                                                                 *                 +    8.00    0.9903
     9.00  +                                                                                 *                 +    9.00    0.9877
    10.00  +                                                                                 *                 +   10.00    0.9848
    11.00  +                                                                               *                   +   11.00    0.9816
    12.00  +                                                                            *                      +   12.00    0.9781
    13.00  +                                                                         *                         +   13.00    0.9744
    14.00  +                                                                    *                              +   14.00    0.9703
    15.00  +                                                               *                                   +   15.00    0.9659
    16.00  +                                                       *                                           +   16.00    0.9613
    17.00  +                                              *                                                    +   17.00    0.9563
    18.00  +                                       *                                                           +   18.00    0.9511
    19.00  +                                         *                                                         +   19.00    0.9455
    20.00  +                                                *                                                  +   20.00    0.9397
    21.00  +                                                      *                                            +   21.00    0.9336
    22.00  +                                                            *                                      +   22.00    0.9272
    23.00  +                                                               *                                   +   23.00    0.9205
    24.00  +                                                                 *                                 +   24.00    0.9135
    25.00  +                                                                  *                                +   25.00    0.9063
    26.00  +                                                                  *                                +   26.00    0.8988
    27.00  +                                                                 *                                 +   27.00    0.8910
    28.00  +                                                               *                                   +   28.00    0.8829
    29.00  +                                                            *                                      +   29.00    0.8746
    30.00  +                                                       *                                           +   30.00    0.8660
    31.00  +                                                *                                                  +   31.00    0.8572
    32.00  +                                        *                                                          +   32.00    0.8480
    33.00  +                                *                                                                  +   33.00    0.8387
    34.00  +                               *                                                                   +   34.00    0.8290
    35.00  +                                      *                                                            +   35.00    0.8192
    36.00  +                                             *                                                     +   36.00    0.8090
    37.00  +                                                   *                                               +   37.00    0.7986
    38.00  +                                                        *                                          +   38.00    0.7880
    39.00  +                                                          *                                        +   39.00    0.7771
    40.00  +                                                            *                                      +   40.00    0.7660
    41.00  +                                                            *                                      +   41.00    0.7547
    42.00  +                                                            *                                      +   42.00    0.7431
    43.00  +                                                          *                                        +   43.00    0.7314
    44.00  +                                                       *                                           +   44.00    0.7193
    45.00  +                                                  *                                                +   45.00    0.7071
    46.00  +                                            *                                                      +   46.00    0.6947
    47.00  +                                    *                                                              +   47.00    0.6820
    48.00  +                             *                                                                     +   48.00    0.6691
    49.00  +                           *                                                                       +   49.00    0.6561
    50.00  +                                 *                                                                 +   50.00    0.6428
    51.00  +                                        *                                                          +   51.00    0.6293
    52.00  +                                               *                                                   +   52.00    0.6157
    53.00  +                                                   *                                               +   53.00    0.6018
    54.00  +                                                      *                                            +   54.00    0.5878
    55.00  +                                                        *                                          +   55.00    0.5736
    56.00  +                                                         *                                         +   56.00    0.5592
    57.00  +                                                        *                                          +   57.00    0.5446
    58.00  +                                                       *                                           +   58.00    0.5299
    59.00  +                                                    *                                              +   59.00    0.5150
    60.00  |++++++++++++++++++++++++++++++++|++++++++++++++*+++++++++++++++++|++++++++++++++++++++++++++++++++|+   60.00    0.5000
    THETA  12                               13                               14                               15   THETA cos(theta)
1DWUCK4-DISTORTED WAVES U.COLORADO- PC-VERSION  12/Jan /1995
 Elapsed time in seconds =   0.00
 Elapsed time in seconds =   0.00
0CONTROL INTEGERS
  1 2 3 4 5 6 7 8 9 A B C D E F G H I J K    RUN IDENTIFICATION                                             0/00/00   0.00.00
  1 0 1 1 0 0 0 0 3 0 0 0 0 0 0 0 0 0 0 0    10Be(d,p)11Be Ex=2.40 QG UNB LMAX10 RMAX30 V9               
 10Be(d,p)11Be Ex=2.40 QG UNB LMAX10 RMAX30 V9               
 Adwck4 entered
0ANGLE DATA          THETN=  61.0000   THET1=   0.0000   DTHET=   1.0000   A-ANG=   0.0000   B-ANG=   0.0000
0CARD SET 3 DATA     LMAX =  10          LTR=   1
                     NLTR =   1        2*JTR=   3
0CARD SET 4 DATA     DRF  =   0.1000   RZ   =   0.0000   RMAX = -30.0000   VCE  =   0.0000   FNRNG=   0.0000
                     AMASS=   0.8000
 PARTICLE DATA 
0PARTICLE 1*******************************************************************************************************************
 INPUT DATA          ELAB =  17.4000   RC0  =   1.3030   AC   =   0.0000   2*STR=   2.0000
                     MASSP=   2.0000   MASST=  10.0000   Q    =   0.0000
                     ZP   =   1.0000   ZT   =   4.0000   PNLOC=   2.0000
 
 DERIVED DATA        ECM  =  14.5000   RC   =   2.8072   RHO  =   3.0186
                     K    =   1.0753   ETA  =   0.2136   DR   =   0.0080
0POTENTIAL PARAMETERS
 NX=1 VOLUME  W-S    V RL = -88.7440   R0RL =   1.1480   A RL =   0.7460   R RL =   2.4733   VSOR =   0.0000
                     V IM =  -2.1860   R0IM =   1.3510   A IM =   0.6400   R IM =   2.9106   VSOI =   0.0000   POWR =   0.0000
 NX=2 SURFACE W-S    V RL =   0.0000   R0RL =   0.0000   A RL =   0.0000   R RL =   0.0000   VSOR =   0.0000
                     V IM =  27.3930   R0IM =   1.4050   A IM =   0.6650   R IM =   3.0270   VSOI =   0.0000   POWR =   0.0000
 NX=4 L*S VOLUME     V RL = -14.2280   R0RL =   0.9720   A RL =   1.0110   R RL =   2.0941   VSOR =   0.0000
                     V IM =   0.0000   R0IM =   0.0000   A IM =   0.0000   R IM =   0.0000   VSOI =   0.0000   POWR =   0.0000
0PARTICLE 2*******************************************************************************************************************
 INPUT DATA          ELAB =  11.3225   RC0  =   1.5780   AC   =   0.0000   2*STR=   1.0000
                     MASSP=   1.0000   MASST=  11.0000   Q    =  -4.1210
                     ZP   =   1.0000   ZT   =   4.0000   PNLOC=   1.0000
 
 DERIVED DATA        ECM  =  10.3790   RC   =   3.5094   RHO  =   2.3678
                     K    =   0.6747   ETA  =   0.1872   DR   =   0.0073
0POTENTIAL PARAMETERS
 NX=1 VOLUME  W-S    V RL = -56.2800   R0RL =   1.1220   A RL =   0.6760   R RL =   2.4953   VSOR =   0.0000
                     V IM =  -1.1170   R0IM =   1.1220   A IM =   0.6760   R IM =   2.4953   VSOI =   0.0000   POWR =   0.0000
 NX=2 SURFACE W-S    V RL =   0.0000   R0RL =   0.0000   A RL =   0.0000   R RL =   0.0000   VSOR =   0.0000
                     V IM =  20.7710   R0IM =   1.3070   A IM =   0.5240   R IM =   2.9067   VSOI =   0.0000   POWR =   0.0000
 NX=4 L*S VOLUME     V RL = -21.8760   R0RL =   0.8940   A RL =   0.5900   R RL =   1.9882   VSOR =   0.0000
                     V IM =   0.8640   R0IM =   0.8940   A IM =   0.5900   R IM =   1.9882   VSOI =   0.0000   POWR =   0.0000
110Be(d,p)11Be Ex=2.40 QG UNB LMAX10 RMAX30 V9                  0/ 0/ 0
0FORM FACTOR DATA 
0PARTICLE 3*******************************************************************************************************************
 INPUT DATA          ELAB =   1.8960   RC0  =   1.3000   AC   =   0.0000   2*STR=   1.0000
                     MASSP=   1.0000   MASST=  10.0000   Q    =   1.8960
                     ZP   =   0.0000   ZT   =   4.0000   PNLOC=   1.0000
 
 DERIVED DATA        ECM  =   1.8960   RC   =   2.8008   RHO  =   0.8043
                     K    =   0.2872   ETA  =   0.0000   DR   =   0.0080
0POTENTIAL PARAMETERS
 NX=1 VOLUME  W-S    V RL =   1.0000   R0RL =   1.2500   A RL =   0.6500   R RL =   2.6930   VSOR =  24.0000
                     V IM =   1.1000   R0IM =   0.6500   A IM =   0.0000   R IM =   1.4004   VSOI =   0.0000   POWR =   0.0000
 
                     NODES=   0.0000   L    =   1.0000   2*J  =   3.0000   2*S  =   1.0000   FISW =   2.0000
 
                     COSD =  9.9973E-01               SIND = -2.3042E-02
                     V    =  28.3480   DET  =   0.0000   NODES=   0.0000   RM   =   2.6930   E    =   1.8960   ITER.=   0
0Non-locality correction is applied, parameter =   2.000
0Non-locality correction is applied, parameter =   1.000
0                    LMAX =  12        NSTEP= 300        NLTR =   1
 Bdwck4 entered
   Subroutine INTEG  entered
0REACSIG 1   2.04884E+01                                             REACSIG 2   1.04298E+01
   Subroutine RADINT entered
110Be(d,p)11Be Ex=2.40 QG UNB LMAX10 RMAX30 V9                  0/00/00
0BASIC DATA          DR   =   0.1000   RMIN =   0.0000   RMAX =  30.0000   COUEX=   0.0000     IS1=   1.0000
                     FNRNG=   0.0000   PNLC1=   2.0000   PNLC2=   1.0000   PNLC3=   1.0000     IS2=   0.5000
 ANG MOM TRANSFER    LTR  =   1.       2*JTR=   3.       2*STR=   1.       Q    =  -4.1210
   Subroutine INSIG  entered
0 Theta Inelsig,fm**2      Polz       Asy       Ayy       A22       A21       A20       T22       T21       T20  Theta
   0.00    1.7233E+15    0.0000    0.0000    0.0000    0.0000    0.0000    0.0006    0.0000    0.0000    0.0000   0.00
   1.00    1.8875E+15    0.0003    0.0007    0.0000   -0.0000    0.0000    0.0006    0.0000    0.0000    0.0000   1.00
   2.00    2.3576E+15    0.0005    0.0010    0.0000   -0.0000    0.0000    0.0006    0.0000    0.0000    0.0000   2.00
   3.00    3.0692E+15    0.0005    0.0011    0.0000   -0.0000    0.0000    0.0006    0.0000    0.0000    0.0000   3.00
   4.00    3.9247E+15    0.0005    0.0010    0.0000   -0.0000    0.0000    0.0006    0.0000    0.0000    0.0000   4.00
   5.00    4.8067E+15    0.0004    0.0008    0.0000   -0.0000    0.0000    0.0006    0.0000    0.0000    0.0000   5.00
   6.00    5.5938E+15    0.0004    0.0007    0.0000   -0.0000    0.0000    0.0006    0.0000    0.0000    0.0000   6.00
   7.00    6.1774E+15    0.0003    0.0006    0.0000   -0.0000    0.0000    0.0006    0.0000    0.0000    0.0000   7.00
   8.00    6.4754E+15    0.0002    0.0004    0.0000   -0.0000    0.0000    0.0006    0.0000    0.0000    0.0000   8.00
   9.00    6.4432E+15    0.0002    0.0003    0.0000   -0.0000    0.0000    0.0006    0.0000    0.0000    0.0000   9.00
  10.00    6.0788E+15    0.0001    0.0002    0.0000   -0.0000    0.0000    0.0006    0.0000    0.0000    0.0000  10.00
  11.00    5.4223E+15    0.0000    0.0000    0.0000   -0.0000    0.0000    0.0006    0.0000    0.0000    0.0000  11.00
  12.00    4.5491E+15   -0.0001   -0.0001    0.0000   -0.0000    0.0000    0.0006    0.0000    0.0000    0.0000  12.00
  13.00    3.5593E+15   -0.0001   -0.0003    0.0000   -0.0000    0.0000    0.0006    0.0000    0.0000    0.0000  13.00
  14.00    2.5633E+15   -0.0002   -0.0005    0.0000   -0.0000    0.0000    0.0006    0.0000    0.0000    0.0000  14.00
  15.00    1.6670E+15   -0.0004   -0.0007    0.0000   -0.0000    0.0000    0.0006    0.0000    0.0000    0.0000  15.00
  16.00    9.5743E+14   -0.0005   -0.0010    0.0000   -0.0000    0.0000    0.0006    0.0000    0.0000    0.0000  16.00
  17.00    4.9234E+14   -0.0006   -0.0013    0.0000   -0.0000    0.0000    0.0006    0.0000    0.0000    0.0000  17.00
  18.00    2.9380E+14   -0.0004   -0.0008    0.0000   -0.0000    0.0000    0.0006    0.0000    0.0000    0.0000  18.00
  19.00    3.4711E+14    0.0003    0.0005    0.0000   -0.0000    0.0000    0.0006    0.0000    0.0000    0.0000  19.00
  20.00    6.0505E+14    0.0004    0.0009    0.0000   -0.0000    0.0000    0.0006    0.0000    0.0000    0.0000  20.00
  21.00    9.9640E+14    0.0004    0.0008    0.0000   -0.0000    0.0000    0.0006    0.0000    0.0000    0.0000  21.00
  22.00    1.4376E+15    0.0003    0.0006    0.0000   -0.0000    0.0000    0.0006    0.0000    0.0000    0.0000  22.00
  23.00    1.8454E+15    0.0002    0.0004    0.0000   -0.0000    0.0000    0.0006    0.0000    0.0000    0.0000  23.00
  24.00    2.1490E+15    0.0001    0.0003    0.0000   -0.0000    0.0000    0.0006    0.0000    0.0000    0.0000  24.00
  25.00    2.2997E+15    0.0001    0.0001    0.0000   -0.0000    0.0000    0.0006    0.0000    0.0000    0.0000  25.00
  26.00    2.2763E+15   -0.0000   -0.0000    0.0000   -0.0000    0.0000    0.0006    0.0000    0.0000    0.0000  26.00
  27.00    2.0871E+15   -0.0001   -0.0001    0.0000   -0.0000    0.0000    0.0006    0.0000    0.0000    0.0000  27.00
  28.00    1.7662E+15   -0.0002   -0.0003    0.0000   -0.0000    0.0000    0.0006    0.0000    0.0000    0.0000  28.00
  29.00    1.3670E+15   -0.0003   -0.0005    0.0000   -0.0000    0.0000    0.0006    0.0000    0.0000    0.0000  29.00
  30.00    9.5253E+14   -0.0004   -0.0007    0.0000   -0.0000    0.0000    0.0006    0.0000    0.0000    0.0000  30.00
  31.00    5.8511E+14   -0.0005   -0.0011    0.0000   -0.0000   -0.0000    0.0006    0.0000    0.0000    0.0000  31.00
  32.00    3.1641E+14   -0.0007   -0.0014    0.0000   -0.0000   -0.0000    0.0006    0.0000    0.0000    0.0000  32.00
  33.00    1.7989E+14   -0.0006   -0.0012    0.0000   -0.0000   -0.0000    0.0006    0.0000    0.0000    0.0000  33.00
  34.00    1.8627E+14    0.0001    0.0001    0.0000   -0.0000    0.0000    0.0006    0.0000    0.0000    0.0000  34.00
  35.00    3.2295E+14    0.0004    0.0007    0.0000   -0.0000    0.0000    0.0006    0.0000    0.0000    0.0000  35.00
  36.00    5.5707E+14    0.0004    0.0007    0.0000   -0.0000    0.0000    0.0006    0.0000    0.0000    0.0000  36.00
  37.00    8.4169E+14    0.0003    0.0005    0.0000   -0.0000    0.0000    0.0006    0.0000    0.0000    0.0000  37.00
  38.00    1.1240E+15    0.0002    0.0004    0.0000   -0.0000    0.0000    0.0006    0.0000    0.0000    0.0000  38.00
  39.00    1.3539E+15    0.0001    0.0002    0.0000   -0.0000    0.0000    0.0006    0.0000    0.0000    0.0000  39.00
  40.00    1.4925E+15    0.0001    0.0001    0.0000   -0.0000    0.0000    0.0006    0.0000    0.0000    0.0000  40.00
  41.00    1.5174E+15   -0.0000   -0.0000    0.0000   -0.0000    0.0000    0.0006    0.0000    0.0000    0.0000  41.00
  42.00    1.4261E+15   -0.0001   -0.0002    0.0000   -0.0000    0.0000    0.0006    0.0000    0.0000    0.0000  42.00
  43.00    1.2355E+15   -0.0002   -0.0003    0.0000   -0.0000    0.0000    0.0006    0.0000    0.0000    0.0000  43.00
  44.00    9.7845E+14   -0.0003   -0.0005    0.0000   -0.0000    0.0000    0.0006    0.0000    0.0000    0.0000  44.00
  45.00    6.9775E+14   -0.0004   -0.0008    0.0000   -0.0000    0.0000    0.0006    0.0000    0.0000    0.0000  45.00
  46.00    4.3885E+14   -0.0006   -0.0011    0.0000   -0.0000    0.0000    0.0006    0.0000    0.0000    0.0000  46.00
  47.00    2.4219E+14   -0.0008   -0.0015    0.0000   -0.0000    0.0000    0.0006    0.0000    0.0000    0.0000  47.00
  48.00    1.3667E+14   -0.0007   -0.0015    0.0000   -0.0000    0.0000    0.0006    0.0000    0.0000    0.0000  48.00
  49.00    1.3523E+14   -0.0001   -0.0002    0.0000   -0.0000    0.0000    0.0006    0.0000    0.0000    0.0000  49.00
  50.00    2.3316E+14    0.0003    0.0006    0.0000   -0.0000    0.0000    0.0006    0.0000    0.0000    0.0000  50.00
  51.00    4.0939E+14    0.0003    0.0006    0.0000   -0.0000    0.0000    0.0006    0.0000    0.0000    0.0000  51.00
  52.00    6.3043E+14    0.0003    0.0005    0.0000   -0.0000    0.0000    0.0006    0.0000    0.0000    0.0000  52.00
  53.00    8.5624E+14    0.0002    0.0004    0.0000   -0.0000    0.0000    0.0006    0.0000    0.0000    0.0000  53.00
  54.00    1.0471E+15    0.0001    0.0002    0.0000   -0.0000    0.0000    0.0006    0.0000    0.0000    0.0000  54.00
  55.00    1.1703E+15    0.0000    0.0001    0.0000   -0.0000    0.0000    0.0006    0.0000    0.0000    0.0000  55.00
  56.00    1.2051E+15   -0.0000   -0.0001    0.0000   -0.0000    0.0000    0.0006    0.0000    0.0000    0.0000  56.00
  57.00    1.1465E+15   -0.0001   -0.0002    0.0000   -0.0000   -0.0000    0.0006    0.0000    0.0000    0.0000  57.00
  58.00    1.0051E+15   -0.0002   -0.0004    0.0000   -0.0000   -0.0000    0.0006    0.0000    0.0000    0.0000  58.00
  59.00    8.0543E+14   -0.0003   -0.0006    0.0000   -0.0000   -0.0000    0.0006    0.0000    0.0000    0.0000  59.00
  60.00    5.8136E+14   -0.0004   -0.0008    0.0000   -0.0000   -0.0000    0.0006    0.0000    0.0000    0.0000  60.00
0Tot-sig   1.0921E+16
1Inelastic  10Be(d,p)11Be Ex=2.40 QG UNB LMAX10 RMAX30 V9                  0/00/00
    THETA  13                               14                               15                               16   THETA cos(theta)
     0.00  |++++++++++++++++++++++++++++++++|++++++++++++++++++++++++++++++++|+++++++*++++++++++++++++++++++++|+    0.00    1.0000
     1.00  +                                                                          *                        +    1.00    0.9998
     2.00  +                                                                             *                     +    2.00    0.9994
     3.00  +                                                                                 *                 +    3.00    0.9986
     4.00  +                                                                                     *             +    4.00    0.9976
     5.00  +                                                                                        *          +    5.00    0.9962
     6.00  +                                                                                          *        +    6.00    0.9945
     7.00  +                                                                                           *       +    7.00    0.9925
     8.00  +                                                                                            *      +    8.00    0.9903
     9.00  +                                                                                            *      +    9.00    0.9877
    10.00  +                                                                                           *       +   10.00    0.9848
    11.00  +                                                                                         *         +   11.00    0.9816
    12.00  +                                                                                       *           +   12.00    0.9781
    13.00  +                                                                                   *               +   13.00    0.9744
    14.00  +                                                                              *                    +   14.00    0.9703
    15.00  +                                                                        *                          +   15.00    0.9659
    16.00  +                                                                *                                  +   16.00    0.9613
    17.00  +                                                       *                                           +   17.00    0.9563
    18.00  +                                               *                                                   +   18.00    0.9511
    19.00  +                                                  *                                                +   19.00    0.9455
    20.00  +                                                          *                                        +   20.00    0.9397
    21.00  +                                                                 *                                 +   21.00    0.9336
    22.00  +                                                                      *                            +   22.00    0.9272
    23.00  +                                                                          *                        +   23.00    0.9205
    24.00  +                                                                            *                      +   24.00    0.9135
    25.00  +                                                                             *                     +   25.00    0.9063
    26.00  +                                                                             *                     +   26.00    0.8988
    27.00  +                                                                            *                      +   27.00    0.8910
    28.00  +                                                                         *                         +   28.00    0.8829
    29.00  +                                                                     *                             +   29.00    0.8746
    30.00  +                                                                *                                  +   30.00    0.8660
    31.00  +                                                         *                                         +   31.00    0.8572
    32.00  +                                                 *                                                 +   32.00    0.8480
    33.00  +                                        *                                                          +   33.00    0.8387
    34.00  +                                         *                                                         +   34.00    0.8290
    35.00  +                                                 *                                                 +   35.00    0.8192
    36.00  +                                                         *                                         +   36.00    0.8090
    37.00  +                                                               *                                   +   37.00    0.7986
    38.00  +                                                                   *                               +   38.00    0.7880
    39.00  +                                                                     *                             +   39.00    0.7771
    40.00  +                                                                       *                           +   40.00    0.7660
    41.00  +                                                                       *                           +   41.00    0.7547
    42.00  +                                                                      *                            +   42.00    0.7431
    43.00  +                                                                    *                              +   43.00    0.7314
    44.00  +                                                                 *                                 +   44.00    0.7193
    45.00  +                                                            *                                      +   45.00    0.7071
    46.00  +                                                     *                                             +   46.00    0.6947
    47.00  +                                             *                                                     +   47.00    0.6820
    48.00  +                                    *                                                              +   48.00    0.6691
    49.00  +                                    *                                                              +   49.00    0.6561
    50.00  +                                            *                                                      +   50.00    0.6428
    51.00  +                                                    *                                              +   51.00    0.6293
    52.00  +                                                          *                                        +   52.00    0.6157
    53.00  +                                                               *                                   +   53.00    0.6018
    54.00  +                                                                  *                                +   54.00    0.5878
    55.00  +                                                                   *                               +   55.00    0.5736
    56.00  +                                                                    *                              +   56.00    0.5592
    57.00  +                                                                   *                               +   57.00    0.5446
    58.00  +                                                                 *                                 +   58.00    0.5299
    59.00  +                                                              *                                    +   59.00    0.5150
    60.00  |++++++++++++++++++++++++++++++++|++++++++++++++++++++++++*+++++++|++++++++++++++++++++++++++++++++|+   60.00    0.5000
    THETA  13                               14                               15                               16   THETA cos(theta)
1DWUCK4-DISTORTED WAVES U.COLORADO- PC-VERSION  12/Jan /1995
 Elapsed time in seconds =   0.00
 Elapsed time in seconds =   0.00
0CONTROL INTEGERS
  1 2 3 4 5 6 7 8 9 A B C D E F G H I J K    RUN IDENTIFICATION                                             0/00/00   0.00.00
  1 0 1 1 0 0 0 0 3 0 0 0 0 0 0 0 0 0 0 0    10Be(d,p)11Be Ex=2.60 QG UNB LMAX10 RMAX30 V9               
 10Be(d,p)11Be Ex=2.60 QG UNB LMAX10 RMAX30 V9               
 Adwck4 entered
0ANGLE DATA          THETN=  61.0000   THET1=   0.0000   DTHET=   1.0000   A-ANG=   0.0000   B-ANG=   0.0000
0CARD SET 3 DATA     LMAX =  10          LTR=   1
                     NLTR =   1        2*JTR=   3
0CARD SET 4 DATA     DRF  =   0.1000   RZ   =   0.0000   RMAX = -30.0000   VCE  =   0.0000   FNRNG=   0.0000
                     AMASS=   0.8000
 PARTICLE DATA 
0PARTICLE 1*******************************************************************************************************************
 INPUT DATA          ELAB =  17.4000   RC0  =   1.3030   AC   =   0.0000   2*STR=   2.0000
                     MASSP=   2.0000   MASST=  10.0000   Q    =   0.0000
                     ZP   =   1.0000   ZT   =   4.0000   PNLOC=   2.0000
 
 DERIVED DATA        ECM  =  14.5000   RC   =   2.8072   RHO  =   3.0186
                     K    =   1.0753   ETA  =   0.2136   DR   =   0.0080
0POTENTIAL PARAMETERS
 NX=1 VOLUME  W-S    V RL = -88.7440   R0RL =   1.1480   A RL =   0.7460   R RL =   2.4733   VSOR =   0.0000
                     V IM =  -2.1860   R0IM =   1.3510   A IM =   0.6400   R IM =   2.9106   VSOI =   0.0000   POWR =   0.0000
 NX=2 SURFACE W-S    V RL =   0.0000   R0RL =   0.0000   A RL =   0.0000   R RL =   0.0000   VSOR =   0.0000
                     V IM =  27.3930   R0IM =   1.4050   A IM =   0.6650   R IM =   3.0270   VSOI =   0.0000   POWR =   0.0000
 NX=4 L*S VOLUME     V RL = -14.2280   R0RL =   0.9720   A RL =   1.0110   R RL =   2.0941   VSOR =   0.0000
                     V IM =   0.0000   R0IM =   0.0000   A IM =   0.0000   R IM =   0.0000   VSOI =   0.0000   POWR =   0.0000
0PARTICLE 2*******************************************************************************************************************
 INPUT DATA          ELAB =  11.1044   RC0  =   1.5780   AC   =   0.0000   2*STR=   1.0000
                     MASSP=   1.0000   MASST=  11.0000   Q    =  -4.3210
                     ZP   =   1.0000   ZT   =   4.0000   PNLOC=   1.0000
 
 DERIVED DATA        ECM  =  10.1790   RC   =   3.5094   RHO  =   2.3448
                     K    =   0.6682   ETA  =   0.1890   DR   =   0.0073
0POTENTIAL PARAMETERS
 NX=1 VOLUME  W-S    V RL = -56.2800   R0RL =   1.1220   A RL =   0.6760   R RL =   2.4953   VSOR =   0.0000
                     V IM =  -1.1170   R0IM =   1.1220   A IM =   0.6760   R IM =   2.4953   VSOI =   0.0000   POWR =   0.0000
 NX=2 SURFACE W-S    V RL =   0.0000   R0RL =   0.0000   A RL =   0.0000   R RL =   0.0000   VSOR =   0.0000
                     V IM =  20.7710   R0IM =   1.3070   A IM =   0.5240   R IM =   2.9067   VSOI =   0.0000   POWR =   0.0000
 NX=4 L*S VOLUME     V RL = -21.8760   R0RL =   0.8940   A RL =   0.5900   R RL =   1.9882   VSOR =   0.0000
                     V IM =   0.8640   R0IM =   0.8940   A IM =   0.5900   R IM =   1.9882   VSOI =   0.0000   POWR =   0.0000
110Be(d,p)11Be Ex=2.60 QG UNB LMAX10 RMAX30 V9                  0/ 0/ 0
0FORM FACTOR DATA 
0PARTICLE 3*******************************************************************************************************************
 INPUT DATA          ELAB =   2.0960   RC0  =   1.3000   AC   =   0.0000   2*STR=   1.0000
                     MASSP=   1.0000   MASST=  10.0000   Q    =   2.0960
                     ZP   =   0.0000   ZT   =   4.0000   PNLOC=   1.0000
 
 DERIVED DATA        ECM  =   2.0960   RC   =   2.8008   RHO  =   0.8457
                     K    =   0.3019   ETA  =   0.0000   DR   =   0.0080
0POTENTIAL PARAMETERS
 NX=1 VOLUME  W-S    V RL =   1.0000   R0RL =   1.2500   A RL =   0.6500   R RL =   2.6930   VSOR =  24.0000
                     V IM =   1.1000   R0IM =   0.6500   A IM =   0.0000   R IM =   1.4004   VSOI =   0.0000   POWR =   0.0000
 
                     NODES=   0.0000   L    =   1.0000   2*J  =   3.0000   2*S  =   1.0000   FISW =   2.0000
 
                     COSD =  9.9965E-01               SIND = -2.6485E-02
                     V    =  28.3480   DET  =   0.0000   NODES=   0.0000   RM   =   2.6930   E    =   2.0960   ITER.=   0
0Non-locality correction is applied, parameter =   2.000
0Non-locality correction is applied, parameter =   1.000
0                    LMAX =  12        NSTEP= 300        NLTR =   1
 Bdwck4 entered
   Subroutine INTEG  entered
0REACSIG 1   2.04884E+01                                             REACSIG 2   1.07502E+01
   Subroutine RADINT entered
110Be(d,p)11Be Ex=2.60 QG UNB LMAX10 RMAX30 V9                  0/00/00
0BASIC DATA          DR   =   0.1000   RMIN =   0.0000   RMAX =  30.0000   COUEX=   0.0000     IS1=   1.0000
                     FNRNG=   0.0000   PNLC1=   2.0000   PNLC2=   1.0000   PNLC3=   1.0000     IS2=   0.5000
 ANG MOM TRANSFER    LTR  =   1.       2*JTR=   3.       2*STR=   1.       Q    =  -4.3210
   Subroutine INSIG  entered
0 Theta Inelsig,fm**2      Polz       Asy       Ayy       A22       A21       A20       T22       T21       T20  Theta
   0.00    1.6737E+15    0.0000    0.0000    0.0000    0.0000    0.0000    0.0006    0.0000    0.0000    0.0000   0.00
   1.00    1.8191E+15    0.0003    0.0006    0.0000   -0.0000    0.0000    0.0006    0.0000    0.0000    0.0000   1.00
   2.00    2.2355E+15    0.0004    0.0009    0.0000   -0.0000    0.0000    0.0006    0.0000    0.0000    0.0000   2.00
   3.00    2.8654E+15    0.0005    0.0010    0.0000   -0.0000    0.0000    0.0006    0.0000    0.0000    0.0000   3.00
   4.00    3.6222E+15    0.0005    0.0009    0.0000   -0.0000    0.0000    0.0006    0.0000    0.0000    0.0000   4.00
   5.00    4.4016E+15    0.0004    0.0008    0.0000   -0.0000    0.0000    0.0006    0.0000    0.0000    0.0000   5.00
   6.00    5.0958E+15    0.0003    0.0007    0.0000   -0.0000    0.0000    0.0006    0.0000    0.0000    0.0000   6.00
   7.00    5.6081E+15    0.0003    0.0005    0.0000   -0.0000    0.0000    0.0006    0.0000    0.0000    0.0000   7.00
   8.00    5.8658E+15    0.0002    0.0004    0.0000   -0.0000    0.0000    0.0006    0.0000    0.0000    0.0000   8.00
   9.00    5.8291E+15    0.0001    0.0003    0.0000   -0.0000    0.0000    0.0006    0.0000    0.0000    0.0000   9.00
  10.00    5.4965E+15    0.0001    0.0002    0.0000   -0.0000    0.0000    0.0006    0.0000    0.0000    0.0000  10.00
  11.00    4.9036E+15    0.0000    0.0001    0.0000   -0.0000    0.0000    0.0006    0.0000    0.0000    0.0000  11.00
  12.00    4.1178E+15   -0.0000   -0.0001    0.0000   -0.0000    0.0000    0.0006    0.0000    0.0000    0.0000  12.00
  13.00    3.2281E+15   -0.0001   -0.0002    0.0000   -0.0000    0.0000    0.0006    0.0000    0.0000    0.0000  13.00
  14.00    2.3331E+15   -0.0002   -0.0004    0.0000   -0.0000    0.0000    0.0006    0.0000    0.0000    0.0000  14.00
  15.00    1.5272E+15   -0.0003   -0.0006    0.0000   -0.0000    0.0000    0.0006    0.0000    0.0000    0.0000  15.00
  16.00    8.8812E+14   -0.0004   -0.0008    0.0000   -0.0000    0.0000    0.0006    0.0000    0.0000    0.0000  16.00
  17.00    4.6758E+14   -0.0005   -0.0010    0.0000   -0.0000   -0.0000    0.0006    0.0000    0.0000    0.0000  17.00
  18.00    2.8548E+14   -0.0002   -0.0004    0.0000   -0.0000   -0.0000    0.0006    0.0000    0.0000    0.0000  18.00
  19.00    3.2898E+14    0.0003    0.0007    0.0000   -0.0000    0.0000    0.0006    0.0000    0.0000    0.0000  19.00
  20.00    5.5617E+14    0.0005    0.0009    0.0000   -0.0000    0.0000    0.0006    0.0000    0.0000    0.0000  20.00
  21.00    9.0369E+14    0.0004    0.0008    0.0000   -0.0000    0.0000    0.0006    0.0000    0.0000    0.0000  21.00
  22.00    1.2970E+15    0.0003    0.0006    0.0000   -0.0000    0.0000    0.0006    0.0000    0.0000    0.0000  22.00
  23.00    1.6618E+15    0.0002    0.0004    0.0000   -0.0000    0.0000    0.0006    0.0000    0.0000    0.0000  23.00
  24.00    1.9345E+15    0.0001    0.0003    0.0000   -0.0000    0.0000    0.0006    0.0000    0.0000    0.0000  24.00
  25.00    2.0714E+15    0.0001    0.0002    0.0000   -0.0000    0.0000    0.0006    0.0000    0.0000    0.0000  25.00
  26.00    2.0531E+15    0.0000    0.0000    0.0000   -0.0000    0.0000    0.0006    0.0000    0.0000    0.0000  26.00
  27.00    1.8865E+15   -0.0000   -0.0001    0.0000   -0.0000    0.0000    0.0006    0.0000    0.0000    0.0000  27.00
  28.00    1.6015E+15   -0.0001   -0.0002    0.0000   -0.0000    0.0000    0.0006    0.0000    0.0000    0.0000  28.00
  29.00    1.2455E+15   -0.0002   -0.0004    0.0000   -0.0000    0.0000    0.0006    0.0000    0.0000    0.0000  29.00
  30.00    8.7450E+14   -0.0003   -0.0006    0.0000   -0.0000    0.0000    0.0006    0.0000    0.0000    0.0000  30.00
  31.00    5.4418E+14   -0.0004   -0.0008    0.0000   -0.0000    0.0000    0.0006    0.0000    0.0000    0.0000  31.00
  32.00    3.0088E+14   -0.0005   -0.0010    0.0000   -0.0000    0.0000    0.0006    0.0000    0.0000    0.0000  32.00
  33.00    1.7486E+14   -0.0003   -0.0006    0.0000   -0.0000    0.0000    0.0006    0.0000    0.0000    0.0000  33.00
  34.00    1.7623E+14    0.0003    0.0005    0.0000   -0.0000    0.0000    0.0006    0.0000    0.0000    0.0000  34.00
  35.00    2.9431E+14    0.0005    0.0009    0.0000   -0.0000    0.0000    0.0006    0.0000    0.0000    0.0000  35.00
  36.00    5.0030E+14    0.0004    0.0008    0.0000   -0.0000    0.0000    0.0006    0.0000    0.0000    0.0000  36.00
  37.00    7.5268E+14    0.0003    0.0006    0.0000   -0.0000    0.0000    0.0006    0.0000    0.0000    0.0000  37.00
  38.00    1.0045E+15    0.0002    0.0004    0.0000   -0.0000    0.0000    0.0006    0.0000    0.0000    0.0000  38.00
  39.00    1.2111E+15    0.0001    0.0003    0.0000   -0.0000    0.0000    0.0006    0.0000    0.0000    0.0000  39.00
  40.00    1.3374E+15    0.0001    0.0002    0.0000   -0.0000    0.0000    0.0006    0.0000    0.0000    0.0000  40.00
  41.00    1.3629E+15    0.0000    0.0000    0.0000   -0.0000    0.0000    0.0006    0.0000    0.0000    0.0000  41.00
  42.00    1.2849E+15   -0.0000   -0.0001    0.0000   -0.0000    0.0000    0.0006    0.0000    0.0000    0.0000  42.00
  43.00    1.1178E+15   -0.0001   -0.0002    0.0000   -0.0000    0.0000    0.0006    0.0000    0.0000    0.0000  43.00
  44.00    8.9043E+14   -0.0002   -0.0004    0.0000   -0.0000   -0.0000    0.0006    0.0000    0.0000    0.0000  44.00
  45.00    6.4055E+14   -0.0003   -0.0006    0.0000   -0.0000   -0.0000    0.0006    0.0000    0.0000    0.0000  45.00
  46.00    4.0854E+14   -0.0004   -0.0008    0.0000   -0.0000   -0.0000    0.0006    0.0000    0.0000    0.0000  46.00
  47.00    2.3058E+14   -0.0005   -0.0010    0.0000   -0.0000   -0.0000    0.0006    0.0000    0.0000    0.0000  47.00
  48.00    1.3278E+14   -0.0004   -0.0007    0.0000   -0.0000   -0.0000    0.0006    0.0000    0.0000    0.0000  48.00
  49.00    1.2719E+14    0.0002    0.0004    0.0000   -0.0000    0.0000    0.0006    0.0000    0.0000    0.0000  49.00
  50.00    2.1025E+14    0.0005    0.0009    0.0000   -0.0000    0.0000    0.0006    0.0000    0.0000    0.0000  50.00
  51.00    3.6379E+14    0.0004    0.0008    0.0000   -0.0000    0.0000    0.0006    0.0000    0.0000    0.0000  51.00
  52.00    5.5848E+14    0.0003    0.0006    0.0000   -0.0000    0.0000    0.0006    0.0000    0.0000    0.0000  52.00
  53.00    7.5896E+14    0.0002    0.0004    0.0000   -0.0000    0.0000    0.0006    0.0000    0.0000    0.0000  53.00
  54.00    9.2995E+14    0.0001    0.0003    0.0000   -0.0000    0.0000    0.0006    0.0000    0.0000    0.0000  54.00
  55.00    1.0420E+15    0.0001    0.0002    0.0000   -0.0000    0.0000    0.0006    0.0000    0.0000    0.0000  55.00
  56.00    1.0765E+15    0.0000    0.0000    0.0000   -0.0000    0.0000    0.0006    0.0000    0.0000    0.0000  56.00
  57.00    1.0281E+15   -0.0000   -0.0001    0.0000   -0.0000    0.0000    0.0006    0.0000    0.0000    0.0000  57.00
  58.00    9.0572E+14   -0.0001   -0.0002    0.0000   -0.0000    0.0000    0.0006    0.0000    0.0000    0.0000  58.00
  59.00    7.3061E+14   -0.0002   -0.0004    0.0000   -0.0000    0.0000    0.0006    0.0000    0.0000    0.0000  59.00
  60.00    5.3241E+14   -0.0003   -0.0006    0.0000   -0.0000    0.0000    0.0006    0.0000    0.0000    0.0000  60.00
0Tot-sig   9.6781E+15
1Inelastic  10Be(d,p)11Be Ex=2.60 QG UNB LMAX10 RMAX30 V9                  0/00/00
    THETA  13                               14                               15                               16   THETA cos(theta)
     0.00  |++++++++++++++++++++++++++++++++|++++++++++++++++++++++++++++++++|++++++*+++++++++++++++++++++++++|+    0.00    1.0000
     1.00  +                                                                          *                        +    1.00    0.9998
     2.00  +                                                                             *                     +    2.00    0.9994
     3.00  +                                                                                *                  +    3.00    0.9986
     4.00  +                                                                                   *               +    4.00    0.9976
     5.00  +                                                                                      *            +    5.00    0.9962
     6.00  +                                                                                        *          +    6.00    0.9945
     7.00  +                                                                                          *        +    7.00    0.9925
     8.00  +                                                                                          *        +    8.00    0.9903
     9.00  +                                                                                          *        +    9.00    0.9877
    10.00  +                                                                                         *         +   10.00    0.9848
    11.00  +                                                                                        *          +   11.00    0.9816
    12.00  +                                                                                     *             +   12.00    0.9781
    13.00  +                                                                                  *                +   13.00    0.9744
    14.00  +                                                                             *                     +   14.00    0.9703
    15.00  +                                                                       *                           +   15.00    0.9659
    16.00  +                                                               *                                   +   16.00    0.9613
    17.00  +                                                      *                                            +   17.00    0.9563
    18.00  +                                               *                                                   +   18.00    0.9511
    19.00  +                                                 *                                                 +   19.00    0.9455
    20.00  +                                                         *                                         +   20.00    0.9397
    21.00  +                                                                *                                  +   21.00    0.9336
    22.00  +                                                                     *                             +   22.00    0.9272
    23.00  +                                                                        *                          +   23.00    0.9205
    24.00  +                                                                          *                        +   24.00    0.9135
    25.00  +                                                                           *                       +   25.00    0.9063
    26.00  +                                                                           *                       +   26.00    0.8988
    27.00  +                                                                          *                        +   27.00    0.8910
    28.00  +                                                                        *                          +   28.00    0.8829
    29.00  +                                                                    *                              +   29.00    0.8746
    30.00  +                                                               *                                   +   30.00    0.8660
    31.00  +                                                        *                                          +   31.00    0.8572
    32.00  +                                                *                                                  +   32.00    0.8480
    33.00  +                                        *                                                          +   33.00    0.8387
    34.00  +                                        *                                                          +   34.00    0.8290
    35.00  +                                               *                                                   +   35.00    0.8192
    36.00  +                                                       *                                           +   36.00    0.8090
    37.00  +                                                             *                                     +   37.00    0.7986
    38.00  +                                                                 *                                 +   38.00    0.7880
    39.00  +                                                                    *                              +   39.00    0.7771
    40.00  +                                                                     *                             +   40.00    0.7660
    41.00  +                                                                     *                             +   41.00    0.7547
    42.00  +                                                                     *                             +   42.00    0.7431
    43.00  +                                                                   *                               +   43.00    0.7314
    44.00  +                                                               *                                   +   44.00    0.7193
    45.00  +                                                           *                                       +   45.00    0.7071
    46.00  +                                                    *                                              +   46.00    0.6947
    47.00  +                                            *                                                      +   47.00    0.6820
    48.00  +                                    *                                                              +   48.00    0.6691
    49.00  +                                   *                                                               +   49.00    0.6561
    50.00  +                                           *                                                       +   50.00    0.6428
    51.00  +                                                   *                                               +   51.00    0.6293
    52.00  +                                                         *                                         +   52.00    0.6157
    53.00  +                                                             *                                     +   53.00    0.6018
    54.00  +                                                                *                                  +   54.00    0.5878
    55.00  +                                                                  *                                +   55.00    0.5736
    56.00  +                                                                  *                                +   56.00    0.5592
    57.00  +                                                                 *                                 +   57.00    0.5446
    58.00  +                                                                *                                  +   58.00    0.5299
    59.00  +                                                             *                                     +   59.00    0.5150
    60.00  |++++++++++++++++++++++++++++++++|+++++++++++++++++++++++*++++++++|++++++++++++++++++++++++++++++++|+   60.00    0.5000
    THETA  13                               14                               15                               16   THETA cos(theta)
1DWUCK4-DISTORTED WAVES U.COLORADO- PC-VERSION  12/Jan /1995
 Elapsed time in seconds =   0.00
 Elapsed time in seconds =   0.00
0CONTROL INTEGERS
  1 2 3 4 5 6 7 8 9 A B C D E F G H I J K    RUN IDENTIFICATION                                             0/00/00   0.00.00
  1 0 1 1 0 0 0 0 3 0 0 0 0 0 0 0 0 0 0 0    10Be(d,p)11Be Ex=2.80 QG UNB LMAX10 RMAX30 V9               
 10Be(d,p)11Be Ex=2.80 QG UNB LMAX10 RMAX30 V9               
 Adwck4 entered
0ANGLE DATA          THETN=  61.0000   THET1=   0.0000   DTHET=   1.0000   A-ANG=   0.0000   B-ANG=   0.0000
0CARD SET 3 DATA     LMAX =  10          LTR=   1
                     NLTR =   1        2*JTR=   3
0CARD SET 4 DATA     DRF  =   0.1000   RZ   =   0.0000   RMAX = -30.0000   VCE  =   0.0000   FNRNG=   0.0000
                     AMASS=   0.8000
 PARTICLE DATA 
0PARTICLE 1*******************************************************************************************************************
 INPUT DATA          ELAB =  17.4000   RC0  =   1.3030   AC   =   0.0000   2*STR=   2.0000
                     MASSP=   2.0000   MASST=  10.0000   Q    =   0.0000
                     ZP   =   1.0000   ZT   =   4.0000   PNLOC=   2.0000
 
 DERIVED DATA        ECM  =  14.5000   RC   =   2.8072   RHO  =   3.0186
                     K    =   1.0753   ETA  =   0.2136   DR   =   0.0080
0POTENTIAL PARAMETERS
 NX=1 VOLUME  W-S    V RL = -88.7440   R0RL =   1.1480   A RL =   0.7460   R RL =   2.4733   VSOR =   0.0000
                     V IM =  -2.1860   R0IM =   1.3510   A IM =   0.6400   R IM =   2.9106   VSOI =   0.0000   POWR =   0.0000
 NX=2 SURFACE W-S    V RL =   0.0000   R0RL =   0.0000   A RL =   0.0000   R RL =   0.0000   VSOR =   0.0000
                     V IM =  27.3930   R0IM =   1.4050   A IM =   0.6650   R IM =   3.0270   VSOI =   0.0000   POWR =   0.0000
 NX=4 L*S VOLUME     V RL = -14.2280   R0RL =   0.9720   A RL =   1.0110   R RL =   2.0941   VSOR =   0.0000
                     V IM =   0.0000   R0IM =   0.0000   A IM =   0.0000   R IM =   0.0000   VSOI =   0.0000   POWR =   0.0000
0PARTICLE 2*******************************************************************************************************************
 INPUT DATA          ELAB =  10.8862   RC0  =   1.5780   AC   =   0.0000   2*STR=   1.0000
                     MASSP=   1.0000   MASST=  11.0000   Q    =  -4.5210
                     ZP   =   1.0000   ZT   =   4.0000   PNLOC=   1.0000
 
 DERIVED DATA        ECM  =   9.9790   RC   =   3.5094   RHO  =   2.3217
                     K    =   0.6616   ETA  =   0.1909   DR   =   0.0073
0POTENTIAL PARAMETERS
 NX=1 VOLUME  W-S    V RL = -56.2800   R0RL =   1.1220   A RL =   0.6760   R RL =   2.4953   VSOR =   0.0000
                     V IM =  -1.1170   R0IM =   1.1220   A IM =   0.6760   R IM =   2.4953   VSOI =   0.0000   POWR =   0.0000
 NX=2 SURFACE W-S    V RL =   0.0000   R0RL =   0.0000   A RL =   0.0000   R RL =   0.0000   VSOR =   0.0000
                     V IM =  20.7710   R0IM =   1.3070   A IM =   0.5240   R IM =   2.9067   VSOI =   0.0000   POWR =   0.0000
 NX=4 L*S VOLUME     V RL = -21.8760   R0RL =   0.8940   A RL =   0.5900   R RL =   1.9882   VSOR =   0.0000
                     V IM =   0.8640   R0IM =   0.8940   A IM =   0.5900   R IM =   1.9882   VSOI =   0.0000   POWR =   0.0000
110Be(d,p)11Be Ex=2.80 QG UNB LMAX10 RMAX30 V9                  0/ 0/ 0
0FORM FACTOR DATA 
0PARTICLE 3*******************************************************************************************************************
 INPUT DATA          ELAB =   2.2960   RC0  =   1.3000   AC   =   0.0000   2*STR=   1.0000
                     MASSP=   1.0000   MASST=  10.0000   Q    =   2.2960
                     ZP   =   0.0000   ZT   =   4.0000   PNLOC=   1.0000
 
 DERIVED DATA        ECM  =   2.2960   RC   =   2.8008   RHO  =   0.8851
                     K    =   0.3160   ETA  =   0.0000   DR   =   0.0080
0POTENTIAL PARAMETERS
 NX=1 VOLUME  W-S    V RL =   1.0000   R0RL =   1.2500   A RL =   0.6500   R RL =   2.6930   VSOR =  24.0000
                     V IM =   1.1000   R0IM =   0.6500   A IM =   0.0000   R IM =   1.4004   VSOI =   0.0000   POWR =   0.0000
 
                     NODES=   0.0000   L    =   1.0000   2*J  =   3.0000   2*S  =   1.0000   FISW =   2.0000
 
                     COSD =  9.9955E-01               SIND = -3.0032E-02
                     V    =  28.3480   DET  =   0.0000   NODES=   0.0000   RM   =   2.6930   E    =   2.2960   ITER.=   0
0Non-locality correction is applied, parameter =   2.000
0Non-locality correction is applied, parameter =   1.000
0                    LMAX =  12        NSTEP= 300        NLTR =   1
 Bdwck4 entered
   Subroutine INTEG  entered
0REACSIG 1   2.04884E+01                                             REACSIG 2   1.10908E+01
   Subroutine RADINT entered
110Be(d,p)11Be Ex=2.80 QG UNB LMAX10 RMAX30 V9                  0/00/00
0BASIC DATA          DR   =   0.1000   RMIN =   0.0000   RMAX =  30.0000   COUEX=   0.0000     IS1=   1.0000
                     FNRNG=   0.0000   PNLC1=   2.0000   PNLC2=   1.0000   PNLC3=   1.0000     IS2=   0.5000
 ANG MOM TRANSFER    LTR  =   1.       2*JTR=   3.       2*STR=   1.       Q    =  -4.5210
   Subroutine INSIG  entered
0 Theta Inelsig,fm**2      Polz       Asy       Ayy       A22       A21       A20       T22       T21       T20  Theta
   0.00    3.4592E+16    0.0000    0.0000    0.0000    0.0000    0.0000    0.0006    0.0000    0.0000    0.0000   0.00
   1.00    3.7454E+16    0.0003    0.0005    0.0000   -0.0000    0.0000    0.0006    0.0000    0.0000    0.0000   1.00
   2.00    4.5645E+16    0.0004    0.0008    0.0000   -0.0000    0.0000    0.0006    0.0000    0.0000    0.0000   2.00
   3.00    5.8036E+16    0.0004    0.0009    0.0000   -0.0000    0.0000    0.0006    0.0000    0.0000    0.0000   3.00
   4.00    7.2915E+16    0.0004    0.0008    0.0000   -0.0000    0.0000    0.0006    0.0000    0.0000    0.0000   4.00
   5.00    8.8227E+16    0.0004    0.0007    0.0000   -0.0000    0.0000    0.0006    0.0000    0.0000    0.0000   5.00
   6.00    1.0185E+17    0.0003    0.0006    0.0000   -0.0000    0.0000    0.0006    0.0000    0.0000    0.0000   6.00
   7.00    1.1187E+17    0.0002    0.0005    0.0000   -0.0000    0.0000    0.0006    0.0000    0.0000    0.0000   7.00
   8.00    1.1685E+17    0.0002    0.0004    0.0000   -0.0000    0.0000    0.0006    0.0000    0.0000    0.0000   8.00
   9.00    1.1603E+17    0.0001    0.0003    0.0000   -0.0000    0.0000    0.0006    0.0000    0.0000    0.0000   9.00
  10.00    1.0936E+17    0.0001    0.0002    0.0000   -0.0000    0.0000    0.0006    0.0000    0.0000    0.0000  10.00
  11.00    9.7550E+16    0.0000    0.0001    0.0000   -0.0000    0.0000    0.0006    0.0000    0.0000    0.0000  11.00
  12.00    8.1939E+16   -0.0000   -0.0001    0.0000   -0.0000    0.0000    0.0006    0.0000    0.0000    0.0000  12.00
  13.00    6.4286E+16   -0.0001   -0.0002    0.0000   -0.0000    0.0000    0.0006    0.0000    0.0000    0.0000  13.00
  14.00    4.6536E+16   -0.0002   -0.0003    0.0000   -0.0000    0.0000    0.0006    0.0000    0.0000    0.0000  14.00
  15.00    3.0554E+16   -0.0003   -0.0005    0.0000   -0.0000    0.0000    0.0006    0.0000    0.0000    0.0000  15.00
  16.00    1.7877E+16   -0.0004   -0.0007    0.0000   -0.0000    0.0000    0.0006    0.0000    0.0000    0.0000  16.00
  17.00    9.5271E+15   -0.0004   -0.0008    0.0000   -0.0000   -0.0000    0.0006    0.0000    0.0000    0.0000  17.00
  18.00    5.8972E+15   -0.0001   -0.0003    0.0000   -0.0000    0.0000    0.0006    0.0000    0.0000    0.0000  18.00
  19.00    6.7336E+15    0.0003    0.0007    0.0000   -0.0000    0.0000    0.0006    0.0000    0.0000    0.0000  19.00
  20.00    1.1208E+16    0.0004    0.0009    0.0000   -0.0000    0.0000    0.0006    0.0000    0.0000    0.0000  20.00
  21.00    1.8068E+16    0.0004    0.0008    0.0000   -0.0000    0.0000    0.0006    0.0000    0.0000    0.0000  21.00
  22.00    2.5839E+16    0.0003    0.0006    0.0000   -0.0000    0.0000    0.0006    0.0000    0.0000    0.0000  22.00
  23.00    3.3052E+16    0.0002    0.0004    0.0000   -0.0000    0.0000    0.0006    0.0000    0.0000    0.0000  23.00
  24.00    3.8451E+16    0.0001    0.0003    0.0000   -0.0000    0.0000    0.0006    0.0000    0.0000    0.0000  24.00
  25.00    4.1165E+16    0.0001    0.0002    0.0000   -0.0000    0.0000    0.0006    0.0000    0.0000    0.0000  25.00
  26.00    4.0812E+16    0.0000    0.0001    0.0000   -0.0000    0.0000    0.0006    0.0000    0.0000    0.0000  26.00
  27.00    3.7523E+16   -0.0000   -0.0001    0.0000   -0.0000    0.0000    0.0006    0.0000    0.0000    0.0000  27.00
  28.00    3.1891E+16   -0.0001   -0.0002    0.0000   -0.0000    0.0000    0.0006    0.0000    0.0000    0.0000  28.00
  29.00    2.4849E+16   -0.0002   -0.0003    0.0000   -0.0000    0.0000    0.0006    0.0000    0.0000    0.0000  29.00
  30.00    1.7504E+16   -0.0003   -0.0005    0.0000   -0.0000    0.0000    0.0006    0.0000    0.0000    0.0000  30.00
  31.00    1.0957E+16   -0.0004   -0.0007    0.0000   -0.0000    0.0000    0.0006    0.0000    0.0000    0.0000  31.00
  32.00    6.1249E+15   -0.0004   -0.0008    0.0000   -0.0000    0.0000    0.0006    0.0000    0.0000    0.0000  32.00
  33.00    3.6085E+15   -0.0002   -0.0004    0.0000   -0.0000    0.0000    0.0006    0.0000    0.0000    0.0000  33.00
  34.00    3.6106E+15    0.0003    0.0006    0.0000   -0.0000    0.0000    0.0006    0.0000    0.0000    0.0000  34.00
  35.00    5.9229E+15    0.0005    0.0009    0.0000   -0.0000    0.0000    0.0006    0.0000    0.0000    0.0000  35.00
  36.00    9.9784E+15    0.0004    0.0008    0.0000   -0.0000    0.0000    0.0006    0.0000    0.0000    0.0000  36.00
  37.00    1.4958E+16    0.0003    0.0006    0.0000   -0.0000    0.0000    0.0006    0.0000    0.0000    0.0000  37.00
  38.00    1.9935E+16    0.0002    0.0004    0.0000   -0.0000    0.0000    0.0006    0.0000    0.0000    0.0000  38.00
  39.00    2.4027E+16    0.0001    0.0003    0.0000   -0.0000    0.0000    0.0006    0.0000    0.0000    0.0000  39.00
  40.00    2.6536E+16    0.0001    0.0002    0.0000   -0.0000    0.0000    0.0006    0.0000    0.0000    0.0000  40.00
  41.00    2.7058E+16    0.0000    0.0001    0.0000   -0.0000    0.0000    0.0006    0.0000    0.0000    0.0000  41.00
  42.00    2.5534E+16   -0.0000   -0.0001    0.0000   -0.0000    0.0000    0.0006    0.0000    0.0000    0.0000  42.00
  43.00    2.2245E+16   -0.0001   -0.0002    0.0000   -0.0000    0.0000    0.0006    0.0000    0.0000    0.0000  43.00
  44.00    1.7759E+16   -0.0002   -0.0003    0.0000   -0.0000    0.0000    0.0006    0.0000    0.0000    0.0000  44.00
  45.00    1.2820E+16   -0.0002   -0.0005    0.0000   -0.0000   -0.0000    0.0006    0.0000    0.0000    0.0000  45.00
  46.00    8.2267E+15   -0.0003   -0.0007    0.0000   -0.0000   -0.0000    0.0006    0.0000    0.0000    0.0000  46.00
  47.00    4.6934E+15   -0.0004   -0.0008    0.0000   -0.0000    0.0000    0.0006    0.0000    0.0000    0.0000  47.00
  48.00    2.7385E+15   -0.0002   -0.0005    0.0000   -0.0000    0.0000    0.0006    0.0000    0.0000    0.0000  48.00
  49.00    2.6032E+15    0.0003    0.0005    0.0000   -0.0000    0.0000    0.0006    0.0000    0.0000    0.0000  49.00
  50.00    4.2204E+15    0.0005    0.0009    0.0000   -0.0000    0.0000    0.0006    0.0000    0.0000    0.0000  50.00
  51.00    7.2347E+15    0.0004    0.0008    0.0000   -0.0000    0.0000    0.0006    0.0000    0.0000    0.0000  51.00
  52.00    1.1069E+16    0.0003    0.0006    0.0000   -0.0000    0.0000    0.0006    0.0000    0.0000    0.0000  52.00
  53.00    1.5026E+16    0.0002    0.0004    0.0000   -0.0000    0.0000    0.0006    0.0000    0.0000    0.0000  53.00
  54.00    1.8410E+16    0.0002    0.0003    0.0000   -0.0000    0.0000    0.0006    0.0000    0.0000    0.0000  54.00
  55.00    2.0637E+16    0.0001    0.0002    0.0000   -0.0000    0.0000    0.0006    0.0000    0.0000    0.0000  55.00
  56.00    2.1337E+16    0.0000    0.0001    0.0000   -0.0000    0.0000    0.0006    0.0000    0.0000    0.0000  56.00
  57.00    2.0401E+16   -0.0000   -0.0001    0.0000   -0.0000    0.0000    0.0006    0.0000    0.0000    0.0000  57.00
  58.00    1.8003E+16   -0.0001   -0.0002    0.0000   -0.0000    0.0000    0.0006    0.0000    0.0000    0.0000  58.00
  59.00    1.4557E+16   -0.0002   -0.0003    0.0000   -0.0000    0.0000    0.0006    0.0000    0.0000    0.0000  59.00
  60.00    1.0648E+16   -0.0002   -0.0005    0.0000   -0.0000    0.0000    0.0006    0.0000    0.0000    0.0000  60.00
0Tot-sig   1.9171E+17
1Inelastic  10Be(d,p)11Be Ex=2.80 QG UNB LMAX10 RMAX30 V9                  0/00/00
    THETA  15                               16                               17                               18   THETA cos(theta)
     0.00  |++++++++++++++++++++++++++++++++|+++++++++++++++++*++++++++++++++|++++++++++++++++++++++++++++++++|+    0.00    1.0000
     1.00  +                                                   *                                               +    1.00    0.9998
     2.00  +                                                      *                                            +    2.00    0.9994
     3.00  +                                                         *                                         +    3.00    0.9986
     4.00  +                                                            *                                      +    4.00    0.9976
     5.00  +                                                               *                                   +    5.00    0.9962
     6.00  +                                                                 *                                 +    6.00    0.9945
     7.00  +                                                                   *                               +    7.00    0.9925
     8.00  +                                                                   *                               +    8.00    0.9903
     9.00  +                                                                   *                               +    9.00    0.9877
    10.00  +                                                                  *                                +   10.00    0.9848
    11.00  +                                                                 *                                 +   11.00    0.9816
    12.00  +                                                              *                                    +   12.00    0.9781
    13.00  +                                                           *                                       +   13.00    0.9744
    14.00  +                                                      *                                            +   14.00    0.9703
    15.00  +                                                *                                                  +   15.00    0.9659
    16.00  +                                        *                                                          +   16.00    0.9613
    17.00  +                               *                                                                   +   17.00    0.9563
    18.00  +                        *                                                                          +   18.00    0.9511
    19.00  +                          *                                                                        +   19.00    0.9455
    20.00  +                                  *                                                                +   20.00    0.9397
    21.00  +                                        *                                                          +   21.00    0.9336
    22.00  +                                              *                                                    +   22.00    0.9272
    23.00  +                                                 *                                                 +   23.00    0.9205
    24.00  +                                                   *                                               +   24.00    0.9135
    25.00  +                                                    *                                              +   25.00    0.9063
    26.00  +                                                    *                                              +   26.00    0.8988
    27.00  +                                                   *                                               +   27.00    0.8910
    28.00  +                                                 *                                                 +   28.00    0.8829
    29.00  +                                             *                                                     +   29.00    0.8746
    30.00  +                                        *                                                          +   30.00    0.8660
    31.00  +                                 *                                                                 +   31.00    0.8572
    32.00  +                         *                                                                         +   32.00    0.8480
    33.00  +                 *                                                                                 +   33.00    0.8387
    34.00  +                 *                                                                                 +   34.00    0.8290
    35.00  +                        *                                                                          +   35.00    0.8192
    36.00  +                                *                                                                  +   36.00    0.8090
    37.00  +                                      *                                                            +   37.00    0.7986
    38.00  +                                          *                                                        +   38.00    0.7880
    39.00  +                                             *                                                     +   39.00    0.7771
    40.00  +                                              *                                                    +   40.00    0.7660
    41.00  +                                              *                                                    +   41.00    0.7547
    42.00  +                                             *                                                     +   42.00    0.7431
    43.00  +                                           *                                                       +   43.00    0.7314
    44.00  +                                        *                                                          +   44.00    0.7193
    45.00  +                                    *                                                              +   45.00    0.7071
    46.00  +                             *                                                                     +   46.00    0.6947
    47.00  +                     *                                                                             +   47.00    0.6820
    48.00  +             *                                                                                     +   48.00    0.6691
    49.00  +             *                                                                                     +   49.00    0.6561
    50.00  +                    *                                                                              +   50.00    0.6428
    51.00  +                           *                                                                       +   51.00    0.6293
    52.00  +                                 *                                                                 +   52.00    0.6157
    53.00  +                                      *                                                            +   53.00    0.6018
    54.00  +                                         *                                                         +   54.00    0.5878
    55.00  +                                          *                                                        +   55.00    0.5736
    56.00  +                                           *                                                       +   56.00    0.5592
    57.00  +                                          *                                                        +   57.00    0.5446
    58.00  +                                        *                                                          +   58.00    0.5299
    59.00  +                                     *                                                             +   59.00    0.5150
    60.00  |++++++++++++++++++++++++++++++++|*+++++++++++++++++++++++++++++++|++++++++++++++++++++++++++++++++|+   60.00    0.5000
    THETA  15                               16                               17                               18   THETA cos(theta)
1DWUCK4-DISTORTED WAVES U.COLORADO- PC-VERSION  12/Jan /1995
 Elapsed time in seconds =   0.00
 Elapsed time in seconds =   0.00
0CONTROL INTEGERS
  1 2 3 4 5 6 7 8 9 A B C D E F G H I J K    RUN IDENTIFICATION                                             0/00/00   0.00.00
  1 0 1 1 0 0 0 0 3 0 0 0 0 0 0 0 0 0 0 0    10Be(d,p)11Be Ex=3.00 QG UNB LMAX10 RMAX30 V9               
 10Be(d,p)11Be Ex=3.00 QG UNB LMAX10 RMAX30 V9               
 Adwck4 entered
0ANGLE DATA          THETN=  61.0000   THET1=   0.0000   DTHET=   1.0000   A-ANG=   0.0000   B-ANG=   0.0000
0CARD SET 3 DATA     LMAX =  10          LTR=   1
                     NLTR =   1        2*JTR=   3
0CARD SET 4 DATA     DRF  =   0.1000   RZ   =   0.0000   RMAX = -30.0000   VCE  =   0.0000   FNRNG=   0.0000
                     AMASS=   0.8000
 PARTICLE DATA 
0PARTICLE 1*******************************************************************************************************************
 INPUT DATA          ELAB =  17.4000   RC0  =   1.3030   AC   =   0.0000   2*STR=   2.0000
                     MASSP=   2.0000   MASST=  10.0000   Q    =   0.0000
                     ZP   =   1.0000   ZT   =   4.0000   PNLOC=   2.0000
 
 DERIVED DATA        ECM  =  14.5000   RC   =   2.8072   RHO  =   3.0186
                     K    =   1.0753   ETA  =   0.2136   DR   =   0.0080
0POTENTIAL PARAMETERS
 NX=1 VOLUME  W-S    V RL = -88.7440   R0RL =   1.1480   A RL =   0.7460   R RL =   2.4733   VSOR =   0.0000
                     V IM =  -2.1860   R0IM =   1.3510   A IM =   0.6400   R IM =   2.9106   VSOI =   0.0000   POWR =   0.0000
 NX=2 SURFACE W-S    V RL =   0.0000   R0RL =   0.0000   A RL =   0.0000   R RL =   0.0000   VSOR =   0.0000
                     V IM =  27.3930   R0IM =   1.4050   A IM =   0.6650   R IM =   3.0270   VSOI =   0.0000   POWR =   0.0000
 NX=4 L*S VOLUME     V RL = -14.2280   R0RL =   0.9720   A RL =   1.0110   R RL =   2.0941   VSOR =   0.0000
                     V IM =   0.0000   R0IM =   0.0000   A IM =   0.0000   R IM =   0.0000   VSOI =   0.0000   POWR =   0.0000
0PARTICLE 2*******************************************************************************************************************
 INPUT DATA          ELAB =  10.6680   RC0  =   1.5780   AC   =   0.0000   2*STR=   1.0000
                     MASSP=   1.0000   MASST=  11.0000   Q    =  -4.7210
                     ZP   =   1.0000   ZT   =   4.0000   PNLOC=   1.0000
 
 DERIVED DATA        ECM  =   9.7790   RC   =   3.5094   RHO  =   2.2983
                     K    =   0.6549   ETA  =   0.1929   DR   =   0.0073
0POTENTIAL PARAMETERS
 NX=1 VOLUME  W-S    V RL = -56.2800   R0RL =   1.1220   A RL =   0.6760   R RL =   2.4953   VSOR =   0.0000
                     V IM =  -1.1170   R0IM =   1.1220   A IM =   0.6760   R IM =   2.4953   VSOI =   0.0000   POWR =   0.0000
 NX=2 SURFACE W-S    V RL =   0.0000   R0RL =   0.0000   A RL =   0.0000   R RL =   0.0000   VSOR =   0.0000
                     V IM =  20.7710   R0IM =   1.3070   A IM =   0.5240   R IM =   2.9067   VSOI =   0.0000   POWR =   0.0000
 NX=4 L*S VOLUME     V RL = -21.8760   R0RL =   0.8940   A RL =   0.5900   R RL =   1.9882   VSOR =   0.0000
                     V IM =   0.8640   R0IM =   0.8940   A IM =   0.5900   R IM =   1.9882   VSOI =   0.0000   POWR =   0.0000
110Be(d,p)11Be Ex=3.00 QG UNB LMAX10 RMAX30 V9                  0/ 0/ 0
0FORM FACTOR DATA 
0PARTICLE 3*******************************************************************************************************************
 INPUT DATA          ELAB =   2.4960   RC0  =   1.3000   AC   =   0.0000   2*STR=   1.0000
                     MASSP=   1.0000   MASST=  10.0000   Q    =   2.4960
                     ZP   =   0.0000   ZT   =   4.0000   PNLOC=   1.0000
 
 DERIVED DATA        ECM  =   2.4960   RC   =   2.8008   RHO  =   0.9228
                     K    =   0.3295   ETA  =   0.0000   DR   =   0.0080
0POTENTIAL PARAMETERS
 NX=1 VOLUME  W-S    V RL =   1.0000   R0RL =   1.2500   A RL =   0.6500   R RL =   2.6930   VSOR =  24.0000
                     V IM =   1.1000   R0IM =   0.6500   A IM =   0.0000   R IM =   1.4004   VSOI =   0.0000   POWR =   0.0000
 
                     NODES=   0.0000   L    =   1.0000   2*J  =   3.0000   2*S  =   1.0000   FISW =   2.0000
 
                     COSD =  9.9943E-01               SIND = -3.3672E-02
                     V    =  28.3480   DET  =   0.0000   NODES=   0.0000   RM   =   2.6930   E    =   2.4960   ITER.=   0
0Non-locality correction is applied, parameter =   2.000
0Non-locality correction is applied, parameter =   1.000
0                    LMAX =  12        NSTEP= 300        NLTR =   1
 Bdwck4 entered
   Subroutine INTEG  entered
0REACSIG 1   2.04884E+01                                             REACSIG 2   1.14533E+01
   Subroutine RADINT entered
110Be(d,p)11Be Ex=3.00 QG UNB LMAX10 RMAX30 V9                  0/00/00
0BASIC DATA          DR   =   0.1000   RMIN =   0.0000   RMAX =  30.0000   COUEX=   0.0000     IS1=   1.0000
                     FNRNG=   0.0000   PNLC1=   2.0000   PNLC2=   1.0000   PNLC3=   1.0000     IS2=   0.5000
 ANG MOM TRANSFER    LTR  =   1.       2*JTR=   3.       2*STR=   1.       Q    =  -4.7210
   Subroutine INSIG  entered
0 Theta Inelsig,fm**2      Polz       Asy       Ayy       A22       A21       A20       T22       T21       T20  Theta
   0.00    1.6743E+16    0.0000    0.0000    0.0000    0.0000    0.0000    0.0006    0.0000    0.0000    0.0000   0.00
   1.00    1.8067E+16    0.0002    0.0005    0.0000   -0.0000    0.0000    0.0006    0.0000    0.0000    0.0000   1.00
   2.00    2.1854E+16    0.0004    0.0007    0.0000   -0.0000    0.0000    0.0006    0.0000    0.0000    0.0000   2.00
   3.00    2.7581E+16    0.0004    0.0008    0.0000   -0.0000    0.0000    0.0006    0.0000    0.0000    0.0000   3.00
   4.00    3.4455E+16    0.0004    0.0007    0.0000   -0.0000    0.0000    0.0006    0.0000    0.0000    0.0000   4.00
   5.00    4.1522E+16    0.0003    0.0007    0.0000   -0.0000    0.0000    0.0006    0.0000    0.0000    0.0000   5.00
   6.00    4.7799E+16    0.0003    0.0006    0.0000   -0.0000    0.0000    0.0006    0.0000    0.0000    0.0000   6.00
   7.00    5.2402E+16    0.0002    0.0005    0.0000   -0.0000    0.0000    0.0006    0.0000    0.0000    0.0000   7.00
   8.00    5.4668E+16    0.0002    0.0004    0.0000   -0.0000    0.0000    0.0006    0.0000    0.0000    0.0000   8.00
   9.00    5.4235E+16    0.0001    0.0003    0.0000   -0.0000    0.0000    0.0006    0.0000    0.0000    0.0000   9.00
  10.00    5.1092E+16    0.0001    0.0002    0.0000   -0.0000    0.0000    0.0006    0.0000    0.0000    0.0000  10.00
  11.00    4.5567E+16    0.0000    0.0001    0.0000   -0.0000    0.0000    0.0006    0.0000    0.0000    0.0000  11.00
  12.00    3.8281E+16   -0.0000   -0.0000    0.0000   -0.0000    0.0000    0.0006    0.0000    0.0000    0.0000  12.00
  13.00    3.0051E+16   -0.0001   -0.0002    0.0000   -0.0000    0.0000    0.0006    0.0000    0.0000    0.0000  13.00
  14.00    2.1782E+16   -0.0002   -0.0003    0.0000   -0.0000    0.0000    0.0006    0.0000    0.0000    0.0000  14.00
  15.00    1.4339E+16   -0.0002   -0.0005    0.0000   -0.0000    0.0000    0.0006    0.0000    0.0000    0.0000  15.00
  16.00    8.4361E+15   -0.0003   -0.0006    0.0000   -0.0000    0.0000    0.0006    0.0000    0.0000    0.0000  16.00
  17.00    4.5463E+15   -0.0004   -0.0007    0.0000   -0.0000    0.0000    0.0006    0.0000    0.0000    0.0000  17.00
  18.00    2.8520E+15   -0.0001   -0.0002    0.0000   -0.0000    0.0000    0.0006    0.0000    0.0000    0.0000  18.00
  19.00    3.2348E+15    0.0003    0.0007    0.0000   -0.0000    0.0000    0.0006    0.0000    0.0000    0.0000  19.00
  20.00    5.3094E+15    0.0004    0.0008    0.0000   -0.0000    0.0000    0.0006    0.0000    0.0000    0.0000  20.00
  21.00    8.4935E+15    0.0003    0.0007    0.0000   -0.0000    0.0000    0.0006    0.0000    0.0000    0.0000  21.00
  22.00    1.2102E+16    0.0003    0.0005    0.0000   -0.0000    0.0000    0.0006    0.0000    0.0000    0.0000  22.00
  23.00    1.5452E+16    0.0002    0.0004    0.0000   -0.0000    0.0000    0.0006    0.0000    0.0000    0.0000  23.00
  24.00    1.7960E+16    0.0001    0.0003    0.0000   -0.0000    0.0000    0.0006    0.0000    0.0000    0.0000  24.00
  25.00    1.9220E+16    0.0001    0.0002    0.0000   -0.0000    0.0000    0.0006    0.0000    0.0000    0.0000  25.00
  26.00    1.9055E+16    0.0000    0.0001    0.0000   -0.0000    0.0000    0.0006    0.0000    0.0000    0.0000  26.00
  27.00    1.7526E+16   -0.0000   -0.0001    0.0000   -0.0000    0.0000    0.0006    0.0000    0.0000    0.0000  27.00
  28.00    1.4908E+16   -0.0001   -0.0002    0.0000   -0.0000    0.0000    0.0006    0.0000    0.0000    0.0000  28.00
  29.00    1.1633E+16   -0.0001   -0.0003    0.0000   -0.0000    0.0000    0.0006    0.0000    0.0000    0.0000  29.00
  30.00    8.2164E+15   -0.0002   -0.0004    0.0000   -0.0000    0.0000    0.0006    0.0000    0.0000    0.0000  30.00
  31.00    5.1692E+15   -0.0003   -0.0006    0.0000   -0.0000   -0.0000    0.0006    0.0000    0.0000    0.0000  31.00
  32.00    2.9181E+15   -0.0003   -0.0007    0.0000   -0.0000   -0.0000    0.0006    0.0000    0.0000    0.0000  32.00
  33.00    1.7426E+15   -0.0002   -0.0003    0.0000   -0.0000    0.0000    0.0006    0.0000    0.0000    0.0000  33.00
  34.00    1.7374E+15    0.0003    0.0006    0.0000   -0.0000    0.0000    0.0006    0.0000    0.0000    0.0000  34.00
  35.00    2.8062E+15    0.0004    0.0009    0.0000   -0.0000    0.0000    0.0006    0.0000    0.0000    0.0000  35.00
  36.00    4.6863E+15    0.0004    0.0007    0.0000   -0.0000    0.0000    0.0006    0.0000    0.0000    0.0000  36.00
  37.00    6.9975E+15    0.0003    0.0006    0.0000   -0.0000    0.0000    0.0006    0.0000    0.0000    0.0000  37.00
  38.00    9.3092E+15    0.0002    0.0004    0.0000   -0.0000    0.0000    0.0006    0.0000    0.0000    0.0000  38.00
  39.00    1.1211E+16    0.0001    0.0003    0.0000   -0.0000    0.0000    0.0006    0.0000    0.0000    0.0000  39.00
  40.00    1.2379E+16    0.0001    0.0002    0.0000   -0.0000    0.0000    0.0006    0.0000    0.0000    0.0000  40.00
  41.00    1.2625E+16    0.0000    0.0001    0.0000   -0.0000    0.0000    0.0006    0.0000    0.0000    0.0000  41.00
  42.00    1.1920E+16   -0.0000   -0.0000    0.0000   -0.0000    0.0000    0.0006    0.0000    0.0000    0.0000  42.00
  43.00    1.0395E+16   -0.0001   -0.0002    0.0000   -0.0000    0.0000    0.0006    0.0000    0.0000    0.0000  43.00
  44.00    8.3121E+15   -0.0001   -0.0003    0.0000   -0.0000    0.0000    0.0006    0.0000    0.0000    0.0000  44.00
  45.00    6.0172E+15   -0.0002   -0.0004    0.0000   -0.0000    0.0000    0.0006    0.0000    0.0000    0.0000  45.00
  46.00    3.8808E+15   -0.0003   -0.0006    0.0000   -0.0000    0.0000    0.0006    0.0000    0.0000    0.0000  46.00
  47.00    2.2351E+15   -0.0003   -0.0007    0.0000   -0.0000    0.0000    0.0006    0.0000    0.0000    0.0000  47.00
  48.00    1.3214E+15   -0.0002   -0.0003    0.0000   -0.0000    0.0000    0.0006    0.0000    0.0000    0.0000  48.00
  49.00    1.2524E+15    0.0003    0.0006    0.0000   -0.0000    0.0000    0.0006    0.0000    0.0000    0.0000  49.00
  50.00    1.9977E+15    0.0005    0.0009    0.0000   -0.0000    0.0000    0.0006    0.0000    0.0000    0.0000  50.00
  51.00    3.3929E+15    0.0004    0.0008    0.0000   -0.0000    0.0000    0.0006    0.0000    0.0000    0.0000  51.00
  52.00    5.1707E+15    0.0003    0.0006    0.0000   -0.0000    0.0000    0.0006    0.0000    0.0000    0.0000  52.00
  53.00    7.0078E+15    0.0002    0.0004    0.0000   -0.0000    0.0000    0.0006    0.0000    0.0000    0.0000  53.00
  54.00    8.5804E+15    0.0001    0.0003    0.0000   -0.0000    0.0000    0.0006    0.0000    0.0000    0.0000  54.00
  55.00    9.6179E+15    0.0001    0.0002    0.0000   -0.0000    0.0000    0.0006    0.0000    0.0000    0.0000  55.00
  56.00    9.9466E+15    0.0000    0.0001    0.0000   -0.0000    0.0000    0.0006    0.0000    0.0000    0.0000  56.00
  57.00    9.5167E+15   -0.0000   -0.0000    0.0000   -0.0000   -0.0000    0.0006    0.0000    0.0000    0.0000  57.00
  58.00    8.4072E+15   -0.0001   -0.0002    0.0000   -0.0000   -0.0000    0.0006    0.0000    0.0000    0.0000  58.00
  59.00    6.8100E+15   -0.0001   -0.0003    0.0000   -0.0000   -0.0000    0.0006    0.0000    0.0000    0.0000  59.00
  60.00    4.9956E+15   -0.0002   -0.0004    0.0000   -0.0000   -0.0000    0.0006    0.0000    0.0000    0.0000  60.00
0Tot-sig   8.9471E+16
1Inelastic  10Be(d,p)11Be Ex=3.00 QG UNB LMAX10 RMAX30 V9                  0/00/00
    THETA  14                               15                               16                               17   THETA cos(theta)
     0.00  |++++++++++++++++++++++++++++++++|++++++++++++++++++++++++++++++++|++++++*+++++++++++++++++++++++++|+    0.00    1.0000
     1.00  +                                                                         *                         +    1.00    0.9998
     2.00  +                                                                            *                      +    2.00    0.9994
     3.00  +                                                                                *                  +    3.00    0.9986
     4.00  +                                                                                   *               +    4.00    0.9976
     5.00  +                                                                                     *             +    5.00    0.9962
     6.00  +                                                                                       *           +    6.00    0.9945
     7.00  +                                                                                         *         +    7.00    0.9925
     8.00  +                                                                                         *         +    8.00    0.9903
     9.00  +                                                                                         *         +    9.00    0.9877
    10.00  +                                                                                        *          +   10.00    0.9848
    11.00  +                                                                                       *           +   11.00    0.9816
    12.00  +                                                                                    *              +   12.00    0.9781
    13.00  +                                                                                 *                 +   13.00    0.9744
    14.00  +                                                                            *                      +   14.00    0.9703
    15.00  +                                                                      *                            +   15.00    0.9659
    16.00  +                                                               *                                   +   16.00    0.9613
    17.00  +                                                      *                                            +   17.00    0.9563
    18.00  +                                               *                                                   +   18.00    0.9511
    19.00  +                                                 *                                                 +   19.00    0.9455
    20.00  +                                                        *                                          +   20.00    0.9397
    21.00  +                                                               *                                   +   21.00    0.9336
    22.00  +                                                                    *                              +   22.00    0.9272
    23.00  +                                                                       *                           +   23.00    0.9205
    24.00  +                                                                         *                         +   24.00    0.9135
    25.00  +                                                                          *                        +   25.00    0.9063
    26.00  +                                                                          *                        +   26.00    0.8988
    27.00  +                                                                         *                         +   27.00    0.8910
    28.00  +                                                                       *                           +   28.00    0.8829
    29.00  +                                                                   *                               +   29.00    0.8746
    30.00  +                                                              *                                    +   30.00    0.8660
    31.00  +                                                        *                                          +   31.00    0.8572
    32.00  +                                               *                                                   +   32.00    0.8480
    33.00  +                                        *                                                          +   33.00    0.8387
    34.00  +                                        *                                                          +   34.00    0.8290
    35.00  +                                               *                                                   +   35.00    0.8192
    36.00  +                                                      *                                            +   36.00    0.8090
    37.00  +                                                            *                                      +   37.00    0.7986
    38.00  +                                                                *                                  +   38.00    0.7880
    39.00  +                                                                   *                               +   39.00    0.7771
    40.00  +                                                                    *                              +   40.00    0.7660
    41.00  +                                                                    *                              +   41.00    0.7547
    42.00  +                                                                    *                              +   42.00    0.7431
    43.00  +                                                                  *                                +   43.00    0.7314
    44.00  +                                                              *                                    +   44.00    0.7193
    45.00  +                                                          *                                        +   45.00    0.7071
    46.00  +                                                   *                                               +   46.00    0.6947
    47.00  +                                            *                                                      +   47.00    0.6820
    48.00  +                                    *                                                              +   48.00    0.6691
    49.00  +                                   *                                                               +   49.00    0.6561
    50.00  +                                          *                                                        +   50.00    0.6428
    51.00  +                                                  *                                                +   51.00    0.6293
    52.00  +                                                        *                                          +   52.00    0.6157
    53.00  +                                                            *                                      +   53.00    0.6018
    54.00  +                                                               *                                   +   54.00    0.5878
    55.00  +                                                                *                                  +   55.00    0.5736
    56.00  +                                                                 *                                 +   56.00    0.5592
    57.00  +                                                                *                                  +   57.00    0.5446
    58.00  +                                                               *                                   +   58.00    0.5299
    59.00  +                                                           *                                       +   59.00    0.5150
    60.00  |++++++++++++++++++++++++++++++++|++++++++++++++++++++++*+++++++++|++++++++++++++++++++++++++++++++|+   60.00    0.5000
    THETA  14                               15                               16                               17   THETA cos(theta)
1DWUCK4-DISTORTED WAVES U.COLORADO- PC-VERSION  12/Jan /1995
 Elapsed time in seconds =   0.00
 Elapsed time in seconds =   0.00
0CONTROL INTEGERS
  1 2 3 4 5 6 7 8 9 A B C D E F G H I J K    RUN IDENTIFICATION                                             0/00/00   0.00.00
  9 0 0 0 0 0 0 0 0 0 0 0 0 0 0 0 0 0 0 0    END OF DATA for DWUCK4                                      
