1********************DWUCK4 AT YOUR SERVICE********************

 installed         Mon May 21 11:05:50 1990                
 today is          Mon Mar 16 12:00:51 2026




















                    *******************************************************
                    *                                                     *
                    * User     : calemhoffman                             *
                    * Directory: <- /Users/calemhoffman/Documents/GitHub/ *
                    * Input    : Standard Input                           *
                    * Output   : Standard Output                          *
                    *                                                     *
                    *******************************************************
1
0DWUCK4-DISTORTED WAVES U.COLORADO- PC-VERSION  12/Jan /1995
 Elapsed time in seconds =   0.00
 Elapsed time in seconds =   0.00
0CONTROL INTEGERS
  1 2 3 4 5 6 7 8 9 A B C D E F G H I J K    RUN IDENTIFICATION                                             0/00/00   0.00.00
  1 0 1 1 0 0 0 0 3 0 0 0 0 0 0 0 0 0 0 0    10Be(d,p)11Be(3/2- 0.00) Ex=0.60 0p3/2 AK UNBOUND SCAN      
 10Be(d,p)11Be(3/2- 0.00) Ex=0.60 0p3/2 AK UNBOUND SCAN      
 Adwck4 entered
0ANGLE DATA          THETN=  61.0000   THET1=   0.0000   DTHET=   1.0000   A-ANG=   0.0000   B-ANG=   0.0000
0CARD SET 3 DATA     LMAX =  15          LTR=   1
                     NLTR =   1        2*JTR=   3
0CARD SET 4 DATA     DRF  =   0.1000   RZ   =   0.0000   RMAX = -15.0000   VCE  =   0.0000   FNRNG=   0.0000
 PARTICLE DATA 
0PARTICLE 1*******************************************************************************************************************
 INPUT DATA          ELAB =  17.4000   RC0  =   1.3030   AC   =   0.0000   2*STR=   0.0000
                     MASSP=   2.0000   MASST=  10.0000   Q    =   0.0000
                     ZP   =   1.0000   ZT   =   4.0000   PNLOC=   2.0000
 
 DERIVED DATA        ECM  =  14.5000   RC   =   2.8072   RHO  =   3.0186
                     K    =   1.0753   ETA  =   0.2136   DR   =   0.1000
0POTENTIAL PARAMETERS
 NX=1 VOLUME  W-S    V RL = -88.7440   R0RL =   1.1480   A RL =   0.7460   R RL =   2.4733   VSOR =   0.0000
                     V IM =  -2.1860   R0IM =   1.3510   A IM =   0.6400   R IM =   2.9106   VSOI =   0.0000   POWR =   0.0000
 NX=2 SURFACE W-S    V RL =   0.0000   R0RL =   0.0000   A RL =   0.0000   R RL =   0.0000   VSOR =   0.0000
                     V IM =  27.3930   R0IM =   1.4050   A IM =   0.6650   R IM =   3.0270   VSOI =   0.0000   POWR =   0.0000
 NX=4 L*S VOLUME     V RL = -14.2280   R0RL =   0.9720   A RL =   1.0110   R RL =   2.0941   VSOR =   0.0000
                     V IM =   0.0000   R0IM =   0.0000   A IM =   0.0000   R IM =   0.0000   VSOI =   0.0000   POWR =   0.0000
0PARTICLE 2*******************************************************************************************************************
 INPUT DATA          ELAB =  13.2862   RC0  =   1.5780   AC   =   0.0000   2*STR=   0.0000
                     MASSP=   1.0000   MASST=  11.0000   Q    =  -2.3210
                     ZP   =   1.0000   ZT   =   4.0000   PNLOC=   1.0000
 
 DERIVED DATA        ECM  =  12.1790   RC   =   3.5094   RHO  =   2.5649
                     K    =   0.7309   ETA  =   0.1728   DR   =   0.0909
0POTENTIAL PARAMETERS
 NX=1 VOLUME  W-S    V RL = -56.2800   R0RL =   1.1220   A RL =   0.6760   R RL =   2.4953   VSOR =   0.0000
                     V IM =  -1.1170   R0IM =   1.1220   A IM =   0.6760   R IM =   2.4953   VSOI =   0.0000   POWR =   0.0000
 NX=2 SURFACE W-S    V RL =   0.0000   R0RL =   0.0000   A RL =   0.0000   R RL =   0.0000   VSOR =   0.0000
                     V IM =  20.7710   R0IM =   1.3070   A IM =   0.5240   R IM =   2.9067   VSOI =   0.0000   POWR =   0.0000
 NX=4 L*S VOLUME     V RL = -21.8760   R0RL =   0.8940   A RL =   0.5900   R RL =   1.9882   VSOR =   0.0000
                     V IM =   0.2160   R0IM =   0.8940   A IM =   0.5900   R IM =   1.9882   VSOI =   0.0000   POWR =   0.0000
110Be(d,p)11Be(3/2- 0.00) Ex=0.60 0p3/2 AK UNBOUND SCAN         0/ 0/ 0
0FORM FACTOR DATA 
0PARTICLE 3*******************************************************************************************************************
 INPUT DATA          ELAB =   0.0960   RC0  =   1.3000   AC   =   0.0000   2*STR=   0.0000
                     MASSP=   1.0000   MASST=  10.0000   Q    =   0.0960
                     ZP   =   0.0000   ZT   =   4.0000   PNLOC=   1.0000
 
 DERIVED DATA        ECM  =   0.0960   RC   =   2.8008   RHO  =   0.1810
                     K    =   0.0646   ETA  =   0.0000   DR   =   0.1000
0POTENTIAL PARAMETERS
 NX=1 VOLUME  W-S    V RL =  -1.0000   R0RL =   1.2500   A RL =   0.6500   R RL =   2.6930   VSOR =  24.0000
                     V IM =   1.1000   R0IM =   0.6500   A IM =   0.0000   R IM =   1.4004   VSOI =   0.0000   POWR =   0.0000
 
                     NODES=   0.0000   L    =   1.0000   2*J  =   3.0000   2*S  =   1.0000   FISW =   0.0000
 
0SINGLE PARTICLE WIDTH = 3.2532E -2  MEV     VOLUME TERM =  9.0112E+01     SURFACE TERM =  1.2230E+00
                     V    =  28.3481   DET  =   0.0000   NODES=   0.0000   RM   =   4.3500   E    =   0.0960   ITER.=   6
0Non-locality correction is applied, parameter =   2.000
0Non-locality correction is applied, parameter =   1.000
0*****  Warning  *****  CLASSICAL TURNING POINT FOR BOUNDSTATE = 21.8855  IS GREATER THAN RMAX =-15.0000
0                    LMAX =  15        NSTEP= 150        NLTR =   1
 Bdwck4 entered
   Subroutine INTEG  entered
0REACSIG 1   9.04890E+01                                             REACSIG 2   5.70373E+01
   Subroutine RADINT entered
110Be(d,p)11Be(3/2- 0.00) Ex=0.60 0p3/2 AK UNBOUND SCAN         0/00/00
0BASIC DATA          DR   =   0.1000   RMIN =   0.0000   RMAX =  15.0000   COUEX=   0.0000     IS1=   0.0000
                     FNRNG=   0.0000   PNLC1=   2.0000   PNLC2=   1.0000   PNLC3=   1.0000     IS2=   0.0000
 ANG MOM TRANSFER    LTR  =   1.       2*JTR=   2.       2*STR=   0.       Q    =  -2.3210
   Subroutine INSIG  entered
0 Theta Inelsig,fm**2      Polz       Asy       Ayy       A22       A21       A20       T22       T21       T20  Theta
   0.00    5.5887E+00    0.0000    0.0000    0.0000    0.0000    0.0000    0.0000    0.0000    0.0000    0.0000   0.00
   1.00    5.5705E+00    0.0000    0.0000    0.0000    0.0000    0.0000    0.0000    0.0000    0.0000    0.0000   1.00
   2.00    5.5163E+00    0.0000    0.0000    0.0000    0.0000    0.0000    0.0000    0.0000    0.0000    0.0000   2.00
   3.00    5.4273E+00    0.0000    0.0000    0.0000    0.0000    0.0000    0.0000    0.0000    0.0000    0.0000   3.00
   4.00    5.3056E+00    0.0000    0.0000    0.0000    0.0000    0.0000    0.0000    0.0000    0.0000    0.0000   4.00
   5.00    5.1540E+00    0.0000    0.0000    0.0000    0.0000    0.0000    0.0000    0.0000    0.0000    0.0000   5.00
   6.00    4.9759E+00    0.0000    0.0000    0.0000    0.0000    0.0000    0.0000    0.0000    0.0000    0.0000   6.00
   7.00    4.7752E+00    0.0000    0.0000    0.0000    0.0000    0.0000    0.0000    0.0000    0.0000    0.0000   7.00
   8.00    4.5561E+00    0.0000    0.0000    0.0000    0.0000    0.0000    0.0000    0.0000    0.0000    0.0000   8.00
   9.00    4.3229E+00    0.0000    0.0000    0.0000    0.0000    0.0000    0.0000    0.0000    0.0000    0.0000   9.00
  10.00    4.0803E+00    0.0000    0.0000    0.0000    0.0000    0.0000    0.0000    0.0000    0.0000    0.0000  10.00
  11.00    3.8324E+00    0.0000    0.0000    0.0000    0.0000    0.0000    0.0000    0.0000    0.0000    0.0000  11.00
  12.00    3.5837E+00    0.0000    0.0000    0.0000    0.0000    0.0000    0.0000    0.0000    0.0000    0.0000  12.00
  13.00    3.3377E+00    0.0000    0.0000    0.0000    0.0000    0.0000    0.0000    0.0000    0.0000    0.0000  13.00
  14.00    3.0981E+00    0.0000    0.0000    0.0000    0.0000    0.0000    0.0000    0.0000    0.0000    0.0000  14.00
  15.00    2.8676E+00    0.0000    0.0000    0.0000    0.0000    0.0000    0.0000    0.0000    0.0000    0.0000  15.00
  16.00    2.6489E+00    0.0000    0.0000    0.0000    0.0000    0.0000    0.0000    0.0000    0.0000    0.0000  16.00
  17.00    2.4437E+00    0.0000    0.0000    0.0000    0.0000    0.0000    0.0000    0.0000    0.0000    0.0000  17.00
  18.00    2.2534E+00    0.0000    0.0000    0.0000    0.0000    0.0000    0.0000    0.0000    0.0000    0.0000  18.00
  19.00    2.0789E+00    0.0000    0.0000    0.0000    0.0000    0.0000    0.0000    0.0000    0.0000    0.0000  19.00
  20.00    1.9206E+00    0.0000    0.0000    0.0000    0.0000    0.0000    0.0000    0.0000    0.0000    0.0000  20.00
  21.00    1.7785E+00    0.0000    0.0000    0.0000    0.0000    0.0000    0.0000    0.0000    0.0000    0.0000  21.00
  22.00    1.6523E+00    0.0000    0.0000    0.0000    0.0000    0.0000    0.0000    0.0000    0.0000    0.0000  22.00
  23.00    1.5413E+00    0.0000    0.0000    0.0000    0.0000    0.0000    0.0000    0.0000    0.0000    0.0000  23.00
  24.00    1.4448E+00    0.0000    0.0000    0.0000    0.0000    0.0000    0.0000    0.0000    0.0000    0.0000  24.00
  25.00    1.3615E+00    0.0000    0.0000    0.0000    0.0000    0.0000    0.0000    0.0000    0.0000    0.0000  25.00
  26.00    1.2906E+00    0.0000    0.0000    0.0000    0.0000    0.0000    0.0000    0.0000    0.0000    0.0000  26.00
  27.00    1.2308E+00    0.0000    0.0000    0.0000    0.0000    0.0000    0.0000    0.0000    0.0000    0.0000  27.00
  28.00    1.1808E+00    0.0000    0.0000    0.0000    0.0000    0.0000    0.0000    0.0000    0.0000    0.0000  28.00
  29.00    1.1396E+00    0.0000    0.0000    0.0000    0.0000    0.0000    0.0000    0.0000    0.0000    0.0000  29.00
  30.00    1.1060E+00    0.0000    0.0000    0.0000    0.0000    0.0000    0.0000    0.0000    0.0000    0.0000  30.00
  31.00    1.0789E+00    0.0000    0.0000    0.0000    0.0000    0.0000    0.0000    0.0000    0.0000    0.0000  31.00
  32.00    1.0571E+00    0.0000    0.0000    0.0000    0.0000    0.0000    0.0000    0.0000    0.0000    0.0000  32.00
  33.00    1.0399E+00    0.0000    0.0000    0.0000    0.0000    0.0000    0.0000    0.0000    0.0000    0.0000  33.00
  34.00    1.0261E+00    0.0000    0.0000    0.0000    0.0000    0.0000    0.0000    0.0000    0.0000    0.0000  34.00
  35.00    1.0151E+00    0.0000    0.0000    0.0000    0.0000    0.0000    0.0000    0.0000    0.0000    0.0000  35.00
  36.00    1.0059E+00    0.0000    0.0000    0.0000    0.0000    0.0000    0.0000    0.0000    0.0000    0.0000  36.00
  37.00    9.9791E-01    0.0000    0.0000    0.0000    0.0000    0.0000    0.0000    0.0000    0.0000    0.0000  37.00
  38.00    9.9045E-01    0.0000    0.0000    0.0000    0.0000    0.0000    0.0000    0.0000    0.0000    0.0000  38.00
  39.00    9.8294E-01    0.0000    0.0000    0.0000    0.0000    0.0000    0.0000    0.0000    0.0000    0.0000  39.00
  40.00    9.7484E-01    0.0000    0.0000    0.0000    0.0000    0.0000    0.0000    0.0000    0.0000    0.0000  40.00
  41.00    9.6573E-01    0.0000    0.0000    0.0000    0.0000    0.0000    0.0000    0.0000    0.0000    0.0000  41.00
  42.00    9.5522E-01    0.0000    0.0000    0.0000    0.0000    0.0000    0.0000    0.0000    0.0000    0.0000  42.00
  43.00    9.4304E-01    0.0000    0.0000    0.0000    0.0000    0.0000    0.0000    0.0000    0.0000    0.0000  43.00
  44.00    9.2896E-01    0.0000    0.0000    0.0000    0.0000    0.0000    0.0000    0.0000    0.0000    0.0000  44.00
  45.00    9.1285E-01    0.0000    0.0000    0.0000    0.0000    0.0000    0.0000    0.0000    0.0000    0.0000  45.00
  46.00    8.9467E-01    0.0000    0.0000    0.0000    0.0000    0.0000    0.0000    0.0000    0.0000    0.0000  46.00
  47.00    8.7442E-01    0.0000    0.0000    0.0000    0.0000    0.0000    0.0000    0.0000    0.0000    0.0000  47.00
  48.00    8.5220E-01    0.0000    0.0000    0.0000    0.0000    0.0000    0.0000    0.0000    0.0000    0.0000  48.00
  49.00    8.2814E-01    0.0000    0.0000    0.0000    0.0000    0.0000    0.0000    0.0000    0.0000    0.0000  49.00
  50.00    8.0243E-01    0.0000    0.0000    0.0000    0.0000    0.0000    0.0000    0.0000    0.0000    0.0000  50.00
  51.00    7.7531E-01    0.0000    0.0000    0.0000    0.0000    0.0000    0.0000    0.0000    0.0000    0.0000  51.00
  52.00    7.4702E-01    0.0000    0.0000    0.0000    0.0000    0.0000    0.0000    0.0000    0.0000    0.0000  52.00
  53.00    7.1784E-01    0.0000    0.0000    0.0000    0.0000    0.0000    0.0000    0.0000    0.0000    0.0000  53.00
  54.00    6.8805E-01    0.0000    0.0000    0.0000    0.0000    0.0000    0.0000    0.0000    0.0000    0.0000  54.00
  55.00    6.5789E-01    0.0000    0.0000    0.0000    0.0000    0.0000    0.0000    0.0000    0.0000    0.0000  55.00
  56.00    6.2763E-01    0.0000    0.0000    0.0000    0.0000    0.0000    0.0000    0.0000    0.0000    0.0000  56.00
  57.00    5.9750E-01    0.0000    0.0000    0.0000    0.0000    0.0000    0.0000    0.0000    0.0000    0.0000  57.00
  58.00    5.6769E-01    0.0000    0.0000    0.0000    0.0000    0.0000    0.0000    0.0000    0.0000    0.0000  58.00
  59.00    5.3840E-01    0.0000    0.0000    0.0000    0.0000    0.0000    0.0000    0.0000    0.0000    0.0000  59.00
  60.00    5.0975E-01    0.0000    0.0000    0.0000    0.0000    0.0000    0.0000    0.0000    0.0000    0.0000  60.00
0Tot-sig   5.1800E+00
1Inelastic  10Be(d,p)11Be(3/2- 0.00) Ex=0.60 0p3/2 AK UNBOUND SCAN         0/00/00
    THETA  -2                               -1                                0                                1   THETA cos(theta)
     0.00  |++++++++++++++++++++++++++++++++|++++++++++++++++++++++++++++++++|++++++++++++++++++++++++*+++++++|+    0.00    1.0000
     1.00  +                                                                                          *        +    1.00    0.9998
     2.00  +                                                                                         *         +    2.00    0.9994
     3.00  +                                                                                         *         +    3.00    0.9986
     4.00  +                                                                                         *         +    4.00    0.9976
     5.00  +                                                                                         *         +    5.00    0.9962
     6.00  +                                                                                        *          +    6.00    0.9945
     7.00  +                                                                                       *           +    7.00    0.9925
     8.00  +                                                                                       *           +    8.00    0.9903
     9.00  +                                                                                      *            +    9.00    0.9877
    10.00  +                                                                                     *             +   10.00    0.9848
    11.00  +                                                                                    *              +   11.00    0.9816
    12.00  +                                                                                   *               +   12.00    0.9781
    13.00  +                                                                                  *                +   13.00    0.9744
    14.00  +                                                                                 *                 +   14.00    0.9703
    15.00  +                                                                                *                  +   15.00    0.9659
    16.00  +                                                                               *                   +   16.00    0.9613
    17.00  +                                                                              *                    +   17.00    0.9563
    18.00  +                                                                             *                     +   18.00    0.9511
    19.00  +                                                                           *                       +   19.00    0.9455
    20.00  +                                                                          *                        +   20.00    0.9397
    21.00  +                                                                         *                         +   21.00    0.9336
    22.00  +                                                                        *                          +   22.00    0.9272
    23.00  +                                                                       *                           +   23.00    0.9205
    24.00  +                                                                      *                            +   24.00    0.9135
    25.00  +                                                                     *                             +   25.00    0.9063
    26.00  +                                                                     *                             +   26.00    0.8988
    27.00  +                                                                    *                              +   27.00    0.8910
    28.00  +                                                                   *                               +   28.00    0.8829
    29.00  +                                                                   *                               +   29.00    0.8746
    30.00  +                                                                  *                                +   30.00    0.8660
    31.00  +                                                                  *                                +   31.00    0.8572
    32.00  +                                                                  *                                +   32.00    0.8480
    33.00  +                                                                  *                                +   33.00    0.8387
    34.00  +                                                                 *                                 +   34.00    0.8290
    35.00  +                                                                 *                                 +   35.00    0.8192
    36.00  +                                                                 *                                 +   36.00    0.8090
    37.00  +                                                                 *                                 +   37.00    0.7986
    38.00  +                                                                 *                                 +   38.00    0.7880
    39.00  +                                                                 *                                 +   39.00    0.7771
    40.00  +                                                                 *                                 +   40.00    0.7660
    41.00  +                                                                 *                                 +   41.00    0.7547
    42.00  +                                                                *                                  +   42.00    0.7431
    43.00  +                                                                *                                  +   43.00    0.7314
    44.00  +                                                                *                                  +   44.00    0.7193
    45.00  +                                                                *                                  +   45.00    0.7071
    46.00  +                                                               *                                   +   46.00    0.6947
    47.00  +                                                               *                                   +   47.00    0.6820
    48.00  +                                                               *                                   +   48.00    0.6691
    49.00  +                                                              *                                    +   49.00    0.6561
    50.00  +                                                              *                                    +   50.00    0.6428
    51.00  +                                                             *                                     +   51.00    0.6293
    52.00  +                                                             *                                     +   52.00    0.6157
    53.00  +                                                            *                                      +   53.00    0.6018
    54.00  +                                                            *                                      +   54.00    0.5878
    55.00  +                                                           *                                       +   55.00    0.5736
    56.00  +                                                          *                                        +   56.00    0.5592
    57.00  +                                                          *                                        +   57.00    0.5446
    58.00  +                                                         *                                         +   58.00    0.5299
    59.00  +                                                        *                                          +   59.00    0.5150
    60.00  |++++++++++++++++++++++++++++++++|++++++++++++++++++++++*+++++++++|++++++++++++++++++++++++++++++++|+   60.00    0.5000
    THETA  -2                               -1                                0                                1   THETA cos(theta)
1DWUCK4-DISTORTED WAVES U.COLORADO- PC-VERSION  12/Jan /1995
 Elapsed time in seconds =   0.00
 Elapsed time in seconds =   0.00
0CONTROL INTEGERS
  1 2 3 4 5 6 7 8 9 A B C D E F G H I J K    RUN IDENTIFICATION                                             0/00/00   0.00.00
  1 0 1 1 0 0 0 0 3 0 0 0 0 0 0 0 0 0 0 0    10Be(d,p)11Be(3/2- 0.00) Ex=0.80 0p3/2 AK UNBOUND SCAN      
 10Be(d,p)11Be(3/2- 0.00) Ex=0.80 0p3/2 AK UNBOUND SCAN      
 Adwck4 entered
0ANGLE DATA          THETN=  61.0000   THET1=   0.0000   DTHET=   1.0000   A-ANG=   0.0000   B-ANG=   0.0000
0CARD SET 3 DATA     LMAX =  15          LTR=   1
                     NLTR =   1        2*JTR=   3
0CARD SET 4 DATA     DRF  =   0.1000   RZ   =   0.0000   RMAX = -15.0000   VCE  =   0.0000   FNRNG=   0.0000
 PARTICLE DATA 
0PARTICLE 1*******************************************************************************************************************
 INPUT DATA          ELAB =  17.4000   RC0  =   1.3030   AC   =   0.0000   2*STR=   0.0000
                     MASSP=   2.0000   MASST=  10.0000   Q    =   0.0000
                     ZP   =   1.0000   ZT   =   4.0000   PNLOC=   2.0000
 
 DERIVED DATA        ECM  =  14.5000   RC   =   2.8072   RHO  =   3.0186
                     K    =   1.0753   ETA  =   0.2136   DR   =   0.1000
0POTENTIAL PARAMETERS
 NX=1 VOLUME  W-S    V RL = -88.7440   R0RL =   1.1480   A RL =   0.7460   R RL =   2.4733   VSOR =   0.0000
                     V IM =  -2.1860   R0IM =   1.3510   A IM =   0.6400   R IM =   2.9106   VSOI =   0.0000   POWR =   0.0000
 NX=2 SURFACE W-S    V RL =   0.0000   R0RL =   0.0000   A RL =   0.0000   R RL =   0.0000   VSOR =   0.0000
                     V IM =  27.3930   R0IM =   1.4050   A IM =   0.6650   R IM =   3.0270   VSOI =   0.0000   POWR =   0.0000
 NX=4 L*S VOLUME     V RL = -14.2280   R0RL =   0.9720   A RL =   1.0110   R RL =   2.0941   VSOR =   0.0000
                     V IM =   0.0000   R0IM =   0.0000   A IM =   0.0000   R IM =   0.0000   VSOI =   0.0000   POWR =   0.0000
0PARTICLE 2*******************************************************************************************************************
 INPUT DATA          ELAB =  13.0680   RC0  =   1.5780   AC   =   0.0000   2*STR=   0.0000
                     MASSP=   1.0000   MASST=  11.0000   Q    =  -2.5210
                     ZP   =   1.0000   ZT   =   4.0000   PNLOC=   1.0000
 
 DERIVED DATA        ECM  =  11.9790   RC   =   3.5094   RHO  =   2.5437
                     K    =   0.7248   ETA  =   0.1743   DR   =   0.0909
0POTENTIAL PARAMETERS
 NX=1 VOLUME  W-S    V RL = -56.2800   R0RL =   1.1220   A RL =   0.6760   R RL =   2.4953   VSOR =   0.0000
                     V IM =  -1.1170   R0IM =   1.1220   A IM =   0.6760   R IM =   2.4953   VSOI =   0.0000   POWR =   0.0000
 NX=2 SURFACE W-S    V RL =   0.0000   R0RL =   0.0000   A RL =   0.0000   R RL =   0.0000   VSOR =   0.0000
                     V IM =  20.7710   R0IM =   1.3070   A IM =   0.5240   R IM =   2.9067   VSOI =   0.0000   POWR =   0.0000
 NX=4 L*S VOLUME     V RL = -21.8760   R0RL =   0.8940   A RL =   0.5900   R RL =   1.9882   VSOR =   0.0000
                     V IM =   0.2160   R0IM =   0.8940   A IM =   0.5900   R IM =   1.9882   VSOI =   0.0000   POWR =   0.0000
110Be(d,p)11Be(3/2- 0.00) Ex=0.80 0p3/2 AK UNBOUND SCAN         0/ 0/ 0
0FORM FACTOR DATA 
0PARTICLE 3*******************************************************************************************************************
 INPUT DATA          ELAB =   0.2960   RC0  =   1.3000   AC   =   0.0000   2*STR=   0.0000
                     MASSP=   1.0000   MASST=  10.0000   Q    =   0.2960
                     ZP   =   0.0000   ZT   =   4.0000   PNLOC=   1.0000
 
 DERIVED DATA        ECM  =   0.2960   RC   =   2.8008   RHO  =   0.3178
                     K    =   0.1135   ETA  =   0.0000   DR   =   0.1000
0POTENTIAL PARAMETERS
 NX=1 VOLUME  W-S    V RL =  -1.0000   R0RL =   1.2500   A RL =   0.6500   R RL =   2.6930   VSOR =  24.0000
                     V IM =   1.1000   R0IM =   0.6500   A IM =   0.0000   R IM =   1.4004   VSOI =   0.0000   POWR =   0.0000
 
                     NODES=   0.0000   L    =   1.0000   2*J  =   3.0000   2*S  =   1.0000   FISW =   0.0000
 
0SINGLE PARTICLE WIDTH = 1.8819E -1  MEV     VOLUME TERM =  3.5708E+01     SURFACE TERM = -7.9829E+00
                     V    =  27.4437   DET  =   0.0000   NODES=   0.0000   RM   =   4.3500   E    =   0.2960   ITER.=   5
0Non-locality correction is applied, parameter =   2.000
0Non-locality correction is applied, parameter =   1.000
0                    LMAX =  15        NSTEP= 150        NLTR =   1
 Bdwck4 entered
   Subroutine INTEG  entered
0REACSIG 1   9.04890E+01                                             REACSIG 2   5.74130E+01
   Subroutine RADINT entered
110Be(d,p)11Be(3/2- 0.00) Ex=0.80 0p3/2 AK UNBOUND SCAN         0/00/00
0BASIC DATA          DR   =   0.1000   RMIN =   0.0000   RMAX =  15.0000   COUEX=   0.0000     IS1=   0.0000
                     FNRNG=   0.0000   PNLC1=   2.0000   PNLC2=   1.0000   PNLC3=   1.0000     IS2=   0.0000
 ANG MOM TRANSFER    LTR  =   1.       2*JTR=   2.       2*STR=   0.       Q    =  -2.5210
   Subroutine INSIG  entered
0 Theta Inelsig,fm**2      Polz       Asy       Ayy       A22       A21       A20       T22       T21       T20  Theta
   0.00    6.1170E+00    0.0000    0.0000    0.0000    0.0000    0.0000    0.0000    0.0000    0.0000    0.0000   0.00
   1.00    6.0950E+00    0.0000    0.0000    0.0000    0.0000    0.0000    0.0000    0.0000    0.0000    0.0000   1.00
   2.00    6.0295E+00    0.0000    0.0000    0.0000    0.0000    0.0000    0.0000    0.0000    0.0000    0.0000   2.00
   3.00    5.9223E+00    0.0000    0.0000    0.0000    0.0000    0.0000    0.0000    0.0000    0.0000    0.0000   3.00
   4.00    5.7766E+00    0.0000    0.0000    0.0000    0.0000    0.0000    0.0000    0.0000    0.0000    0.0000   4.00
   5.00    5.5962E+00    0.0000    0.0000    0.0000    0.0000    0.0000    0.0000    0.0000    0.0000    0.0000   5.00
   6.00    5.3860E+00    0.0000    0.0000    0.0000    0.0000    0.0000    0.0000    0.0000    0.0000    0.0000   6.00
   7.00    5.1513E+00    0.0000    0.0000    0.0000    0.0000    0.0000    0.0000    0.0000    0.0000    0.0000   7.00
   8.00    4.8977E+00    0.0000    0.0000    0.0000    0.0000    0.0000    0.0000    0.0000    0.0000    0.0000   8.00
   9.00    4.6311E+00    0.0000    0.0000    0.0000    0.0000    0.0000    0.0000    0.0000    0.0000    0.0000   9.00
  10.00    4.3570E+00    0.0000    0.0000    0.0000    0.0000    0.0000    0.0000    0.0000    0.0000    0.0000  10.00
  11.00    4.0809E+00    0.0000    0.0000    0.0000    0.0000    0.0000    0.0000    0.0000    0.0000    0.0000  11.00
  12.00    3.8075E+00    0.0000    0.0000    0.0000    0.0000    0.0000    0.0000    0.0000    0.0000    0.0000  12.00
  13.00    3.5409E+00    0.0000    0.0000    0.0000    0.0000    0.0000    0.0000    0.0000    0.0000    0.0000  13.00
  14.00    3.2848E+00    0.0000    0.0000    0.0000    0.0000    0.0000    0.0000    0.0000    0.0000    0.0000  14.00
  15.00    3.0419E+00    0.0000    0.0000    0.0000    0.0000    0.0000    0.0000    0.0000    0.0000    0.0000  15.00
  16.00    2.8142E+00    0.0000    0.0000    0.0000    0.0000    0.0000    0.0000    0.0000    0.0000    0.0000  16.00
  17.00    2.6031E+00    0.0000    0.0000    0.0000    0.0000    0.0000    0.0000    0.0000    0.0000    0.0000  17.00
  18.00    2.4093E+00    0.0000    0.0000    0.0000    0.0000    0.0000    0.0000    0.0000    0.0000    0.0000  18.00
  19.00    2.2331E+00    0.0000    0.0000    0.0000    0.0000    0.0000    0.0000    0.0000    0.0000    0.0000  19.00
  20.00    2.0742E+00    0.0000    0.0000    0.0000    0.0000    0.0000    0.0000    0.0000    0.0000    0.0000  20.00
  21.00    1.9321E+00    0.0000    0.0000    0.0000    0.0000    0.0000    0.0000    0.0000    0.0000    0.0000  21.00
  22.00    1.8059E+00    0.0000    0.0000    0.0000    0.0000    0.0000    0.0000    0.0000    0.0000    0.0000  22.00
  23.00    1.6946E+00    0.0000    0.0000    0.0000    0.0000    0.0000    0.0000    0.0000    0.0000    0.0000  23.00
  24.00    1.5973E+00    0.0000    0.0000    0.0000    0.0000    0.0000    0.0000    0.0000    0.0000    0.0000  24.00
  25.00    1.5128E+00    0.0000    0.0000    0.0000    0.0000    0.0000    0.0000    0.0000    0.0000    0.0000  25.00
  26.00    1.4399E+00    0.0000    0.0000    0.0000    0.0000    0.0000    0.0000    0.0000    0.0000    0.0000  26.00
  27.00    1.3776E+00    0.0000    0.0000    0.0000    0.0000    0.0000    0.0000    0.0000    0.0000    0.0000  27.00
  28.00    1.3250E+00    0.0000    0.0000    0.0000    0.0000    0.0000    0.0000    0.0000    0.0000    0.0000  28.00
  29.00    1.2809E+00    0.0000    0.0000    0.0000    0.0000    0.0000    0.0000    0.0000    0.0000    0.0000  29.00
  30.00    1.2445E+00    0.0000    0.0000    0.0000    0.0000    0.0000    0.0000    0.0000    0.0000    0.0000  30.00
  31.00    1.2150E+00    0.0000    0.0000    0.0000    0.0000    0.0000    0.0000    0.0000    0.0000    0.0000  31.00
  32.00    1.1915E+00    0.0000    0.0000    0.0000    0.0000    0.0000    0.0000    0.0000    0.0000    0.0000  32.00
  33.00    1.1731E+00    0.0000    0.0000    0.0000    0.0000    0.0000    0.0000    0.0000    0.0000    0.0000  33.00
  34.00    1.1591E+00    0.0000    0.0000    0.0000    0.0000    0.0000    0.0000    0.0000    0.0000    0.0000  34.00
  35.00    1.1487E+00    0.0000    0.0000    0.0000    0.0000    0.0000    0.0000    0.0000    0.0000    0.0000  35.00
  36.00    1.1410E+00    0.0000    0.0000    0.0000    0.0000    0.0000    0.0000    0.0000    0.0000    0.0000  36.00
  37.00    1.1354E+00    0.0000    0.0000    0.0000    0.0000    0.0000    0.0000    0.0000    0.0000    0.0000  37.00
  38.00    1.1309E+00    0.0000    0.0000    0.0000    0.0000    0.0000    0.0000    0.0000    0.0000    0.0000  38.00
  39.00    1.1269E+00    0.0000    0.0000    0.0000    0.0000    0.0000    0.0000    0.0000    0.0000    0.0000  39.00
  40.00    1.1226E+00    0.0000    0.0000    0.0000    0.0000    0.0000    0.0000    0.0000    0.0000    0.0000  40.00
  41.00    1.1174E+00    0.0000    0.0000    0.0000    0.0000    0.0000    0.0000    0.0000    0.0000    0.0000  41.00
  42.00    1.1106E+00    0.0000    0.0000    0.0000    0.0000    0.0000    0.0000    0.0000    0.0000    0.0000  42.00
  43.00    1.1017E+00    0.0000    0.0000    0.0000    0.0000    0.0000    0.0000    0.0000    0.0000    0.0000  43.00
  44.00    1.0902E+00    0.0000    0.0000    0.0000    0.0000    0.0000    0.0000    0.0000    0.0000    0.0000  44.00
  45.00    1.0759E+00    0.0000    0.0000    0.0000    0.0000    0.0000    0.0000    0.0000    0.0000    0.0000  45.00
  46.00    1.0585E+00    0.0000    0.0000    0.0000    0.0000    0.0000    0.0000    0.0000    0.0000    0.0000  46.00
  47.00    1.0379E+00    0.0000    0.0000    0.0000    0.0000    0.0000    0.0000    0.0000    0.0000    0.0000  47.00
  48.00    1.0143E+00    0.0000    0.0000    0.0000    0.0000    0.0000    0.0000    0.0000    0.0000    0.0000  48.00
  49.00    9.8762E-01    0.0000    0.0000    0.0000    0.0000    0.0000    0.0000    0.0000    0.0000    0.0000  49.00
  50.00    9.5825E-01    0.0000    0.0000    0.0000    0.0000    0.0000    0.0000    0.0000    0.0000    0.0000  50.00
  51.00    9.2647E-01    0.0000    0.0000    0.0000    0.0000    0.0000    0.0000    0.0000    0.0000    0.0000  51.00
  52.00    8.9266E-01    0.0000    0.0000    0.0000    0.0000    0.0000    0.0000    0.0000    0.0000    0.0000  52.00
  53.00    8.5724E-01    0.0000    0.0000    0.0000    0.0000    0.0000    0.0000    0.0000    0.0000    0.0000  53.00
  54.00    8.2065E-01    0.0000    0.0000    0.0000    0.0000    0.0000    0.0000    0.0000    0.0000    0.0000  54.00
  55.00    7.8332E-01    0.0000    0.0000    0.0000    0.0000    0.0000    0.0000    0.0000    0.0000    0.0000  55.00
  56.00    7.4567E-01    0.0000    0.0000    0.0000    0.0000    0.0000    0.0000    0.0000    0.0000    0.0000  56.00
  57.00    7.0809E-01    0.0000    0.0000    0.0000    0.0000    0.0000    0.0000    0.0000    0.0000    0.0000  57.00
  58.00    6.7094E-01    0.0000    0.0000    0.0000    0.0000    0.0000    0.0000    0.0000    0.0000    0.0000  58.00
  59.00    6.3450E-01    0.0000    0.0000    0.0000    0.0000    0.0000    0.0000    0.0000    0.0000    0.0000  59.00
  60.00    5.9902E-01    0.0000    0.0000    0.0000    0.0000    0.0000    0.0000    0.0000    0.0000    0.0000  60.00
0Tot-sig   5.9591E+00
1Inelastic  10Be(d,p)11Be(3/2- 0.00) Ex=0.80 0p3/2 AK UNBOUND SCAN         0/00/00
    THETA  -2                               -1                                0                                1   THETA cos(theta)
     0.00  |++++++++++++++++++++++++++++++++|++++++++++++++++++++++++++++++++|+++++++++++++++++++++++++*++++++|+    0.00    1.0000
     1.00  +                                                                                           *       +    1.00    0.9998
     2.00  +                                                                                           *       +    2.00    0.9994
     3.00  +                                                                                          *        +    3.00    0.9986
     4.00  +                                                                                          *        +    4.00    0.9976
     5.00  +                                                                                          *        +    5.00    0.9962
     6.00  +                                                                                         *         +    6.00    0.9945
     7.00  +                                                                                        *          +    7.00    0.9925
     8.00  +                                                                                        *          +    8.00    0.9903
     9.00  +                                                                                       *           +    9.00    0.9877
    10.00  +                                                                                      *            +   10.00    0.9848
    11.00  +                                                                                     *             +   11.00    0.9816
    12.00  +                                                                                    *              +   12.00    0.9781
    13.00  +                                                                                   *               +   13.00    0.9744
    14.00  +                                                                                  *                +   14.00    0.9703
    15.00  +                                                                                 *                 +   15.00    0.9659
    16.00  +                                                                                *                  +   16.00    0.9613
    17.00  +                                                                               *                   +   17.00    0.9563
    18.00  +                                                                              *                    +   18.00    0.9511
    19.00  +                                                                             *                     +   19.00    0.9455
    20.00  +                                                                           *                       +   20.00    0.9397
    21.00  +                                                                          *                        +   21.00    0.9336
    22.00  +                                                                         *                         +   22.00    0.9272
    23.00  +                                                                         *                         +   23.00    0.9205
    24.00  +                                                                        *                          +   24.00    0.9135
    25.00  +                                                                       *                           +   25.00    0.9063
    26.00  +                                                                      *                            +   26.00    0.8988
    27.00  +                                                                      *                            +   27.00    0.8910
    28.00  +                                                                     *                             +   28.00    0.8829
    29.00  +                                                                     *                             +   29.00    0.8746
    30.00  +                                                                    *                              +   30.00    0.8660
    31.00  +                                                                    *                              +   31.00    0.8572
    32.00  +                                                                    *                              +   32.00    0.8480
    33.00  +                                                                   *                               +   33.00    0.8387
    34.00  +                                                                   *                               +   34.00    0.8290
    35.00  +                                                                   *                               +   35.00    0.8192
    36.00  +                                                                   *                               +   36.00    0.8090
    37.00  +                                                                   *                               +   37.00    0.7986
    38.00  +                                                                   *                               +   38.00    0.7880
    39.00  +                                                                   *                               +   39.00    0.7771
    40.00  +                                                                   *                               +   40.00    0.7660
    41.00  +                                                                   *                               +   41.00    0.7547
    42.00  +                                                                   *                               +   42.00    0.7431
    43.00  +                                                                  *                                +   43.00    0.7314
    44.00  +                                                                  *                                +   44.00    0.7193
    45.00  +                                                                  *                                +   45.00    0.7071
    46.00  +                                                                  *                                +   46.00    0.6947
    47.00  +                                                                  *                                +   47.00    0.6820
    48.00  +                                                                 *                                 +   48.00    0.6691
    49.00  +                                                                 *                                 +   49.00    0.6561
    50.00  +                                                                *                                  +   50.00    0.6428
    51.00  +                                                                *                                  +   51.00    0.6293
    52.00  +                                                               *                                   +   52.00    0.6157
    53.00  +                                                               *                                   +   53.00    0.6018
    54.00  +                                                              *                                    +   54.00    0.5878
    55.00  +                                                             *                                     +   55.00    0.5736
    56.00  +                                                             *                                     +   56.00    0.5592
    57.00  +                                                            *                                      +   57.00    0.5446
    58.00  +                                                           *                                       +   58.00    0.5299
    59.00  +                                                          *                                        +   59.00    0.5150
    60.00  |++++++++++++++++++++++++++++++++|+++++++++++++++++++++++++*++++++|++++++++++++++++++++++++++++++++|+   60.00    0.5000
    THETA  -2                               -1                                0                                1   THETA cos(theta)
1DWUCK4-DISTORTED WAVES U.COLORADO- PC-VERSION  12/Jan /1995
 Elapsed time in seconds =   0.00
 Elapsed time in seconds =   0.00
0CONTROL INTEGERS
  1 2 3 4 5 6 7 8 9 A B C D E F G H I J K    RUN IDENTIFICATION                                             0/00/00   0.00.00
  1 0 1 1 0 0 0 0 3 0 0 0 0 0 0 0 0 0 0 0    10Be(d,p)11Be(3/2- 0.00) Ex=1.00 0p3/2 AK UNBOUND SCAN      
 10Be(d,p)11Be(3/2- 0.00) Ex=1.00 0p3/2 AK UNBOUND SCAN      
 Adwck4 entered
0ANGLE DATA          THETN=  61.0000   THET1=   0.0000   DTHET=   1.0000   A-ANG=   0.0000   B-ANG=   0.0000
0CARD SET 3 DATA     LMAX =  15          LTR=   1
                     NLTR =   1        2*JTR=   3
0CARD SET 4 DATA     DRF  =   0.1000   RZ   =   0.0000   RMAX = -15.0000   VCE  =   0.0000   FNRNG=   0.0000
 PARTICLE DATA 
0PARTICLE 1*******************************************************************************************************************
 INPUT DATA          ELAB =  17.4000   RC0  =   1.3030   AC   =   0.0000   2*STR=   0.0000
                     MASSP=   2.0000   MASST=  10.0000   Q    =   0.0000
                     ZP   =   1.0000   ZT   =   4.0000   PNLOC=   2.0000
 
 DERIVED DATA        ECM  =  14.5000   RC   =   2.8072   RHO  =   3.0186
                     K    =   1.0753   ETA  =   0.2136   DR   =   0.1000
0POTENTIAL PARAMETERS
 NX=1 VOLUME  W-S    V RL = -88.7440   R0RL =   1.1480   A RL =   0.7460   R RL =   2.4733   VSOR =   0.0000
                     V IM =  -2.1860   R0IM =   1.3510   A IM =   0.6400   R IM =   2.9106   VSOI =   0.0000   POWR =   0.0000
 NX=2 SURFACE W-S    V RL =   0.0000   R0RL =   0.0000   A RL =   0.0000   R RL =   0.0000   VSOR =   0.0000
                     V IM =  27.3930   R0IM =   1.4050   A IM =   0.6650   R IM =   3.0270   VSOI =   0.0000   POWR =   0.0000
 NX=4 L*S VOLUME     V RL = -14.2280   R0RL =   0.9720   A RL =   1.0110   R RL =   2.0941   VSOR =   0.0000
                     V IM =   0.0000   R0IM =   0.0000   A IM =   0.0000   R IM =   0.0000   VSOI =   0.0000   POWR =   0.0000
0PARTICLE 2*******************************************************************************************************************
 INPUT DATA          ELAB =  12.8498   RC0  =   1.5780   AC   =   0.0000   2*STR=   0.0000
                     MASSP=   1.0000   MASST=  11.0000   Q    =  -2.7210
                     ZP   =   1.0000   ZT   =   4.0000   PNLOC=   1.0000
 
 DERIVED DATA        ECM  =  11.7790   RC   =   3.5094   RHO  =   2.5224
                     K    =   0.7188   ETA  =   0.1757   DR   =   0.0909
0POTENTIAL PARAMETERS
 NX=1 VOLUME  W-S    V RL = -56.2800   R0RL =   1.1220   A RL =   0.6760   R RL =   2.4953   VSOR =   0.0000
                     V IM =  -1.1170   R0IM =   1.1220   A IM =   0.6760   R IM =   2.4953   VSOI =   0.0000   POWR =   0.0000
 NX=2 SURFACE W-S    V RL =   0.0000   R0RL =   0.0000   A RL =   0.0000   R RL =   0.0000   VSOR =   0.0000
                     V IM =  20.7710   R0IM =   1.3070   A IM =   0.5240   R IM =   2.9067   VSOI =   0.0000   POWR =   0.0000
 NX=4 L*S VOLUME     V RL = -21.8760   R0RL =   0.8940   A RL =   0.5900   R RL =   1.9882   VSOR =   0.0000
                     V IM =   0.2160   R0IM =   0.8940   A IM =   0.5900   R IM =   1.9882   VSOI =   0.0000   POWR =   0.0000
110Be(d,p)11Be(3/2- 0.00) Ex=1.00 0p3/2 AK UNBOUND SCAN         0/ 0/ 0
0FORM FACTOR DATA 
0PARTICLE 3*******************************************************************************************************************
 INPUT DATA          ELAB =   0.4960   RC0  =   1.3000   AC   =   0.0000   2*STR=   0.0000
                     MASSP=   1.0000   MASST=  10.0000   Q    =   0.4960
                     ZP   =   0.0000   ZT   =   4.0000   PNLOC=   1.0000
 
 DERIVED DATA        ECM  =   0.4960   RC   =   2.8008   RHO  =   0.4114
                     K    =   0.1469   ETA  =   0.0000   DR   =   0.1000
0POTENTIAL PARAMETERS
 NX=1 VOLUME  W-S    V RL =  -1.0000   R0RL =   1.2500   A RL =   0.6500   R RL =   2.6930   VSOR =  24.0000
                     V IM =   1.1000   R0IM =   0.6500   A IM =   0.0000   R IM =   1.4004   VSOI =   0.0000   POWR =   0.0000
 
                     NODES=   0.0000   L    =   1.0000   2*J  =   3.0000   2*S  =   1.0000   FISW =   0.0000
 
0SINGLE PARTICLE WIDTH = 4.3720E -1  MEV     VOLUME TERM =  2.3491E+01     SURFACE TERM = -8.0434E+00
                     V    =  26.6490   DET  =   0.0000   NODES=   0.0000   RM   =   4.4500   E    =   0.4960   ITER.=   5
0Non-locality correction is applied, parameter =   2.000
0Non-locality correction is applied, parameter =   1.000
0                    LMAX =  15        NSTEP= 150        NLTR =   1
 Bdwck4 entered
   Subroutine INTEG  entered
0REACSIG 1   9.04890E+01                                             REACSIG 2   5.78116E+01
   Subroutine RADINT entered
110Be(d,p)11Be(3/2- 0.00) Ex=1.00 0p3/2 AK UNBOUND SCAN         0/00/00
0BASIC DATA          DR   =   0.1000   RMIN =   0.0000   RMAX =  15.0000   COUEX=   0.0000     IS1=   0.0000
                     FNRNG=   0.0000   PNLC1=   2.0000   PNLC2=   1.0000   PNLC3=   1.0000     IS2=   0.0000
 ANG MOM TRANSFER    LTR  =   1.       2*JTR=   2.       2*STR=   0.       Q    =  -2.7210
   Subroutine INSIG  entered
0 Theta Inelsig,fm**2      Polz       Asy       Ayy       A22       A21       A20       T22       T21       T20  Theta
   0.00    6.8957E+00    0.0000    0.0000    0.0000    0.0000    0.0000    0.0000    0.0000    0.0000    0.0000   0.00
   1.00    6.8666E+00    0.0000    0.0000    0.0000    0.0000    0.0000    0.0000    0.0000    0.0000    0.0000   1.00
   2.00    6.7805E+00    0.0000    0.0000    0.0000    0.0000    0.0000    0.0000    0.0000    0.0000    0.0000   2.00
   3.00    6.6403E+00    0.0000    0.0000    0.0000    0.0000    0.0000    0.0000    0.0000    0.0000    0.0000   3.00
   4.00    6.4506E+00    0.0000    0.0000    0.0000    0.0000    0.0000    0.0000    0.0000    0.0000    0.0000   4.00
   5.00    6.2176E+00    0.0000    0.0000    0.0000    0.0000    0.0000    0.0000    0.0000    0.0000    0.0000   5.00
   6.00    5.9486E+00    0.0000    0.0000    0.0000    0.0000    0.0000    0.0000    0.0000    0.0000    0.0000   6.00
   7.00    5.6516E+00    0.0000    0.0000    0.0000    0.0000    0.0000    0.0000    0.0000    0.0000    0.0000   7.00
   8.00    5.3349E+00    0.0000    0.0000    0.0000    0.0000    0.0000    0.0000    0.0000    0.0000    0.0000   8.00
   9.00    5.0070E+00    0.0000    0.0000    0.0000    0.0000    0.0000    0.0000    0.0000    0.0000    0.0000   9.00
  10.00    4.6755E+00    0.0000    0.0000    0.0000    0.0000    0.0000    0.0000    0.0000    0.0000    0.0000  10.00
  11.00    4.3477E+00    0.0000    0.0000    0.0000    0.0000    0.0000    0.0000    0.0000    0.0000    0.0000  11.00
  12.00    4.0296E+00    0.0000    0.0000    0.0000    0.0000    0.0000    0.0000    0.0000    0.0000    0.0000  12.00
  13.00    3.7260E+00    0.0000    0.0000    0.0000    0.0000    0.0000    0.0000    0.0000    0.0000    0.0000  13.00
  14.00    3.4409E+00    0.0000    0.0000    0.0000    0.0000    0.0000    0.0000    0.0000    0.0000    0.0000  14.00
  15.00    3.1767E+00    0.0000    0.0000    0.0000    0.0000    0.0000    0.0000    0.0000    0.0000    0.0000  15.00
  16.00    2.9350E+00    0.0000    0.0000    0.0000    0.0000    0.0000    0.0000    0.0000    0.0000    0.0000  16.00
  17.00    2.7160E+00    0.0000    0.0000    0.0000    0.0000    0.0000    0.0000    0.0000    0.0000    0.0000  17.00
  18.00    2.5196E+00    0.0000    0.0000    0.0000    0.0000    0.0000    0.0000    0.0000    0.0000    0.0000  18.00
  19.00    2.3447E+00    0.0000    0.0000    0.0000    0.0000    0.0000    0.0000    0.0000    0.0000    0.0000  19.00
  20.00    2.1900E+00    0.0000    0.0000    0.0000    0.0000    0.0000    0.0000    0.0000    0.0000    0.0000  20.00
  21.00    2.0536E+00    0.0000    0.0000    0.0000    0.0000    0.0000    0.0000    0.0000    0.0000    0.0000  21.00
  22.00    1.9340E+00    0.0000    0.0000    0.0000    0.0000    0.0000    0.0000    0.0000    0.0000    0.0000  22.00
  23.00    1.8292E+00    0.0000    0.0000    0.0000    0.0000    0.0000    0.0000    0.0000    0.0000    0.0000  23.00
  24.00    1.7376E+00    0.0000    0.0000    0.0000    0.0000    0.0000    0.0000    0.0000    0.0000    0.0000  24.00
  25.00    1.6576E+00    0.0000    0.0000    0.0000    0.0000    0.0000    0.0000    0.0000    0.0000    0.0000  25.00
  26.00    1.5880E+00    0.0000    0.0000    0.0000    0.0000    0.0000    0.0000    0.0000    0.0000    0.0000  26.00
  27.00    1.5277E+00    0.0000    0.0000    0.0000    0.0000    0.0000    0.0000    0.0000    0.0000    0.0000  27.00
  28.00    1.4755E+00    0.0000    0.0000    0.0000    0.0000    0.0000    0.0000    0.0000    0.0000    0.0000  28.00
  29.00    1.4309E+00    0.0000    0.0000    0.0000    0.0000    0.0000    0.0000    0.0000    0.0000    0.0000  29.00
  30.00    1.3931E+00    0.0000    0.0000    0.0000    0.0000    0.0000    0.0000    0.0000    0.0000    0.0000  30.00
  31.00    1.3616E+00    0.0000    0.0000    0.0000    0.0000    0.0000    0.0000    0.0000    0.0000    0.0000  31.00
  32.00    1.3359E+00    0.0000    0.0000    0.0000    0.0000    0.0000    0.0000    0.0000    0.0000    0.0000  32.00
  33.00    1.3154E+00    0.0000    0.0000    0.0000    0.0000    0.0000    0.0000    0.0000    0.0000    0.0000  33.00
  34.00    1.2997E+00    0.0000    0.0000    0.0000    0.0000    0.0000    0.0000    0.0000    0.0000    0.0000  34.00
  35.00    1.2882E+00    0.0000    0.0000    0.0000    0.0000    0.0000    0.0000    0.0000    0.0000    0.0000  35.00
  36.00    1.2803E+00    0.0000    0.0000    0.0000    0.0000    0.0000    0.0000    0.0000    0.0000    0.0000  36.00
  37.00    1.2752E+00    0.0000    0.0000    0.0000    0.0000    0.0000    0.0000    0.0000    0.0000    0.0000  37.00
  38.00    1.2722E+00    0.0000    0.0000    0.0000    0.0000    0.0000    0.0000    0.0000    0.0000    0.0000  38.00
  39.00    1.2704E+00    0.0000    0.0000    0.0000    0.0000    0.0000    0.0000    0.0000    0.0000    0.0000  39.00
  40.00    1.2691E+00    0.0000    0.0000    0.0000    0.0000    0.0000    0.0000    0.0000    0.0000    0.0000  40.00
  41.00    1.2674E+00    0.0000    0.0000    0.0000    0.0000    0.0000    0.0000    0.0000    0.0000    0.0000  41.00
  42.00    1.2643E+00    0.0000    0.0000    0.0000    0.0000    0.0000    0.0000    0.0000    0.0000    0.0000  42.00
  43.00    1.2592E+00    0.0000    0.0000    0.0000    0.0000    0.0000    0.0000    0.0000    0.0000    0.0000  43.00
  44.00    1.2513E+00    0.0000    0.0000    0.0000    0.0000    0.0000    0.0000    0.0000    0.0000    0.0000  44.00
  45.00    1.2401E+00    0.0000    0.0000    0.0000    0.0000    0.0000    0.0000    0.0000    0.0000    0.0000  45.00
  46.00    1.2252E+00    0.0000    0.0000    0.0000    0.0000    0.0000    0.0000    0.0000    0.0000    0.0000  46.00
  47.00    1.2062E+00    0.0000    0.0000    0.0000    0.0000    0.0000    0.0000    0.0000    0.0000    0.0000  47.00
  48.00    1.1831E+00    0.0000    0.0000    0.0000    0.0000    0.0000    0.0000    0.0000    0.0000    0.0000  48.00
  49.00    1.1558E+00    0.0000    0.0000    0.0000    0.0000    0.0000    0.0000    0.0000    0.0000    0.0000  49.00
  50.00    1.1247E+00    0.0000    0.0000    0.0000    0.0000    0.0000    0.0000    0.0000    0.0000    0.0000  50.00
  51.00    1.0901E+00    0.0000    0.0000    0.0000    0.0000    0.0000    0.0000    0.0000    0.0000    0.0000  51.00
  52.00    1.0523E+00    0.0000    0.0000    0.0000    0.0000    0.0000    0.0000    0.0000    0.0000    0.0000  52.00
  53.00    1.0120E+00    0.0000    0.0000    0.0000    0.0000    0.0000    0.0000    0.0000    0.0000    0.0000  53.00
  54.00    9.6976E-01    0.0000    0.0000    0.0000    0.0000    0.0000    0.0000    0.0000    0.0000    0.0000  54.00
  55.00    9.2609E-01    0.0000    0.0000    0.0000    0.0000    0.0000    0.0000    0.0000    0.0000    0.0000  55.00
  56.00    8.8163E-01    0.0000    0.0000    0.0000    0.0000    0.0000    0.0000    0.0000    0.0000    0.0000  56.00
  57.00    8.3693E-01    0.0000    0.0000    0.0000    0.0000    0.0000    0.0000    0.0000    0.0000    0.0000  57.00
  58.00    7.9249E-01    0.0000    0.0000    0.0000    0.0000    0.0000    0.0000    0.0000    0.0000    0.0000  58.00
  59.00    7.4876E-01    0.0000    0.0000    0.0000    0.0000    0.0000    0.0000    0.0000    0.0000    0.0000  59.00
  60.00    7.0612E-01    0.0000    0.0000    0.0000    0.0000    0.0000    0.0000    0.0000    0.0000    0.0000  60.00
0Tot-sig   6.8181E+00
1Inelastic  10Be(d,p)11Be(3/2- 0.00) Ex=1.00 0p3/2 AK UNBOUND SCAN         0/00/00
    THETA  -2                               -1                                0                                1   THETA cos(theta)
     0.00  |++++++++++++++++++++++++++++++++|++++++++++++++++++++++++++++++++|+++++++++++++++++++++++++++*++++|+    0.00    1.0000
     1.00  +                                                                                             *     +    1.00    0.9998
     2.00  +                                                                                            *      +    2.00    0.9994
     3.00  +                                                                                            *      +    3.00    0.9986
     4.00  +                                                                                            *      +    4.00    0.9976
     5.00  +                                                                                           *       +    5.00    0.9962
     6.00  +                                                                                           *       +    6.00    0.9945
     7.00  +                                                                                          *        +    7.00    0.9925
     8.00  +                                                                                         *         +    8.00    0.9903
     9.00  +                                                                                        *          +    9.00    0.9877
    10.00  +                                                                                       *           +   10.00    0.9848
    11.00  +                                                                                      *            +   11.00    0.9816
    12.00  +                                                                                     *             +   12.00    0.9781
    13.00  +                                                                                    *              +   13.00    0.9744
    14.00  +                                                                                   *               +   14.00    0.9703
    15.00  +                                                                                  *                +   15.00    0.9659
    16.00  +                                                                                *                  +   16.00    0.9613
    17.00  +                                                                               *                   +   17.00    0.9563
    18.00  +                                                                              *                    +   18.00    0.9511
    19.00  +                                                                             *                     +   19.00    0.9455
    20.00  +                                                                            *                      +   20.00    0.9397
    21.00  +                                                                           *                       +   21.00    0.9336
    22.00  +                                                                          *                        +   22.00    0.9272
    23.00  +                                                                          *                        +   23.00    0.9205
    24.00  +                                                                         *                         +   24.00    0.9135
    25.00  +                                                                        *                          +   25.00    0.9063
    26.00  +                                                                        *                          +   26.00    0.8988
    27.00  +                                                                       *                           +   27.00    0.8910
    28.00  +                                                                       *                           +   28.00    0.8829
    29.00  +                                                                      *                            +   29.00    0.8746
    30.00  +                                                                      *                            +   30.00    0.8660
    31.00  +                                                                     *                             +   31.00    0.8572
    32.00  +                                                                     *                             +   32.00    0.8480
    33.00  +                                                                     *                             +   33.00    0.8387
    34.00  +                                                                     *                             +   34.00    0.8290
    35.00  +                                                                     *                             +   35.00    0.8192
    36.00  +                                                                     *                             +   36.00    0.8090
    37.00  +                                                                    *                              +   37.00    0.7986
    38.00  +                                                                    *                              +   38.00    0.7880
    39.00  +                                                                    *                              +   39.00    0.7771
    40.00  +                                                                    *                              +   40.00    0.7660
    41.00  +                                                                    *                              +   41.00    0.7547
    42.00  +                                                                    *                              +   42.00    0.7431
    43.00  +                                                                    *                              +   43.00    0.7314
    44.00  +                                                                    *                              +   44.00    0.7193
    45.00  +                                                                    *                              +   45.00    0.7071
    46.00  +                                                                    *                              +   46.00    0.6947
    47.00  +                                                                    *                              +   47.00    0.6820
    48.00  +                                                                   *                               +   48.00    0.6691
    49.00  +                                                                   *                               +   49.00    0.6561
    50.00  +                                                                   *                               +   50.00    0.6428
    51.00  +                                                                  *                                +   51.00    0.6293
    52.00  +                                                                  *                                +   52.00    0.6157
    53.00  +                                                                 *                                 +   53.00    0.6018
    54.00  +                                                                 *                                 +   54.00    0.5878
    55.00  +                                                                *                                  +   55.00    0.5736
    56.00  +                                                               *                                   +   56.00    0.5592
    57.00  +                                                              *                                    +   57.00    0.5446
    58.00  +                                                              *                                    +   58.00    0.5299
    59.00  +                                                             *                                     +   59.00    0.5150
    60.00  |++++++++++++++++++++++++++++++++|+++++++++++++++++++++++++++*++++|++++++++++++++++++++++++++++++++|+   60.00    0.5000
    THETA  -2                               -1                                0                                1   THETA cos(theta)
1DWUCK4-DISTORTED WAVES U.COLORADO- PC-VERSION  12/Jan /1995
 Elapsed time in seconds =   0.00
 Elapsed time in seconds =   0.00
0CONTROL INTEGERS
  1 2 3 4 5 6 7 8 9 A B C D E F G H I J K    RUN IDENTIFICATION                                             0/00/00   0.00.00
  1 0 1 1 0 0 0 0 3 0 0 0 0 0 0 0 0 0 0 0    10Be(d,p)11Be(3/2- 0.00) Ex=1.20 0p3/2 AK UNBOUND SCAN      
 10Be(d,p)11Be(3/2- 0.00) Ex=1.20 0p3/2 AK UNBOUND SCAN      
 Adwck4 entered
0ANGLE DATA          THETN=  61.0000   THET1=   0.0000   DTHET=   1.0000   A-ANG=   0.0000   B-ANG=   0.0000
0CARD SET 3 DATA     LMAX =  15          LTR=   1
                     NLTR =   1        2*JTR=   3
0CARD SET 4 DATA     DRF  =   0.1000   RZ   =   0.0000   RMAX = -15.0000   VCE  =   0.0000   FNRNG=   0.0000
 PARTICLE DATA 
0PARTICLE 1*******************************************************************************************************************
 INPUT DATA          ELAB =  17.4000   RC0  =   1.3030   AC   =   0.0000   2*STR=   0.0000
                     MASSP=   2.0000   MASST=  10.0000   Q    =   0.0000
                     ZP   =   1.0000   ZT   =   4.0000   PNLOC=   2.0000
 
 DERIVED DATA        ECM  =  14.5000   RC   =   2.8072   RHO  =   3.0186
                     K    =   1.0753   ETA  =   0.2136   DR   =   0.1000
0POTENTIAL PARAMETERS
 NX=1 VOLUME  W-S    V RL = -88.7440   R0RL =   1.1480   A RL =   0.7460   R RL =   2.4733   VSOR =   0.0000
                     V IM =  -2.1860   R0IM =   1.3510   A IM =   0.6400   R IM =   2.9106   VSOI =   0.0000   POWR =   0.0000
 NX=2 SURFACE W-S    V RL =   0.0000   R0RL =   0.0000   A RL =   0.0000   R RL =   0.0000   VSOR =   0.0000
                     V IM =  27.3930   R0IM =   1.4050   A IM =   0.6650   R IM =   3.0270   VSOI =   0.0000   POWR =   0.0000
 NX=4 L*S VOLUME     V RL = -14.2280   R0RL =   0.9720   A RL =   1.0110   R RL =   2.0941   VSOR =   0.0000
                     V IM =   0.0000   R0IM =   0.0000   A IM =   0.0000   R IM =   0.0000   VSOI =   0.0000   POWR =   0.0000
0PARTICLE 2*******************************************************************************************************************
 INPUT DATA          ELAB =  12.6316   RC0  =   1.5780   AC   =   0.0000   2*STR=   0.0000
                     MASSP=   1.0000   MASST=  11.0000   Q    =  -2.9210
                     ZP   =   1.0000   ZT   =   4.0000   PNLOC=   1.0000
 
 DERIVED DATA        ECM  =  11.5790   RC   =   3.5094   RHO  =   2.5009
                     K    =   0.7126   ETA  =   0.1772   DR   =   0.0909
0POTENTIAL PARAMETERS
 NX=1 VOLUME  W-S    V RL = -56.2800   R0RL =   1.1220   A RL =   0.6760   R RL =   2.4953   VSOR =   0.0000
                     V IM =  -1.1170   R0IM =   1.1220   A IM =   0.6760   R IM =   2.4953   VSOI =   0.0000   POWR =   0.0000
 NX=2 SURFACE W-S    V RL =   0.0000   R0RL =   0.0000   A RL =   0.0000   R RL =   0.0000   VSOR =   0.0000
                     V IM =  20.7710   R0IM =   1.3070   A IM =   0.5240   R IM =   2.9067   VSOI =   0.0000   POWR =   0.0000
 NX=4 L*S VOLUME     V RL = -21.8760   R0RL =   0.8940   A RL =   0.5900   R RL =   1.9882   VSOR =   0.0000
                     V IM =   0.2160   R0IM =   0.8940   A IM =   0.5900   R IM =   1.9882   VSOI =   0.0000   POWR =   0.0000
110Be(d,p)11Be(3/2- 0.00) Ex=1.20 0p3/2 AK UNBOUND SCAN         0/ 0/ 0
0FORM FACTOR DATA 
0PARTICLE 3*******************************************************************************************************************
 INPUT DATA          ELAB =   0.6960   RC0  =   1.3000   AC   =   0.0000   2*STR=   0.0000
                     MASSP=   1.0000   MASST=  10.0000   Q    =   0.6960
                     ZP   =   0.0000   ZT   =   4.0000   PNLOC=   1.0000
 
 DERIVED DATA        ECM  =   0.6960   RC   =   2.8008   RHO  =   0.4873
                     K    =   0.1740   ETA  =   0.0000   DR   =   0.1000
0POTENTIAL PARAMETERS
 NX=1 VOLUME  W-S    V RL =  -1.0000   R0RL =   1.2500   A RL =   0.6500   R RL =   2.6930   VSOR =  24.0000
                     V IM =   1.1000   R0IM =   0.6500   A IM =   0.0000   R IM =   1.4004   VSOI =   0.0000   POWR =   0.0000
 
                     NODES=   0.0000   L    =   1.0000   2*J  =   3.0000   2*S  =   1.0000   FISW =   0.0000
 
0SINGLE PARTICLE WIDTH = 7.8052E -1  MEV     VOLUME TERM =  1.7370E+01     SURFACE TERM = -7.1198E+00
                     V    =  25.9523   DET  =   0.0000   NODES=   0.0000   RM   =   4.5500   E    =   0.6960   ITER.=   6
0Non-locality correction is applied, parameter =   2.000
0Non-locality correction is applied, parameter =   1.000
0                    LMAX =  15        NSTEP= 150        NLTR =   1
 Bdwck4 entered
   Subroutine INTEG  entered
0REACSIG 1   9.04890E+01                                             REACSIG 2   5.82351E+01
   Subroutine RADINT entered
110Be(d,p)11Be(3/2- 0.00) Ex=1.20 0p3/2 AK UNBOUND SCAN         0/00/00
0BASIC DATA          DR   =   0.1000   RMIN =   0.0000   RMAX =  15.0000   COUEX=   0.0000     IS1=   0.0000
                     FNRNG=   0.0000   PNLC1=   2.0000   PNLC2=   1.0000   PNLC3=   1.0000     IS2=   0.0000
 ANG MOM TRANSFER    LTR  =   1.       2*JTR=   2.       2*STR=   0.       Q    =  -2.9210
   Subroutine INSIG  entered
0 Theta Inelsig,fm**2      Polz       Asy       Ayy       A22       A21       A20       T22       T21       T20  Theta
   0.00    8.4627E+00    0.0000    0.0000    0.0000    0.0000    0.0000    0.0000    0.0000    0.0000    0.0000   0.00
   1.00    8.4190E+00    0.0000    0.0000    0.0000    0.0000    0.0000    0.0000    0.0000    0.0000    0.0000   1.00
   2.00    8.2896E+00    0.0000    0.0000    0.0000    0.0000    0.0000    0.0000    0.0000    0.0000    0.0000   2.00
   3.00    8.0795E+00    0.0000    0.0000    0.0000    0.0000    0.0000    0.0000    0.0000    0.0000    0.0000   3.00
   4.00    7.7968E+00    0.0000    0.0000    0.0000    0.0000    0.0000    0.0000    0.0000    0.0000    0.0000   4.00
   5.00    7.4520E+00    0.0000    0.0000    0.0000    0.0000    0.0000    0.0000    0.0000    0.0000    0.0000   5.00
   6.00    7.0575E+00    0.0000    0.0000    0.0000    0.0000    0.0000    0.0000    0.0000    0.0000    0.0000   6.00
   7.00    6.6268E+00    0.0000    0.0000    0.0000    0.0000    0.0000    0.0000    0.0000    0.0000    0.0000   7.00
   8.00    6.1737E+00    0.0000    0.0000    0.0000    0.0000    0.0000    0.0000    0.0000    0.0000    0.0000   8.00
   9.00    5.7119E+00    0.0000    0.0000    0.0000    0.0000    0.0000    0.0000    0.0000    0.0000    0.0000   9.00
  10.00    5.2536E+00    0.0000    0.0000    0.0000    0.0000    0.0000    0.0000    0.0000    0.0000    0.0000  10.00
  11.00    4.8098E+00    0.0000    0.0000    0.0000    0.0000    0.0000    0.0000    0.0000    0.0000    0.0000  11.00
  12.00    4.3894E+00    0.0000    0.0000    0.0000    0.0000    0.0000    0.0000    0.0000    0.0000    0.0000  12.00
  13.00    3.9992E+00    0.0000    0.0000    0.0000    0.0000    0.0000    0.0000    0.0000    0.0000    0.0000  13.00
  14.00    3.6438E+00    0.0000    0.0000    0.0000    0.0000    0.0000    0.0000    0.0000    0.0000    0.0000  14.00
  15.00    3.3257E+00    0.0000    0.0000    0.0000    0.0000    0.0000    0.0000    0.0000    0.0000    0.0000  15.00
  16.00    3.0454E+00    0.0000    0.0000    0.0000    0.0000    0.0000    0.0000    0.0000    0.0000    0.0000  16.00
  17.00    2.8018E+00    0.0000    0.0000    0.0000    0.0000    0.0000    0.0000    0.0000    0.0000    0.0000  17.00
  18.00    2.5927E+00    0.0000    0.0000    0.0000    0.0000    0.0000    0.0000    0.0000    0.0000    0.0000  18.00
  19.00    2.4149E+00    0.0000    0.0000    0.0000    0.0000    0.0000    0.0000    0.0000    0.0000    0.0000  19.00
  20.00    2.2647E+00    0.0000    0.0000    0.0000    0.0000    0.0000    0.0000    0.0000    0.0000    0.0000  20.00
  21.00    2.1382E+00    0.0000    0.0000    0.0000    0.0000    0.0000    0.0000    0.0000    0.0000    0.0000  21.00
  22.00    2.0317E+00    0.0000    0.0000    0.0000    0.0000    0.0000    0.0000    0.0000    0.0000    0.0000  22.00
  23.00    1.9415E+00    0.0000    0.0000    0.0000    0.0000    0.0000    0.0000    0.0000    0.0000    0.0000  23.00
  24.00    1.8647E+00    0.0000    0.0000    0.0000    0.0000    0.0000    0.0000    0.0000    0.0000    0.0000  24.00
  25.00    1.7986E+00    0.0000    0.0000    0.0000    0.0000    0.0000    0.0000    0.0000    0.0000    0.0000  25.00
  26.00    1.7410E+00    0.0000    0.0000    0.0000    0.0000    0.0000    0.0000    0.0000    0.0000    0.0000  26.00
  27.00    1.6904E+00    0.0000    0.0000    0.0000    0.0000    0.0000    0.0000    0.0000    0.0000    0.0000  27.00
  28.00    1.6456E+00    0.0000    0.0000    0.0000    0.0000    0.0000    0.0000    0.0000    0.0000    0.0000  28.00
  29.00    1.6057E+00    0.0000    0.0000    0.0000    0.0000    0.0000    0.0000    0.0000    0.0000    0.0000  29.00
  30.00    1.5704E+00    0.0000    0.0000    0.0000    0.0000    0.0000    0.0000    0.0000    0.0000    0.0000  30.00
  31.00    1.5392E+00    0.0000    0.0000    0.0000    0.0000    0.0000    0.0000    0.0000    0.0000    0.0000  31.00
  32.00    1.5120E+00    0.0000    0.0000    0.0000    0.0000    0.0000    0.0000    0.0000    0.0000    0.0000  32.00
  33.00    1.4888E+00    0.0000    0.0000    0.0000    0.0000    0.0000    0.0000    0.0000    0.0000    0.0000  33.00
  34.00    1.4694E+00    0.0000    0.0000    0.0000    0.0000    0.0000    0.0000    0.0000    0.0000    0.0000  34.00
  35.00    1.4535E+00    0.0000    0.0000    0.0000    0.0000    0.0000    0.0000    0.0000    0.0000    0.0000  35.00
  36.00    1.4411E+00    0.0000    0.0000    0.0000    0.0000    0.0000    0.0000    0.0000    0.0000    0.0000  36.00
  37.00    1.4318E+00    0.0000    0.0000    0.0000    0.0000    0.0000    0.0000    0.0000    0.0000    0.0000  37.00
  38.00    1.4250E+00    0.0000    0.0000    0.0000    0.0000    0.0000    0.0000    0.0000    0.0000    0.0000  38.00
  39.00    1.4201E+00    0.0000    0.0000    0.0000    0.0000    0.0000    0.0000    0.0000    0.0000    0.0000  39.00
  40.00    1.4165E+00    0.0000    0.0000    0.0000    0.0000    0.0000    0.0000    0.0000    0.0000    0.0000  40.00
  41.00    1.4134E+00    0.0000    0.0000    0.0000    0.0000    0.0000    0.0000    0.0000    0.0000    0.0000  41.00
  42.00    1.4098E+00    0.0000    0.0000    0.0000    0.0000    0.0000    0.0000    0.0000    0.0000    0.0000  42.00
  43.00    1.4050E+00    0.0000    0.0000    0.0000    0.0000    0.0000    0.0000    0.0000    0.0000    0.0000  43.00
  44.00    1.3982E+00    0.0000    0.0000    0.0000    0.0000    0.0000    0.0000    0.0000    0.0000    0.0000  44.00
  45.00    1.3884E+00    0.0000    0.0000    0.0000    0.0000    0.0000    0.0000    0.0000    0.0000    0.0000  45.00
  46.00    1.3752E+00    0.0000    0.0000    0.0000    0.0000    0.0000    0.0000    0.0000    0.0000    0.0000  46.00
  47.00    1.3581E+00    0.0000    0.0000    0.0000    0.0000    0.0000    0.0000    0.0000    0.0000    0.0000  47.00
  48.00    1.3367E+00    0.0000    0.0000    0.0000    0.0000    0.0000    0.0000    0.0000    0.0000    0.0000  48.00
  49.00    1.3108E+00    0.0000    0.0000    0.0000    0.0000    0.0000    0.0000    0.0000    0.0000    0.0000  49.00
  50.00    1.2806E+00    0.0000    0.0000    0.0000    0.0000    0.0000    0.0000    0.0000    0.0000    0.0000  50.00
  51.00    1.2462E+00    0.0000    0.0000    0.0000    0.0000    0.0000    0.0000    0.0000    0.0000    0.0000  51.00
  52.00    1.2080E+00    0.0000    0.0000    0.0000    0.0000    0.0000    0.0000    0.0000    0.0000    0.0000  52.00
  53.00    1.1664E+00    0.0000    0.0000    0.0000    0.0000    0.0000    0.0000    0.0000    0.0000    0.0000  53.00
  54.00    1.1221E+00    0.0000    0.0000    0.0000    0.0000    0.0000    0.0000    0.0000    0.0000    0.0000  54.00
  55.00    1.0756E+00    0.0000    0.0000    0.0000    0.0000    0.0000    0.0000    0.0000    0.0000    0.0000  55.00
  56.00    1.0277E+00    0.0000    0.0000    0.0000    0.0000    0.0000    0.0000    0.0000    0.0000    0.0000  56.00
  57.00    9.7890E-01    0.0000    0.0000    0.0000    0.0000    0.0000    0.0000    0.0000    0.0000    0.0000  57.00
  58.00    9.2984E-01    0.0000    0.0000    0.0000    0.0000    0.0000    0.0000    0.0000    0.0000    0.0000  58.00
  59.00    8.8105E-01    0.0000    0.0000    0.0000    0.0000    0.0000    0.0000    0.0000    0.0000    0.0000  59.00
  60.00    8.3302E-01    0.0000    0.0000    0.0000    0.0000    0.0000    0.0000    0.0000    0.0000    0.0000  60.00
0Tot-sig   7.8312E+00
1Inelastic  10Be(d,p)11Be(3/2- 0.00) Ex=1.20 0p3/2 AK UNBOUND SCAN         0/00/00
    THETA  -2                               -1                                0                                1   THETA cos(theta)
     0.00  |++++++++++++++++++++++++++++++++|++++++++++++++++++++++++++++++++|++++++++++++++++++++++++++++++*+|+    0.00    1.0000
     1.00  +                                                                                                *  +    1.00    0.9998
     2.00  +                                                                                               *   +    2.00    0.9994
     3.00  +                                                                                               *   +    3.00    0.9986
     4.00  +                                                                                              *    +    4.00    0.9976
     5.00  +                                                                                              *    +    5.00    0.9962
     6.00  +                                                                                             *     +    6.00    0.9945
     7.00  +                                                                                            *      +    7.00    0.9925
     8.00  +                                                                                           *       +    8.00    0.9903
     9.00  +                                                                                          *        +    9.00    0.9877
    10.00  +                                                                                         *         +   10.00    0.9848
    11.00  +                                                                                        *          +   11.00    0.9816
    12.00  +                                                                                      *            +   12.00    0.9781
    13.00  +                                                                                     *             +   13.00    0.9744
    14.00  +                                                                                    *              +   14.00    0.9703
    15.00  +                                                                                  *                +   15.00    0.9659
    16.00  +                                                                                 *                 +   16.00    0.9613
    17.00  +                                                                                *                  +   17.00    0.9563
    18.00  +                                                                               *                   +   18.00    0.9511
    19.00  +                                                                              *                    +   19.00    0.9455
    20.00  +                                                                             *                     +   20.00    0.9397
    21.00  +                                                                            *                      +   21.00    0.9336
    22.00  +                                                                           *                       +   22.00    0.9272
    23.00  +                                                                           *                       +   23.00    0.9205
    24.00  +                                                                          *                        +   24.00    0.9135
    25.00  +                                                                         *                         +   25.00    0.9063
    26.00  +                                                                         *                         +   26.00    0.8988
    27.00  +                                                                         *                         +   27.00    0.8910
    28.00  +                                                                        *                          +   28.00    0.8829
    29.00  +                                                                        *                          +   29.00    0.8746
    30.00  +                                                                       *                           +   30.00    0.8660
    31.00  +                                                                       *                           +   31.00    0.8572
    32.00  +                                                                       *                           +   32.00    0.8480
    33.00  +                                                                       *                           +   33.00    0.8387
    34.00  +                                                                       *                           +   34.00    0.8290
    35.00  +                                                                      *                            +   35.00    0.8192
    36.00  +                                                                      *                            +   36.00    0.8090
    37.00  +                                                                      *                            +   37.00    0.7986
    38.00  +                                                                      *                            +   38.00    0.7880
    39.00  +                                                                      *                            +   39.00    0.7771
    40.00  +                                                                      *                            +   40.00    0.7660
    41.00  +                                                                      *                            +   41.00    0.7547
    42.00  +                                                                      *                            +   42.00    0.7431
    43.00  +                                                                      *                            +   43.00    0.7314
    44.00  +                                                                      *                            +   44.00    0.7193
    45.00  +                                                                      *                            +   45.00    0.7071
    46.00  +                                                                      *                            +   46.00    0.6947
    47.00  +                                                                     *                             +   47.00    0.6820
    48.00  +                                                                     *                             +   48.00    0.6691
    49.00  +                                                                     *                             +   49.00    0.6561
    50.00  +                                                                     *                             +   50.00    0.6428
    51.00  +                                                                    *                              +   51.00    0.6293
    52.00  +                                                                    *                              +   52.00    0.6157
    53.00  +                                                                   *                               +   53.00    0.6018
    54.00  +                                                                   *                               +   54.00    0.5878
    55.00  +                                                                  *                                +   55.00    0.5736
    56.00  +                                                                 *                                 +   56.00    0.5592
    57.00  +                                                                 *                                 +   57.00    0.5446
    58.00  +                                                                *                                  +   58.00    0.5299
    59.00  +                                                               *                                   +   59.00    0.5150
    60.00  |++++++++++++++++++++++++++++++++|+++++++++++++++++++++++++++++*++|++++++++++++++++++++++++++++++++|+   60.00    0.5000
    THETA  -2                               -1                                0                                1   THETA cos(theta)
1DWUCK4-DISTORTED WAVES U.COLORADO- PC-VERSION  12/Jan /1995
 Elapsed time in seconds =   0.00
 Elapsed time in seconds =   0.00
0CONTROL INTEGERS
  1 2 3 4 5 6 7 8 9 A B C D E F G H I J K    RUN IDENTIFICATION                                             0/00/00   0.00.00
  1 0 1 1 0 0 0 0 3 0 0 0 0 0 0 0 0 0 0 0    10Be(d,p)11Be(3/2- 0.00) Ex=1.40 0p3/2 AK UNBOUND SCAN      
 10Be(d,p)11Be(3/2- 0.00) Ex=1.40 0p3/2 AK UNBOUND SCAN      
 Adwck4 entered
0ANGLE DATA          THETN=  61.0000   THET1=   0.0000   DTHET=   1.0000   A-ANG=   0.0000   B-ANG=   0.0000
0CARD SET 3 DATA     LMAX =  15          LTR=   1
                     NLTR =   1        2*JTR=   3
0CARD SET 4 DATA     DRF  =   0.1000   RZ   =   0.0000   RMAX = -15.0000   VCE  =   0.0000   FNRNG=   0.0000
 PARTICLE DATA 
0PARTICLE 1*******************************************************************************************************************
 INPUT DATA          ELAB =  17.4000   RC0  =   1.3030   AC   =   0.0000   2*STR=   0.0000
                     MASSP=   2.0000   MASST=  10.0000   Q    =   0.0000
                     ZP   =   1.0000   ZT   =   4.0000   PNLOC=   2.0000
 
 DERIVED DATA        ECM  =  14.5000   RC   =   2.8072   RHO  =   3.0186
                     K    =   1.0753   ETA  =   0.2136   DR   =   0.1000
0POTENTIAL PARAMETERS
 NX=1 VOLUME  W-S    V RL = -88.7440   R0RL =   1.1480   A RL =   0.7460   R RL =   2.4733   VSOR =   0.0000
                     V IM =  -2.1860   R0IM =   1.3510   A IM =   0.6400   R IM =   2.9106   VSOI =   0.0000   POWR =   0.0000
 NX=2 SURFACE W-S    V RL =   0.0000   R0RL =   0.0000   A RL =   0.0000   R RL =   0.0000   VSOR =   0.0000
                     V IM =  27.3930   R0IM =   1.4050   A IM =   0.6650   R IM =   3.0270   VSOI =   0.0000   POWR =   0.0000
 NX=4 L*S VOLUME     V RL = -14.2280   R0RL =   0.9720   A RL =   1.0110   R RL =   2.0941   VSOR =   0.0000
                     V IM =   0.0000   R0IM =   0.0000   A IM =   0.0000   R IM =   0.0000   VSOI =   0.0000   POWR =   0.0000
0PARTICLE 2*******************************************************************************************************************
 INPUT DATA          ELAB =  12.4135   RC0  =   1.5780   AC   =   0.0000   2*STR=   0.0000
                     MASSP=   1.0000   MASST=  11.0000   Q    =  -3.1210
                     ZP   =   1.0000   ZT   =   4.0000   PNLOC=   1.0000
 
 DERIVED DATA        ECM  =  11.3790   RC   =   3.5094   RHO  =   2.4792
                     K    =   0.7064   ETA  =   0.1788   DR   =   0.0909
0POTENTIAL PARAMETERS
 NX=1 VOLUME  W-S    V RL = -56.2800   R0RL =   1.1220   A RL =   0.6760   R RL =   2.4953   VSOR =   0.0000
                     V IM =  -1.1170   R0IM =   1.1220   A IM =   0.6760   R IM =   2.4953   VSOI =   0.0000   POWR =   0.0000
 NX=2 SURFACE W-S    V RL =   0.0000   R0RL =   0.0000   A RL =   0.0000   R RL =   0.0000   VSOR =   0.0000
                     V IM =  20.7710   R0IM =   1.3070   A IM =   0.5240   R IM =   2.9067   VSOI =   0.0000   POWR =   0.0000
 NX=4 L*S VOLUME     V RL = -21.8760   R0RL =   0.8940   A RL =   0.5900   R RL =   1.9882   VSOR =   0.0000
                     V IM =   0.2160   R0IM =   0.8940   A IM =   0.5900   R IM =   1.9882   VSOI =   0.0000   POWR =   0.0000
110Be(d,p)11Be(3/2- 0.00) Ex=1.40 0p3/2 AK UNBOUND SCAN         0/ 0/ 0
0FORM FACTOR DATA 
0PARTICLE 3*******************************************************************************************************************
 INPUT DATA          ELAB =   0.8960   RC0  =   1.3000   AC   =   0.0000   2*STR=   0.0000
                     MASSP=   1.0000   MASST=  10.0000   Q    =   0.8960
                     ZP   =   0.0000   ZT   =   4.0000   PNLOC=   1.0000
 
 DERIVED DATA        ECM  =   0.8960   RC   =   2.8008   RHO  =   0.5529
                     K    =   0.1974   ETA  =   0.0000   DR   =   0.1000
0POTENTIAL PARAMETERS
 NX=1 VOLUME  W-S    V RL =  -1.0000   R0RL =   1.2500   A RL =   0.6500   R RL =   2.6930   VSOR =  24.0000
                     V IM =   1.1000   R0IM =   0.6500   A IM =   0.0000   R IM =   1.4004   VSOI =   0.0000   POWR =   0.0000
 
                     NODES=   0.0000   L    =   1.0000   2*J  =   3.0000   2*S  =   1.0000   FISW =   0.0000
 
0SINGLE PARTICLE WIDTH = 1.2283E  0  MEV     VOLUME TERM =  1.3682E+01     SURFACE TERM = -6.2915E+00
                     V    =  25.3426   DET  =   0.0001   NODES=   0.0000   RM   =   4.7500   E    =   0.8960   ITER.=   6
0Non-locality correction is applied, parameter =   2.000
0Non-locality correction is applied, parameter =   1.000
0                    LMAX =  15        NSTEP= 150        NLTR =   1
 Bdwck4 entered
   Subroutine INTEG  entered
0REACSIG 1   9.04890E+01                                             REACSIG 2   5.86853E+01
   Subroutine RADINT entered
110Be(d,p)11Be(3/2- 0.00) Ex=1.40 0p3/2 AK UNBOUND SCAN         0/00/00
0BASIC DATA          DR   =   0.1000   RMIN =   0.0000   RMAX =  15.0000   COUEX=   0.0000     IS1=   0.0000
                     FNRNG=   0.0000   PNLC1=   2.0000   PNLC2=   1.0000   PNLC3=   1.0000     IS2=   0.0000
 ANG MOM TRANSFER    LTR  =   1.       2*JTR=   2.       2*STR=   0.       Q    =  -3.1210
   Subroutine INSIG  entered
0 Theta Inelsig,fm**2      Polz       Asy       Ayy       A22       A21       A20       T22       T21       T20  Theta
   0.00    1.1772E+01    0.0000    0.0000    0.0000    0.0000    0.0000    0.0000    0.0000    0.0000    0.0000   0.00
   1.00    1.1697E+01    0.0000    0.0000    0.0000    0.0000    0.0000    0.0000    0.0000    0.0000    0.0000   1.00
   2.00    1.1476E+01    0.0000    0.0000    0.0000    0.0000    0.0000    0.0000    0.0000    0.0000    0.0000   2.00
   3.00    1.1119E+01    0.0000    0.0000    0.0000    0.0000    0.0000    0.0000    0.0000    0.0000    0.0000   3.00
   4.00    1.0641E+01    0.0000    0.0000    0.0000    0.0000    0.0000    0.0000    0.0000    0.0000    0.0000   4.00
   5.00    1.0060E+01    0.0000    0.0000    0.0000    0.0000    0.0000    0.0000    0.0000    0.0000    0.0000   5.00
   6.00    9.4000E+00    0.0000    0.0000    0.0000    0.0000    0.0000    0.0000    0.0000    0.0000    0.0000   6.00
   7.00    8.6859E+00    0.0000    0.0000    0.0000    0.0000    0.0000    0.0000    0.0000    0.0000    0.0000   7.00
   8.00    7.9429E+00    0.0000    0.0000    0.0000    0.0000    0.0000    0.0000    0.0000    0.0000    0.0000   8.00
   9.00    7.1953E+00    0.0000    0.0000    0.0000    0.0000    0.0000    0.0000    0.0000    0.0000    0.0000   9.00
  10.00    6.4652E+00    0.0000    0.0000    0.0000    0.0000    0.0000    0.0000    0.0000    0.0000    0.0000  10.00
  11.00    5.7716E+00    0.0000    0.0000    0.0000    0.0000    0.0000    0.0000    0.0000    0.0000    0.0000  11.00
  12.00    5.1294E+00    0.0000    0.0000    0.0000    0.0000    0.0000    0.0000    0.0000    0.0000    0.0000  12.00
  13.00    4.5495E+00    0.0000    0.0000    0.0000    0.0000    0.0000    0.0000    0.0000    0.0000    0.0000  13.00
  14.00    4.0384E+00    0.0000    0.0000    0.0000    0.0000    0.0000    0.0000    0.0000    0.0000    0.0000  14.00
  15.00    3.5984E+00    0.0000    0.0000    0.0000    0.0000    0.0000    0.0000    0.0000    0.0000    0.0000  15.00
  16.00    3.2286E+00    0.0000    0.0000    0.0000    0.0000    0.0000    0.0000    0.0000    0.0000    0.0000  16.00
  17.00    2.9247E+00    0.0000    0.0000    0.0000    0.0000    0.0000    0.0000    0.0000    0.0000    0.0000  17.00
  18.00    2.6807E+00    0.0000    0.0000    0.0000    0.0000    0.0000    0.0000    0.0000    0.0000    0.0000  18.00
  19.00    2.4888E+00    0.0000    0.0000    0.0000    0.0000    0.0000    0.0000    0.0000    0.0000    0.0000  19.00
  20.00    2.3407E+00    0.0000    0.0000    0.0000    0.0000    0.0000    0.0000    0.0000    0.0000    0.0000  20.00
  21.00    2.2281E+00    0.0000    0.0000    0.0000    0.0000    0.0000    0.0000    0.0000    0.0000    0.0000  21.00
  22.00    2.1430E+00    0.0000    0.0000    0.0000    0.0000    0.0000    0.0000    0.0000    0.0000    0.0000  22.00
  23.00    2.0783E+00    0.0000    0.0000    0.0000    0.0000    0.0000    0.0000    0.0000    0.0000    0.0000  23.00
  24.00    2.0280E+00    0.0000    0.0000    0.0000    0.0000    0.0000    0.0000    0.0000    0.0000    0.0000  24.00
  25.00    1.9872E+00    0.0000    0.0000    0.0000    0.0000    0.0000    0.0000    0.0000    0.0000    0.0000  25.00
  26.00    1.9521E+00    0.0000    0.0000    0.0000    0.0000    0.0000    0.0000    0.0000    0.0000    0.0000  26.00
  27.00    1.9201E+00    0.0000    0.0000    0.0000    0.0000    0.0000    0.0000    0.0000    0.0000    0.0000  27.00
  28.00    1.8895E+00    0.0000    0.0000    0.0000    0.0000    0.0000    0.0000    0.0000    0.0000    0.0000  28.00
  29.00    1.8592E+00    0.0000    0.0000    0.0000    0.0000    0.0000    0.0000    0.0000    0.0000    0.0000  29.00
  30.00    1.8289E+00    0.0000    0.0000    0.0000    0.0000    0.0000    0.0000    0.0000    0.0000    0.0000  30.00
  31.00    1.7986E+00    0.0000    0.0000    0.0000    0.0000    0.0000    0.0000    0.0000    0.0000    0.0000  31.00
  32.00    1.7686E+00    0.0000    0.0000    0.0000    0.0000    0.0000    0.0000    0.0000    0.0000    0.0000  32.00
  33.00    1.7392E+00    0.0000    0.0000    0.0000    0.0000    0.0000    0.0000    0.0000    0.0000    0.0000  33.00
  34.00    1.7110E+00    0.0000    0.0000    0.0000    0.0000    0.0000    0.0000    0.0000    0.0000    0.0000  34.00
  35.00    1.6844E+00    0.0000    0.0000    0.0000    0.0000    0.0000    0.0000    0.0000    0.0000    0.0000  35.00
  36.00    1.6597E+00    0.0000    0.0000    0.0000    0.0000    0.0000    0.0000    0.0000    0.0000    0.0000  36.00
  37.00    1.6372E+00    0.0000    0.0000    0.0000    0.0000    0.0000    0.0000    0.0000    0.0000    0.0000  37.00
  38.00    1.6169E+00    0.0000    0.0000    0.0000    0.0000    0.0000    0.0000    0.0000    0.0000    0.0000  38.00
  39.00    1.5988E+00    0.0000    0.0000    0.0000    0.0000    0.0000    0.0000    0.0000    0.0000    0.0000  39.00
  40.00    1.5826E+00    0.0000    0.0000    0.0000    0.0000    0.0000    0.0000    0.0000    0.0000    0.0000  40.00
  41.00    1.5679E+00    0.0000    0.0000    0.0000    0.0000    0.0000    0.0000    0.0000    0.0000    0.0000  41.00
  42.00    1.5543E+00    0.0000    0.0000    0.0000    0.0000    0.0000    0.0000    0.0000    0.0000    0.0000  42.00
  43.00    1.5411E+00    0.0000    0.0000    0.0000    0.0000    0.0000    0.0000    0.0000    0.0000    0.0000  43.00
  44.00    1.5276E+00    0.0000    0.0000    0.0000    0.0000    0.0000    0.0000    0.0000    0.0000    0.0000  44.00
  45.00    1.5132E+00    0.0000    0.0000    0.0000    0.0000    0.0000    0.0000    0.0000    0.0000    0.0000  45.00
  46.00    1.4972E+00    0.0000    0.0000    0.0000    0.0000    0.0000    0.0000    0.0000    0.0000    0.0000  46.00
  47.00    1.4790E+00    0.0000    0.0000    0.0000    0.0000    0.0000    0.0000    0.0000    0.0000    0.0000  47.00
  48.00    1.4580E+00    0.0000    0.0000    0.0000    0.0000    0.0000    0.0000    0.0000    0.0000    0.0000  48.00
  49.00    1.4338E+00    0.0000    0.0000    0.0000    0.0000    0.0000    0.0000    0.0000    0.0000    0.0000  49.00
  50.00    1.4063E+00    0.0000    0.0000    0.0000    0.0000    0.0000    0.0000    0.0000    0.0000    0.0000  50.00
  51.00    1.3752E+00    0.0000    0.0000    0.0000    0.0000    0.0000    0.0000    0.0000    0.0000    0.0000  51.00
  52.00    1.3407E+00    0.0000    0.0000    0.0000    0.0000    0.0000    0.0000    0.0000    0.0000    0.0000  52.00
  53.00    1.3029E+00    0.0000    0.0000    0.0000    0.0000    0.0000    0.0000    0.0000    0.0000    0.0000  53.00
  54.00    1.2621E+00    0.0000    0.0000    0.0000    0.0000    0.0000    0.0000    0.0000    0.0000    0.0000  54.00
  55.00    1.2188E+00    0.0000    0.0000    0.0000    0.0000    0.0000    0.0000    0.0000    0.0000    0.0000  55.00
  56.00    1.1733E+00    0.0000    0.0000    0.0000    0.0000    0.0000    0.0000    0.0000    0.0000    0.0000  56.00
  57.00    1.1262E+00    0.0000    0.0000    0.0000    0.0000    0.0000    0.0000    0.0000    0.0000    0.0000  57.00
  58.00    1.0780E+00    0.0000    0.0000    0.0000    0.0000    0.0000    0.0000    0.0000    0.0000    0.0000  58.00
  59.00    1.0292E+00    0.0000    0.0000    0.0000    0.0000    0.0000    0.0000    0.0000    0.0000    0.0000  59.00
  60.00    9.8015E-01    0.0000    0.0000    0.0000    0.0000    0.0000    0.0000    0.0000    0.0000    0.0000  60.00
0Tot-sig   9.1722E+00
1Inelastic  10Be(d,p)11Be(3/2- 0.00) Ex=1.40 0p3/2 AK UNBOUND SCAN         0/00/00
    THETA  -1                                0                                1                                2   THETA cos(theta)
     0.00  |++++++++++++++++++++++++++++++++|++++++++++++++++++++++++++++++++|+*++++++++++++++++++++++++++++++|+    0.00    1.0000
     1.00  +                                                                   *                               +    1.00    0.9998
     2.00  +                                                                   *                               +    2.00    0.9994
     3.00  +                                                                   *                               +    3.00    0.9986
     4.00  +                                                                  *                                +    4.00    0.9976
     5.00  +                                                                 *                                 +    5.00    0.9962
     6.00  +                                                                *                                  +    6.00    0.9945
     7.00  +                                                               *                                   +    7.00    0.9925
     8.00  +                                                              *                                    +    8.00    0.9903
     9.00  +                                                            *                                      +    9.00    0.9877
    10.00  +                                                           *                                       +   10.00    0.9848
    11.00  +                                                         *                                         +   11.00    0.9816
    12.00  +                                                       *                                           +   12.00    0.9781
    13.00  +                                                      *                                            +   13.00    0.9744
    14.00  +                                                    *                                              +   14.00    0.9703
    15.00  +                                                  *                                                +   15.00    0.9659
    16.00  +                                                 *                                                 +   16.00    0.9613
    17.00  +                                               *                                                   +   17.00    0.9563
    18.00  +                                              *                                                    +   18.00    0.9511
    19.00  +                                             *                                                     +   19.00    0.9455
    20.00  +                                            *                                                      +   20.00    0.9397
    21.00  +                                           *                                                       +   21.00    0.9336
    22.00  +                                           *                                                       +   22.00    0.9272
    23.00  +                                          *                                                        +   23.00    0.9205
    24.00  +                                          *                                                        +   24.00    0.9135
    25.00  +                                          *                                                        +   25.00    0.9063
    26.00  +                                          *                                                        +   26.00    0.8988
    27.00  +                                         *                                                         +   27.00    0.8910
    28.00  +                                         *                                                         +   28.00    0.8829
    29.00  +                                         *                                                         +   29.00    0.8746
    30.00  +                                         *                                                         +   30.00    0.8660
    31.00  +                                        *                                                          +   31.00    0.8572
    32.00  +                                        *                                                          +   32.00    0.8480
    33.00  +                                        *                                                          +   33.00    0.8387
    34.00  +                                        *                                                          +   34.00    0.8290
    35.00  +                                       *                                                           +   35.00    0.8192
    36.00  +                                       *                                                           +   36.00    0.8090
    37.00  +                                       *                                                           +   37.00    0.7986
    38.00  +                                       *                                                           +   38.00    0.7880
    39.00  +                                       *                                                           +   39.00    0.7771
    40.00  +                                       *                                                           +   40.00    0.7660
    41.00  +                                      *                                                            +   41.00    0.7547
    42.00  +                                      *                                                            +   42.00    0.7431
    43.00  +                                      *                                                            +   43.00    0.7314
    44.00  +                                      *                                                            +   44.00    0.7193
    45.00  +                                      *                                                            +   45.00    0.7071
    46.00  +                                      *                                                            +   46.00    0.6947
    47.00  +                                      *                                                            +   47.00    0.6820
    48.00  +                                     *                                                             +   48.00    0.6691
    49.00  +                                     *                                                             +   49.00    0.6561
    50.00  +                                     *                                                             +   50.00    0.6428
    51.00  +                                     *                                                             +   51.00    0.6293
    52.00  +                                    *                                                              +   52.00    0.6157
    53.00  +                                    *                                                              +   53.00    0.6018
    54.00  +                                   *                                                               +   54.00    0.5878
    55.00  +                                   *                                                               +   55.00    0.5736
    56.00  +                                  *                                                                +   56.00    0.5592
    57.00  +                                  *                                                                +   57.00    0.5446
    58.00  +                                 *                                                                 +   58.00    0.5299
    59.00  +                                *                                                                  +   59.00    0.5150
    60.00  |++++++++++++++++++++++++++++++++*++++++++++++++++++++++++++++++++|++++++++++++++++++++++++++++++++|+   60.00    0.5000
    THETA  -1                                0                                1                                2   THETA cos(theta)
1DWUCK4-DISTORTED WAVES U.COLORADO- PC-VERSION  12/Jan /1995
 Elapsed time in seconds =   0.00
 Elapsed time in seconds =   0.00
0CONTROL INTEGERS
  1 2 3 4 5 6 7 8 9 A B C D E F G H I J K    RUN IDENTIFICATION                                             0/00/00   0.00.00
  1 0 1 1 0 0 0 0 3 0 0 0 0 0 0 0 0 0 0 0    10Be(d,p)11Be(3/2- 0.00) Ex=1.60 0p3/2 AK UNBOUND SCAN      
 10Be(d,p)11Be(3/2- 0.00) Ex=1.60 0p3/2 AK UNBOUND SCAN      
 Adwck4 entered
0ANGLE DATA          THETN=  61.0000   THET1=   0.0000   DTHET=   1.0000   A-ANG=   0.0000   B-ANG=   0.0000
0CARD SET 3 DATA     LMAX =  15          LTR=   1
                     NLTR =   1        2*JTR=   3
0CARD SET 4 DATA     DRF  =   0.1000   RZ   =   0.0000   RMAX = -15.0000   VCE  =   0.0000   FNRNG=   0.0000
 PARTICLE DATA 
0PARTICLE 1*******************************************************************************************************************
 INPUT DATA          ELAB =  17.4000   RC0  =   1.3030   AC   =   0.0000   2*STR=   0.0000
                     MASSP=   2.0000   MASST=  10.0000   Q    =   0.0000
                     ZP   =   1.0000   ZT   =   4.0000   PNLOC=   2.0000
 
 DERIVED DATA        ECM  =  14.5000   RC   =   2.8072   RHO  =   3.0186
                     K    =   1.0753   ETA  =   0.2136   DR   =   0.1000
0POTENTIAL PARAMETERS
 NX=1 VOLUME  W-S    V RL = -88.7440   R0RL =   1.1480   A RL =   0.7460   R RL =   2.4733   VSOR =   0.0000
                     V IM =  -2.1860   R0IM =   1.3510   A IM =   0.6400   R IM =   2.9106   VSOI =   0.0000   POWR =   0.0000
 NX=2 SURFACE W-S    V RL =   0.0000   R0RL =   0.0000   A RL =   0.0000   R RL =   0.0000   VSOR =   0.0000
                     V IM =  27.3930   R0IM =   1.4050   A IM =   0.6650   R IM =   3.0270   VSOI =   0.0000   POWR =   0.0000
 NX=4 L*S VOLUME     V RL = -14.2280   R0RL =   0.9720   A RL =   1.0110   R RL =   2.0941   VSOR =   0.0000
                     V IM =   0.0000   R0IM =   0.0000   A IM =   0.0000   R IM =   0.0000   VSOI =   0.0000   POWR =   0.0000
0PARTICLE 2*******************************************************************************************************************
 INPUT DATA          ELAB =  12.1953   RC0  =   1.5780   AC   =   0.0000   2*STR=   0.0000
                     MASSP=   1.0000   MASST=  11.0000   Q    =  -3.3210
                     ZP   =   1.0000   ZT   =   4.0000   PNLOC=   1.0000
 
 DERIVED DATA        ECM  =  11.1790   RC   =   3.5094   RHO  =   2.4573
                     K    =   0.7002   ETA  =   0.1804   DR   =   0.0909
0POTENTIAL PARAMETERS
 NX=1 VOLUME  W-S    V RL = -56.2800   R0RL =   1.1220   A RL =   0.6760   R RL =   2.4953   VSOR =   0.0000
                     V IM =  -1.1170   R0IM =   1.1220   A IM =   0.6760   R IM =   2.4953   VSOI =   0.0000   POWR =   0.0000
 NX=2 SURFACE W-S    V RL =   0.0000   R0RL =   0.0000   A RL =   0.0000   R RL =   0.0000   VSOR =   0.0000
                     V IM =  20.7710   R0IM =   1.3070   A IM =   0.5240   R IM =   2.9067   VSOI =   0.0000   POWR =   0.0000
 NX=4 L*S VOLUME     V RL = -21.8760   R0RL =   0.8940   A RL =   0.5900   R RL =   1.9882   VSOR =   0.0000
                     V IM =   0.2160   R0IM =   0.8940   A IM =   0.5900   R IM =   1.9882   VSOI =   0.0000   POWR =   0.0000
110Be(d,p)11Be(3/2- 0.00) Ex=1.60 0p3/2 AK UNBOUND SCAN         0/ 0/ 0
0FORM FACTOR DATA 
0PARTICLE 3*******************************************************************************************************************
 INPUT DATA          ELAB =   1.0960   RC0  =   1.3000   AC   =   0.0000   2*STR=   0.0000
                     MASSP=   1.0000   MASST=  10.0000   Q    =   1.0960
                     ZP   =   0.0000   ZT   =   4.0000   PNLOC=   1.0000
 
 DERIVED DATA        ECM  =   1.0960   RC   =   2.8008   RHO  =   0.6115
                     K    =   0.2183   ETA  =   0.0000   DR   =   0.1000
0POTENTIAL PARAMETERS
 NX=1 VOLUME  W-S    V RL =  -1.0000   R0RL =   1.2500   A RL =   0.6500   R RL =   2.6930   VSOR =  24.0000
                     V IM =   1.1000   R0IM =   0.6500   A IM =   0.0000   R IM =   1.4004   VSOI =   0.0000   POWR =   0.0000
 
                     NODES=   0.0000   L    =   1.0000   2*J  =   3.0000   2*S  =   1.0000   FISW =   0.0000
 
0SINGLE PARTICLE WIDTH = 1.7976E  0  MEV     VOLUME TERM =  1.1409E+01     SURFACE TERM = -5.8243E+00
                     V    =  24.8071   DET  =  -0.0001   NODES=   0.0000   RM   =   5.0500   E    =   1.0960   ITER.=   7
0Non-locality correction is applied, parameter =   2.000
0Non-locality correction is applied, parameter =   1.000
0                    LMAX =  15        NSTEP= 150        NLTR =   1
 Bdwck4 entered
   Subroutine INTEG  entered
0REACSIG 1   9.04890E+01                                             REACSIG 2   5.91643E+01
   Subroutine RADINT entered
110Be(d,p)11Be(3/2- 0.00) Ex=1.60 0p3/2 AK UNBOUND SCAN         0/00/00
0BASIC DATA          DR   =   0.1000   RMIN =   0.0000   RMAX =  15.0000   COUEX=   0.0000     IS1=   0.0000
                     FNRNG=   0.0000   PNLC1=   2.0000   PNLC2=   1.0000   PNLC3=   1.0000     IS2=   0.0000
 ANG MOM TRANSFER    LTR  =   1.       2*JTR=   2.       2*STR=   0.       Q    =  -3.3210
   Subroutine INSIG  entered
0 Theta Inelsig,fm**2      Polz       Asy       Ayy       A22       A21       A20       T22       T21       T20  Theta
   0.00    1.8698E+01    0.0000    0.0000    0.0000    0.0000    0.0000    0.0000    0.0000    0.0000    0.0000   0.00
   1.00    1.8560E+01    0.0000    0.0000    0.0000    0.0000    0.0000    0.0000    0.0000    0.0000    0.0000   1.00
   2.00    1.8152E+01    0.0000    0.0000    0.0000    0.0000    0.0000    0.0000    0.0000    0.0000    0.0000   2.00
   3.00    1.7492E+01    0.0000    0.0000    0.0000    0.0000    0.0000    0.0000    0.0000    0.0000    0.0000   3.00
   4.00    1.6610E+01    0.0000    0.0000    0.0000    0.0000    0.0000    0.0000    0.0000    0.0000    0.0000   4.00
   5.00    1.5542E+01    0.0000    0.0000    0.0000    0.0000    0.0000    0.0000    0.0000    0.0000    0.0000   5.00
   6.00    1.4335E+01    0.0000    0.0000    0.0000    0.0000    0.0000    0.0000    0.0000    0.0000    0.0000   6.00
   7.00    1.3035E+01    0.0000    0.0000    0.0000    0.0000    0.0000    0.0000    0.0000    0.0000    0.0000   7.00
   8.00    1.1690E+01    0.0000    0.0000    0.0000    0.0000    0.0000    0.0000    0.0000    0.0000    0.0000   8.00
   9.00    1.0349E+01    0.0000    0.0000    0.0000    0.0000    0.0000    0.0000    0.0000    0.0000    0.0000   9.00
  10.00    9.0532E+00    0.0000    0.0000    0.0000    0.0000    0.0000    0.0000    0.0000    0.0000    0.0000  10.00
  11.00    7.8381E+00    0.0000    0.0000    0.0000    0.0000    0.0000    0.0000    0.0000    0.0000    0.0000  11.00
  12.00    6.7319E+00    0.0000    0.0000    0.0000    0.0000    0.0000    0.0000    0.0000    0.0000    0.0000  12.00
  13.00    5.7540E+00    0.0000    0.0000    0.0000    0.0000    0.0000    0.0000    0.0000    0.0000    0.0000  13.00
  14.00    4.9152E+00    0.0000    0.0000    0.0000    0.0000    0.0000    0.0000    0.0000    0.0000    0.0000  14.00
  15.00    4.2183E+00    0.0000    0.0000    0.0000    0.0000    0.0000    0.0000    0.0000    0.0000    0.0000  15.00
  16.00    3.6587E+00    0.0000    0.0000    0.0000    0.0000    0.0000    0.0000    0.0000    0.0000    0.0000  16.00
  17.00    3.2262E+00    0.0000    0.0000    0.0000    0.0000    0.0000    0.0000    0.0000    0.0000    0.0000  17.00
  18.00    2.9064E+00    0.0000    0.0000    0.0000    0.0000    0.0000    0.0000    0.0000    0.0000    0.0000  18.00
  19.00    2.6820E+00    0.0000    0.0000    0.0000    0.0000    0.0000    0.0000    0.0000    0.0000    0.0000  19.00
  20.00    2.5348E+00    0.0000    0.0000    0.0000    0.0000    0.0000    0.0000    0.0000    0.0000    0.0000  20.00
  21.00    2.4466E+00    0.0000    0.0000    0.0000    0.0000    0.0000    0.0000    0.0000    0.0000    0.0000  21.00
  22.00    2.4007E+00    0.0000    0.0000    0.0000    0.0000    0.0000    0.0000    0.0000    0.0000    0.0000  22.00
  23.00    2.3823E+00    0.0000    0.0000    0.0000    0.0000    0.0000    0.0000    0.0000    0.0000    0.0000  23.00
  24.00    2.3790E+00    0.0000    0.0000    0.0000    0.0000    0.0000    0.0000    0.0000    0.0000    0.0000  24.00
  25.00    2.3814E+00    0.0000    0.0000    0.0000    0.0000    0.0000    0.0000    0.0000    0.0000    0.0000  25.00
  26.00    2.3824E+00    0.0000    0.0000    0.0000    0.0000    0.0000    0.0000    0.0000    0.0000    0.0000  26.00
  27.00    2.3777E+00    0.0000    0.0000    0.0000    0.0000    0.0000    0.0000    0.0000    0.0000    0.0000  27.00
  28.00    2.3646E+00    0.0000    0.0000    0.0000    0.0000    0.0000    0.0000    0.0000    0.0000    0.0000  28.00
  29.00    2.3422E+00    0.0000    0.0000    0.0000    0.0000    0.0000    0.0000    0.0000    0.0000    0.0000  29.00
  30.00    2.3109E+00    0.0000    0.0000    0.0000    0.0000    0.0000    0.0000    0.0000    0.0000    0.0000  30.00
  31.00    2.2717E+00    0.0000    0.0000    0.0000    0.0000    0.0000    0.0000    0.0000    0.0000    0.0000  31.00
  32.00    2.2262E+00    0.0000    0.0000    0.0000    0.0000    0.0000    0.0000    0.0000    0.0000    0.0000  32.00
  33.00    2.1760E+00    0.0000    0.0000    0.0000    0.0000    0.0000    0.0000    0.0000    0.0000    0.0000  33.00
  34.00    2.1227E+00    0.0000    0.0000    0.0000    0.0000    0.0000    0.0000    0.0000    0.0000    0.0000  34.00
  35.00    2.0680E+00    0.0000    0.0000    0.0000    0.0000    0.0000    0.0000    0.0000    0.0000    0.0000  35.00
  36.00    2.0131E+00    0.0000    0.0000    0.0000    0.0000    0.0000    0.0000    0.0000    0.0000    0.0000  36.00
  37.00    1.9592E+00    0.0000    0.0000    0.0000    0.0000    0.0000    0.0000    0.0000    0.0000    0.0000  37.00
  38.00    1.9072E+00    0.0000    0.0000    0.0000    0.0000    0.0000    0.0000    0.0000    0.0000    0.0000  38.00
  39.00    1.8576E+00    0.0000    0.0000    0.0000    0.0000    0.0000    0.0000    0.0000    0.0000    0.0000  39.00
  40.00    1.8110E+00    0.0000    0.0000    0.0000    0.0000    0.0000    0.0000    0.0000    0.0000    0.0000  40.00
  41.00    1.7676E+00    0.0000    0.0000    0.0000    0.0000    0.0000    0.0000    0.0000    0.0000    0.0000  41.00
  42.00    1.7274E+00    0.0000    0.0000    0.0000    0.0000    0.0000    0.0000    0.0000    0.0000    0.0000  42.00
  43.00    1.6905E+00    0.0000    0.0000    0.0000    0.0000    0.0000    0.0000    0.0000    0.0000    0.0000  43.00
  44.00    1.6566E+00    0.0000    0.0000    0.0000    0.0000    0.0000    0.0000    0.0000    0.0000    0.0000  44.00
  45.00    1.6253E+00    0.0000    0.0000    0.0000    0.0000    0.0000    0.0000    0.0000    0.0000    0.0000  45.00
  46.00    1.5962E+00    0.0000    0.0000    0.0000    0.0000    0.0000    0.0000    0.0000    0.0000    0.0000  46.00
  47.00    1.5688E+00    0.0000    0.0000    0.0000    0.0000    0.0000    0.0000    0.0000    0.0000    0.0000  47.00
  48.00    1.5424E+00    0.0000    0.0000    0.0000    0.0000    0.0000    0.0000    0.0000    0.0000    0.0000  48.00
  49.00    1.5165E+00    0.0000    0.0000    0.0000    0.0000    0.0000    0.0000    0.0000    0.0000    0.0000  49.00
  50.00    1.4904E+00    0.0000    0.0000    0.0000    0.0000    0.0000    0.0000    0.0000    0.0000    0.0000  50.00
  51.00    1.4636E+00    0.0000    0.0000    0.0000    0.0000    0.0000    0.0000    0.0000    0.0000    0.0000  51.00
  52.00    1.4358E+00    0.0000    0.0000    0.0000    0.0000    0.0000    0.0000    0.0000    0.0000    0.0000  52.00
  53.00    1.4063E+00    0.0000    0.0000    0.0000    0.0000    0.0000    0.0000    0.0000    0.0000    0.0000  53.00
  54.00    1.3751E+00    0.0000    0.0000    0.0000    0.0000    0.0000    0.0000    0.0000    0.0000    0.0000  54.00
  55.00    1.3419E+00    0.0000    0.0000    0.0000    0.0000    0.0000    0.0000    0.0000    0.0000    0.0000  55.00
  56.00    1.3066E+00    0.0000    0.0000    0.0000    0.0000    0.0000    0.0000    0.0000    0.0000    0.0000  56.00
  57.00    1.2693E+00    0.0000    0.0000    0.0000    0.0000    0.0000    0.0000    0.0000    0.0000    0.0000  57.00
  58.00    1.2300E+00    0.0000    0.0000    0.0000    0.0000    0.0000    0.0000    0.0000    0.0000    0.0000  58.00
  59.00    1.1888E+00    0.0000    0.0000    0.0000    0.0000    0.0000    0.0000    0.0000    0.0000    0.0000  59.00
  60.00    1.1460E+00    0.0000    0.0000    0.0000    0.0000    0.0000    0.0000    0.0000    0.0000    0.0000  60.00
0Tot-sig   1.1225E+01
1Inelastic  10Be(d,p)11Be(3/2- 0.00) Ex=1.60 0p3/2 AK UNBOUND SCAN         0/00/00
    THETA  -1                                0                                1                                2   THETA cos(theta)
     0.00  |++++++++++++++++++++++++++++++++|++++++++++++++++++++++++++++++++|++++++++*+++++++++++++++++++++++|+    0.00    1.0000
     1.00  +                                                                          *                        +    1.00    0.9998
     2.00  +                                                                          *                        +    2.00    0.9994
     3.00  +                                                                         *                         +    3.00    0.9986
     4.00  +                                                                        *                          +    4.00    0.9976
     5.00  +                                                                       *                           +    5.00    0.9962
     6.00  +                                                                      *                            +    6.00    0.9945
     7.00  +                                                                     *                             +    7.00    0.9925
     8.00  +                                                                   *                               +    8.00    0.9903
     9.00  +                                                                 *                                 +    9.00    0.9877
    10.00  +                                                                *                                  +   10.00    0.9848
    11.00  +                                                              *                                    +   11.00    0.9816
    12.00  +                                                           *                                       +   12.00    0.9781
    13.00  +                                                         *                                         +   13.00    0.9744
    14.00  +                                                       *                                           +   14.00    0.9703
    15.00  +                                                     *                                             +   15.00    0.9659
    16.00  +                                                   *                                               +   16.00    0.9613
    17.00  +                                                 *                                                 +   17.00    0.9563
    18.00  +                                               *                                                   +   18.00    0.9511
    19.00  +                                              *                                                    +   19.00    0.9455
    20.00  +                                             *                                                     +   20.00    0.9397
    21.00  +                                             *                                                     +   21.00    0.9336
    22.00  +                                             *                                                     +   22.00    0.9272
    23.00  +                                            *                                                      +   23.00    0.9205
    24.00  +                                            *                                                      +   24.00    0.9135
    25.00  +                                            *                                                      +   25.00    0.9063
    26.00  +                                            *                                                      +   26.00    0.8988
    27.00  +                                            *                                                      +   27.00    0.8910
    28.00  +                                            *                                                      +   28.00    0.8829
    29.00  +                                            *                                                      +   29.00    0.8746
    30.00  +                                            *                                                      +   30.00    0.8660
    31.00  +                                            *                                                      +   31.00    0.8572
    32.00  +                                           *                                                       +   32.00    0.8480
    33.00  +                                           *                                                       +   33.00    0.8387
    34.00  +                                           *                                                       +   34.00    0.8290
    35.00  +                                          *                                                        +   35.00    0.8192
    36.00  +                                          *                                                        +   36.00    0.8090
    37.00  +                                          *                                                        +   37.00    0.7986
    38.00  +                                         *                                                         +   38.00    0.7880
    39.00  +                                         *                                                         +   39.00    0.7771
    40.00  +                                         *                                                         +   40.00    0.7660
    41.00  +                                        *                                                          +   41.00    0.7547
    42.00  +                                        *                                                          +   42.00    0.7431
    43.00  +                                        *                                                          +   43.00    0.7314
    44.00  +                                       *                                                           +   44.00    0.7193
    45.00  +                                       *                                                           +   45.00    0.7071
    46.00  +                                       *                                                           +   46.00    0.6947
    47.00  +                                      *                                                            +   47.00    0.6820
    48.00  +                                      *                                                            +   48.00    0.6691
    49.00  +                                      *                                                            +   49.00    0.6561
    50.00  +                                      *                                                            +   50.00    0.6428
    51.00  +                                     *                                                             +   51.00    0.6293
    52.00  +                                     *                                                             +   52.00    0.6157
    53.00  +                                     *                                                             +   53.00    0.6018
    54.00  +                                     *                                                             +   54.00    0.5878
    55.00  +                                    *                                                              +   55.00    0.5736
    56.00  +                                    *                                                              +   56.00    0.5592
    57.00  +                                   *                                                               +   57.00    0.5446
    58.00  +                                   *                                                               +   58.00    0.5299
    59.00  +                                  *                                                                +   59.00    0.5150
    60.00  |++++++++++++++++++++++++++++++++|+*++++++++++++++++++++++++++++++|++++++++++++++++++++++++++++++++|+   60.00    0.5000
    THETA  -1                                0                                1                                2   THETA cos(theta)
1DWUCK4-DISTORTED WAVES U.COLORADO- PC-VERSION  12/Jan /1995
 Elapsed time in seconds =   0.00
 Elapsed time in seconds =   0.00
0CONTROL INTEGERS
  1 2 3 4 5 6 7 8 9 A B C D E F G H I J K    RUN IDENTIFICATION                                             0/00/00   0.00.00
  1 0 1 1 0 0 0 0 3 0 0 0 0 0 0 0 0 0 0 0    10Be(d,p)11Be(3/2- 0.00) Ex=1.80 0p3/2 AK UNBOUND SCAN      
 10Be(d,p)11Be(3/2- 0.00) Ex=1.80 0p3/2 AK UNBOUND SCAN      
 Adwck4 entered
0ANGLE DATA          THETN=  61.0000   THET1=   0.0000   DTHET=   1.0000   A-ANG=   0.0000   B-ANG=   0.0000
0CARD SET 3 DATA     LMAX =  15          LTR=   1
                     NLTR =   1        2*JTR=   3
0CARD SET 4 DATA     DRF  =   0.1000   RZ   =   0.0000   RMAX = -15.0000   VCE  =   0.0000   FNRNG=   0.0000
 PARTICLE DATA 
0PARTICLE 1*******************************************************************************************************************
 INPUT DATA          ELAB =  17.4000   RC0  =   1.3030   AC   =   0.0000   2*STR=   0.0000
                     MASSP=   2.0000   MASST=  10.0000   Q    =   0.0000
                     ZP   =   1.0000   ZT   =   4.0000   PNLOC=   2.0000
 
 DERIVED DATA        ECM  =  14.5000   RC   =   2.8072   RHO  =   3.0186
                     K    =   1.0753   ETA  =   0.2136   DR   =   0.1000
0POTENTIAL PARAMETERS
 NX=1 VOLUME  W-S    V RL = -88.7440   R0RL =   1.1480   A RL =   0.7460   R RL =   2.4733   VSOR =   0.0000
                     V IM =  -2.1860   R0IM =   1.3510   A IM =   0.6400   R IM =   2.9106   VSOI =   0.0000   POWR =   0.0000
 NX=2 SURFACE W-S    V RL =   0.0000   R0RL =   0.0000   A RL =   0.0000   R RL =   0.0000   VSOR =   0.0000
                     V IM =  27.3930   R0IM =   1.4050   A IM =   0.6650   R IM =   3.0270   VSOI =   0.0000   POWR =   0.0000
 NX=4 L*S VOLUME     V RL = -14.2280   R0RL =   0.9720   A RL =   1.0110   R RL =   2.0941   VSOR =   0.0000
                     V IM =   0.0000   R0IM =   0.0000   A IM =   0.0000   R IM =   0.0000   VSOI =   0.0000   POWR =   0.0000
0PARTICLE 2*******************************************************************************************************************
 INPUT DATA          ELAB =  11.9771   RC0  =   1.5780   AC   =   0.0000   2*STR=   0.0000
                     MASSP=   1.0000   MASST=  11.0000   Q    =  -3.5210
                     ZP   =   1.0000   ZT   =   4.0000   PNLOC=   1.0000
 
 DERIVED DATA        ECM  =  10.9790   RC   =   3.5094   RHO  =   2.4353
                     K    =   0.6939   ETA  =   0.1820   DR   =   0.0909
0POTENTIAL PARAMETERS
 NX=1 VOLUME  W-S    V RL = -56.2800   R0RL =   1.1220   A RL =   0.6760   R RL =   2.4953   VSOR =   0.0000
                     V IM =  -1.1170   R0IM =   1.1220   A IM =   0.6760   R IM =   2.4953   VSOI =   0.0000   POWR =   0.0000
 NX=2 SURFACE W-S    V RL =   0.0000   R0RL =   0.0000   A RL =   0.0000   R RL =   0.0000   VSOR =   0.0000
                     V IM =  20.7710   R0IM =   1.3070   A IM =   0.5240   R IM =   2.9067   VSOI =   0.0000   POWR =   0.0000
 NX=4 L*S VOLUME     V RL = -21.8760   R0RL =   0.8940   A RL =   0.5900   R RL =   1.9882   VSOR =   0.0000
                     V IM =   0.2160   R0IM =   0.8940   A IM =   0.5900   R IM =   1.9882   VSOI =   0.0000   POWR =   0.0000
110Be(d,p)11Be(3/2- 0.00) Ex=1.80 0p3/2 AK UNBOUND SCAN         0/ 0/ 0
0FORM FACTOR DATA 
0PARTICLE 3*******************************************************************************************************************
 INPUT DATA          ELAB =   1.2960   RC0  =   1.3000   AC   =   0.0000   2*STR=   0.0000
                     MASSP=   1.0000   MASST=  10.0000   Q    =   1.2960
                     ZP   =   0.0000   ZT   =   4.0000   PNLOC=   1.0000
 
 DERIVED DATA        ECM  =   1.2960   RC   =   2.8008   RHO  =   0.6650
                     K    =   0.2374   ETA  =   0.0000   DR   =   0.1000
0POTENTIAL PARAMETERS
 NX=1 VOLUME  W-S    V RL =  -1.0000   R0RL =   1.2500   A RL =   0.6500   R RL =   2.6930   VSOR =  24.0000
                     V IM =   1.1000   R0IM =   0.6500   A IM =   0.0000   R IM =   1.4004   VSOI =   0.0000   POWR =   0.0000
 
                     NODES=   0.0000   L    =   1.0000   2*J  =   3.0000   2*S  =   1.0000   FISW =   0.0000
 
0SINGLE PARTICLE WIDTH = 2.5099E  0  MEV     VOLUME TERM =  1.0080E+01     SURFACE TERM = -5.7300E+00
                     V    =  24.3422   DET  =  -0.0000   NODES=   0.0000   RM   =   3.3500   E    =   1.2960   ITER.=   8
0Non-locality correction is applied, parameter =   2.000
0Non-locality correction is applied, parameter =   1.000
0                    LMAX =  15        NSTEP= 150        NLTR =   1
 Bdwck4 entered
   Subroutine INTEG  entered
0REACSIG 1   9.04890E+01                                             REACSIG 2   5.96737E+01
   Subroutine RADINT entered
110Be(d,p)11Be(3/2- 0.00) Ex=1.80 0p3/2 AK UNBOUND SCAN         0/00/00
0BASIC DATA          DR   =   0.1000   RMIN =   0.0000   RMAX =  15.0000   COUEX=   0.0000     IS1=   0.0000
                     FNRNG=   0.0000   PNLC1=   2.0000   PNLC2=   1.0000   PNLC3=   1.0000     IS2=   0.0000
 ANG MOM TRANSFER    LTR  =   1.       2*JTR=   2.       2*STR=   0.       Q    =  -3.5210
   Subroutine INSIG  entered
0 Theta Inelsig,fm**2      Polz       Asy       Ayy       A22       A21       A20       T22       T21       T20  Theta
   0.00    3.2616E+01    0.0000    0.0000    0.0000    0.0000    0.0000    0.0000    0.0000    0.0000    0.0000   0.00
   1.00    3.2355E+01    0.0000    0.0000    0.0000    0.0000    0.0000    0.0000    0.0000    0.0000    0.0000   1.00
   2.00    3.1587E+01    0.0000    0.0000    0.0000    0.0000    0.0000    0.0000    0.0000    0.0000    0.0000   2.00
   3.00    3.0343E+01    0.0000    0.0000    0.0000    0.0000    0.0000    0.0000    0.0000    0.0000    0.0000   3.00
   4.00    2.8680E+01    0.0000    0.0000    0.0000    0.0000    0.0000    0.0000    0.0000    0.0000    0.0000   4.00
   5.00    2.6669E+01    0.0000    0.0000    0.0000    0.0000    0.0000    0.0000    0.0000    0.0000    0.0000   5.00
   6.00    2.4393E+01    0.0000    0.0000    0.0000    0.0000    0.0000    0.0000    0.0000    0.0000    0.0000   6.00
   7.00    2.1945E+01    0.0000    0.0000    0.0000    0.0000    0.0000    0.0000    0.0000    0.0000    0.0000   7.00
   8.00    1.9416E+01    0.0000    0.0000    0.0000    0.0000    0.0000    0.0000    0.0000    0.0000    0.0000   8.00
   9.00    1.6898E+01    0.0000    0.0000    0.0000    0.0000    0.0000    0.0000    0.0000    0.0000    0.0000   9.00
  10.00    1.4473E+01    0.0000    0.0000    0.0000    0.0000    0.0000    0.0000    0.0000    0.0000    0.0000  10.00
  11.00    1.2209E+01    0.0000    0.0000    0.0000    0.0000    0.0000    0.0000    0.0000    0.0000    0.0000  11.00
  12.00    1.0162E+01    0.0000    0.0000    0.0000    0.0000    0.0000    0.0000    0.0000    0.0000    0.0000  12.00
  13.00    8.3706E+00    0.0000    0.0000    0.0000    0.0000    0.0000    0.0000    0.0000    0.0000    0.0000  13.00
  14.00    6.8568E+00    0.0000    0.0000    0.0000    0.0000    0.0000    0.0000    0.0000    0.0000    0.0000  14.00
  15.00    5.6258E+00    0.0000    0.0000    0.0000    0.0000    0.0000    0.0000    0.0000    0.0000    0.0000  15.00
  16.00    4.6687E+00    0.0000    0.0000    0.0000    0.0000    0.0000    0.0000    0.0000    0.0000    0.0000  16.00
  17.00    3.9645E+00    0.0000    0.0000    0.0000    0.0000    0.0000    0.0000    0.0000    0.0000    0.0000  17.00
  18.00    3.4831E+00    0.0000    0.0000    0.0000    0.0000    0.0000    0.0000    0.0000    0.0000    0.0000  18.00
  19.00    3.1886E+00    0.0000    0.0000    0.0000    0.0000    0.0000    0.0000    0.0000    0.0000    0.0000  19.00
  20.00    3.0422E+00    0.0000    0.0000    0.0000    0.0000    0.0000    0.0000    0.0000    0.0000    0.0000  20.00
  21.00    3.0054E+00    0.0000    0.0000    0.0000    0.0000    0.0000    0.0000    0.0000    0.0000    0.0000  21.00
  22.00    3.0421E+00    0.0000    0.0000    0.0000    0.0000    0.0000    0.0000    0.0000    0.0000    0.0000  22.00
  23.00    3.1204E+00    0.0000    0.0000    0.0000    0.0000    0.0000    0.0000    0.0000    0.0000    0.0000  23.00
  24.00    3.2139E+00    0.0000    0.0000    0.0000    0.0000    0.0000    0.0000    0.0000    0.0000    0.0000  24.00
  25.00    3.3023E+00    0.0000    0.0000    0.0000    0.0000    0.0000    0.0000    0.0000    0.0000    0.0000  25.00
  26.00    3.3712E+00    0.0000    0.0000    0.0000    0.0000    0.0000    0.0000    0.0000    0.0000    0.0000  26.00
  27.00    3.4118E+00    0.0000    0.0000    0.0000    0.0000    0.0000    0.0000    0.0000    0.0000    0.0000  27.00
  28.00    3.4201E+00    0.0000    0.0000    0.0000    0.0000    0.0000    0.0000    0.0000    0.0000    0.0000  28.00
  29.00    3.3959E+00    0.0000    0.0000    0.0000    0.0000    0.0000    0.0000    0.0000    0.0000    0.0000  29.00
  30.00    3.3419E+00    0.0000    0.0000    0.0000    0.0000    0.0000    0.0000    0.0000    0.0000    0.0000  30.00
  31.00    3.2624E+00    0.0000    0.0000    0.0000    0.0000    0.0000    0.0000    0.0000    0.0000    0.0000  31.00
  32.00    3.1626E+00    0.0000    0.0000    0.0000    0.0000    0.0000    0.0000    0.0000    0.0000    0.0000  32.00
  33.00    3.0482E+00    0.0000    0.0000    0.0000    0.0000    0.0000    0.0000    0.0000    0.0000    0.0000  33.00
  34.00    2.9243E+00    0.0000    0.0000    0.0000    0.0000    0.0000    0.0000    0.0000    0.0000    0.0000  34.00
  35.00    2.7954E+00    0.0000    0.0000    0.0000    0.0000    0.0000    0.0000    0.0000    0.0000    0.0000  35.00
  36.00    2.6655E+00    0.0000    0.0000    0.0000    0.0000    0.0000    0.0000    0.0000    0.0000    0.0000  36.00
  37.00    2.5376E+00    0.0000    0.0000    0.0000    0.0000    0.0000    0.0000    0.0000    0.0000    0.0000  37.00
  38.00    2.4138E+00    0.0000    0.0000    0.0000    0.0000    0.0000    0.0000    0.0000    0.0000    0.0000  38.00
  39.00    2.2960E+00    0.0000    0.0000    0.0000    0.0000    0.0000    0.0000    0.0000    0.0000    0.0000  39.00
  40.00    2.1852E+00    0.0000    0.0000    0.0000    0.0000    0.0000    0.0000    0.0000    0.0000    0.0000  40.00
  41.00    2.0823E+00    0.0000    0.0000    0.0000    0.0000    0.0000    0.0000    0.0000    0.0000    0.0000  41.00
  42.00    1.9877E+00    0.0000    0.0000    0.0000    0.0000    0.0000    0.0000    0.0000    0.0000    0.0000  42.00
  43.00    1.9019E+00    0.0000    0.0000    0.0000    0.0000    0.0000    0.0000    0.0000    0.0000    0.0000  43.00
  44.00    1.8249E+00    0.0000    0.0000    0.0000    0.0000    0.0000    0.0000    0.0000    0.0000    0.0000  44.00
  45.00    1.7567E+00    0.0000    0.0000    0.0000    0.0000    0.0000    0.0000    0.0000    0.0000    0.0000  45.00
  46.00    1.6971E+00    0.0000    0.0000    0.0000    0.0000    0.0000    0.0000    0.0000    0.0000    0.0000  46.00
  47.00    1.6457E+00    0.0000    0.0000    0.0000    0.0000    0.0000    0.0000    0.0000    0.0000    0.0000  47.00
  48.00    1.6019E+00    0.0000    0.0000    0.0000    0.0000    0.0000    0.0000    0.0000    0.0000    0.0000  48.00
  49.00    1.5649E+00    0.0000    0.0000    0.0000    0.0000    0.0000    0.0000    0.0000    0.0000    0.0000  49.00
  50.00    1.5340E+00    0.0000    0.0000    0.0000    0.0000    0.0000    0.0000    0.0000    0.0000    0.0000  50.00
  51.00    1.5080E+00    0.0000    0.0000    0.0000    0.0000    0.0000    0.0000    0.0000    0.0000    0.0000  51.00
  52.00    1.4860E+00    0.0000    0.0000    0.0000    0.0000    0.0000    0.0000    0.0000    0.0000    0.0000  52.00
  53.00    1.4667E+00    0.0000    0.0000    0.0000    0.0000    0.0000    0.0000    0.0000    0.0000    0.0000  53.00
  54.00    1.4490E+00    0.0000    0.0000    0.0000    0.0000    0.0000    0.0000    0.0000    0.0000    0.0000  54.00
  55.00    1.4320E+00    0.0000    0.0000    0.0000    0.0000    0.0000    0.0000    0.0000    0.0000    0.0000  55.00
  56.00    1.4145E+00    0.0000    0.0000    0.0000    0.0000    0.0000    0.0000    0.0000    0.0000    0.0000  56.00
  57.00    1.3957E+00    0.0000    0.0000    0.0000    0.0000    0.0000    0.0000    0.0000    0.0000    0.0000  57.00
  58.00    1.3748E+00    0.0000    0.0000    0.0000    0.0000    0.0000    0.0000    0.0000    0.0000    0.0000  58.00
  59.00    1.3513E+00    0.0000    0.0000    0.0000    0.0000    0.0000    0.0000    0.0000    0.0000    0.0000  59.00
  60.00    1.3246E+00    0.0000    0.0000    0.0000    0.0000    0.0000    0.0000    0.0000    0.0000    0.0000  60.00
0Tot-sig   1.4722E+01
1Inelastic  10Be(d,p)11Be(3/2- 0.00) Ex=1.80 0p3/2 AK UNBOUND SCAN         0/00/00
    THETA  -1                                0                                1                                2   THETA cos(theta)
     0.00  |++++++++++++++++++++++++++++++++|++++++++++++++++++++++++++++++++|++++++++++++++++*+++++++++++++++|+    0.00    1.0000
     1.00  +                                                                                  *                +    1.00    0.9998
     2.00  +                                                                                 *                 +    2.00    0.9994
     3.00  +                                                                                 *                 +    3.00    0.9986
     4.00  +                                                                                *                  +    4.00    0.9976
     5.00  +                                                                               *                   +    5.00    0.9962
     6.00  +                                                                              *                    +    6.00    0.9945
     7.00  +                                                                            *                      +    7.00    0.9925
     8.00  +                                                                           *                       +    8.00    0.9903
     9.00  +                                                                         *                         +    9.00    0.9877
    10.00  +                                                                      *                            +   10.00    0.9848
    11.00  +                                                                    *                              +   11.00    0.9816
    12.00  +                                                                 *                                 +   12.00    0.9781
    13.00  +                                                              *                                    +   13.00    0.9744
    14.00  +                                                            *                                      +   14.00    0.9703
    15.00  +                                                         *                                         +   15.00    0.9659
    16.00  +                                                      *                                            +   16.00    0.9613
    17.00  +                                                    *                                              +   17.00    0.9563
    18.00  +                                                  *                                                +   18.00    0.9511
    19.00  +                                                 *                                                 +   19.00    0.9455
    20.00  +                                                *                                                  +   20.00    0.9397
    21.00  +                                                *                                                  +   21.00    0.9336
    22.00  +                                                *                                                  +   22.00    0.9272
    23.00  +                                                *                                                  +   23.00    0.9205
    24.00  +                                                 *                                                 +   24.00    0.9135
    25.00  +                                                 *                                                 +   25.00    0.9063
    26.00  +                                                 *                                                 +   26.00    0.8988
    27.00  +                                                  *                                                +   27.00    0.8910
    28.00  +                                                  *                                                +   28.00    0.8829
    29.00  +                                                  *                                                +   29.00    0.8746
    30.00  +                                                 *                                                 +   30.00    0.8660
    31.00  +                                                 *                                                 +   31.00    0.8572
    32.00  +                                                 *                                                 +   32.00    0.8480
    33.00  +                                                *                                                  +   33.00    0.8387
    34.00  +                                               *                                                   +   34.00    0.8290
    35.00  +                                               *                                                   +   35.00    0.8192
    36.00  +                                              *                                                    +   36.00    0.8090
    37.00  +                                             *                                                     +   37.00    0.7986
    38.00  +                                             *                                                     +   38.00    0.7880
    39.00  +                                            *                                                      +   39.00    0.7771
    40.00  +                                           *                                                       +   40.00    0.7660
    41.00  +                                           *                                                       +   41.00    0.7547
    42.00  +                                          *                                                        +   42.00    0.7431
    43.00  +                                         *                                                         +   43.00    0.7314
    44.00  +                                         *                                                         +   44.00    0.7193
    45.00  +                                        *                                                          +   45.00    0.7071
    46.00  +                                        *                                                          +   46.00    0.6947
    47.00  +                                       *                                                           +   47.00    0.6820
    48.00  +                                       *                                                           +   48.00    0.6691
    49.00  +                                      *                                                            +   49.00    0.6561
    50.00  +                                      *                                                            +   50.00    0.6428
    51.00  +                                      *                                                            +   51.00    0.6293
    52.00  +                                      *                                                            +   52.00    0.6157
    53.00  +                                     *                                                             +   53.00    0.6018
    54.00  +                                     *                                                             +   54.00    0.5878
    55.00  +                                     *                                                             +   55.00    0.5736
    56.00  +                                     *                                                             +   56.00    0.5592
    57.00  +                                     *                                                             +   57.00    0.5446
    58.00  +                                     *                                                             +   58.00    0.5299
    59.00  +                                    *                                                              +   59.00    0.5150
    60.00  |++++++++++++++++++++++++++++++++|+++*++++++++++++++++++++++++++++|++++++++++++++++++++++++++++++++|+   60.00    0.5000
    THETA  -1                                0                                1                                2   THETA cos(theta)
1DWUCK4-DISTORTED WAVES U.COLORADO- PC-VERSION  12/Jan /1995
 Elapsed time in seconds =   0.00
 Elapsed time in seconds =   0.00
0CONTROL INTEGERS
  1 2 3 4 5 6 7 8 9 A B C D E F G H I J K    RUN IDENTIFICATION                                             0/00/00   0.00.00
  1 0 1 1 0 0 0 0 3 0 0 0 0 0 0 0 0 0 0 0    10Be(d,p)11Be(3/2- 0.00) Ex=2.00 0p3/2 AK UNBOUND SCAN      
 10Be(d,p)11Be(3/2- 0.00) Ex=2.00 0p3/2 AK UNBOUND SCAN      
 Adwck4 entered
0ANGLE DATA          THETN=  61.0000   THET1=   0.0000   DTHET=   1.0000   A-ANG=   0.0000   B-ANG=   0.0000
0CARD SET 3 DATA     LMAX =  15          LTR=   1
                     NLTR =   1        2*JTR=   3
0CARD SET 4 DATA     DRF  =   0.1000   RZ   =   0.0000   RMAX = -15.0000   VCE  =   0.0000   FNRNG=   0.0000
 PARTICLE DATA 
0PARTICLE 1*******************************************************************************************************************
 INPUT DATA          ELAB =  17.4000   RC0  =   1.3030   AC   =   0.0000   2*STR=   0.0000
                     MASSP=   2.0000   MASST=  10.0000   Q    =   0.0000
                     ZP   =   1.0000   ZT   =   4.0000   PNLOC=   2.0000
 
 DERIVED DATA        ECM  =  14.5000   RC   =   2.8072   RHO  =   3.0186
                     K    =   1.0753   ETA  =   0.2136   DR   =   0.1000
0POTENTIAL PARAMETERS
 NX=1 VOLUME  W-S    V RL = -88.7440   R0RL =   1.1480   A RL =   0.7460   R RL =   2.4733   VSOR =   0.0000
                     V IM =  -2.1860   R0IM =   1.3510   A IM =   0.6400   R IM =   2.9106   VSOI =   0.0000   POWR =   0.0000
 NX=2 SURFACE W-S    V RL =   0.0000   R0RL =   0.0000   A RL =   0.0000   R RL =   0.0000   VSOR =   0.0000
                     V IM =  27.3930   R0IM =   1.4050   A IM =   0.6650   R IM =   3.0270   VSOI =   0.0000   POWR =   0.0000
 NX=4 L*S VOLUME     V RL = -14.2280   R0RL =   0.9720   A RL =   1.0110   R RL =   2.0941   VSOR =   0.0000
                     V IM =   0.0000   R0IM =   0.0000   A IM =   0.0000   R IM =   0.0000   VSOI =   0.0000   POWR =   0.0000
0PARTICLE 2*******************************************************************************************************************
 INPUT DATA          ELAB =  11.7589   RC0  =   1.5780   AC   =   0.0000   2*STR=   0.0000
                     MASSP=   1.0000   MASST=  11.0000   Q    =  -3.7210
                     ZP   =   1.0000   ZT   =   4.0000   PNLOC=   1.0000
 
 DERIVED DATA        ECM  =  10.7790   RC   =   3.5094   RHO  =   2.4130
                     K    =   0.6876   ETA  =   0.1837   DR   =   0.0909
0POTENTIAL PARAMETERS
 NX=1 VOLUME  W-S    V RL = -56.2800   R0RL =   1.1220   A RL =   0.6760   R RL =   2.4953   VSOR =   0.0000
                     V IM =  -1.1170   R0IM =   1.1220   A IM =   0.6760   R IM =   2.4953   VSOI =   0.0000   POWR =   0.0000
 NX=2 SURFACE W-S    V RL =   0.0000   R0RL =   0.0000   A RL =   0.0000   R RL =   0.0000   VSOR =   0.0000
                     V IM =  20.7710   R0IM =   1.3070   A IM =   0.5240   R IM =   2.9067   VSOI =   0.0000   POWR =   0.0000
 NX=4 L*S VOLUME     V RL = -21.8760   R0RL =   0.8940   A RL =   0.5900   R RL =   1.9882   VSOR =   0.0000
                     V IM =   0.2160   R0IM =   0.8940   A IM =   0.5900   R IM =   1.9882   VSOI =   0.0000   POWR =   0.0000
110Be(d,p)11Be(3/2- 0.00) Ex=2.00 0p3/2 AK UNBOUND SCAN         0/ 0/ 0
0FORM FACTOR DATA 
0PARTICLE 3*******************************************************************************************************************
 INPUT DATA          ELAB =   1.4960   RC0  =   1.3000   AC   =   0.0000   2*STR=   0.0000
                     MASSP=   1.0000   MASST=  10.0000   Q    =   1.4960
                     ZP   =   0.0000   ZT   =   4.0000   PNLOC=   1.0000
 
 DERIVED DATA        ECM  =   1.4960   RC   =   2.8008   RHO  =   0.7144
                     K    =   0.2551   ETA  =   0.0000   DR   =   0.1000
0POTENTIAL PARAMETERS
 NX=1 VOLUME  W-S    V RL =  -1.0000   R0RL =   1.2500   A RL =   0.6500   R RL =   2.6930   VSOR =  24.0000
                     V IM =   1.1000   R0IM =   0.6500   A IM =   0.0000   R IM =   1.4004   VSOI =   0.0000   POWR =   0.0000
 
                     NODES=   0.0000   L    =   1.0000   2*J  =   3.0000   2*S  =   1.0000   FISW =   0.0000
 
0SINGLE PARTICLE WIDTH = 3.3973E  0  MEV     VOLUME TERM =  9.3776E+00     SURFACE TERM = -5.9250E+00
                     V    =  23.9367   DET  =  -0.0000   NODES=   0.0000   RM   =   3.3500   E    =   1.4960   ITER.=   8
0Non-locality correction is applied, parameter =   2.000
0Non-locality correction is applied, parameter =   1.000
0                    LMAX =  15        NSTEP= 150        NLTR =   1
 Bdwck4 entered
   Subroutine INTEG  entered
0REACSIG 1   9.04890E+01                                             REACSIG 2   6.02157E+01
   Subroutine RADINT entered
110Be(d,p)11Be(3/2- 0.00) Ex=2.00 0p3/2 AK UNBOUND SCAN         0/00/00
0BASIC DATA          DR   =   0.1000   RMIN =   0.0000   RMAX =  15.0000   COUEX=   0.0000     IS1=   0.0000
                     FNRNG=   0.0000   PNLC1=   2.0000   PNLC2=   1.0000   PNLC3=   1.0000     IS2=   0.0000
 ANG MOM TRANSFER    LTR  =   1.       2*JTR=   2.       2*STR=   0.       Q    =  -3.7210
   Subroutine INSIG  entered
0 Theta Inelsig,fm**2      Polz       Asy       Ayy       A22       A21       A20       T22       T21       T20  Theta
   0.00    5.8315E+01    0.0000    0.0000    0.0000    0.0000    0.0000    0.0000    0.0000    0.0000    0.0000   0.00
   1.00    5.7849E+01    0.0000    0.0000    0.0000    0.0000    0.0000    0.0000    0.0000    0.0000    0.0000   1.00
   2.00    5.6473E+01    0.0000    0.0000    0.0000    0.0000    0.0000    0.0000    0.0000    0.0000    0.0000   2.00
   3.00    5.4243E+01    0.0000    0.0000    0.0000    0.0000    0.0000    0.0000    0.0000    0.0000    0.0000   3.00
   4.00    5.1253E+01    0.0000    0.0000    0.0000    0.0000    0.0000    0.0000    0.0000    0.0000    0.0000   4.00
   5.00    4.7625E+01    0.0000    0.0000    0.0000    0.0000    0.0000    0.0000    0.0000    0.0000    0.0000   5.00
   6.00    4.3503E+01    0.0000    0.0000    0.0000    0.0000    0.0000    0.0000    0.0000    0.0000    0.0000   6.00
   7.00    3.9047E+01    0.0000    0.0000    0.0000    0.0000    0.0000    0.0000    0.0000    0.0000    0.0000   7.00
   8.00    3.4421E+01    0.0000    0.0000    0.0000    0.0000    0.0000    0.0000    0.0000    0.0000    0.0000   8.00
   9.00    2.9788E+01    0.0000    0.0000    0.0000    0.0000    0.0000    0.0000    0.0000    0.0000    0.0000   9.00
  10.00    2.5298E+01    0.0000    0.0000    0.0000    0.0000    0.0000    0.0000    0.0000    0.0000    0.0000  10.00
  11.00    2.1083E+01    0.0000    0.0000    0.0000    0.0000    0.0000    0.0000    0.0000    0.0000    0.0000  11.00
  12.00    1.7251E+01    0.0000    0.0000    0.0000    0.0000    0.0000    0.0000    0.0000    0.0000    0.0000  12.00
  13.00    1.3882E+01    0.0000    0.0000    0.0000    0.0000    0.0000    0.0000    0.0000    0.0000    0.0000  13.00
  14.00    1.1027E+01    0.0000    0.0000    0.0000    0.0000    0.0000    0.0000    0.0000    0.0000    0.0000  14.00
  15.00    8.7056E+00    0.0000    0.0000    0.0000    0.0000    0.0000    0.0000    0.0000    0.0000    0.0000  15.00
  16.00    6.9104E+00    0.0000    0.0000    0.0000    0.0000    0.0000    0.0000    0.0000    0.0000    0.0000  16.00
  17.00    5.6096E+00    0.0000    0.0000    0.0000    0.0000    0.0000    0.0000    0.0000    0.0000    0.0000  17.00
  18.00    4.7518E+00    0.0000    0.0000    0.0000    0.0000    0.0000    0.0000    0.0000    0.0000    0.0000  18.00
  19.00    4.2712E+00    0.0000    0.0000    0.0000    0.0000    0.0000    0.0000    0.0000    0.0000    0.0000  19.00
  20.00    4.0936E+00    0.0000    0.0000    0.0000    0.0000    0.0000    0.0000    0.0000    0.0000    0.0000  20.00
  21.00    4.1422E+00    0.0000    0.0000    0.0000    0.0000    0.0000    0.0000    0.0000    0.0000    0.0000  21.00
  22.00    4.3425E+00    0.0000    0.0000    0.0000    0.0000    0.0000    0.0000    0.0000    0.0000    0.0000  22.00
  23.00    4.6263E+00    0.0000    0.0000    0.0000    0.0000    0.0000    0.0000    0.0000    0.0000    0.0000  23.00
  24.00    4.9355E+00    0.0000    0.0000    0.0000    0.0000    0.0000    0.0000    0.0000    0.0000    0.0000  24.00
  25.00    5.2236E+00    0.0000    0.0000    0.0000    0.0000    0.0000    0.0000    0.0000    0.0000    0.0000  25.00
  26.00    5.4565E+00    0.0000    0.0000    0.0000    0.0000    0.0000    0.0000    0.0000    0.0000    0.0000  26.00
  27.00    5.6125E+00    0.0000    0.0000    0.0000    0.0000    0.0000    0.0000    0.0000    0.0000    0.0000  27.00
  28.00    5.6810E+00    0.0000    0.0000    0.0000    0.0000    0.0000    0.0000    0.0000    0.0000    0.0000  28.00
  29.00    5.6610E+00    0.0000    0.0000    0.0000    0.0000    0.0000    0.0000    0.0000    0.0000    0.0000  29.00
  30.00    5.5588E+00    0.0000    0.0000    0.0000    0.0000    0.0000    0.0000    0.0000    0.0000    0.0000  30.00
  31.00    5.3858E+00    0.0000    0.0000    0.0000    0.0000    0.0000    0.0000    0.0000    0.0000    0.0000  31.00
  32.00    5.1563E+00    0.0000    0.0000    0.0000    0.0000    0.0000    0.0000    0.0000    0.0000    0.0000  32.00
  33.00    4.8859E+00    0.0000    0.0000    0.0000    0.0000    0.0000    0.0000    0.0000    0.0000    0.0000  33.00
  34.00    4.5895E+00    0.0000    0.0000    0.0000    0.0000    0.0000    0.0000    0.0000    0.0000    0.0000  34.00
  35.00    4.2807E+00    0.0000    0.0000    0.0000    0.0000    0.0000    0.0000    0.0000    0.0000    0.0000  35.00
  36.00    3.9709E+00    0.0000    0.0000    0.0000    0.0000    0.0000    0.0000    0.0000    0.0000    0.0000  36.00
  37.00    3.6690E+00    0.0000    0.0000    0.0000    0.0000    0.0000    0.0000    0.0000    0.0000    0.0000  37.00
  38.00    3.3816E+00    0.0000    0.0000    0.0000    0.0000    0.0000    0.0000    0.0000    0.0000    0.0000  38.00
  39.00    3.1130E+00    0.0000    0.0000    0.0000    0.0000    0.0000    0.0000    0.0000    0.0000    0.0000  39.00
  40.00    2.8657E+00    0.0000    0.0000    0.0000    0.0000    0.0000    0.0000    0.0000    0.0000    0.0000  40.00
  41.00    2.6409E+00    0.0000    0.0000    0.0000    0.0000    0.0000    0.0000    0.0000    0.0000    0.0000  41.00
  42.00    2.4390E+00    0.0000    0.0000    0.0000    0.0000    0.0000    0.0000    0.0000    0.0000    0.0000  42.00
  43.00    2.2595E+00    0.0000    0.0000    0.0000    0.0000    0.0000    0.0000    0.0000    0.0000    0.0000  43.00
  44.00    2.1017E+00    0.0000    0.0000    0.0000    0.0000    0.0000    0.0000    0.0000    0.0000    0.0000  44.00
  45.00    1.9648E+00    0.0000    0.0000    0.0000    0.0000    0.0000    0.0000    0.0000    0.0000    0.0000  45.00
  46.00    1.8478E+00    0.0000    0.0000    0.0000    0.0000    0.0000    0.0000    0.0000    0.0000    0.0000  46.00
  47.00    1.7497E+00    0.0000    0.0000    0.0000    0.0000    0.0000    0.0000    0.0000    0.0000    0.0000  47.00
  48.00    1.6693E+00    0.0000    0.0000    0.0000    0.0000    0.0000    0.0000    0.0000    0.0000    0.0000  48.00
  49.00    1.6056E+00    0.0000    0.0000    0.0000    0.0000    0.0000    0.0000    0.0000    0.0000    0.0000  49.00
  50.00    1.5571E+00    0.0000    0.0000    0.0000    0.0000    0.0000    0.0000    0.0000    0.0000    0.0000  50.00
  51.00    1.5222E+00    0.0000    0.0000    0.0000    0.0000    0.0000    0.0000    0.0000    0.0000    0.0000  51.00
  52.00    1.4994E+00    0.0000    0.0000    0.0000    0.0000    0.0000    0.0000    0.0000    0.0000    0.0000  52.00
  53.00    1.4867E+00    0.0000    0.0000    0.0000    0.0000    0.0000    0.0000    0.0000    0.0000    0.0000  53.00
  54.00    1.4820E+00    0.0000    0.0000    0.0000    0.0000    0.0000    0.0000    0.0000    0.0000    0.0000  54.00
  55.00    1.4833E+00    0.0000    0.0000    0.0000    0.0000    0.0000    0.0000    0.0000    0.0000    0.0000  55.00
  56.00    1.4884E+00    0.0000    0.0000    0.0000    0.0000    0.0000    0.0000    0.0000    0.0000    0.0000  56.00
  57.00    1.4952E+00    0.0000    0.0000    0.0000    0.0000    0.0000    0.0000    0.0000    0.0000    0.0000  57.00
  58.00    1.5017E+00    0.0000    0.0000    0.0000    0.0000    0.0000    0.0000    0.0000    0.0000    0.0000  58.00
  59.00    1.5060E+00    0.0000    0.0000    0.0000    0.0000    0.0000    0.0000    0.0000    0.0000    0.0000  59.00
  60.00    1.5066E+00    0.0000    0.0000    0.0000    0.0000    0.0000    0.0000    0.0000    0.0000    0.0000  60.00
0Tot-sig   2.0902E+01
1Inelastic  10Be(d,p)11Be(3/2- 0.00) Ex=2.00 0p3/2 AK UNBOUND SCAN         0/00/00
    THETA  -1                                0                                1                                2   THETA cos(theta)
     0.00  |++++++++++++++++++++++++++++++++|++++++++++++++++++++++++++++++++|++++++++++++++++++++++++*+++++++|+    0.00    1.0000
     1.00  +                                                                                          *        +    1.00    0.9998
     2.00  +                                                                                          *        +    2.00    0.9994
     3.00  +                                                                                         *         +    3.00    0.9986
     4.00  +                                                                                        *          +    4.00    0.9976
     5.00  +                                                                                       *           +    5.00    0.9962
     6.00  +                                                                                      *            +    6.00    0.9945
     7.00  +                                                                                     *             +    7.00    0.9925
     8.00  +                                                                                   *               +    8.00    0.9903
     9.00  +                                                                                 *                 +    9.00    0.9877
    10.00  +                                                                              *                    +   10.00    0.9848
    11.00  +                                                                            *                      +   11.00    0.9816
    12.00  +                                                                         *                         +   12.00    0.9781
    13.00  +                                                                      *                            +   13.00    0.9744
    14.00  +                                                                  *                                +   14.00    0.9703
    15.00  +                                                               *                                   +   15.00    0.9659
    16.00  +                                                            *                                      +   16.00    0.9613
    17.00  +                                                         *                                         +   17.00    0.9563
    18.00  +                                                      *                                            +   18.00    0.9511
    19.00  +                                                     *                                             +   19.00    0.9455
    20.00  +                                                    *                                              +   20.00    0.9397
    21.00  +                                                    *                                              +   21.00    0.9336
    22.00  +                                                     *                                             +   22.00    0.9272
    23.00  +                                                      *                                            +   23.00    0.9205
    24.00  +                                                       *                                           +   24.00    0.9135
    25.00  +                                                        *                                          +   25.00    0.9063
    26.00  +                                                        *                                          +   26.00    0.8988
    27.00  +                                                         *                                         +   27.00    0.8910
    28.00  +                                                         *                                         +   28.00    0.8829
    29.00  +                                                         *                                         +   29.00    0.8746
    30.00  +                                                         *                                         +   30.00    0.8660
    31.00  +                                                        *                                          +   31.00    0.8572
    32.00  +                                                        *                                          +   32.00    0.8480
    33.00  +                                                       *                                           +   33.00    0.8387
    34.00  +                                                      *                                            +   34.00    0.8290
    35.00  +                                                     *                                             +   35.00    0.8192
    36.00  +                                                    *                                              +   36.00    0.8090
    37.00  +                                                   *                                               +   37.00    0.7986
    38.00  +                                                 *                                                 +   38.00    0.7880
    39.00  +                                                *                                                  +   39.00    0.7771
    40.00  +                                               *                                                   +   40.00    0.7660
    41.00  +                                              *                                                    +   41.00    0.7547
    42.00  +                                             *                                                     +   42.00    0.7431
    43.00  +                                            *                                                      +   43.00    0.7314
    44.00  +                                           *                                                       +   44.00    0.7193
    45.00  +                                          *                                                        +   45.00    0.7071
    46.00  +                                         *                                                         +   46.00    0.6947
    47.00  +                                        *                                                          +   47.00    0.6820
    48.00  +                                       *                                                           +   48.00    0.6691
    49.00  +                                       *                                                           +   49.00    0.6561
    50.00  +                                      *                                                            +   50.00    0.6428
    51.00  +                                      *                                                            +   51.00    0.6293
    52.00  +                                      *                                                            +   52.00    0.6157
    53.00  +                                      *                                                            +   53.00    0.6018
    54.00  +                                      *                                                            +   54.00    0.5878
    55.00  +                                      *                                                            +   55.00    0.5736
    56.00  +                                      *                                                            +   56.00    0.5592
    57.00  +                                      *                                                            +   57.00    0.5446
    58.00  +                                      *                                                            +   58.00    0.5299
    59.00  +                                      *                                                            +   59.00    0.5150
    60.00  |++++++++++++++++++++++++++++++++|+++++*++++++++++++++++++++++++++|++++++++++++++++++++++++++++++++|+   60.00    0.5000
    THETA  -1                                0                                1                                2   THETA cos(theta)
1DWUCK4-DISTORTED WAVES U.COLORADO- PC-VERSION  12/Jan /1995
 Elapsed time in seconds =   0.00
 Elapsed time in seconds =   0.00
0CONTROL INTEGERS
  1 2 3 4 5 6 7 8 9 A B C D E F G H I J K    RUN IDENTIFICATION                                             0/00/00   0.00.00
  1 0 1 1 0 0 0 0 3 0 0 0 0 0 0 0 0 0 0 0    10Be(d,p)11Be(3/2- 0.00) Ex=2.20 0p3/2 AK UNBOUND SCAN      
 10Be(d,p)11Be(3/2- 0.00) Ex=2.20 0p3/2 AK UNBOUND SCAN      
 Adwck4 entered
0ANGLE DATA          THETN=  61.0000   THET1=   0.0000   DTHET=   1.0000   A-ANG=   0.0000   B-ANG=   0.0000
0CARD SET 3 DATA     LMAX =  15          LTR=   1
                     NLTR =   1        2*JTR=   3
0CARD SET 4 DATA     DRF  =   0.1000   RZ   =   0.0000   RMAX = -15.0000   VCE  =   0.0000   FNRNG=   0.0000
 PARTICLE DATA 
0PARTICLE 1*******************************************************************************************************************
 INPUT DATA          ELAB =  17.4000   RC0  =   1.3030   AC   =   0.0000   2*STR=   0.0000
                     MASSP=   2.0000   MASST=  10.0000   Q    =   0.0000
                     ZP   =   1.0000   ZT   =   4.0000   PNLOC=   2.0000
 
 DERIVED DATA        ECM  =  14.5000   RC   =   2.8072   RHO  =   3.0186
                     K    =   1.0753   ETA  =   0.2136   DR   =   0.1000
0POTENTIAL PARAMETERS
 NX=1 VOLUME  W-S    V RL = -88.7440   R0RL =   1.1480   A RL =   0.7460   R RL =   2.4733   VSOR =   0.0000
                     V IM =  -2.1860   R0IM =   1.3510   A IM =   0.6400   R IM =   2.9106   VSOI =   0.0000   POWR =   0.0000
 NX=2 SURFACE W-S    V RL =   0.0000   R0RL =   0.0000   A RL =   0.0000   R RL =   0.0000   VSOR =   0.0000
                     V IM =  27.3930   R0IM =   1.4050   A IM =   0.6650   R IM =   3.0270   VSOI =   0.0000   POWR =   0.0000
 NX=4 L*S VOLUME     V RL = -14.2280   R0RL =   0.9720   A RL =   1.0110   R RL =   2.0941   VSOR =   0.0000
                     V IM =   0.0000   R0IM =   0.0000   A IM =   0.0000   R IM =   0.0000   VSOI =   0.0000   POWR =   0.0000
0PARTICLE 2*******************************************************************************************************************
 INPUT DATA          ELAB =  11.5407   RC0  =   1.5780   AC   =   0.0000   2*STR=   0.0000
                     MASSP=   1.0000   MASST=  11.0000   Q    =  -3.9210
                     ZP   =   1.0000   ZT   =   4.0000   PNLOC=   1.0000
 
 DERIVED DATA        ECM  =  10.5790   RC   =   3.5094   RHO  =   2.3905
                     K    =   0.6812   ETA  =   0.1854   DR   =   0.0909
0POTENTIAL PARAMETERS
 NX=1 VOLUME  W-S    V RL = -56.2800   R0RL =   1.1220   A RL =   0.6760   R RL =   2.4953   VSOR =   0.0000
                     V IM =  -1.1170   R0IM =   1.1220   A IM =   0.6760   R IM =   2.4953   VSOI =   0.0000   POWR =   0.0000
 NX=2 SURFACE W-S    V RL =   0.0000   R0RL =   0.0000   A RL =   0.0000   R RL =   0.0000   VSOR =   0.0000
                     V IM =  20.7710   R0IM =   1.3070   A IM =   0.5240   R IM =   2.9067   VSOI =   0.0000   POWR =   0.0000
 NX=4 L*S VOLUME     V RL = -21.8760   R0RL =   0.8940   A RL =   0.5900   R RL =   1.9882   VSOR =   0.0000
                     V IM =   0.2160   R0IM =   0.8940   A IM =   0.5900   R IM =   1.9882   VSOI =   0.0000   POWR =   0.0000
110Be(d,p)11Be(3/2- 0.00) Ex=2.20 0p3/2 AK UNBOUND SCAN         0/ 0/ 0
0FORM FACTOR DATA 
0PARTICLE 3*******************************************************************************************************************
 INPUT DATA          ELAB =   1.6960   RC0  =   1.3000   AC   =   0.0000   2*STR=   0.0000
                     MASSP=   1.0000   MASST=  10.0000   Q    =   1.6960
                     ZP   =   0.0000   ZT   =   4.0000   PNLOC=   1.0000
 
 DERIVED DATA        ECM  =   1.6960   RC   =   2.8008   RHO  =   0.7607
                     K    =   0.2716   ETA  =   0.0000   DR   =   0.1000
0POTENTIAL PARAMETERS
 NX=1 VOLUME  W-S    V RL =  -1.0000   R0RL =   1.2500   A RL =   0.6500   R RL =   2.6930   VSOR =  24.0000
                     V IM =   1.1000   R0IM =   0.6500   A IM =   0.0000   R IM =   1.4004   VSOI =   0.0000   POWR =   0.0000
 
                     NODES=   0.0000   L    =   1.0000   2*J  =   3.0000   2*S  =   1.0000   FISW =   0.0000
 
0SINGLE PARTICLE WIDTH = 4.5013E  0  MEV     VOLUME TERM =  9.0727E+00     SURFACE TERM = -6.2982E+00
                     V    =  23.5847   DET  =  -0.0000   NODES=   0.0000   RM   =   3.3500   E    =   1.6960   ITER.=   8
0Non-locality correction is applied, parameter =   2.000
0Non-locality correction is applied, parameter =   1.000
0                    LMAX =  15        NSTEP= 150        NLTR =   1
 Bdwck4 entered
   Subroutine INTEG  entered
0REACSIG 1   9.04890E+01                                             REACSIG 2   6.07918E+01
   Subroutine RADINT entered
110Be(d,p)11Be(3/2- 0.00) Ex=2.20 0p3/2 AK UNBOUND SCAN         0/00/00
0BASIC DATA          DR   =   0.1000   RMIN =   0.0000   RMAX =  15.0000   COUEX=   0.0000     IS1=   0.0000
                     FNRNG=   0.0000   PNLC1=   2.0000   PNLC2=   1.0000   PNLC3=   1.0000     IS2=   0.0000
 ANG MOM TRANSFER    LTR  =   1.       2*JTR=   2.       2*STR=   0.       Q    =  -3.9210
   Subroutine INSIG  entered
0 Theta Inelsig,fm**2      Polz       Asy       Ayy       A22       A21       A20       T22       T21       T20  Theta
   0.00    9.9135E+01    0.0000    0.0000    0.0000    0.0000    0.0000    0.0000    0.0000    0.0000    0.0000   0.00
   1.00    9.8402E+01    0.0000    0.0000    0.0000    0.0000    0.0000    0.0000    0.0000    0.0000    0.0000   1.00
   2.00    9.6228E+01    0.0000    0.0000    0.0000    0.0000    0.0000    0.0000    0.0000    0.0000    0.0000   2.00
   3.00    9.2693E+01    0.0000    0.0000    0.0000    0.0000    0.0000    0.0000    0.0000    0.0000    0.0000   3.00
   4.00    8.7925E+01    0.0000    0.0000    0.0000    0.0000    0.0000    0.0000    0.0000    0.0000    0.0000   4.00
   5.00    8.2097E+01    0.0000    0.0000    0.0000    0.0000    0.0000    0.0000    0.0000    0.0000    0.0000   5.00
   6.00    7.5415E+01    0.0000    0.0000    0.0000    0.0000    0.0000    0.0000    0.0000    0.0000    0.0000   6.00
   7.00    6.8112E+01    0.0000    0.0000    0.0000    0.0000    0.0000    0.0000    0.0000    0.0000    0.0000   7.00
   8.00    6.0436E+01    0.0000    0.0000    0.0000    0.0000    0.0000    0.0000    0.0000    0.0000    0.0000   8.00
   9.00    5.2638E+01    0.0000    0.0000    0.0000    0.0000    0.0000    0.0000    0.0000    0.0000    0.0000   9.00
  10.00    4.4962E+01    0.0000    0.0000    0.0000    0.0000    0.0000    0.0000    0.0000    0.0000    0.0000  10.00
  11.00    3.7633E+01    0.0000    0.0000    0.0000    0.0000    0.0000    0.0000    0.0000    0.0000    0.0000  11.00
  12.00    3.0847E+01    0.0000    0.0000    0.0000    0.0000    0.0000    0.0000    0.0000    0.0000    0.0000  12.00
  13.00    2.4762E+01    0.0000    0.0000    0.0000    0.0000    0.0000    0.0000    0.0000    0.0000    0.0000  13.00
  14.00    1.9494E+01    0.0000    0.0000    0.0000    0.0000    0.0000    0.0000    0.0000    0.0000    0.0000  14.00
  15.00    1.5113E+01    0.0000    0.0000    0.0000    0.0000    0.0000    0.0000    0.0000    0.0000    0.0000  15.00
  16.00    1.1642E+01    0.0000    0.0000    0.0000    0.0000    0.0000    0.0000    0.0000    0.0000    0.0000  16.00
  17.00    9.0598E+00    0.0000    0.0000    0.0000    0.0000    0.0000    0.0000    0.0000    0.0000    0.0000  17.00
  18.00    7.3052E+00    0.0000    0.0000    0.0000    0.0000    0.0000    0.0000    0.0000    0.0000    0.0000  18.00
  19.00    6.2854E+00    0.0000    0.0000    0.0000    0.0000    0.0000    0.0000    0.0000    0.0000    0.0000  19.00
  20.00    5.8831E+00    0.0000    0.0000    0.0000    0.0000    0.0000    0.0000    0.0000    0.0000    0.0000  20.00
  21.00    5.9666E+00    0.0000    0.0000    0.0000    0.0000    0.0000    0.0000    0.0000    0.0000    0.0000  21.00
  22.00    6.3992E+00    0.0000    0.0000    0.0000    0.0000    0.0000    0.0000    0.0000    0.0000    0.0000  22.00
  23.00    7.0476E+00    0.0000    0.0000    0.0000    0.0000    0.0000    0.0000    0.0000    0.0000    0.0000  23.00
  24.00    7.7901E+00    0.0000    0.0000    0.0000    0.0000    0.0000    0.0000    0.0000    0.0000    0.0000  24.00
  25.00    8.5222E+00    0.0000    0.0000    0.0000    0.0000    0.0000    0.0000    0.0000    0.0000    0.0000  25.00
  26.00    9.1610E+00    0.0000    0.0000    0.0000    0.0000    0.0000    0.0000    0.0000    0.0000    0.0000  26.00
  27.00    9.6468E+00    0.0000    0.0000    0.0000    0.0000    0.0000    0.0000    0.0000    0.0000    0.0000  27.00
  28.00    9.9434E+00    0.0000    0.0000    0.0000    0.0000    0.0000    0.0000    0.0000    0.0000    0.0000  28.00
  29.00    1.0036E+01    0.0000    0.0000    0.0000    0.0000    0.0000    0.0000    0.0000    0.0000    0.0000  29.00
  30.00    9.9291E+00    0.0000    0.0000    0.0000    0.0000    0.0000    0.0000    0.0000    0.0000    0.0000  30.00
  31.00    9.6410E+00    0.0000    0.0000    0.0000    0.0000    0.0000    0.0000    0.0000    0.0000    0.0000  31.00
  32.00    9.2008E+00    0.0000    0.0000    0.0000    0.0000    0.0000    0.0000    0.0000    0.0000    0.0000  32.00
  33.00    8.6435E+00    0.0000    0.0000    0.0000    0.0000    0.0000    0.0000    0.0000    0.0000    0.0000  33.00
  34.00    8.0062E+00    0.0000    0.0000    0.0000    0.0000    0.0000    0.0000    0.0000    0.0000    0.0000  34.00
  35.00    7.3245E+00    0.0000    0.0000    0.0000    0.0000    0.0000    0.0000    0.0000    0.0000    0.0000  35.00
  36.00    6.6304E+00    0.0000    0.0000    0.0000    0.0000    0.0000    0.0000    0.0000    0.0000    0.0000  36.00
  37.00    5.9503E+00    0.0000    0.0000    0.0000    0.0000    0.0000    0.0000    0.0000    0.0000    0.0000  37.00
  38.00    5.3046E+00    0.0000    0.0000    0.0000    0.0000    0.0000    0.0000    0.0000    0.0000    0.0000  38.00
  39.00    4.7072E+00    0.0000    0.0000    0.0000    0.0000    0.0000    0.0000    0.0000    0.0000    0.0000  39.00
  40.00    4.1666E+00    0.0000    0.0000    0.0000    0.0000    0.0000    0.0000    0.0000    0.0000    0.0000  40.00
  41.00    3.6864E+00    0.0000    0.0000    0.0000    0.0000    0.0000    0.0000    0.0000    0.0000    0.0000  41.00
  42.00    3.2665E+00    0.0000    0.0000    0.0000    0.0000    0.0000    0.0000    0.0000    0.0000    0.0000  42.00
  43.00    2.9040E+00    0.0000    0.0000    0.0000    0.0000    0.0000    0.0000    0.0000    0.0000    0.0000  43.00
  44.00    2.5948E+00    0.0000    0.0000    0.0000    0.0000    0.0000    0.0000    0.0000    0.0000    0.0000  44.00
  45.00    2.3340E+00    0.0000    0.0000    0.0000    0.0000    0.0000    0.0000    0.0000    0.0000    0.0000  45.00
  46.00    2.1165E+00    0.0000    0.0000    0.0000    0.0000    0.0000    0.0000    0.0000    0.0000    0.0000  46.00
  47.00    1.9376E+00    0.0000    0.0000    0.0000    0.0000    0.0000    0.0000    0.0000    0.0000    0.0000  47.00
  48.00    1.7934E+00    0.0000    0.0000    0.0000    0.0000    0.0000    0.0000    0.0000    0.0000    0.0000  48.00
  49.00    1.6802E+00    0.0000    0.0000    0.0000    0.0000    0.0000    0.0000    0.0000    0.0000    0.0000  49.00
  50.00    1.5951E+00    0.0000    0.0000    0.0000    0.0000    0.0000    0.0000    0.0000    0.0000    0.0000  50.00
  51.00    1.5353E+00    0.0000    0.0000    0.0000    0.0000    0.0000    0.0000    0.0000    0.0000    0.0000  51.00
  52.00    1.4982E+00    0.0000    0.0000    0.0000    0.0000    0.0000    0.0000    0.0000    0.0000    0.0000  52.00
  53.00    1.4813E+00    0.0000    0.0000    0.0000    0.0000    0.0000    0.0000    0.0000    0.0000    0.0000  53.00
  54.00    1.4818E+00    0.0000    0.0000    0.0000    0.0000    0.0000    0.0000    0.0000    0.0000    0.0000  54.00
  55.00    1.4968E+00    0.0000    0.0000    0.0000    0.0000    0.0000    0.0000    0.0000    0.0000    0.0000  55.00
  56.00    1.5231E+00    0.0000    0.0000    0.0000    0.0000    0.0000    0.0000    0.0000    0.0000    0.0000  56.00
  57.00    1.5575E+00    0.0000    0.0000    0.0000    0.0000    0.0000    0.0000    0.0000    0.0000    0.0000  57.00
  58.00    1.5964E+00    0.0000    0.0000    0.0000    0.0000    0.0000    0.0000    0.0000    0.0000    0.0000  58.00
  59.00    1.6364E+00    0.0000    0.0000    0.0000    0.0000    0.0000    0.0000    0.0000    0.0000    0.0000  59.00
  60.00    1.6744E+00    0.0000    0.0000    0.0000    0.0000    0.0000    0.0000    0.0000    0.0000    0.0000  60.00
0Tot-sig   3.1406E+01
1Inelastic  10Be(d,p)11Be(3/2- 0.00) Ex=2.20 0p3/2 AK UNBOUND SCAN         0/00/00
    THETA  -1                                0                                1                                2   THETA cos(theta)
     0.00  |++++++++++++++++++++++++++++++++|++++++++++++++++++++++++++++++++|++++++++++++++++++++++++++++++++*+    0.00    1.0000
     1.00  +                                                                                                  *+    1.00    0.9998
     2.00  +                                                                                                 * +    2.00    0.9994
     3.00  +                                                                                                 * +    3.00    0.9986
     4.00  +                                                                                                *  +    4.00    0.9976
     5.00  +                                                                                               *   +    5.00    0.9962
     6.00  +                                                                                              *    +    6.00    0.9945
     7.00  +                                                                                            *      +    7.00    0.9925
     8.00  +                                                                                           *       +    8.00    0.9903
     9.00  +                                                                                         *         +    9.00    0.9877
    10.00  +                                                                                       *           +   10.00    0.9848
    11.00  +                                                                                    *              +   11.00    0.9816
    12.00  +                                                                                 *                 +   12.00    0.9781
    13.00  +                                                                              *                    +   13.00    0.9744
    14.00  +                                                                           *                       +   14.00    0.9703
    15.00  +                                                                       *                           +   15.00    0.9659
    16.00  +                                                                   *                               +   16.00    0.9613
    17.00  +                                                                *                                  +   17.00    0.9563
    18.00  +                                                            *                                      +   18.00    0.9511
    19.00  +                                                          *                                        +   19.00    0.9455
    20.00  +                                                         *                                         +   20.00    0.9397
    21.00  +                                                          *                                        +   21.00    0.9336
    22.00  +                                                           *                                       +   22.00    0.9272
    23.00  +                                                            *                                      +   23.00    0.9205
    24.00  +                                                             *                                     +   24.00    0.9135
    25.00  +                                                               *                                   +   25.00    0.9063
    26.00  +                                                                *                                  +   26.00    0.8988
    27.00  +                                                                *                                  +   27.00    0.8910
    28.00  +                                                                 *                                 +   28.00    0.8829
    29.00  +                                                                 *                                 +   29.00    0.8746
    30.00  +                                                                 *                                 +   30.00    0.8660
    31.00  +                                                                *                                  +   31.00    0.8572
    32.00  +                                                                *                                  +   32.00    0.8480
    33.00  +                                                               *                                   +   33.00    0.8387
    34.00  +                                                              *                                    +   34.00    0.8290
    35.00  +                                                             *                                     +   35.00    0.8192
    36.00  +                                                           *                                       +   36.00    0.8090
    37.00  +                                                          *                                        +   37.00    0.7986
    38.00  +                                                        *                                          +   38.00    0.7880
    39.00  +                                                      *                                            +   39.00    0.7771
    40.00  +                                                    *                                              +   40.00    0.7660
    41.00  +                                                   *                                               +   41.00    0.7547
    42.00  +                                                 *                                                 +   42.00    0.7431
    43.00  +                                               *                                                   +   43.00    0.7314
    44.00  +                                              *                                                    +   44.00    0.7193
    45.00  +                                            *                                                      +   45.00    0.7071
    46.00  +                                           *                                                       +   46.00    0.6947
    47.00  +                                         *                                                         +   47.00    0.6820
    48.00  +                                        *                                                          +   48.00    0.6691
    49.00  +                                       *                                                           +   49.00    0.6561
    50.00  +                                       *                                                           +   50.00    0.6428
    51.00  +                                      *                                                            +   51.00    0.6293
    52.00  +                                      *                                                            +   52.00    0.6157
    53.00  +                                      *                                                            +   53.00    0.6018
    54.00  +                                      *                                                            +   54.00    0.5878
    55.00  +                                      *                                                            +   55.00    0.5736
    56.00  +                                      *                                                            +   56.00    0.5592
    57.00  +                                      *                                                            +   57.00    0.5446
    58.00  +                                       *                                                           +   58.00    0.5299
    59.00  +                                       *                                                           +   59.00    0.5150
    60.00  |++++++++++++++++++++++++++++++++|++++++*+++++++++++++++++++++++++|++++++++++++++++++++++++++++++++|+   60.00    0.5000
    THETA  -1                                0                                1                                2   THETA cos(theta)
1DWUCK4-DISTORTED WAVES U.COLORADO- PC-VERSION  12/Jan /1995
 Elapsed time in seconds =   0.00
 Elapsed time in seconds =   0.00
0CONTROL INTEGERS
  1 2 3 4 5 6 7 8 9 A B C D E F G H I J K    RUN IDENTIFICATION                                             0/00/00   0.00.00
  1 0 1 1 0 0 0 0 3 0 0 0 0 0 0 0 0 0 0 0    10Be(d,p)11Be(3/2- 0.00) Ex=2.40 0p3/2 AK UNBOUND SCAN      
 10Be(d,p)11Be(3/2- 0.00) Ex=2.40 0p3/2 AK UNBOUND SCAN      
 Adwck4 entered
0ANGLE DATA          THETN=  61.0000   THET1=   0.0000   DTHET=   1.0000   A-ANG=   0.0000   B-ANG=   0.0000
0CARD SET 3 DATA     LMAX =  15          LTR=   1
                     NLTR =   1        2*JTR=   3
0CARD SET 4 DATA     DRF  =   0.1000   RZ   =   0.0000   RMAX = -15.0000   VCE  =   0.0000   FNRNG=   0.0000
 PARTICLE DATA 
0PARTICLE 1*******************************************************************************************************************
 INPUT DATA          ELAB =  17.4000   RC0  =   1.3030   AC   =   0.0000   2*STR=   0.0000
                     MASSP=   2.0000   MASST=  10.0000   Q    =   0.0000
                     ZP   =   1.0000   ZT   =   4.0000   PNLOC=   2.0000
 
 DERIVED DATA        ECM  =  14.5000   RC   =   2.8072   RHO  =   3.0186
                     K    =   1.0753   ETA  =   0.2136   DR   =   0.1000
0POTENTIAL PARAMETERS
 NX=1 VOLUME  W-S    V RL = -88.7440   R0RL =   1.1480   A RL =   0.7460   R RL =   2.4733   VSOR =   0.0000
                     V IM =  -2.1860   R0IM =   1.3510   A IM =   0.6400   R IM =   2.9106   VSOI =   0.0000   POWR =   0.0000
 NX=2 SURFACE W-S    V RL =   0.0000   R0RL =   0.0000   A RL =   0.0000   R RL =   0.0000   VSOR =   0.0000
                     V IM =  27.3930   R0IM =   1.4050   A IM =   0.6650   R IM =   3.0270   VSOI =   0.0000   POWR =   0.0000
 NX=4 L*S VOLUME     V RL = -14.2280   R0RL =   0.9720   A RL =   1.0110   R RL =   2.0941   VSOR =   0.0000
                     V IM =   0.0000   R0IM =   0.0000   A IM =   0.0000   R IM =   0.0000   VSOI =   0.0000   POWR =   0.0000
0PARTICLE 2*******************************************************************************************************************
 INPUT DATA          ELAB =  11.3225   RC0  =   1.5780   AC   =   0.0000   2*STR=   0.0000
                     MASSP=   1.0000   MASST=  11.0000   Q    =  -4.1210
                     ZP   =   1.0000   ZT   =   4.0000   PNLOC=   1.0000
 
 DERIVED DATA        ECM  =  10.3790   RC   =   3.5094   RHO  =   2.3678
                     K    =   0.6747   ETA  =   0.1872   DR   =   0.0909
0POTENTIAL PARAMETERS
 NX=1 VOLUME  W-S    V RL = -56.2800   R0RL =   1.1220   A RL =   0.6760   R RL =   2.4953   VSOR =   0.0000
                     V IM =  -1.1170   R0IM =   1.1220   A IM =   0.6760   R IM =   2.4953   VSOI =   0.0000   POWR =   0.0000
 NX=2 SURFACE W-S    V RL =   0.0000   R0RL =   0.0000   A RL =   0.0000   R RL =   0.0000   VSOR =   0.0000
                     V IM =  20.7710   R0IM =   1.3070   A IM =   0.5240   R IM =   2.9067   VSOI =   0.0000   POWR =   0.0000
 NX=4 L*S VOLUME     V RL = -21.8760   R0RL =   0.8940   A RL =   0.5900   R RL =   1.9882   VSOR =   0.0000
                     V IM =   0.2160   R0IM =   0.8940   A IM =   0.5900   R IM =   1.9882   VSOI =   0.0000   POWR =   0.0000
110Be(d,p)11Be(3/2- 0.00) Ex=2.40 0p3/2 AK UNBOUND SCAN         0/ 0/ 0
0FORM FACTOR DATA 
0PARTICLE 3*******************************************************************************************************************
 INPUT DATA          ELAB =   1.8960   RC0  =   1.3000   AC   =   0.0000   2*STR=   0.0000
                     MASSP=   1.0000   MASST=  10.0000   Q    =   1.8960
                     ZP   =   0.0000   ZT   =   4.0000   PNLOC=   1.0000
 
 DERIVED DATA        ECM  =   1.8960   RC   =   2.8008   RHO  =   0.8043
                     K    =   0.2872   ETA  =   0.0000   DR   =   0.1000
0POTENTIAL PARAMETERS
 NX=1 VOLUME  W-S    V RL =  -1.0000   R0RL =   1.2500   A RL =   0.6500   R RL =   2.6930   VSOR =  24.0000
                     V IM =   1.1000   R0IM =   0.6500   A IM =   0.0000   R IM =   1.4004   VSOI =   0.0000   POWR =   0.0000
 
                     NODES=   0.0000   L    =   1.0000   2*J  =   3.0000   2*S  =   1.0000   FISW =   0.0000
 
0SINGLE PARTICLE WIDTH = 5.8797E  0  MEV     VOLUME TERM =  8.9901E+00     SURFACE TERM = -6.7443E+00
                     V    =  23.2803   DET  =  -0.0000   NODES=   0.0000   RM   =   3.3500   E    =   1.8960   ITER.=   8
0Non-locality correction is applied, parameter =   2.000
0Non-locality correction is applied, parameter =   1.000
0                    LMAX =  15        NSTEP= 150        NLTR =   1
 Bdwck4 entered
   Subroutine INTEG  entered
0REACSIG 1   9.04890E+01                                             REACSIG 2   6.14040E+01
   Subroutine RADINT entered
110Be(d,p)11Be(3/2- 0.00) Ex=2.40 0p3/2 AK UNBOUND SCAN         0/00/00
0BASIC DATA          DR   =   0.1000   RMIN =   0.0000   RMAX =  15.0000   COUEX=   0.0000     IS1=   0.0000
                     FNRNG=   0.0000   PNLC1=   2.0000   PNLC2=   1.0000   PNLC3=   1.0000     IS2=   0.0000
 ANG MOM TRANSFER    LTR  =   1.       2*JTR=   2.       2*STR=   0.       Q    =  -4.1210
   Subroutine INSIG  entered
0 Theta Inelsig,fm**2      Polz       Asy       Ayy       A22       A21       A20       T22       T21       T20  Theta
   0.00    1.5131E+02    0.0000    0.0000    0.0000    0.0000    0.0000    0.0000    0.0000    0.0000    0.0000   0.00
   1.00    1.5036E+02    0.0000    0.0000    0.0000    0.0000    0.0000    0.0000    0.0000    0.0000    0.0000   1.00
   2.00    1.4752E+02    0.0000    0.0000    0.0000    0.0000    0.0000    0.0000    0.0000    0.0000    0.0000   2.00
   3.00    1.4288E+02    0.0000    0.0000    0.0000    0.0000    0.0000    0.0000    0.0000    0.0000    0.0000   3.00
   4.00    1.3657E+02    0.0000    0.0000    0.0000    0.0000    0.0000    0.0000    0.0000    0.0000    0.0000   4.00
   5.00    1.2874E+02    0.0000    0.0000    0.0000    0.0000    0.0000    0.0000    0.0000    0.0000    0.0000   5.00
   6.00    1.1964E+02    0.0000    0.0000    0.0000    0.0000    0.0000    0.0000    0.0000    0.0000    0.0000   6.00
   7.00    1.0950E+02    0.0000    0.0000    0.0000    0.0000    0.0000    0.0000    0.0000    0.0000    0.0000   7.00
   8.00    9.8626E+01    0.0000    0.0000    0.0000    0.0000    0.0000    0.0000    0.0000    0.0000    0.0000   8.00
   9.00    8.7317E+01    0.0000    0.0000    0.0000    0.0000    0.0000    0.0000    0.0000    0.0000    0.0000   9.00
  10.00    7.5897E+01    0.0000    0.0000    0.0000    0.0000    0.0000    0.0000    0.0000    0.0000    0.0000  10.00
  11.00    6.4684E+01    0.0000    0.0000    0.0000    0.0000    0.0000    0.0000    0.0000    0.0000    0.0000  11.00
  12.00    5.3981E+01    0.0000    0.0000    0.0000    0.0000    0.0000    0.0000    0.0000    0.0000    0.0000  12.00
  13.00    4.4063E+01    0.0000    0.0000    0.0000    0.0000    0.0000    0.0000    0.0000    0.0000    0.0000  13.00
  14.00    3.5162E+01    0.0000    0.0000    0.0000    0.0000    0.0000    0.0000    0.0000    0.0000    0.0000  14.00
  15.00    2.7456E+01    0.0000    0.0000    0.0000    0.0000    0.0000    0.0000    0.0000    0.0000    0.0000  15.00
  16.00    2.1065E+01    0.0000    0.0000    0.0000    0.0000    0.0000    0.0000    0.0000    0.0000    0.0000  16.00
  17.00    1.6041E+01    0.0000    0.0000    0.0000    0.0000    0.0000    0.0000    0.0000    0.0000    0.0000  17.00
  18.00    1.2372E+01    0.0000    0.0000    0.0000    0.0000    0.0000    0.0000    0.0000    0.0000    0.0000  18.00
  19.00    9.9817E+00    0.0000    0.0000    0.0000    0.0000    0.0000    0.0000    0.0000    0.0000    0.0000  19.00
  20.00    8.7412E+00    0.0000    0.0000    0.0000    0.0000    0.0000    0.0000    0.0000    0.0000    0.0000  20.00
  21.00    8.4770E+00    0.0000    0.0000    0.0000    0.0000    0.0000    0.0000    0.0000    0.0000    0.0000  21.00
  22.00    8.9855E+00    0.0000    0.0000    0.0000    0.0000    0.0000    0.0000    0.0000    0.0000    0.0000  22.00
  23.00    1.0047E+01    0.0000    0.0000    0.0000    0.0000    0.0000    0.0000    0.0000    0.0000    0.0000  23.00
  24.00    1.1443E+01    0.0000    0.0000    0.0000    0.0000    0.0000    0.0000    0.0000    0.0000    0.0000  24.00
  25.00    1.2966E+01    0.0000    0.0000    0.0000    0.0000    0.0000    0.0000    0.0000    0.0000    0.0000  25.00
  26.00    1.4434E+01    0.0000    0.0000    0.0000    0.0000    0.0000    0.0000    0.0000    0.0000    0.0000  26.00
  27.00    1.5698E+01    0.0000    0.0000    0.0000    0.0000    0.0000    0.0000    0.0000    0.0000    0.0000  27.00
  28.00    1.6651E+01    0.0000    0.0000    0.0000    0.0000    0.0000    0.0000    0.0000    0.0000    0.0000  28.00
  29.00    1.7224E+01    0.0000    0.0000    0.0000    0.0000    0.0000    0.0000    0.0000    0.0000    0.0000  29.00
  30.00    1.7389E+01    0.0000    0.0000    0.0000    0.0000    0.0000    0.0000    0.0000    0.0000    0.0000  30.00
  31.00    1.7153E+01    0.0000    0.0000    0.0000    0.0000    0.0000    0.0000    0.0000    0.0000    0.0000  31.00
  32.00    1.6554E+01    0.0000    0.0000    0.0000    0.0000    0.0000    0.0000    0.0000    0.0000    0.0000  32.00
  33.00    1.5650E+01    0.0000    0.0000    0.0000    0.0000    0.0000    0.0000    0.0000    0.0000    0.0000  33.00
  34.00    1.4511E+01    0.0000    0.0000    0.0000    0.0000    0.0000    0.0000    0.0000    0.0000    0.0000  34.00
  35.00    1.3217E+01    0.0000    0.0000    0.0000    0.0000    0.0000    0.0000    0.0000    0.0000    0.0000  35.00
  36.00    1.1841E+01    0.0000    0.0000    0.0000    0.0000    0.0000    0.0000    0.0000    0.0000    0.0000  36.00
  37.00    1.0452E+01    0.0000    0.0000    0.0000    0.0000    0.0000    0.0000    0.0000    0.0000    0.0000  37.00
  38.00    9.1081E+00    0.0000    0.0000    0.0000    0.0000    0.0000    0.0000    0.0000    0.0000    0.0000  38.00
  39.00    7.8516E+00    0.0000    0.0000    0.0000    0.0000    0.0000    0.0000    0.0000    0.0000    0.0000  39.00
  40.00    6.7126E+00    0.0000    0.0000    0.0000    0.0000    0.0000    0.0000    0.0000    0.0000    0.0000  40.00
  41.00    5.7075E+00    0.0000    0.0000    0.0000    0.0000    0.0000    0.0000    0.0000    0.0000    0.0000  41.00
  42.00    4.8416E+00    0.0000    0.0000    0.0000    0.0000    0.0000    0.0000    0.0000    0.0000    0.0000  42.00
  43.00    4.1108E+00    0.0000    0.0000    0.0000    0.0000    0.0000    0.0000    0.0000    0.0000    0.0000  43.00
  44.00    3.5050E+00    0.0000    0.0000    0.0000    0.0000    0.0000    0.0000    0.0000    0.0000    0.0000  44.00
  45.00    3.0103E+00    0.0000    0.0000    0.0000    0.0000    0.0000    0.0000    0.0000    0.0000    0.0000  45.00
  46.00    2.6113E+00    0.0000    0.0000    0.0000    0.0000    0.0000    0.0000    0.0000    0.0000    0.0000  46.00
  47.00    2.2930E+00    0.0000    0.0000    0.0000    0.0000    0.0000    0.0000    0.0000    0.0000    0.0000  47.00
  48.00    2.0420E+00    0.0000    0.0000    0.0000    0.0000    0.0000    0.0000    0.0000    0.0000    0.0000  48.00
  49.00    1.8470E+00    0.0000    0.0000    0.0000    0.0000    0.0000    0.0000    0.0000    0.0000    0.0000  49.00
  50.00    1.6991E+00    0.0000    0.0000    0.0000    0.0000    0.0000    0.0000    0.0000    0.0000    0.0000  50.00
  51.00    1.5916E+00    0.0000    0.0000    0.0000    0.0000    0.0000    0.0000    0.0000    0.0000    0.0000  51.00
  52.00    1.5196E+00    0.0000    0.0000    0.0000    0.0000    0.0000    0.0000    0.0000    0.0000    0.0000  52.00
  53.00    1.4794E+00    0.0000    0.0000    0.0000    0.0000    0.0000    0.0000    0.0000    0.0000    0.0000  53.00
  54.00    1.4678E+00    0.0000    0.0000    0.0000    0.0000    0.0000    0.0000    0.0000    0.0000    0.0000  54.00
  55.00    1.4816E+00    0.0000    0.0000    0.0000    0.0000    0.0000    0.0000    0.0000    0.0000    0.0000  55.00
  56.00    1.5177E+00    0.0000    0.0000    0.0000    0.0000    0.0000    0.0000    0.0000    0.0000    0.0000  56.00
  57.00    1.5721E+00    0.0000    0.0000    0.0000    0.0000    0.0000    0.0000    0.0000    0.0000    0.0000  57.00
  58.00    1.6404E+00    0.0000    0.0000    0.0000    0.0000    0.0000    0.0000    0.0000    0.0000    0.0000  58.00
  59.00    1.7179E+00    0.0000    0.0000    0.0000    0.0000    0.0000    0.0000    0.0000    0.0000    0.0000  59.00
  60.00    1.7993E+00    0.0000    0.0000    0.0000    0.0000    0.0000    0.0000    0.0000    0.0000    0.0000  60.00
0Tot-sig   4.7781E+01
1Inelastic  10Be(d,p)11Be(3/2- 0.00) Ex=2.40 0p3/2 AK UNBOUND SCAN         0/00/00
    THETA   0                                1                                2                                3   THETA cos(theta)
     0.00  |++++++++++++++++++++++++++++++++|++++++++++++++++++++++++++++++++|+++++*++++++++++++++++++++++++++|+    0.00    1.0000
     1.00  +                                                                       *                           +    1.00    0.9998
     2.00  +                                                                       *                           +    2.00    0.9994
     3.00  +                                                                      *                            +    3.00    0.9986
     4.00  +                                                                     *                             +    4.00    0.9976
     5.00  +                                                                     *                             +    5.00    0.9962
     6.00  +                                                                    *                              +    6.00    0.9945
     7.00  +                                                                  *                                +    7.00    0.9925
     8.00  +                                                                 *                                 +    8.00    0.9903
     9.00  +                                                               *                                   +    9.00    0.9877
    10.00  +                                                             *                                     +   10.00    0.9848
    11.00  +                                                           *                                       +   11.00    0.9816
    12.00  +                                                        *                                          +   12.00    0.9781
    13.00  +                                                     *                                             +   13.00    0.9744
    14.00  +                                                  *                                                +   14.00    0.9703
    15.00  +                                              *                                                    +   15.00    0.9659
    16.00  +                                           *                                                       +   16.00    0.9613
    17.00  +                                       *                                                           +   17.00    0.9563
    18.00  +                                   *                                                               +   18.00    0.9511
    19.00  +                                *                                                                  +   19.00    0.9455
    20.00  +                              *                                                                    +   20.00    0.9397
    21.00  +                              *                                                                    +   21.00    0.9336
    22.00  +                              *                                                                    +   22.00    0.9272
    23.00  +                                *                                                                  +   23.00    0.9205
    24.00  +                                  *                                                                +   24.00    0.9135
    25.00  +                                    *                                                              +   25.00    0.9063
    26.00  +                                     *                                                             +   26.00    0.8988
    27.00  +                                      *                                                            +   27.00    0.8910
    28.00  +                                       *                                                           +   28.00    0.8829
    29.00  +                                        *                                                          +   29.00    0.8746
    30.00  +                                        *                                                          +   30.00    0.8660
    31.00  +                                        *                                                          +   31.00    0.8572
    32.00  +                                       *                                                           +   32.00    0.8480
    33.00  +                                      *                                                            +   33.00    0.8387
    34.00  +                                     *                                                             +   34.00    0.8290
    35.00  +                                    *                                                              +   35.00    0.8192
    36.00  +                                  *                                                                +   36.00    0.8090
    37.00  +                                 *                                                                 +   37.00    0.7986
    38.00  +                               *                                                                   +   38.00    0.7880
    39.00  +                             *                                                                     +   39.00    0.7771
    40.00  +                          *                                                                        +   40.00    0.7660
    41.00  +                        *                                                                          +   41.00    0.7547
    42.00  +                      *                                                                            +   42.00    0.7431
    43.00  +                   *                                                                               +   43.00    0.7314
    44.00  +                 *                                                                                 +   44.00    0.7193
    45.00  +               *                                                                                   +   45.00    0.7071
    46.00  +             *                                                                                     +   46.00    0.6947
    47.00  +           *                                                                                       +   47.00    0.6820
    48.00  +         *                                                                                         +   48.00    0.6691
    49.00  +        *                                                                                          +   49.00    0.6561
    50.00  +       *                                                                                           +   50.00    0.6428
    51.00  +      *                                                                                            +   51.00    0.6293
    52.00  +     *                                                                                             +   52.00    0.6157
    53.00  +     *                                                                                             +   53.00    0.6018
    54.00  +    *                                                                                              +   54.00    0.5878
    55.00  +     *                                                                                             +   55.00    0.5736
    56.00  +     *                                                                                             +   56.00    0.5592
    57.00  +     *                                                                                             +   57.00    0.5446
    58.00  +      *                                                                                            +   58.00    0.5299
    59.00  +       *                                                                                           +   59.00    0.5150
    60.00  |+++++++*++++++++++++++++++++++++|++++++++++++++++++++++++++++++++|++++++++++++++++++++++++++++++++|+   60.00    0.5000
    THETA   0                                1                                2                                3   THETA cos(theta)
1DWUCK4-DISTORTED WAVES U.COLORADO- PC-VERSION  12/Jan /1995
 Elapsed time in seconds =   0.00
 Elapsed time in seconds =   0.00
0CONTROL INTEGERS
  1 2 3 4 5 6 7 8 9 A B C D E F G H I J K    RUN IDENTIFICATION                                             0/00/00   0.00.00
  1 0 1 1 0 0 0 0 3 0 0 0 0 0 0 0 0 0 0 0    10Be(d,p)11Be(3/2- 0.00) Ex=2.60 0p3/2 AK UNBOUND SCAN      
 10Be(d,p)11Be(3/2- 0.00) Ex=2.60 0p3/2 AK UNBOUND SCAN      
 Adwck4 entered
0ANGLE DATA          THETN=  61.0000   THET1=   0.0000   DTHET=   1.0000   A-ANG=   0.0000   B-ANG=   0.0000
0CARD SET 3 DATA     LMAX =  15          LTR=   1
                     NLTR =   1        2*JTR=   3
0CARD SET 4 DATA     DRF  =   0.1000   RZ   =   0.0000   RMAX = -15.0000   VCE  =   0.0000   FNRNG=   0.0000
 PARTICLE DATA 
0PARTICLE 1*******************************************************************************************************************
 INPUT DATA          ELAB =  17.4000   RC0  =   1.3030   AC   =   0.0000   2*STR=   0.0000
                     MASSP=   2.0000   MASST=  10.0000   Q    =   0.0000
                     ZP   =   1.0000   ZT   =   4.0000   PNLOC=   2.0000
 
 DERIVED DATA        ECM  =  14.5000   RC   =   2.8072   RHO  =   3.0186
                     K    =   1.0753   ETA  =   0.2136   DR   =   0.1000
0POTENTIAL PARAMETERS
 NX=1 VOLUME  W-S    V RL = -88.7440   R0RL =   1.1480   A RL =   0.7460   R RL =   2.4733   VSOR =   0.0000
                     V IM =  -2.1860   R0IM =   1.3510   A IM =   0.6400   R IM =   2.9106   VSOI =   0.0000   POWR =   0.0000
 NX=2 SURFACE W-S    V RL =   0.0000   R0RL =   0.0000   A RL =   0.0000   R RL =   0.0000   VSOR =   0.0000
                     V IM =  27.3930   R0IM =   1.4050   A IM =   0.6650   R IM =   3.0270   VSOI =   0.0000   POWR =   0.0000
 NX=4 L*S VOLUME     V RL = -14.2280   R0RL =   0.9720   A RL =   1.0110   R RL =   2.0941   VSOR =   0.0000
                     V IM =   0.0000   R0IM =   0.0000   A IM =   0.0000   R IM =   0.0000   VSOI =   0.0000   POWR =   0.0000
0PARTICLE 2*******************************************************************************************************************
 INPUT DATA          ELAB =  11.1044   RC0  =   1.5780   AC   =   0.0000   2*STR=   0.0000
                     MASSP=   1.0000   MASST=  11.0000   Q    =  -4.3210
                     ZP   =   1.0000   ZT   =   4.0000   PNLOC=   1.0000
 
 DERIVED DATA        ECM  =  10.1790   RC   =   3.5094   RHO  =   2.3448
                     K    =   0.6682   ETA  =   0.1890   DR   =   0.0909
0POTENTIAL PARAMETERS
 NX=1 VOLUME  W-S    V RL = -56.2800   R0RL =   1.1220   A RL =   0.6760   R RL =   2.4953   VSOR =   0.0000
                     V IM =  -1.1170   R0IM =   1.1220   A IM =   0.6760   R IM =   2.4953   VSOI =   0.0000   POWR =   0.0000
 NX=2 SURFACE W-S    V RL =   0.0000   R0RL =   0.0000   A RL =   0.0000   R RL =   0.0000   VSOR =   0.0000
                     V IM =  20.7710   R0IM =   1.3070   A IM =   0.5240   R IM =   2.9067   VSOI =   0.0000   POWR =   0.0000
 NX=4 L*S VOLUME     V RL = -21.8760   R0RL =   0.8940   A RL =   0.5900   R RL =   1.9882   VSOR =   0.0000
                     V IM =   0.2160   R0IM =   0.8940   A IM =   0.5900   R IM =   1.9882   VSOI =   0.0000   POWR =   0.0000
110Be(d,p)11Be(3/2- 0.00) Ex=2.60 0p3/2 AK UNBOUND SCAN         0/ 0/ 0
0FORM FACTOR DATA 
0PARTICLE 3*******************************************************************************************************************
 INPUT DATA          ELAB =   2.0960   RC0  =   1.3000   AC   =   0.0000   2*STR=   0.0000
                     MASSP=   1.0000   MASST=  10.0000   Q    =   2.0960
                     ZP   =   0.0000   ZT   =   4.0000   PNLOC=   1.0000
 
 DERIVED DATA        ECM  =   2.0960   RC   =   2.8008   RHO  =   0.8457
                     K    =   0.3019   ETA  =   0.0000   DR   =   0.1000
0POTENTIAL PARAMETERS
 NX=1 VOLUME  W-S    V RL =  -1.0000   R0RL =   1.2500   A RL =   0.6500   R RL =   2.6930   VSOR =  24.0000
                     V IM =   1.1000   R0IM =   0.6500   A IM =   0.0000   R IM =   1.4004   VSOI =   0.0000   POWR =   0.0000
 
                     NODES=   0.0000   L    =   1.0000   2*J  =   3.0000   2*S  =   1.0000   FISW =   0.0000
 
0BOUND STATE SEARCH FAILS IN 32 ITERATIONS
0SINGLE PARTICLE WIDTH = 7.5232E  0  MEV     VOLUME TERM =  9.0243E+00     SURFACE TERM = -7.1789E+00
                     V    =*********   DET  =   0.2297   NODES=   0.0000   RM   =  14.8500   E    =   2.0960   ITER.=  33
0Non-locality correction is applied, parameter =   2.000
0Non-locality correction is applied, parameter =   1.000
0                    LMAX =  15        NSTEP= 150        NLTR =   1
1DWUCK4-DISTORTED WAVES U.COLORADO- PC-VERSION  12/Jan /1995
 Elapsed time in seconds =   0.00
 Elapsed time in seconds =   0.00
0CONTROL INTEGERS
  1 2 3 4 5 6 7 8 9 A B C D E F G H I J K    RUN IDENTIFICATION                                             0/00/00   0.00.00
  1 0 1 1 0 0 0 0 3 0 0 0 0 0 0 0 0 0 0 0    10Be(d,p)11Be(3/2- 0.00) Ex=2.80 0p3/2 AK UNBOUND SCAN      
 10Be(d,p)11Be(3/2- 0.00) Ex=2.80 0p3/2 AK UNBOUND SCAN      
 Adwck4 entered
0ANGLE DATA          THETN=  61.0000   THET1=   0.0000   DTHET=   1.0000   A-ANG=   0.0000   B-ANG=   0.0000
0CARD SET 3 DATA     LMAX =  15          LTR=   1
                     NLTR =   1        2*JTR=   3
0CARD SET 4 DATA     DRF  =   0.1000   RZ   =   0.0000   RMAX = -15.0000   VCE  =   0.0000   FNRNG=   0.0000
 PARTICLE DATA 
0PARTICLE 1*******************************************************************************************************************
 INPUT DATA          ELAB =  17.4000   RC0  =   1.3030   AC   =   0.0000   2*STR=   0.0000
                     MASSP=   2.0000   MASST=  10.0000   Q    =   0.0000
                     ZP   =   1.0000   ZT   =   4.0000   PNLOC=   2.0000
 
 DERIVED DATA        ECM  =  14.5000   RC   =   2.8072   RHO  =   3.0186
                     K    =   1.0753   ETA  =   0.2136   DR   =   0.1000
0POTENTIAL PARAMETERS
 NX=1 VOLUME  W-S    V RL = -88.7440   R0RL =   1.1480   A RL =   0.7460   R RL =   2.4733   VSOR =   0.0000
                     V IM =  -2.1860   R0IM =   1.3510   A IM =   0.6400   R IM =   2.9106   VSOI =   0.0000   POWR =   0.0000
 NX=2 SURFACE W-S    V RL =   0.0000   R0RL =   0.0000   A RL =   0.0000   R RL =   0.0000   VSOR =   0.0000
                     V IM =  27.3930   R0IM =   1.4050   A IM =   0.6650   R IM =   3.0270   VSOI =   0.0000   POWR =   0.0000
 NX=4 L*S VOLUME     V RL = -14.2280   R0RL =   0.9720   A RL =   1.0110   R RL =   2.0941   VSOR =   0.0000
                     V IM =   0.0000   R0IM =   0.0000   A IM =   0.0000   R IM =   0.0000   VSOI =   0.0000   POWR =   0.0000
0PARTICLE 2*******************************************************************************************************************
 INPUT DATA          ELAB =  10.8862   RC0  =   1.5780   AC   =   0.0000   2*STR=   0.0000
                     MASSP=   1.0000   MASST=  11.0000   Q    =  -4.5210
                     ZP   =   1.0000   ZT   =   4.0000   PNLOC=   1.0000
 
 DERIVED DATA        ECM  =   9.9790   RC   =   3.5094   RHO  =   2.3217
                     K    =   0.6616   ETA  =   0.1909   DR   =   0.0909
0POTENTIAL PARAMETERS
 NX=1 VOLUME  W-S    V RL = -56.2800   R0RL =   1.1220   A RL =   0.6760   R RL =   2.4953   VSOR =   0.0000
                     V IM =  -1.1170   R0IM =   1.1220   A IM =   0.6760   R IM =   2.4953   VSOI =   0.0000   POWR =   0.0000
 NX=2 SURFACE W-S    V RL =   0.0000   R0RL =   0.0000   A RL =   0.0000   R RL =   0.0000   VSOR =   0.0000
                     V IM =  20.7710   R0IM =   1.3070   A IM =   0.5240   R IM =   2.9067   VSOI =   0.0000   POWR =   0.0000
 NX=4 L*S VOLUME     V RL = -21.8760   R0RL =   0.8940   A RL =   0.5900   R RL =   1.9882   VSOR =   0.0000
                     V IM =   0.2160   R0IM =   0.8940   A IM =   0.5900   R IM =   1.9882   VSOI =   0.0000   POWR =   0.0000
110Be(d,p)11Be(3/2- 0.00) Ex=2.80 0p3/2 AK UNBOUND SCAN         0/ 0/ 0
0FORM FACTOR DATA 
0PARTICLE 3*******************************************************************************************************************
 INPUT DATA          ELAB =   2.2960   RC0  =   1.3000   AC   =   0.0000   2*STR=   0.0000
                     MASSP=   1.0000   MASST=  10.0000   Q    =   2.2960
                     ZP   =   0.0000   ZT   =   4.0000   PNLOC=   1.0000
 
 DERIVED DATA        ECM  =   2.2960   RC   =   2.8008   RHO  =   0.8851
                     K    =   0.3160   ETA  =   0.0000   DR   =   0.1000
0POTENTIAL PARAMETERS
 NX=1 VOLUME  W-S    V RL =  -1.0000   R0RL =   1.2500   A RL =   0.6500   R RL =   2.6930   VSOR =  24.0000
                     V IM =   1.1000   R0IM =   0.6500   A IM =   0.0000   R IM =   1.4004   VSOI =   0.0000   POWR =   0.0000
 
                     NODES=   0.0000   L    =   1.0000   2*J  =   3.0000   2*S  =   1.0000   FISW =   0.0000
 
0BOUND STATE SEARCH FAILS IN 32 ITERATIONS
0SINGLE PARTICLE WIDTH = 9.7739E -2  MEV     VOLUME TERM =  1.5621E+02     SURFACE TERM = -7.5435E+00
                     V    =   0.0007   DET  =  -1.6268   NODES=   1.0000   RM   =  14.8500   E    =   2.2960   ITER.=  33
0Non-locality correction is applied, parameter =   2.000
0Non-locality correction is applied, parameter =   1.000
0                    LMAX =  15        NSTEP= 150        NLTR =   1
1DWUCK4-DISTORTED WAVES U.COLORADO- PC-VERSION  12/Jan /1995
 Elapsed time in seconds =   0.00
 Elapsed time in seconds =   0.00
0CONTROL INTEGERS
  1 2 3 4 5 6 7 8 9 A B C D E F G H I J K    RUN IDENTIFICATION                                             0/00/00   0.00.00
  1 0 1 1 0 0 0 0 3 0 0 0 0 0 0 0 0 0 0 0    10Be(d,p)11Be(3/2- 0.00) Ex=3.00 0p3/2 AK UNBOUND SCAN      
 10Be(d,p)11Be(3/2- 0.00) Ex=3.00 0p3/2 AK UNBOUND SCAN      
 Adwck4 entered
0ANGLE DATA          THETN=  61.0000   THET1=   0.0000   DTHET=   1.0000   A-ANG=   0.0000   B-ANG=   0.0000
0CARD SET 3 DATA     LMAX =  15          LTR=   1
                     NLTR =   1        2*JTR=   3
0CARD SET 4 DATA     DRF  =   0.1000   RZ   =   0.0000   RMAX = -15.0000   VCE  =   0.0000   FNRNG=   0.0000
 PARTICLE DATA 
0PARTICLE 1*******************************************************************************************************************
 INPUT DATA          ELAB =  17.4000   RC0  =   1.3030   AC   =   0.0000   2*STR=   0.0000
                     MASSP=   2.0000   MASST=  10.0000   Q    =   0.0000
                     ZP   =   1.0000   ZT   =   4.0000   PNLOC=   2.0000
 
 DERIVED DATA        ECM  =  14.5000   RC   =   2.8072   RHO  =   3.0186
                     K    =   1.0753   ETA  =   0.2136   DR   =   0.1000
0POTENTIAL PARAMETERS
 NX=1 VOLUME  W-S    V RL = -88.7440   R0RL =   1.1480   A RL =   0.7460   R RL =   2.4733   VSOR =   0.0000
                     V IM =  -2.1860   R0IM =   1.3510   A IM =   0.6400   R IM =   2.9106   VSOI =   0.0000   POWR =   0.0000
 NX=2 SURFACE W-S    V RL =   0.0000   R0RL =   0.0000   A RL =   0.0000   R RL =   0.0000   VSOR =   0.0000
                     V IM =  27.3930   R0IM =   1.4050   A IM =   0.6650   R IM =   3.0270   VSOI =   0.0000   POWR =   0.0000
 NX=4 L*S VOLUME     V RL = -14.2280   R0RL =   0.9720   A RL =   1.0110   R RL =   2.0941   VSOR =   0.0000
                     V IM =   0.0000   R0IM =   0.0000   A IM =   0.0000   R IM =   0.0000   VSOI =   0.0000   POWR =   0.0000
0PARTICLE 2*******************************************************************************************************************
 INPUT DATA          ELAB =  10.6680   RC0  =   1.5780   AC   =   0.0000   2*STR=   0.0000
                     MASSP=   1.0000   MASST=  11.0000   Q    =  -4.7210
                     ZP   =   1.0000   ZT   =   4.0000   PNLOC=   1.0000
 
 DERIVED DATA        ECM  =   9.7790   RC   =   3.5094   RHO  =   2.2983
                     K    =   0.6549   ETA  =   0.1929   DR   =   0.0909
0POTENTIAL PARAMETERS
 NX=1 VOLUME  W-S    V RL = -56.2800   R0RL =   1.1220   A RL =   0.6760   R RL =   2.4953   VSOR =   0.0000
                     V IM =  -1.1170   R0IM =   1.1220   A IM =   0.6760   R IM =   2.4953   VSOI =   0.0000   POWR =   0.0000
 NX=2 SURFACE W-S    V RL =   0.0000   R0RL =   0.0000   A RL =   0.0000   R RL =   0.0000   VSOR =   0.0000
                     V IM =  20.7710   R0IM =   1.3070   A IM =   0.5240   R IM =   2.9067   VSOI =   0.0000   POWR =   0.0000
 NX=4 L*S VOLUME     V RL = -21.8760   R0RL =   0.8940   A RL =   0.5900   R RL =   1.9882   VSOR =   0.0000
                     V IM =   0.2160   R0IM =   0.8940   A IM =   0.5900   R IM =   1.9882   VSOI =   0.0000   POWR =   0.0000
110Be(d,p)11Be(3/2- 0.00) Ex=3.00 0p3/2 AK UNBOUND SCAN         0/ 0/ 0
0FORM FACTOR DATA 
0PARTICLE 3*******************************************************************************************************************
 INPUT DATA          ELAB =   2.4960   RC0  =   1.3000   AC   =   0.0000   2*STR=   0.0000
                     MASSP=   1.0000   MASST=  10.0000   Q    =   2.4960
                     ZP   =   0.0000   ZT   =   4.0000   PNLOC=   1.0000
 
 DERIVED DATA        ECM  =   2.4960   RC   =   2.8008   RHO  =   0.9228
                     K    =   0.3295   ETA  =   0.0000   DR   =   0.1000
0POTENTIAL PARAMETERS
 NX=1 VOLUME  W-S    V RL =  -1.0000   R0RL =   1.2500   A RL =   0.6500   R RL =   2.6930   VSOR =  24.0000
                     V IM =   1.1000   R0IM =   0.6500   A IM =   0.0000   R IM =   1.4004   VSOI =   0.0000   POWR =   0.0000
 
                     NODES=   0.0000   L    =   1.0000   2*J  =   3.0000   2*S  =   1.0000   FISW =   0.0000
 
0BOUND STATE SEARCH FAILS IN 32 ITERATIONS
0SINGLE PARTICLE WIDTH = 5.1497E -1  MEV     VOLUME TERM =  3.7225E+01     SURFACE TERM = -7.8049E+00
                     V    =   0.0007   DET  =  -0.9141   NODES=   1.0000   RM   =  14.8500   E    =   2.4960   ITER.=  33
0Non-locality correction is applied, parameter =   2.000
0Non-locality correction is applied, parameter =   1.000
0                    LMAX =  15        NSTEP= 150        NLTR =   1
1DWUCK4-DISTORTED WAVES U.COLORADO- PC-VERSION  12/Jan /1995
 Elapsed time in seconds =   0.00
 Elapsed time in seconds =   0.00
0CONTROL INTEGERS
  1 2 3 4 5 6 7 8 9 A B C D E F G H I J K    RUN IDENTIFICATION                                             0/00/00   0.00.00
  9 0 0 0 0 0 0 0 0 0 0 0 0 0 0 0 0 0 0 0    END OF DATA for DWUCK4                                      
