1********************DWUCK4 AT YOUR SERVICE********************

 installed         Mon May 21 11:05:50 1990                
 today is          Mon Mar 16 12:00:51 2026




















                    *******************************************************
                    *                                                     *
                    * User     : calemhoffman                             *
                    * Directory: <- /Users/calemhoffman/Documents/GitHub/ *
                    * Input    : Standard Input                           *
                    * Output   : Standard Output                          *
                    *                                                     *
                    *******************************************************
1
0DWUCK4-DISTORTED WAVES U.COLORADO- PC-VERSION  12/Jan /1995
 Elapsed time in seconds =   0.00
 Elapsed time in seconds =   0.00
0CONTROL INTEGERS
  1 2 3 4 5 6 7 8 9 A B C D E F G H I J K    RUN IDENTIFICATION                                             0/00/00   0.00.00
  1 0 1 1 0 0 0 0 3 0 0 0 0 0 0 0 0 0 0 0    10Be(d,p)11Be(3/2- 0.00) Ex=0.60 0p3/2 QG UNBOUND SCAN      
 10Be(d,p)11Be(3/2- 0.00) Ex=0.60 0p3/2 QG UNBOUND SCAN      
 Adwck4 entered
0ANGLE DATA          THETN=  61.0000   THET1=   0.0000   DTHET=   1.0000   A-ANG=   0.0000   B-ANG=   0.0000
0CARD SET 3 DATA     LMAX =  15          LTR=   1
                     NLTR =   1        2*JTR=   3
0CARD SET 4 DATA     DRF  =   0.1000   RZ   =   0.0000   RMAX = -15.0000   VCE  =   0.0000   FNRNG=   0.0000
 PARTICLE DATA 
0PARTICLE 1*******************************************************************************************************************
 INPUT DATA          ELAB =  17.4000   RC0  =   1.1500   AC   =   0.0000   2*STR=   0.0000
                     MASSP=   2.0000   MASST=  10.0000   Q    =   0.0000
                     ZP   =   1.0000   ZT   =   4.0000   PNLOC=   2.0000
 
 DERIVED DATA        ECM  =  14.5000   RC   =   2.4776   RHO  =   2.6641
                     K    =   1.0753   ETA  =   0.2136   DR   =   0.1000
0POTENTIAL PARAMETERS
 NX=1 VOLUME  W-S    V RL = -80.8850   R0RL =   1.1500   A RL =   0.8100   R RL =   2.4776   VSOR =   0.0000
                     V IM =   0.0000   R0IM =   0.0000   A IM =   0.0000   R IM =   0.0000   VSOI =   0.0000   POWR =   0.0000
 NX=2 SURFACE W-S    V RL =   0.0000   R0RL =   0.0000   A RL =   0.0000   R RL =   0.0000   VSOR =   0.0000
                     V IM =  50.5270   R0IM =   1.3400   A IM =   0.6800   R IM =   2.8869   VSOI =   0.0000   POWR =   0.0000
 NX=4 L*S VOLUME     V RL =   0.0000   R0RL =   0.0000   A RL =   0.0000   R RL =   0.0000   VSOR =   0.0000
                     V IM =   0.0000   R0IM =   0.0000   A IM =   0.0000   R IM =   0.0000   VSOI =   0.0000   POWR =   0.0000
0PARTICLE 2*******************************************************************************************************************
 INPUT DATA          ELAB =  13.2862   RC0  =   1.3000   AC   =   0.0000   2*STR=   0.0000
                     MASSP=   1.0000   MASST=  11.0000   Q    =  -2.3210
                     ZP   =   1.0000   ZT   =   4.0000   PNLOC=   1.0000
 
 DERIVED DATA        ECM  =  12.1790   RC   =   2.8912   RHO  =   2.1130
                     K    =   0.7309   ETA  =   0.1728   DR   =   0.0909
0POTENTIAL PARAMETERS
 NX=1 VOLUME  W-S    V RL = -57.0960   R0RL =   1.1700   A RL =   0.7500   R RL =   2.6021   VSOR =   0.0000
                     V IM =  -0.1660   R0IM =   1.3200   A IM =   0.7010   R IM =   2.9357   VSOI =   0.0000   POWR =   0.0000
 NX=2 SURFACE W-S    V RL =   0.0000   R0RL =   0.0000   A RL =   0.0000   R RL =   0.0000   VSOR =   0.0000
                     V IM =  32.8400   R0IM =   1.3200   A IM =   0.7010   R IM =   2.9357   VSOI =   0.0000   POWR =   0.0000
 NX=4 L*S VOLUME     V RL = -24.8000   R0RL =   1.1000   A RL =   0.7500   R RL =   2.4464   VSOR =   0.0000
                     V IM =   0.0000   R0IM =   1.1000   A IM =   0.7500   R IM =   2.4464   VSOI =   0.0000   POWR =   0.0000
110Be(d,p)11Be(3/2- 0.00) Ex=0.60 0p3/2 QG UNBOUND SCAN         0/ 0/ 0
0FORM FACTOR DATA 
0PARTICLE 3*******************************************************************************************************************
 INPUT DATA          ELAB =   0.0960   RC0  =   1.3000   AC   =   0.0000   2*STR=   0.0000
                     MASSP=   1.0000   MASST=  10.0000   Q    =   0.0960
                     ZP   =   0.0000   ZT   =   4.0000   PNLOC=   1.0000
 
 DERIVED DATA        ECM  =   0.0960   RC   =   2.8008   RHO  =   0.1810
                     K    =   0.0646   ETA  =   0.0000   DR   =   0.1000
0POTENTIAL PARAMETERS
 NX=1 VOLUME  W-S    V RL =  -1.0000   R0RL =   1.2500   A RL =   0.6500   R RL =   2.6930   VSOR =  24.0000
                     V IM =   1.1000   R0IM =   0.6500   A IM =   0.0000   R IM =   1.4004   VSOI =   0.0000   POWR =   0.0000
 
                     NODES=   0.0000   L    =   1.0000   2*J  =   3.0000   2*S  =   1.0000   FISW =   0.0000
 
0SINGLE PARTICLE WIDTH = 3.2532E -2  MEV     VOLUME TERM =  9.0112E+01     SURFACE TERM =  1.2230E+00
                     V    =  28.3481   DET  =   0.0000   NODES=   0.0000   RM   =   4.3500   E    =   0.0960   ITER.=   6
0Non-locality correction is applied, parameter =   2.000
0Non-locality correction is applied, parameter =   1.000
0*****  Warning  *****  CLASSICAL TURNING POINT FOR BOUNDSTATE = 21.8855  IS GREATER THAN RMAX =-15.0000
0                    LMAX =  15        NSTEP= 150        NLTR =   1
 Bdwck4 entered
   Subroutine INTEG  entered
0REACSIG 1   1.01878E+02                                             REACSIG 2   8.74578E+01
   Subroutine RADINT entered
110Be(d,p)11Be(3/2- 0.00) Ex=0.60 0p3/2 QG UNBOUND SCAN         0/00/00
0BASIC DATA          DR   =   0.1000   RMIN =   0.0000   RMAX =  15.0000   COUEX=   0.0000     IS1=   0.0000
                     FNRNG=   0.0000   PNLC1=   2.0000   PNLC2=   1.0000   PNLC3=   1.0000     IS2=   0.0000
 ANG MOM TRANSFER    LTR  =   1.       2*JTR=   2.       2*STR=   0.       Q    =  -2.3210
   Subroutine INSIG  entered
0 Theta Inelsig,fm**2      Polz       Asy       Ayy       A22       A21       A20       T22       T21       T20  Theta
   0.00    5.1049E+00    0.0000    0.0000    0.0000    0.0000    0.0000    0.0000    0.0000    0.0000    0.0000   0.00
   1.00    5.0878E+00    0.0000    0.0000    0.0000    0.0000    0.0000    0.0000    0.0000    0.0000    0.0000   1.00
   2.00    5.0372E+00    0.0000    0.0000    0.0000    0.0000    0.0000    0.0000    0.0000    0.0000    0.0000   2.00
   3.00    4.9540E+00    0.0000    0.0000    0.0000    0.0000    0.0000    0.0000    0.0000    0.0000    0.0000   3.00
   4.00    4.8403E+00    0.0000    0.0000    0.0000    0.0000    0.0000    0.0000    0.0000    0.0000    0.0000   4.00
   5.00    4.6985E+00    0.0000    0.0000    0.0000    0.0000    0.0000    0.0000    0.0000    0.0000    0.0000   5.00
   6.00    4.5317E+00    0.0000    0.0000    0.0000    0.0000    0.0000    0.0000    0.0000    0.0000    0.0000   6.00
   7.00    4.3436E+00    0.0000    0.0000    0.0000    0.0000    0.0000    0.0000    0.0000    0.0000    0.0000   7.00
   8.00    4.1378E+00    0.0000    0.0000    0.0000    0.0000    0.0000    0.0000    0.0000    0.0000    0.0000   8.00
   9.00    3.9186E+00    0.0000    0.0000    0.0000    0.0000    0.0000    0.0000    0.0000    0.0000    0.0000   9.00
  10.00    3.6900E+00    0.0000    0.0000    0.0000    0.0000    0.0000    0.0000    0.0000    0.0000    0.0000  10.00
  11.00    3.4560E+00    0.0000    0.0000    0.0000    0.0000    0.0000    0.0000    0.0000    0.0000    0.0000  11.00
  12.00    3.2204E+00    0.0000    0.0000    0.0000    0.0000    0.0000    0.0000    0.0000    0.0000    0.0000  12.00
  13.00    2.9868E+00    0.0000    0.0000    0.0000    0.0000    0.0000    0.0000    0.0000    0.0000    0.0000  13.00
  14.00    2.7584E+00    0.0000    0.0000    0.0000    0.0000    0.0000    0.0000    0.0000    0.0000    0.0000  14.00
  15.00    2.5379E+00    0.0000    0.0000    0.0000    0.0000    0.0000    0.0000    0.0000    0.0000    0.0000  15.00
  16.00    2.3276E+00    0.0000    0.0000    0.0000    0.0000    0.0000    0.0000    0.0000    0.0000    0.0000  16.00
  17.00    2.1292E+00    0.0000    0.0000    0.0000    0.0000    0.0000    0.0000    0.0000    0.0000    0.0000  17.00
  18.00    1.9441E+00    0.0000    0.0000    0.0000    0.0000    0.0000    0.0000    0.0000    0.0000    0.0000  18.00
  19.00    1.7732E+00    0.0000    0.0000    0.0000    0.0000    0.0000    0.0000    0.0000    0.0000    0.0000  19.00
  20.00    1.6169E+00    0.0000    0.0000    0.0000    0.0000    0.0000    0.0000    0.0000    0.0000    0.0000  20.00
  21.00    1.4753E+00    0.0000    0.0000    0.0000    0.0000    0.0000    0.0000    0.0000    0.0000    0.0000  21.00
  22.00    1.3482E+00    0.0000    0.0000    0.0000    0.0000    0.0000    0.0000    0.0000    0.0000    0.0000  22.00
  23.00    1.2350E+00    0.0000    0.0000    0.0000    0.0000    0.0000    0.0000    0.0000    0.0000    0.0000  23.00
  24.00    1.1352E+00    0.0000    0.0000    0.0000    0.0000    0.0000    0.0000    0.0000    0.0000    0.0000  24.00
  25.00    1.0477E+00    0.0000    0.0000    0.0000    0.0000    0.0000    0.0000    0.0000    0.0000    0.0000  25.00
  26.00    9.7180E-01    0.0000    0.0000    0.0000    0.0000    0.0000    0.0000    0.0000    0.0000    0.0000  26.00
  27.00    9.0634E-01    0.0000    0.0000    0.0000    0.0000    0.0000    0.0000    0.0000    0.0000    0.0000  27.00
  28.00    8.5033E-01    0.0000    0.0000    0.0000    0.0000    0.0000    0.0000    0.0000    0.0000    0.0000  28.00
  29.00    8.0274E-01    0.0000    0.0000    0.0000    0.0000    0.0000    0.0000    0.0000    0.0000    0.0000  29.00
  30.00    7.6257E-01    0.0000    0.0000    0.0000    0.0000    0.0000    0.0000    0.0000    0.0000    0.0000  30.00
  31.00    7.2885E-01    0.0000    0.0000    0.0000    0.0000    0.0000    0.0000    0.0000    0.0000    0.0000  31.00
  32.00    7.0068E-01    0.0000    0.0000    0.0000    0.0000    0.0000    0.0000    0.0000    0.0000    0.0000  32.00
  33.00    6.7718E-01    0.0000    0.0000    0.0000    0.0000    0.0000    0.0000    0.0000    0.0000    0.0000  33.00
  34.00    6.5755E-01    0.0000    0.0000    0.0000    0.0000    0.0000    0.0000    0.0000    0.0000    0.0000  34.00
  35.00    6.4106E-01    0.0000    0.0000    0.0000    0.0000    0.0000    0.0000    0.0000    0.0000    0.0000  35.00
  36.00    6.2702E-01    0.0000    0.0000    0.0000    0.0000    0.0000    0.0000    0.0000    0.0000    0.0000  36.00
  37.00    6.1480E-01    0.0000    0.0000    0.0000    0.0000    0.0000    0.0000    0.0000    0.0000    0.0000  37.00
  38.00    6.0384E-01    0.0000    0.0000    0.0000    0.0000    0.0000    0.0000    0.0000    0.0000    0.0000  38.00
  39.00    5.9364E-01    0.0000    0.0000    0.0000    0.0000    0.0000    0.0000    0.0000    0.0000    0.0000  39.00
  40.00    5.8374E-01    0.0000    0.0000    0.0000    0.0000    0.0000    0.0000    0.0000    0.0000    0.0000  40.00
  41.00    5.7376E-01    0.0000    0.0000    0.0000    0.0000    0.0000    0.0000    0.0000    0.0000    0.0000  41.00
  42.00    5.6338E-01    0.0000    0.0000    0.0000    0.0000    0.0000    0.0000    0.0000    0.0000    0.0000  42.00
  43.00    5.5235E-01    0.0000    0.0000    0.0000    0.0000    0.0000    0.0000    0.0000    0.0000    0.0000  43.00
  44.00    5.4047E-01    0.0000    0.0000    0.0000    0.0000    0.0000    0.0000    0.0000    0.0000    0.0000  44.00
  45.00    5.2760E-01    0.0000    0.0000    0.0000    0.0000    0.0000    0.0000    0.0000    0.0000    0.0000  45.00
  46.00    5.1369E-01    0.0000    0.0000    0.0000    0.0000    0.0000    0.0000    0.0000    0.0000    0.0000  46.00
  47.00    4.9870E-01    0.0000    0.0000    0.0000    0.0000    0.0000    0.0000    0.0000    0.0000    0.0000  47.00
  48.00    4.8267E-01    0.0000    0.0000    0.0000    0.0000    0.0000    0.0000    0.0000    0.0000    0.0000  48.00
  49.00    4.6569E-01    0.0000    0.0000    0.0000    0.0000    0.0000    0.0000    0.0000    0.0000    0.0000  49.00
  50.00    4.4786E-01    0.0000    0.0000    0.0000    0.0000    0.0000    0.0000    0.0000    0.0000    0.0000  50.00
  51.00    4.2933E-01    0.0000    0.0000    0.0000    0.0000    0.0000    0.0000    0.0000    0.0000    0.0000  51.00
  52.00    4.1025E-01    0.0000    0.0000    0.0000    0.0000    0.0000    0.0000    0.0000    0.0000    0.0000  52.00
  53.00    3.9080E-01    0.0000    0.0000    0.0000    0.0000    0.0000    0.0000    0.0000    0.0000    0.0000  53.00
  54.00    3.7115E-01    0.0000    0.0000    0.0000    0.0000    0.0000    0.0000    0.0000    0.0000    0.0000  54.00
  55.00    3.5147E-01    0.0000    0.0000    0.0000    0.0000    0.0000    0.0000    0.0000    0.0000    0.0000  55.00
  56.00    3.3191E-01    0.0000    0.0000    0.0000    0.0000    0.0000    0.0000    0.0000    0.0000    0.0000  56.00
  57.00    3.1262E-01    0.0000    0.0000    0.0000    0.0000    0.0000    0.0000    0.0000    0.0000    0.0000  57.00
  58.00    2.9372E-01    0.0000    0.0000    0.0000    0.0000    0.0000    0.0000    0.0000    0.0000    0.0000  58.00
  59.00    2.7533E-01    0.0000    0.0000    0.0000    0.0000    0.0000    0.0000    0.0000    0.0000    0.0000  59.00
  60.00    2.5752E-01    0.0000    0.0000    0.0000    0.0000    0.0000    0.0000    0.0000    0.0000    0.0000  60.00
0Tot-sig   3.1837E+00
1Inelastic  10Be(d,p)11Be(3/2- 0.00) Ex=0.60 0p3/2 QG UNBOUND SCAN         0/00/00
    THETA  -2                               -1                                0                                1   THETA cos(theta)
     0.00  |++++++++++++++++++++++++++++++++|++++++++++++++++++++++++++++++++|++++++++++++++++++++++*+++++++++|+    0.00    1.0000
     1.00  +                                                                                        *          +    1.00    0.9998
     2.00  +                                                                                        *          +    2.00    0.9994
     3.00  +                                                                                        *          +    3.00    0.9986
     4.00  +                                                                                        *          +    4.00    0.9976
     5.00  +                                                                                       *           +    5.00    0.9962
     6.00  +                                                                                       *           +    6.00    0.9945
     7.00  +                                                                                      *            +    7.00    0.9925
     8.00  +                                                                                     *             +    8.00    0.9903
     9.00  +                                                                                     *             +    9.00    0.9877
    10.00  +                                                                                    *              +   10.00    0.9848
    11.00  +                                                                                   *               +   11.00    0.9816
    12.00  +                                                                                  *                +   12.00    0.9781
    13.00  +                                                                                 *                 +   13.00    0.9744
    14.00  +                                                                                *                  +   14.00    0.9703
    15.00  +                                                                              *                    +   15.00    0.9659
    16.00  +                                                                             *                     +   16.00    0.9613
    17.00  +                                                                            *                      +   17.00    0.9563
    18.00  +                                                                           *                       +   18.00    0.9511
    19.00  +                                                                         *                         +   19.00    0.9455
    20.00  +                                                                        *                          +   20.00    0.9397
    21.00  +                                                                       *                           +   21.00    0.9336
    22.00  +                                                                     *                             +   22.00    0.9272
    23.00  +                                                                    *                              +   23.00    0.9205
    24.00  +                                                                   *                               +   24.00    0.9135
    25.00  +                                                                  *                                +   25.00    0.9063
    26.00  +                                                                 *                                 +   26.00    0.8988
    27.00  +                                                                *                                  +   27.00    0.8910
    28.00  +                                                               *                                   +   28.00    0.8829
    29.00  +                                                              *                                    +   29.00    0.8746
    30.00  +                                                             *                                     +   30.00    0.8660
    31.00  +                                                            *                                      +   31.00    0.8572
    32.00  +                                                            *                                      +   32.00    0.8480
    33.00  +                                                           *                                       +   33.00    0.8387
    34.00  +                                                           *                                       +   34.00    0.8290
    35.00  +                                                           *                                       +   35.00    0.8192
    36.00  +                                                          *                                        +   36.00    0.8090
    37.00  +                                                          *                                        +   37.00    0.7986
    38.00  +                                                          *                                        +   38.00    0.7880
    39.00  +                                                          *                                        +   39.00    0.7771
    40.00  +                                                         *                                         +   40.00    0.7660
    41.00  +                                                         *                                         +   41.00    0.7547
    42.00  +                                                         *                                         +   42.00    0.7431
    43.00  +                                                        *                                          +   43.00    0.7314
    44.00  +                                                        *                                          +   44.00    0.7193
    45.00  +                                                        *                                          +   45.00    0.7071
    46.00  +                                                       *                                           +   46.00    0.6947
    47.00  +                                                       *                                           +   47.00    0.6820
    48.00  +                                                       *                                           +   48.00    0.6691
    49.00  +                                                      *                                            +   49.00    0.6561
    50.00  +                                                     *                                             +   50.00    0.6428
    51.00  +                                                     *                                             +   51.00    0.6293
    52.00  +                                                    *                                              +   52.00    0.6157
    53.00  +                                                    *                                              +   53.00    0.6018
    54.00  +                                                   *                                               +   54.00    0.5878
    55.00  +                                                  *                                                +   55.00    0.5736
    56.00  +                                                 *                                                 +   56.00    0.5592
    57.00  +                                                *                                                  +   57.00    0.5446
    58.00  +                                               *                                                   +   58.00    0.5299
    59.00  +                                               *                                                   +   59.00    0.5150
    60.00  |++++++++++++++++++++++++++++++++|+++++++++++++*++++++++++++++++++|++++++++++++++++++++++++++++++++|+   60.00    0.5000
    THETA  -2                               -1                                0                                1   THETA cos(theta)
1DWUCK4-DISTORTED WAVES U.COLORADO- PC-VERSION  12/Jan /1995
 Elapsed time in seconds =   0.00
 Elapsed time in seconds =   0.00
0CONTROL INTEGERS
  1 2 3 4 5 6 7 8 9 A B C D E F G H I J K    RUN IDENTIFICATION                                             0/00/00   0.00.00
  1 0 1 1 0 0 0 0 3 0 0 0 0 0 0 0 0 0 0 0    10Be(d,p)11Be(3/2- 0.00) Ex=0.80 0p3/2 QG UNBOUND SCAN      
 10Be(d,p)11Be(3/2- 0.00) Ex=0.80 0p3/2 QG UNBOUND SCAN      
 Adwck4 entered
0ANGLE DATA          THETN=  61.0000   THET1=   0.0000   DTHET=   1.0000   A-ANG=   0.0000   B-ANG=   0.0000
0CARD SET 3 DATA     LMAX =  15          LTR=   1
                     NLTR =   1        2*JTR=   3
0CARD SET 4 DATA     DRF  =   0.1000   RZ   =   0.0000   RMAX = -15.0000   VCE  =   0.0000   FNRNG=   0.0000
 PARTICLE DATA 
0PARTICLE 1*******************************************************************************************************************
 INPUT DATA          ELAB =  17.4000   RC0  =   1.1500   AC   =   0.0000   2*STR=   0.0000
                     MASSP=   2.0000   MASST=  10.0000   Q    =   0.0000
                     ZP   =   1.0000   ZT   =   4.0000   PNLOC=   2.0000
 
 DERIVED DATA        ECM  =  14.5000   RC   =   2.4776   RHO  =   2.6641
                     K    =   1.0753   ETA  =   0.2136   DR   =   0.1000
0POTENTIAL PARAMETERS
 NX=1 VOLUME  W-S    V RL = -80.8850   R0RL =   1.1500   A RL =   0.8100   R RL =   2.4776   VSOR =   0.0000
                     V IM =   0.0000   R0IM =   0.0000   A IM =   0.0000   R IM =   0.0000   VSOI =   0.0000   POWR =   0.0000
 NX=2 SURFACE W-S    V RL =   0.0000   R0RL =   0.0000   A RL =   0.0000   R RL =   0.0000   VSOR =   0.0000
                     V IM =  50.5270   R0IM =   1.3400   A IM =   0.6800   R IM =   2.8869   VSOI =   0.0000   POWR =   0.0000
 NX=4 L*S VOLUME     V RL =   0.0000   R0RL =   0.0000   A RL =   0.0000   R RL =   0.0000   VSOR =   0.0000
                     V IM =   0.0000   R0IM =   0.0000   A IM =   0.0000   R IM =   0.0000   VSOI =   0.0000   POWR =   0.0000
0PARTICLE 2*******************************************************************************************************************
 INPUT DATA          ELAB =  13.0680   RC0  =   1.3000   AC   =   0.0000   2*STR=   0.0000
                     MASSP=   1.0000   MASST=  11.0000   Q    =  -2.5210
                     ZP   =   1.0000   ZT   =   4.0000   PNLOC=   1.0000
 
 DERIVED DATA        ECM  =  11.9790   RC   =   2.8912   RHO  =   2.0956
                     K    =   0.7248   ETA  =   0.1743   DR   =   0.0909
0POTENTIAL PARAMETERS
 NX=1 VOLUME  W-S    V RL = -57.0960   R0RL =   1.1700   A RL =   0.7500   R RL =   2.6021   VSOR =   0.0000
                     V IM =  -0.1660   R0IM =   1.3200   A IM =   0.7010   R IM =   2.9357   VSOI =   0.0000   POWR =   0.0000
 NX=2 SURFACE W-S    V RL =   0.0000   R0RL =   0.0000   A RL =   0.0000   R RL =   0.0000   VSOR =   0.0000
                     V IM =  32.8400   R0IM =   1.3200   A IM =   0.7010   R IM =   2.9357   VSOI =   0.0000   POWR =   0.0000
 NX=4 L*S VOLUME     V RL = -24.8000   R0RL =   1.1000   A RL =   0.7500   R RL =   2.4464   VSOR =   0.0000
                     V IM =   0.0000   R0IM =   1.1000   A IM =   0.7500   R IM =   2.4464   VSOI =   0.0000   POWR =   0.0000
110Be(d,p)11Be(3/2- 0.00) Ex=0.80 0p3/2 QG UNBOUND SCAN         0/ 0/ 0
0FORM FACTOR DATA 
0PARTICLE 3*******************************************************************************************************************
 INPUT DATA          ELAB =   0.2960   RC0  =   1.3000   AC   =   0.0000   2*STR=   0.0000
                     MASSP=   1.0000   MASST=  10.0000   Q    =   0.2960
                     ZP   =   0.0000   ZT   =   4.0000   PNLOC=   1.0000
 
 DERIVED DATA        ECM  =   0.2960   RC   =   2.8008   RHO  =   0.3178
                     K    =   0.1135   ETA  =   0.0000   DR   =   0.1000
0POTENTIAL PARAMETERS
 NX=1 VOLUME  W-S    V RL =  -1.0000   R0RL =   1.2500   A RL =   0.6500   R RL =   2.6930   VSOR =  24.0000
                     V IM =   1.1000   R0IM =   0.6500   A IM =   0.0000   R IM =   1.4004   VSOI =   0.0000   POWR =   0.0000
 
                     NODES=   0.0000   L    =   1.0000   2*J  =   3.0000   2*S  =   1.0000   FISW =   0.0000
 
0SINGLE PARTICLE WIDTH = 1.8819E -1  MEV     VOLUME TERM =  3.5708E+01     SURFACE TERM = -7.9829E+00
                     V    =  27.4437   DET  =   0.0000   NODES=   0.0000   RM   =   4.3500   E    =   0.2960   ITER.=   5
0Non-locality correction is applied, parameter =   2.000
0Non-locality correction is applied, parameter =   1.000
0                    LMAX =  15        NSTEP= 150        NLTR =   1
 Bdwck4 entered
   Subroutine INTEG  entered
0REACSIG 1   1.01878E+02                                             REACSIG 2   8.77329E+01
   Subroutine RADINT entered
110Be(d,p)11Be(3/2- 0.00) Ex=0.80 0p3/2 QG UNBOUND SCAN         0/00/00
0BASIC DATA          DR   =   0.1000   RMIN =   0.0000   RMAX =  15.0000   COUEX=   0.0000     IS1=   0.0000
                     FNRNG=   0.0000   PNLC1=   2.0000   PNLC2=   1.0000   PNLC3=   1.0000     IS2=   0.0000
 ANG MOM TRANSFER    LTR  =   1.       2*JTR=   2.       2*STR=   0.       Q    =  -2.5210
   Subroutine INSIG  entered
0 Theta Inelsig,fm**2      Polz       Asy       Ayy       A22       A21       A20       T22       T21       T20  Theta
   0.00    5.5954E+00    0.0000    0.0000    0.0000    0.0000    0.0000    0.0000    0.0000    0.0000    0.0000   0.00
   1.00    5.5748E+00    0.0000    0.0000    0.0000    0.0000    0.0000    0.0000    0.0000    0.0000    0.0000   1.00
   2.00    5.5136E+00    0.0000    0.0000    0.0000    0.0000    0.0000    0.0000    0.0000    0.0000    0.0000   2.00
   3.00    5.4136E+00    0.0000    0.0000    0.0000    0.0000    0.0000    0.0000    0.0000    0.0000    0.0000   3.00
   4.00    5.2774E+00    0.0000    0.0000    0.0000    0.0000    0.0000    0.0000    0.0000    0.0000    0.0000   4.00
   5.00    5.1088E+00    0.0000    0.0000    0.0000    0.0000    0.0000    0.0000    0.0000    0.0000    0.0000   5.00
   6.00    4.9120E+00    0.0000    0.0000    0.0000    0.0000    0.0000    0.0000    0.0000    0.0000    0.0000   6.00
   7.00    4.6922E+00    0.0000    0.0000    0.0000    0.0000    0.0000    0.0000    0.0000    0.0000    0.0000   7.00
   8.00    4.4544E+00    0.0000    0.0000    0.0000    0.0000    0.0000    0.0000    0.0000    0.0000    0.0000   8.00
   9.00    4.2040E+00    0.0000    0.0000    0.0000    0.0000    0.0000    0.0000    0.0000    0.0000    0.0000   9.00
  10.00    3.9462E+00    0.0000    0.0000    0.0000    0.0000    0.0000    0.0000    0.0000    0.0000    0.0000  10.00
  11.00    3.6858E+00    0.0000    0.0000    0.0000    0.0000    0.0000    0.0000    0.0000    0.0000    0.0000  11.00
  12.00    3.4272E+00    0.0000    0.0000    0.0000    0.0000    0.0000    0.0000    0.0000    0.0000    0.0000  12.00
  13.00    3.1743E+00    0.0000    0.0000    0.0000    0.0000    0.0000    0.0000    0.0000    0.0000    0.0000  13.00
  14.00    2.9303E+00    0.0000    0.0000    0.0000    0.0000    0.0000    0.0000    0.0000    0.0000    0.0000  14.00
  15.00    2.6978E+00    0.0000    0.0000    0.0000    0.0000    0.0000    0.0000    0.0000    0.0000    0.0000  15.00
  16.00    2.4786E+00    0.0000    0.0000    0.0000    0.0000    0.0000    0.0000    0.0000    0.0000    0.0000  16.00
  17.00    2.2740E+00    0.0000    0.0000    0.0000    0.0000    0.0000    0.0000    0.0000    0.0000    0.0000  17.00
  18.00    2.0848E+00    0.0000    0.0000    0.0000    0.0000    0.0000    0.0000    0.0000    0.0000    0.0000  18.00
  19.00    1.9113E+00    0.0000    0.0000    0.0000    0.0000    0.0000    0.0000    0.0000    0.0000    0.0000  19.00
  20.00    1.7532E+00    0.0000    0.0000    0.0000    0.0000    0.0000    0.0000    0.0000    0.0000    0.0000  20.00
  21.00    1.6102E+00    0.0000    0.0000    0.0000    0.0000    0.0000    0.0000    0.0000    0.0000    0.0000  21.00
  22.00    1.4816E+00    0.0000    0.0000    0.0000    0.0000    0.0000    0.0000    0.0000    0.0000    0.0000  22.00
  23.00    1.3666E+00    0.0000    0.0000    0.0000    0.0000    0.0000    0.0000    0.0000    0.0000    0.0000  23.00
  24.00    1.2644E+00    0.0000    0.0000    0.0000    0.0000    0.0000    0.0000    0.0000    0.0000    0.0000  24.00
  25.00    1.1739E+00    0.0000    0.0000    0.0000    0.0000    0.0000    0.0000    0.0000    0.0000    0.0000  25.00
  26.00    1.0944E+00    0.0000    0.0000    0.0000    0.0000    0.0000    0.0000    0.0000    0.0000    0.0000  26.00
  27.00    1.0249E+00    0.0000    0.0000    0.0000    0.0000    0.0000    0.0000    0.0000    0.0000    0.0000  27.00
  28.00    9.6456E-01    0.0000    0.0000    0.0000    0.0000    0.0000    0.0000    0.0000    0.0000    0.0000  28.00
  29.00    9.1254E-01    0.0000    0.0000    0.0000    0.0000    0.0000    0.0000    0.0000    0.0000    0.0000  29.00
  30.00    8.6806E-01    0.0000    0.0000    0.0000    0.0000    0.0000    0.0000    0.0000    0.0000    0.0000  30.00
  31.00    8.3038E-01    0.0000    0.0000    0.0000    0.0000    0.0000    0.0000    0.0000    0.0000    0.0000  31.00
  32.00    7.9878E-01    0.0000    0.0000    0.0000    0.0000    0.0000    0.0000    0.0000    0.0000    0.0000  32.00
  33.00    7.7256E-01    0.0000    0.0000    0.0000    0.0000    0.0000    0.0000    0.0000    0.0000    0.0000  33.00
  34.00    7.5101E-01    0.0000    0.0000    0.0000    0.0000    0.0000    0.0000    0.0000    0.0000    0.0000  34.00
  35.00    7.3344E-01    0.0000    0.0000    0.0000    0.0000    0.0000    0.0000    0.0000    0.0000    0.0000  35.00
  36.00    7.1917E-01    0.0000    0.0000    0.0000    0.0000    0.0000    0.0000    0.0000    0.0000    0.0000  36.00
  37.00    7.0751E-01    0.0000    0.0000    0.0000    0.0000    0.0000    0.0000    0.0000    0.0000    0.0000  37.00
  38.00    6.9780E-01    0.0000    0.0000    0.0000    0.0000    0.0000    0.0000    0.0000    0.0000    0.0000  38.00
  39.00    6.8936E-01    0.0000    0.0000    0.0000    0.0000    0.0000    0.0000    0.0000    0.0000    0.0000  39.00
  40.00    6.8159E-01    0.0000    0.0000    0.0000    0.0000    0.0000    0.0000    0.0000    0.0000    0.0000  40.00
  41.00    6.7389E-01    0.0000    0.0000    0.0000    0.0000    0.0000    0.0000    0.0000    0.0000    0.0000  41.00
  42.00    6.6574E-01    0.0000    0.0000    0.0000    0.0000    0.0000    0.0000    0.0000    0.0000    0.0000  42.00
  43.00    6.5668E-01    0.0000    0.0000    0.0000    0.0000    0.0000    0.0000    0.0000    0.0000    0.0000  43.00
  44.00    6.4633E-01    0.0000    0.0000    0.0000    0.0000    0.0000    0.0000    0.0000    0.0000    0.0000  44.00
  45.00    6.3440E-01    0.0000    0.0000    0.0000    0.0000    0.0000    0.0000    0.0000    0.0000    0.0000  45.00
  46.00    6.2071E-01    0.0000    0.0000    0.0000    0.0000    0.0000    0.0000    0.0000    0.0000    0.0000  46.00
  47.00    6.0514E-01    0.0000    0.0000    0.0000    0.0000    0.0000    0.0000    0.0000    0.0000    0.0000  47.00
  48.00    5.8770E-01    0.0000    0.0000    0.0000    0.0000    0.0000    0.0000    0.0000    0.0000    0.0000  48.00
  49.00    5.6848E-01    0.0000    0.0000    0.0000    0.0000    0.0000    0.0000    0.0000    0.0000    0.0000  49.00
  50.00    5.4761E-01    0.0000    0.0000    0.0000    0.0000    0.0000    0.0000    0.0000    0.0000    0.0000  50.00
  51.00    5.2533E-01    0.0000    0.0000    0.0000    0.0000    0.0000    0.0000    0.0000    0.0000    0.0000  51.00
  52.00    5.0188E-01    0.0000    0.0000    0.0000    0.0000    0.0000    0.0000    0.0000    0.0000    0.0000  52.00
  53.00    4.7758E-01    0.0000    0.0000    0.0000    0.0000    0.0000    0.0000    0.0000    0.0000    0.0000  53.00
  54.00    4.5272E-01    0.0000    0.0000    0.0000    0.0000    0.0000    0.0000    0.0000    0.0000    0.0000  54.00
  55.00    4.2760E-01    0.0000    0.0000    0.0000    0.0000    0.0000    0.0000    0.0000    0.0000    0.0000  55.00
  56.00    4.0252E-01    0.0000    0.0000    0.0000    0.0000    0.0000    0.0000    0.0000    0.0000    0.0000  56.00
  57.00    3.7774E-01    0.0000    0.0000    0.0000    0.0000    0.0000    0.0000    0.0000    0.0000    0.0000  57.00
  58.00    3.5349E-01    0.0000    0.0000    0.0000    0.0000    0.0000    0.0000    0.0000    0.0000    0.0000  58.00
  59.00    3.2996E-01    0.0000    0.0000    0.0000    0.0000    0.0000    0.0000    0.0000    0.0000    0.0000  59.00
  60.00    3.0731E-01    0.0000    0.0000    0.0000    0.0000    0.0000    0.0000    0.0000    0.0000    0.0000  60.00
0Tot-sig   3.6315E+00
1Inelastic  10Be(d,p)11Be(3/2- 0.00) Ex=0.80 0p3/2 QG UNBOUND SCAN         0/00/00
    THETA  -2                               -1                                0                                1   THETA cos(theta)
     0.00  |++++++++++++++++++++++++++++++++|++++++++++++++++++++++++++++++++|++++++++++++++++++++++++*+++++++|+    0.00    1.0000
     1.00  +                                                                                          *        +    1.00    0.9998
     2.00  +                                                                                         *         +    2.00    0.9994
     3.00  +                                                                                         *         +    3.00    0.9986
     4.00  +                                                                                         *         +    4.00    0.9976
     5.00  +                                                                                        *          +    5.00    0.9962
     6.00  +                                                                                        *          +    6.00    0.9945
     7.00  +                                                                                       *           +    7.00    0.9925
     8.00  +                                                                                      *            +    8.00    0.9903
     9.00  +                                                                                      *            +    9.00    0.9877
    10.00  +                                                                                     *             +   10.00    0.9848
    11.00  +                                                                                    *              +   11.00    0.9816
    12.00  +                                                                                   *               +   12.00    0.9781
    13.00  +                                                                                  *                +   13.00    0.9744
    14.00  +                                                                                *                  +   14.00    0.9703
    15.00  +                                                                               *                   +   15.00    0.9659
    16.00  +                                                                              *                    +   16.00    0.9613
    17.00  +                                                                             *                     +   17.00    0.9563
    18.00  +                                                                            *                      +   18.00    0.9511
    19.00  +                                                                          *                        +   19.00    0.9455
    20.00  +                                                                         *                         +   20.00    0.9397
    21.00  +                                                                        *                          +   21.00    0.9336
    22.00  +                                                                       *                           +   22.00    0.9272
    23.00  +                                                                     *                             +   23.00    0.9205
    24.00  +                                                                    *                              +   24.00    0.9135
    25.00  +                                                                   *                               +   25.00    0.9063
    26.00  +                                                                  *                                +   26.00    0.8988
    27.00  +                                                                 *                                 +   27.00    0.8910
    28.00  +                                                                *                                  +   28.00    0.8829
    29.00  +                                                                *                                  +   29.00    0.8746
    30.00  +                                                               *                                   +   30.00    0.8660
    31.00  +                                                              *                                    +   31.00    0.8572
    32.00  +                                                              *                                    +   32.00    0.8480
    33.00  +                                                             *                                     +   33.00    0.8387
    34.00  +                                                             *                                     +   34.00    0.8290
    35.00  +                                                             *                                     +   35.00    0.8192
    36.00  +                                                            *                                      +   36.00    0.8090
    37.00  +                                                            *                                      +   37.00    0.7986
    38.00  +                                                            *                                      +   38.00    0.7880
    39.00  +                                                            *                                      +   39.00    0.7771
    40.00  +                                                            *                                      +   40.00    0.7660
    41.00  +                                                           *                                       +   41.00    0.7547
    42.00  +                                                           *                                       +   42.00    0.7431
    43.00  +                                                           *                                       +   43.00    0.7314
    44.00  +                                                           *                                       +   44.00    0.7193
    45.00  +                                                          *                                        +   45.00    0.7071
    46.00  +                                                          *                                        +   46.00    0.6947
    47.00  +                                                          *                                        +   47.00    0.6820
    48.00  +                                                         *                                         +   48.00    0.6691
    49.00  +                                                         *                                         +   49.00    0.6561
    50.00  +                                                        *                                          +   50.00    0.6428
    51.00  +                                                        *                                          +   51.00    0.6293
    52.00  +                                                       *                                           +   52.00    0.6157
    53.00  +                                                      *                                            +   53.00    0.6018
    54.00  +                                                      *                                            +   54.00    0.5878
    55.00  +                                                     *                                             +   55.00    0.5736
    56.00  +                                                    *                                              +   56.00    0.5592
    57.00  +                                                   *                                               +   57.00    0.5446
    58.00  +                                                  *                                                +   58.00    0.5299
    59.00  +                                                 *                                                 +   59.00    0.5150
    60.00  |++++++++++++++++++++++++++++++++|+++++++++++++++*++++++++++++++++|++++++++++++++++++++++++++++++++|+   60.00    0.5000
    THETA  -2                               -1                                0                                1   THETA cos(theta)
1DWUCK4-DISTORTED WAVES U.COLORADO- PC-VERSION  12/Jan /1995
 Elapsed time in seconds =   0.00
 Elapsed time in seconds =   0.00
0CONTROL INTEGERS
  1 2 3 4 5 6 7 8 9 A B C D E F G H I J K    RUN IDENTIFICATION                                             0/00/00   0.00.00
  1 0 1 1 0 0 0 0 3 0 0 0 0 0 0 0 0 0 0 0    10Be(d,p)11Be(3/2- 0.00) Ex=1.00 0p3/2 QG UNBOUND SCAN      
 10Be(d,p)11Be(3/2- 0.00) Ex=1.00 0p3/2 QG UNBOUND SCAN      
 Adwck4 entered
0ANGLE DATA          THETN=  61.0000   THET1=   0.0000   DTHET=   1.0000   A-ANG=   0.0000   B-ANG=   0.0000
0CARD SET 3 DATA     LMAX =  15          LTR=   1
                     NLTR =   1        2*JTR=   3
0CARD SET 4 DATA     DRF  =   0.1000   RZ   =   0.0000   RMAX = -15.0000   VCE  =   0.0000   FNRNG=   0.0000
 PARTICLE DATA 
0PARTICLE 1*******************************************************************************************************************
 INPUT DATA          ELAB =  17.4000   RC0  =   1.1500   AC   =   0.0000   2*STR=   0.0000
                     MASSP=   2.0000   MASST=  10.0000   Q    =   0.0000
                     ZP   =   1.0000   ZT   =   4.0000   PNLOC=   2.0000
 
 DERIVED DATA        ECM  =  14.5000   RC   =   2.4776   RHO  =   2.6641
                     K    =   1.0753   ETA  =   0.2136   DR   =   0.1000
0POTENTIAL PARAMETERS
 NX=1 VOLUME  W-S    V RL = -80.8850   R0RL =   1.1500   A RL =   0.8100   R RL =   2.4776   VSOR =   0.0000
                     V IM =   0.0000   R0IM =   0.0000   A IM =   0.0000   R IM =   0.0000   VSOI =   0.0000   POWR =   0.0000
 NX=2 SURFACE W-S    V RL =   0.0000   R0RL =   0.0000   A RL =   0.0000   R RL =   0.0000   VSOR =   0.0000
                     V IM =  50.5270   R0IM =   1.3400   A IM =   0.6800   R IM =   2.8869   VSOI =   0.0000   POWR =   0.0000
 NX=4 L*S VOLUME     V RL =   0.0000   R0RL =   0.0000   A RL =   0.0000   R RL =   0.0000   VSOR =   0.0000
                     V IM =   0.0000   R0IM =   0.0000   A IM =   0.0000   R IM =   0.0000   VSOI =   0.0000   POWR =   0.0000
0PARTICLE 2*******************************************************************************************************************
 INPUT DATA          ELAB =  12.8498   RC0  =   1.3000   AC   =   0.0000   2*STR=   0.0000
                     MASSP=   1.0000   MASST=  11.0000   Q    =  -2.7210
                     ZP   =   1.0000   ZT   =   4.0000   PNLOC=   1.0000
 
 DERIVED DATA        ECM  =  11.7790   RC   =   2.8912   RHO  =   2.0780
                     K    =   0.7188   ETA  =   0.1757   DR   =   0.0909
0POTENTIAL PARAMETERS
 NX=1 VOLUME  W-S    V RL = -57.0960   R0RL =   1.1700   A RL =   0.7500   R RL =   2.6021   VSOR =   0.0000
                     V IM =  -0.1660   R0IM =   1.3200   A IM =   0.7010   R IM =   2.9357   VSOI =   0.0000   POWR =   0.0000
 NX=2 SURFACE W-S    V RL =   0.0000   R0RL =   0.0000   A RL =   0.0000   R RL =   0.0000   VSOR =   0.0000
                     V IM =  32.8400   R0IM =   1.3200   A IM =   0.7010   R IM =   2.9357   VSOI =   0.0000   POWR =   0.0000
 NX=4 L*S VOLUME     V RL = -24.8000   R0RL =   1.1000   A RL =   0.7500   R RL =   2.4464   VSOR =   0.0000
                     V IM =   0.0000   R0IM =   1.1000   A IM =   0.7500   R IM =   2.4464   VSOI =   0.0000   POWR =   0.0000
110Be(d,p)11Be(3/2- 0.00) Ex=1.00 0p3/2 QG UNBOUND SCAN         0/ 0/ 0
0FORM FACTOR DATA 
0PARTICLE 3*******************************************************************************************************************
 INPUT DATA          ELAB =   0.4960   RC0  =   1.3000   AC   =   0.0000   2*STR=   0.0000
                     MASSP=   1.0000   MASST=  10.0000   Q    =   0.4960
                     ZP   =   0.0000   ZT   =   4.0000   PNLOC=   1.0000
 
 DERIVED DATA        ECM  =   0.4960   RC   =   2.8008   RHO  =   0.4114
                     K    =   0.1469   ETA  =   0.0000   DR   =   0.1000
0POTENTIAL PARAMETERS
 NX=1 VOLUME  W-S    V RL =  -1.0000   R0RL =   1.2500   A RL =   0.6500   R RL =   2.6930   VSOR =  24.0000
                     V IM =   1.1000   R0IM =   0.6500   A IM =   0.0000   R IM =   1.4004   VSOI =   0.0000   POWR =   0.0000
 
                     NODES=   0.0000   L    =   1.0000   2*J  =   3.0000   2*S  =   1.0000   FISW =   0.0000
 
0SINGLE PARTICLE WIDTH = 4.3720E -1  MEV     VOLUME TERM =  2.3491E+01     SURFACE TERM = -8.0434E+00
                     V    =  26.6490   DET  =   0.0000   NODES=   0.0000   RM   =   4.4500   E    =   0.4960   ITER.=   5
0Non-locality correction is applied, parameter =   2.000
0Non-locality correction is applied, parameter =   1.000
0                    LMAX =  15        NSTEP= 150        NLTR =   1
 Bdwck4 entered
   Subroutine INTEG  entered
0REACSIG 1   1.01878E+02                                             REACSIG 2   8.80060E+01
   Subroutine RADINT entered
110Be(d,p)11Be(3/2- 0.00) Ex=1.00 0p3/2 QG UNBOUND SCAN         0/00/00
0BASIC DATA          DR   =   0.1000   RMIN =   0.0000   RMAX =  15.0000   COUEX=   0.0000     IS1=   0.0000
                     FNRNG=   0.0000   PNLC1=   2.0000   PNLC2=   1.0000   PNLC3=   1.0000     IS2=   0.0000
 ANG MOM TRANSFER    LTR  =   1.       2*JTR=   2.       2*STR=   0.       Q    =  -2.7210
   Subroutine INSIG  entered
0 Theta Inelsig,fm**2      Polz       Asy       Ayy       A22       A21       A20       T22       T21       T20  Theta
   0.00    6.3340E+00    0.0000    0.0000    0.0000    0.0000    0.0000    0.0000    0.0000    0.0000    0.0000   0.00
   1.00    6.3068E+00    0.0000    0.0000    0.0000    0.0000    0.0000    0.0000    0.0000    0.0000    0.0000   1.00
   2.00    6.2262E+00    0.0000    0.0000    0.0000    0.0000    0.0000    0.0000    0.0000    0.0000    0.0000   2.00
   3.00    6.0948E+00    0.0000    0.0000    0.0000    0.0000    0.0000    0.0000    0.0000    0.0000    0.0000   3.00
   4.00    5.9170E+00    0.0000    0.0000    0.0000    0.0000    0.0000    0.0000    0.0000    0.0000    0.0000   4.00
   5.00    5.6986E+00    0.0000    0.0000    0.0000    0.0000    0.0000    0.0000    0.0000    0.0000    0.0000   5.00
   6.00    5.4462E+00    0.0000    0.0000    0.0000    0.0000    0.0000    0.0000    0.0000    0.0000    0.0000   6.00
   7.00    5.1675E+00    0.0000    0.0000    0.0000    0.0000    0.0000    0.0000    0.0000    0.0000    0.0000   7.00
   8.00    4.8700E+00    0.0000    0.0000    0.0000    0.0000    0.0000    0.0000    0.0000    0.0000    0.0000   8.00
   9.00    4.5616E+00    0.0000    0.0000    0.0000    0.0000    0.0000    0.0000    0.0000    0.0000    0.0000   9.00
  10.00    4.2493E+00    0.0000    0.0000    0.0000    0.0000    0.0000    0.0000    0.0000    0.0000    0.0000  10.00
  11.00    3.9398E+00    0.0000    0.0000    0.0000    0.0000    0.0000    0.0000    0.0000    0.0000    0.0000  11.00
  12.00    3.6387E+00    0.0000    0.0000    0.0000    0.0000    0.0000    0.0000    0.0000    0.0000    0.0000  12.00
  13.00    3.3504E+00    0.0000    0.0000    0.0000    0.0000    0.0000    0.0000    0.0000    0.0000    0.0000  13.00
  14.00    3.0783E+00    0.0000    0.0000    0.0000    0.0000    0.0000    0.0000    0.0000    0.0000    0.0000  14.00
  15.00    2.8249E+00    0.0000    0.0000    0.0000    0.0000    0.0000    0.0000    0.0000    0.0000    0.0000  15.00
  16.00    2.5913E+00    0.0000    0.0000    0.0000    0.0000    0.0000    0.0000    0.0000    0.0000    0.0000  16.00
  17.00    2.3781E+00    0.0000    0.0000    0.0000    0.0000    0.0000    0.0000    0.0000    0.0000    0.0000  17.00
  18.00    2.1849E+00    0.0000    0.0000    0.0000    0.0000    0.0000    0.0000    0.0000    0.0000    0.0000  18.00
  19.00    2.0109E+00    0.0000    0.0000    0.0000    0.0000    0.0000    0.0000    0.0000    0.0000    0.0000  19.00
  20.00    1.8549E+00    0.0000    0.0000    0.0000    0.0000    0.0000    0.0000    0.0000    0.0000    0.0000  20.00
  21.00    1.7153E+00    0.0000    0.0000    0.0000    0.0000    0.0000    0.0000    0.0000    0.0000    0.0000  21.00
  22.00    1.5908E+00    0.0000    0.0000    0.0000    0.0000    0.0000    0.0000    0.0000    0.0000    0.0000  22.00
  23.00    1.4797E+00    0.0000    0.0000    0.0000    0.0000    0.0000    0.0000    0.0000    0.0000    0.0000  23.00
  24.00    1.3806E+00    0.0000    0.0000    0.0000    0.0000    0.0000    0.0000    0.0000    0.0000    0.0000  24.00
  25.00    1.2923E+00    0.0000    0.0000    0.0000    0.0000    0.0000    0.0000    0.0000    0.0000    0.0000  25.00
  26.00    1.2136E+00    0.0000    0.0000    0.0000    0.0000    0.0000    0.0000    0.0000    0.0000    0.0000  26.00
  27.00    1.1438E+00    0.0000    0.0000    0.0000    0.0000    0.0000    0.0000    0.0000    0.0000    0.0000  27.00
  28.00    1.0819E+00    0.0000    0.0000    0.0000    0.0000    0.0000    0.0000    0.0000    0.0000    0.0000  28.00
  29.00    1.0273E+00    0.0000    0.0000    0.0000    0.0000    0.0000    0.0000    0.0000    0.0000    0.0000  29.00
  30.00    9.7959E-01    0.0000    0.0000    0.0000    0.0000    0.0000    0.0000    0.0000    0.0000    0.0000  30.00
  31.00    9.3823E-01    0.0000    0.0000    0.0000    0.0000    0.0000    0.0000    0.0000    0.0000    0.0000  31.00
  32.00    9.0282E-01    0.0000    0.0000    0.0000    0.0000    0.0000    0.0000    0.0000    0.0000    0.0000  32.00
  33.00    8.7293E-01    0.0000    0.0000    0.0000    0.0000    0.0000    0.0000    0.0000    0.0000    0.0000  33.00
  34.00    8.4810E-01    0.0000    0.0000    0.0000    0.0000    0.0000    0.0000    0.0000    0.0000    0.0000  34.00
  35.00    8.2787E-01    0.0000    0.0000    0.0000    0.0000    0.0000    0.0000    0.0000    0.0000    0.0000  35.00
  36.00    8.1169E-01    0.0000    0.0000    0.0000    0.0000    0.0000    0.0000    0.0000    0.0000    0.0000  36.00
  37.00    7.9896E-01    0.0000    0.0000    0.0000    0.0000    0.0000    0.0000    0.0000    0.0000    0.0000  37.00
  38.00    7.8903E-01    0.0000    0.0000    0.0000    0.0000    0.0000    0.0000    0.0000    0.0000    0.0000  38.00
  39.00    7.8121E-01    0.0000    0.0000    0.0000    0.0000    0.0000    0.0000    0.0000    0.0000    0.0000  39.00
  40.00    7.7475E-01    0.0000    0.0000    0.0000    0.0000    0.0000    0.0000    0.0000    0.0000    0.0000  40.00
  41.00    7.6894E-01    0.0000    0.0000    0.0000    0.0000    0.0000    0.0000    0.0000    0.0000    0.0000  41.00
  42.00    7.6305E-01    0.0000    0.0000    0.0000    0.0000    0.0000    0.0000    0.0000    0.0000    0.0000  42.00
  43.00    7.5642E-01    0.0000    0.0000    0.0000    0.0000    0.0000    0.0000    0.0000    0.0000    0.0000  43.00
  44.00    7.4844E-01    0.0000    0.0000    0.0000    0.0000    0.0000    0.0000    0.0000    0.0000    0.0000  44.00
  45.00    7.3862E-01    0.0000    0.0000    0.0000    0.0000    0.0000    0.0000    0.0000    0.0000    0.0000  45.00
  46.00    7.2657E-01    0.0000    0.0000    0.0000    0.0000    0.0000    0.0000    0.0000    0.0000    0.0000  46.00
  47.00    7.1202E-01    0.0000    0.0000    0.0000    0.0000    0.0000    0.0000    0.0000    0.0000    0.0000  47.00
  48.00    6.9484E-01    0.0000    0.0000    0.0000    0.0000    0.0000    0.0000    0.0000    0.0000    0.0000  48.00
  49.00    6.7505E-01    0.0000    0.0000    0.0000    0.0000    0.0000    0.0000    0.0000    0.0000    0.0000  49.00
  50.00    6.5276E-01    0.0000    0.0000    0.0000    0.0000    0.0000    0.0000    0.0000    0.0000    0.0000  50.00
  51.00    6.2821E-01    0.0000    0.0000    0.0000    0.0000    0.0000    0.0000    0.0000    0.0000    0.0000  51.00
  52.00    6.0172E-01    0.0000    0.0000    0.0000    0.0000    0.0000    0.0000    0.0000    0.0000    0.0000  52.00
  53.00    5.7366E-01    0.0000    0.0000    0.0000    0.0000    0.0000    0.0000    0.0000    0.0000    0.0000  53.00
  54.00    5.4446E-01    0.0000    0.0000    0.0000    0.0000    0.0000    0.0000    0.0000    0.0000    0.0000  54.00
  55.00    5.1455E-01    0.0000    0.0000    0.0000    0.0000    0.0000    0.0000    0.0000    0.0000    0.0000  55.00
  56.00    4.8434E-01    0.0000    0.0000    0.0000    0.0000    0.0000    0.0000    0.0000    0.0000    0.0000  56.00
  57.00    4.5426E-01    0.0000    0.0000    0.0000    0.0000    0.0000    0.0000    0.0000    0.0000    0.0000  57.00
  58.00    4.2464E-01    0.0000    0.0000    0.0000    0.0000    0.0000    0.0000    0.0000    0.0000    0.0000  58.00
  59.00    3.9579E-01    0.0000    0.0000    0.0000    0.0000    0.0000    0.0000    0.0000    0.0000    0.0000  59.00
  60.00    3.6797E-01    0.0000    0.0000    0.0000    0.0000    0.0000    0.0000    0.0000    0.0000    0.0000  60.00
0Tot-sig   4.1143E+00
1Inelastic  10Be(d,p)11Be(3/2- 0.00) Ex=1.00 0p3/2 QG UNBOUND SCAN         0/00/00
    THETA  -2                               -1                                0                                1   THETA cos(theta)
     0.00  |++++++++++++++++++++++++++++++++|++++++++++++++++++++++++++++++++|+++++++++++++++++++++++++*++++++|+    0.00    1.0000
     1.00  +                                                                                           *       +    1.00    0.9998
     2.00  +                                                                                           *       +    2.00    0.9994
     3.00  +                                                                                           *       +    3.00    0.9986
     4.00  +                                                                                          *        +    4.00    0.9976
     5.00  +                                                                                          *        +    5.00    0.9962
     6.00  +                                                                                         *         +    6.00    0.9945
     7.00  +                                                                                         *         +    7.00    0.9925
     8.00  +                                                                                        *          +    8.00    0.9903
     9.00  +                                                                                       *           +    9.00    0.9877
    10.00  +                                                                                      *            +   10.00    0.9848
    11.00  +                                                                                     *             +   11.00    0.9816
    12.00  +                                                                                    *              +   12.00    0.9781
    13.00  +                                                                                  *                +   13.00    0.9744
    14.00  +                                                                                 *                 +   14.00    0.9703
    15.00  +                                                                                *                  +   15.00    0.9659
    16.00  +                                                                               *                   +   16.00    0.9613
    17.00  +                                                                             *                     +   17.00    0.9563
    18.00  +                                                                            *                      +   18.00    0.9511
    19.00  +                                                                           *                       +   19.00    0.9455
    20.00  +                                                                          *                        +   20.00    0.9397
    21.00  +                                                                         *                         +   21.00    0.9336
    22.00  +                                                                        *                          +   22.00    0.9272
    23.00  +                                                                       *                           +   23.00    0.9205
    24.00  +                                                                      *                            +   24.00    0.9135
    25.00  +                                                                     *                             +   25.00    0.9063
    26.00  +                                                                    *                              +   26.00    0.8988
    27.00  +                                                                   *                               +   27.00    0.8910
    28.00  +                                                                  *                                +   28.00    0.8829
    29.00  +                                                                 *                                 +   29.00    0.8746
    30.00  +                                                                 *                                 +   30.00    0.8660
    31.00  +                                                                *                                  +   31.00    0.8572
    32.00  +                                                                *                                  +   32.00    0.8480
    33.00  +                                                               *                                   +   33.00    0.8387
    34.00  +                                                               *                                   +   34.00    0.8290
    35.00  +                                                              *                                    +   35.00    0.8192
    36.00  +                                                              *                                    +   36.00    0.8090
    37.00  +                                                              *                                    +   37.00    0.7986
    38.00  +                                                              *                                    +   38.00    0.7880
    39.00  +                                                             *                                     +   39.00    0.7771
    40.00  +                                                             *                                     +   40.00    0.7660
    41.00  +                                                             *                                     +   41.00    0.7547
    42.00  +                                                             *                                     +   42.00    0.7431
    43.00  +                                                             *                                     +   43.00    0.7314
    44.00  +                                                             *                                     +   44.00    0.7193
    45.00  +                                                             *                                     +   45.00    0.7071
    46.00  +                                                            *                                      +   46.00    0.6947
    47.00  +                                                            *                                      +   47.00    0.6820
    48.00  +                                                            *                                      +   48.00    0.6691
    49.00  +                                                           *                                       +   49.00    0.6561
    50.00  +                                                           *                                       +   50.00    0.6428
    51.00  +                                                          *                                        +   51.00    0.6293
    52.00  +                                                          *                                        +   52.00    0.6157
    53.00  +                                                         *                                         +   53.00    0.6018
    54.00  +                                                        *                                          +   54.00    0.5878
    55.00  +                                                       *                                           +   55.00    0.5736
    56.00  +                                                       *                                           +   56.00    0.5592
    57.00  +                                                      *                                            +   57.00    0.5446
    58.00  +                                                     *                                             +   58.00    0.5299
    59.00  +                                                    *                                              +   59.00    0.5150
    60.00  |++++++++++++++++++++++++++++++++|++++++++++++++++++*+++++++++++++|++++++++++++++++++++++++++++++++|+   60.00    0.5000
    THETA  -2                               -1                                0                                1   THETA cos(theta)
1DWUCK4-DISTORTED WAVES U.COLORADO- PC-VERSION  12/Jan /1995
 Elapsed time in seconds =   0.00
 Elapsed time in seconds =   0.00
0CONTROL INTEGERS
  1 2 3 4 5 6 7 8 9 A B C D E F G H I J K    RUN IDENTIFICATION                                             0/00/00   0.00.00
  1 0 1 1 0 0 0 0 3 0 0 0 0 0 0 0 0 0 0 0    10Be(d,p)11Be(3/2- 0.00) Ex=1.20 0p3/2 QG UNBOUND SCAN      
 10Be(d,p)11Be(3/2- 0.00) Ex=1.20 0p3/2 QG UNBOUND SCAN      
 Adwck4 entered
0ANGLE DATA          THETN=  61.0000   THET1=   0.0000   DTHET=   1.0000   A-ANG=   0.0000   B-ANG=   0.0000
0CARD SET 3 DATA     LMAX =  15          LTR=   1
                     NLTR =   1        2*JTR=   3
0CARD SET 4 DATA     DRF  =   0.1000   RZ   =   0.0000   RMAX = -15.0000   VCE  =   0.0000   FNRNG=   0.0000
 PARTICLE DATA 
0PARTICLE 1*******************************************************************************************************************
 INPUT DATA          ELAB =  17.4000   RC0  =   1.1500   AC   =   0.0000   2*STR=   0.0000
                     MASSP=   2.0000   MASST=  10.0000   Q    =   0.0000
                     ZP   =   1.0000   ZT   =   4.0000   PNLOC=   2.0000
 
 DERIVED DATA        ECM  =  14.5000   RC   =   2.4776   RHO  =   2.6641
                     K    =   1.0753   ETA  =   0.2136   DR   =   0.1000
0POTENTIAL PARAMETERS
 NX=1 VOLUME  W-S    V RL = -80.8850   R0RL =   1.1500   A RL =   0.8100   R RL =   2.4776   VSOR =   0.0000
                     V IM =   0.0000   R0IM =   0.0000   A IM =   0.0000   R IM =   0.0000   VSOI =   0.0000   POWR =   0.0000
 NX=2 SURFACE W-S    V RL =   0.0000   R0RL =   0.0000   A RL =   0.0000   R RL =   0.0000   VSOR =   0.0000
                     V IM =  50.5270   R0IM =   1.3400   A IM =   0.6800   R IM =   2.8869   VSOI =   0.0000   POWR =   0.0000
 NX=4 L*S VOLUME     V RL =   0.0000   R0RL =   0.0000   A RL =   0.0000   R RL =   0.0000   VSOR =   0.0000
                     V IM =   0.0000   R0IM =   0.0000   A IM =   0.0000   R IM =   0.0000   VSOI =   0.0000   POWR =   0.0000
0PARTICLE 2*******************************************************************************************************************
 INPUT DATA          ELAB =  12.6316   RC0  =   1.3000   AC   =   0.0000   2*STR=   0.0000
                     MASSP=   1.0000   MASST=  11.0000   Q    =  -2.9210
                     ZP   =   1.0000   ZT   =   4.0000   PNLOC=   1.0000
 
 DERIVED DATA        ECM  =  11.5790   RC   =   2.8912   RHO  =   2.0603
                     K    =   0.7126   ETA  =   0.1772   DR   =   0.0909
0POTENTIAL PARAMETERS
 NX=1 VOLUME  W-S    V RL = -57.0960   R0RL =   1.1700   A RL =   0.7500   R RL =   2.6021   VSOR =   0.0000
                     V IM =  -0.1660   R0IM =   1.3200   A IM =   0.7010   R IM =   2.9357   VSOI =   0.0000   POWR =   0.0000
 NX=2 SURFACE W-S    V RL =   0.0000   R0RL =   0.0000   A RL =   0.0000   R RL =   0.0000   VSOR =   0.0000
                     V IM =  32.8400   R0IM =   1.3200   A IM =   0.7010   R IM =   2.9357   VSOI =   0.0000   POWR =   0.0000
 NX=4 L*S VOLUME     V RL = -24.8000   R0RL =   1.1000   A RL =   0.7500   R RL =   2.4464   VSOR =   0.0000
                     V IM =   0.0000   R0IM =   1.1000   A IM =   0.7500   R IM =   2.4464   VSOI =   0.0000   POWR =   0.0000
110Be(d,p)11Be(3/2- 0.00) Ex=1.20 0p3/2 QG UNBOUND SCAN         0/ 0/ 0
0FORM FACTOR DATA 
0PARTICLE 3*******************************************************************************************************************
 INPUT DATA          ELAB =   0.6960   RC0  =   1.3000   AC   =   0.0000   2*STR=   0.0000
                     MASSP=   1.0000   MASST=  10.0000   Q    =   0.6960
                     ZP   =   0.0000   ZT   =   4.0000   PNLOC=   1.0000
 
 DERIVED DATA        ECM  =   0.6960   RC   =   2.8008   RHO  =   0.4873
                     K    =   0.1740   ETA  =   0.0000   DR   =   0.1000
0POTENTIAL PARAMETERS
 NX=1 VOLUME  W-S    V RL =  -1.0000   R0RL =   1.2500   A RL =   0.6500   R RL =   2.6930   VSOR =  24.0000
                     V IM =   1.1000   R0IM =   0.6500   A IM =   0.0000   R IM =   1.4004   VSOI =   0.0000   POWR =   0.0000
 
                     NODES=   0.0000   L    =   1.0000   2*J  =   3.0000   2*S  =   1.0000   FISW =   0.0000
 
0SINGLE PARTICLE WIDTH = 7.8052E -1  MEV     VOLUME TERM =  1.7370E+01     SURFACE TERM = -7.1198E+00
                     V    =  25.9523   DET  =   0.0000   NODES=   0.0000   RM   =   4.5500   E    =   0.6960   ITER.=   6
0Non-locality correction is applied, parameter =   2.000
0Non-locality correction is applied, parameter =   1.000
0                    LMAX =  15        NSTEP= 150        NLTR =   1
 Bdwck4 entered
   Subroutine INTEG  entered
0REACSIG 1   1.01878E+02                                             REACSIG 2   8.82774E+01
   Subroutine RADINT entered
110Be(d,p)11Be(3/2- 0.00) Ex=1.20 0p3/2 QG UNBOUND SCAN         0/00/00
0BASIC DATA          DR   =   0.1000   RMIN =   0.0000   RMAX =  15.0000   COUEX=   0.0000     IS1=   0.0000
                     FNRNG=   0.0000   PNLC1=   2.0000   PNLC2=   1.0000   PNLC3=   1.0000     IS2=   0.0000
 ANG MOM TRANSFER    LTR  =   1.       2*JTR=   2.       2*STR=   0.       Q    =  -2.9210
   Subroutine INSIG  entered
0 Theta Inelsig,fm**2      Polz       Asy       Ayy       A22       A21       A20       T22       T21       T20  Theta
   0.00    7.8374E+00    0.0000    0.0000    0.0000    0.0000    0.0000    0.0000    0.0000    0.0000    0.0000   0.00
   1.00    7.7962E+00    0.0000    0.0000    0.0000    0.0000    0.0000    0.0000    0.0000    0.0000    0.0000   1.00
   2.00    7.6742E+00    0.0000    0.0000    0.0000    0.0000    0.0000    0.0000    0.0000    0.0000    0.0000   2.00
   3.00    7.4762E+00    0.0000    0.0000    0.0000    0.0000    0.0000    0.0000    0.0000    0.0000    0.0000   3.00
   4.00    7.2097E+00    0.0000    0.0000    0.0000    0.0000    0.0000    0.0000    0.0000    0.0000    0.0000   4.00
   5.00    6.8846E+00    0.0000    0.0000    0.0000    0.0000    0.0000    0.0000    0.0000    0.0000    0.0000   5.00
   6.00    6.5126E+00    0.0000    0.0000    0.0000    0.0000    0.0000    0.0000    0.0000    0.0000    0.0000   6.00
   7.00    6.1064E+00    0.0000    0.0000    0.0000    0.0000    0.0000    0.0000    0.0000    0.0000    0.0000   7.00
   8.00    5.6789E+00    0.0000    0.0000    0.0000    0.0000    0.0000    0.0000    0.0000    0.0000    0.0000   8.00
   9.00    5.2426E+00    0.0000    0.0000    0.0000    0.0000    0.0000    0.0000    0.0000    0.0000    0.0000   9.00
  10.00    4.8093E+00    0.0000    0.0000    0.0000    0.0000    0.0000    0.0000    0.0000    0.0000    0.0000  10.00
  11.00    4.3890E+00    0.0000    0.0000    0.0000    0.0000    0.0000    0.0000    0.0000    0.0000    0.0000  11.00
  12.00    3.9899E+00    0.0000    0.0000    0.0000    0.0000    0.0000    0.0000    0.0000    0.0000    0.0000  12.00
  13.00    3.6182E+00    0.0000    0.0000    0.0000    0.0000    0.0000    0.0000    0.0000    0.0000    0.0000  13.00
  14.00    3.2782E+00    0.0000    0.0000    0.0000    0.0000    0.0000    0.0000    0.0000    0.0000    0.0000  14.00
  15.00    2.9720E+00    0.0000    0.0000    0.0000    0.0000    0.0000    0.0000    0.0000    0.0000    0.0000  15.00
  16.00    2.7000E+00    0.0000    0.0000    0.0000    0.0000    0.0000    0.0000    0.0000    0.0000    0.0000  16.00
  17.00    2.4612E+00    0.0000    0.0000    0.0000    0.0000    0.0000    0.0000    0.0000    0.0000    0.0000  17.00
  18.00    2.2534E+00    0.0000    0.0000    0.0000    0.0000    0.0000    0.0000    0.0000    0.0000    0.0000  18.00
  19.00    2.0738E+00    0.0000    0.0000    0.0000    0.0000    0.0000    0.0000    0.0000    0.0000    0.0000  19.00
  20.00    1.9190E+00    0.0000    0.0000    0.0000    0.0000    0.0000    0.0000    0.0000    0.0000    0.0000  20.00
  21.00    1.7855E+00    0.0000    0.0000    0.0000    0.0000    0.0000    0.0000    0.0000    0.0000    0.0000  21.00
  22.00    1.6700E+00    0.0000    0.0000    0.0000    0.0000    0.0000    0.0000    0.0000    0.0000    0.0000  22.00
  23.00    1.5692E+00    0.0000    0.0000    0.0000    0.0000    0.0000    0.0000    0.0000    0.0000    0.0000  23.00
  24.00    1.4807E+00    0.0000    0.0000    0.0000    0.0000    0.0000    0.0000    0.0000    0.0000    0.0000  24.00
  25.00    1.4020E+00    0.0000    0.0000    0.0000    0.0000    0.0000    0.0000    0.0000    0.0000    0.0000  25.00
  26.00    1.3315E+00    0.0000    0.0000    0.0000    0.0000    0.0000    0.0000    0.0000    0.0000    0.0000  26.00
  27.00    1.2677E+00    0.0000    0.0000    0.0000    0.0000    0.0000    0.0000    0.0000    0.0000    0.0000  27.00
  28.00    1.2099E+00    0.0000    0.0000    0.0000    0.0000    0.0000    0.0000    0.0000    0.0000    0.0000  28.00
  29.00    1.1572E+00    0.0000    0.0000    0.0000    0.0000    0.0000    0.0000    0.0000    0.0000    0.0000  29.00
  30.00    1.1094E+00    0.0000    0.0000    0.0000    0.0000    0.0000    0.0000    0.0000    0.0000    0.0000  30.00
  31.00    1.0662E+00    0.0000    0.0000    0.0000    0.0000    0.0000    0.0000    0.0000    0.0000    0.0000  31.00
  32.00    1.0276E+00    0.0000    0.0000    0.0000    0.0000    0.0000    0.0000    0.0000    0.0000    0.0000  32.00
  33.00    9.9334E-01    0.0000    0.0000    0.0000    0.0000    0.0000    0.0000    0.0000    0.0000    0.0000  33.00
  34.00    9.6346E-01    0.0000    0.0000    0.0000    0.0000    0.0000    0.0000    0.0000    0.0000    0.0000  34.00
  35.00    9.3781E-01    0.0000    0.0000    0.0000    0.0000    0.0000    0.0000    0.0000    0.0000    0.0000  35.00
  36.00    9.1618E-01    0.0000    0.0000    0.0000    0.0000    0.0000    0.0000    0.0000    0.0000    0.0000  36.00
  37.00    8.9828E-01    0.0000    0.0000    0.0000    0.0000    0.0000    0.0000    0.0000    0.0000    0.0000  37.00
  38.00    8.8370E-01    0.0000    0.0000    0.0000    0.0000    0.0000    0.0000    0.0000    0.0000    0.0000  38.00
  39.00    8.7194E-01    0.0000    0.0000    0.0000    0.0000    0.0000    0.0000    0.0000    0.0000    0.0000  39.00
  40.00    8.6240E-01    0.0000    0.0000    0.0000    0.0000    0.0000    0.0000    0.0000    0.0000    0.0000  40.00
  41.00    8.5441E-01    0.0000    0.0000    0.0000    0.0000    0.0000    0.0000    0.0000    0.0000    0.0000  41.00
  42.00    8.4727E-01    0.0000    0.0000    0.0000    0.0000    0.0000    0.0000    0.0000    0.0000    0.0000  42.00
  43.00    8.4022E-01    0.0000    0.0000    0.0000    0.0000    0.0000    0.0000    0.0000    0.0000    0.0000  43.00
  44.00    8.3257E-01    0.0000    0.0000    0.0000    0.0000    0.0000    0.0000    0.0000    0.0000    0.0000  44.00
  45.00    8.2366E-01    0.0000    0.0000    0.0000    0.0000    0.0000    0.0000    0.0000    0.0000    0.0000  45.00
  46.00    8.1291E-01    0.0000    0.0000    0.0000    0.0000    0.0000    0.0000    0.0000    0.0000    0.0000  46.00
  47.00    7.9985E-01    0.0000    0.0000    0.0000    0.0000    0.0000    0.0000    0.0000    0.0000    0.0000  47.00
  48.00    7.8418E-01    0.0000    0.0000    0.0000    0.0000    0.0000    0.0000    0.0000    0.0000    0.0000  48.00
  49.00    7.6571E-01    0.0000    0.0000    0.0000    0.0000    0.0000    0.0000    0.0000    0.0000    0.0000  49.00
  50.00    7.4440E-01    0.0000    0.0000    0.0000    0.0000    0.0000    0.0000    0.0000    0.0000    0.0000  50.00
  51.00    7.2037E-01    0.0000    0.0000    0.0000    0.0000    0.0000    0.0000    0.0000    0.0000    0.0000  51.00
  52.00    6.9384E-01    0.0000    0.0000    0.0000    0.0000    0.0000    0.0000    0.0000    0.0000    0.0000  52.00
  53.00    6.6514E-01    0.0000    0.0000    0.0000    0.0000    0.0000    0.0000    0.0000    0.0000    0.0000  53.00
  54.00    6.3467E-01    0.0000    0.0000    0.0000    0.0000    0.0000    0.0000    0.0000    0.0000    0.0000  54.00
  55.00    6.0290E-01    0.0000    0.0000    0.0000    0.0000    0.0000    0.0000    0.0000    0.0000    0.0000  55.00
  56.00    5.7029E-01    0.0000    0.0000    0.0000    0.0000    0.0000    0.0000    0.0000    0.0000    0.0000  56.00
  57.00    5.3730E-01    0.0000    0.0000    0.0000    0.0000    0.0000    0.0000    0.0000    0.0000    0.0000  57.00
  58.00    5.0437E-01    0.0000    0.0000    0.0000    0.0000    0.0000    0.0000    0.0000    0.0000    0.0000  58.00
  59.00    4.7190E-01    0.0000    0.0000    0.0000    0.0000    0.0000    0.0000    0.0000    0.0000    0.0000  59.00
  60.00    4.4022E-01    0.0000    0.0000    0.0000    0.0000    0.0000    0.0000    0.0000    0.0000    0.0000  60.00
0Tot-sig   4.6827E+00
1Inelastic  10Be(d,p)11Be(3/2- 0.00) Ex=1.20 0p3/2 QG UNBOUND SCAN         0/00/00
    THETA  -2                               -1                                0                                1   THETA cos(theta)
     0.00  |++++++++++++++++++++++++++++++++|++++++++++++++++++++++++++++++++|+++++++++++++++++++++++++++++*++|+    0.00    1.0000
     1.00  +                                                                                              *    +    1.00    0.9998
     2.00  +                                                                                              *    +    2.00    0.9994
     3.00  +                                                                                              *    +    3.00    0.9986
     4.00  +                                                                                             *     +    4.00    0.9976
     5.00  +                                                                                             *     +    5.00    0.9962
     6.00  +                                                                                            *      +    6.00    0.9945
     7.00  +                                                                                           *       +    7.00    0.9925
     8.00  +                                                                                          *        +    8.00    0.9903
     9.00  +                                                                                         *         +    9.00    0.9877
    10.00  +                                                                                        *          +   10.00    0.9848
    11.00  +                                                                                      *            +   11.00    0.9816
    12.00  +                                                                                     *             +   12.00    0.9781
    13.00  +                                                                                   *               +   13.00    0.9744
    14.00  +                                                                                  *                +   14.00    0.9703
    15.00  +                                                                                 *                 +   15.00    0.9659
    16.00  +                                                                               *                   +   16.00    0.9613
    17.00  +                                                                              *                    +   17.00    0.9563
    18.00  +                                                                             *                     +   18.00    0.9511
    19.00  +                                                                           *                       +   19.00    0.9455
    20.00  +                                                                          *                        +   20.00    0.9397
    21.00  +                                                                         *                         +   21.00    0.9336
    22.00  +                                                                        *                          +   22.00    0.9272
    23.00  +                                                                       *                           +   23.00    0.9205
    24.00  +                                                                       *                           +   24.00    0.9135
    25.00  +                                                                      *                            +   25.00    0.9063
    26.00  +                                                                     *                             +   26.00    0.8988
    27.00  +                                                                    *                              +   27.00    0.8910
    28.00  +                                                                    *                              +   28.00    0.8829
    29.00  +                                                                   *                               +   29.00    0.8746
    30.00  +                                                                  *                                +   30.00    0.8660
    31.00  +                                                                  *                                +   31.00    0.8572
    32.00  +                                                                 *                                 +   32.00    0.8480
    33.00  +                                                                 *                                 +   33.00    0.8387
    34.00  +                                                                *                                  +   34.00    0.8290
    35.00  +                                                                *                                  +   35.00    0.8192
    36.00  +                                                                *                                  +   36.00    0.8090
    37.00  +                                                               *                                   +   37.00    0.7986
    38.00  +                                                               *                                   +   38.00    0.7880
    39.00  +                                                               *                                   +   39.00    0.7771
    40.00  +                                                               *                                   +   40.00    0.7660
    41.00  +                                                               *                                   +   41.00    0.7547
    42.00  +                                                               *                                   +   42.00    0.7431
    43.00  +                                                               *                                   +   43.00    0.7314
    44.00  +                                                              *                                    +   44.00    0.7193
    45.00  +                                                              *                                    +   45.00    0.7071
    46.00  +                                                              *                                    +   46.00    0.6947
    47.00  +                                                              *                                    +   47.00    0.6820
    48.00  +                                                              *                                    +   48.00    0.6691
    49.00  +                                                             *                                     +   49.00    0.6561
    50.00  +                                                             *                                     +   50.00    0.6428
    51.00  +                                                            *                                      +   51.00    0.6293
    52.00  +                                                            *                                      +   52.00    0.6157
    53.00  +                                                           *                                       +   53.00    0.6018
    54.00  +                                                          *                                        +   54.00    0.5878
    55.00  +                                                          *                                        +   55.00    0.5736
    56.00  +                                                         *                                         +   56.00    0.5592
    57.00  +                                                        *                                          +   57.00    0.5446
    58.00  +                                                       *                                           +   58.00    0.5299
    59.00  +                                                      *                                            +   59.00    0.5150
    60.00  |++++++++++++++++++++++++++++++++|++++++++++++++++++++*+++++++++++|++++++++++++++++++++++++++++++++|+   60.00    0.5000
    THETA  -2                               -1                                0                                1   THETA cos(theta)
1DWUCK4-DISTORTED WAVES U.COLORADO- PC-VERSION  12/Jan /1995
 Elapsed time in seconds =   0.00
 Elapsed time in seconds =   0.00
0CONTROL INTEGERS
  1 2 3 4 5 6 7 8 9 A B C D E F G H I J K    RUN IDENTIFICATION                                             0/00/00   0.00.00
  1 0 1 1 0 0 0 0 3 0 0 0 0 0 0 0 0 0 0 0    10Be(d,p)11Be(3/2- 0.00) Ex=1.40 0p3/2 QG UNBOUND SCAN      
 10Be(d,p)11Be(3/2- 0.00) Ex=1.40 0p3/2 QG UNBOUND SCAN      
 Adwck4 entered
0ANGLE DATA          THETN=  61.0000   THET1=   0.0000   DTHET=   1.0000   A-ANG=   0.0000   B-ANG=   0.0000
0CARD SET 3 DATA     LMAX =  15          LTR=   1
                     NLTR =   1        2*JTR=   3
0CARD SET 4 DATA     DRF  =   0.1000   RZ   =   0.0000   RMAX = -15.0000   VCE  =   0.0000   FNRNG=   0.0000
 PARTICLE DATA 
0PARTICLE 1*******************************************************************************************************************
 INPUT DATA          ELAB =  17.4000   RC0  =   1.1500   AC   =   0.0000   2*STR=   0.0000
                     MASSP=   2.0000   MASST=  10.0000   Q    =   0.0000
                     ZP   =   1.0000   ZT   =   4.0000   PNLOC=   2.0000
 
 DERIVED DATA        ECM  =  14.5000   RC   =   2.4776   RHO  =   2.6641
                     K    =   1.0753   ETA  =   0.2136   DR   =   0.1000
0POTENTIAL PARAMETERS
 NX=1 VOLUME  W-S    V RL = -80.8850   R0RL =   1.1500   A RL =   0.8100   R RL =   2.4776   VSOR =   0.0000
                     V IM =   0.0000   R0IM =   0.0000   A IM =   0.0000   R IM =   0.0000   VSOI =   0.0000   POWR =   0.0000
 NX=2 SURFACE W-S    V RL =   0.0000   R0RL =   0.0000   A RL =   0.0000   R RL =   0.0000   VSOR =   0.0000
                     V IM =  50.5270   R0IM =   1.3400   A IM =   0.6800   R IM =   2.8869   VSOI =   0.0000   POWR =   0.0000
 NX=4 L*S VOLUME     V RL =   0.0000   R0RL =   0.0000   A RL =   0.0000   R RL =   0.0000   VSOR =   0.0000
                     V IM =   0.0000   R0IM =   0.0000   A IM =   0.0000   R IM =   0.0000   VSOI =   0.0000   POWR =   0.0000
0PARTICLE 2*******************************************************************************************************************
 INPUT DATA          ELAB =  12.4135   RC0  =   1.3000   AC   =   0.0000   2*STR=   0.0000
                     MASSP=   1.0000   MASST=  11.0000   Q    =  -3.1210
                     ZP   =   1.0000   ZT   =   4.0000   PNLOC=   1.0000
 
 DERIVED DATA        ECM  =  11.3790   RC   =   2.8912   RHO  =   2.0424
                     K    =   0.7064   ETA  =   0.1788   DR   =   0.0909
0POTENTIAL PARAMETERS
 NX=1 VOLUME  W-S    V RL = -57.0960   R0RL =   1.1700   A RL =   0.7500   R RL =   2.6021   VSOR =   0.0000
                     V IM =  -0.1660   R0IM =   1.3200   A IM =   0.7010   R IM =   2.9357   VSOI =   0.0000   POWR =   0.0000
 NX=2 SURFACE W-S    V RL =   0.0000   R0RL =   0.0000   A RL =   0.0000   R RL =   0.0000   VSOR =   0.0000
                     V IM =  32.8400   R0IM =   1.3200   A IM =   0.7010   R IM =   2.9357   VSOI =   0.0000   POWR =   0.0000
 NX=4 L*S VOLUME     V RL = -24.8000   R0RL =   1.1000   A RL =   0.7500   R RL =   2.4464   VSOR =   0.0000
                     V IM =   0.0000   R0IM =   1.1000   A IM =   0.7500   R IM =   2.4464   VSOI =   0.0000   POWR =   0.0000
110Be(d,p)11Be(3/2- 0.00) Ex=1.40 0p3/2 QG UNBOUND SCAN         0/ 0/ 0
0FORM FACTOR DATA 
0PARTICLE 3*******************************************************************************************************************
 INPUT DATA          ELAB =   0.8960   RC0  =   1.3000   AC   =   0.0000   2*STR=   0.0000
                     MASSP=   1.0000   MASST=  10.0000   Q    =   0.8960
                     ZP   =   0.0000   ZT   =   4.0000   PNLOC=   1.0000
 
 DERIVED DATA        ECM  =   0.8960   RC   =   2.8008   RHO  =   0.5529
                     K    =   0.1974   ETA  =   0.0000   DR   =   0.1000
0POTENTIAL PARAMETERS
 NX=1 VOLUME  W-S    V RL =  -1.0000   R0RL =   1.2500   A RL =   0.6500   R RL =   2.6930   VSOR =  24.0000
                     V IM =   1.1000   R0IM =   0.6500   A IM =   0.0000   R IM =   1.4004   VSOI =   0.0000   POWR =   0.0000
 
                     NODES=   0.0000   L    =   1.0000   2*J  =   3.0000   2*S  =   1.0000   FISW =   0.0000
 
0SINGLE PARTICLE WIDTH = 1.2283E  0  MEV     VOLUME TERM =  1.3682E+01     SURFACE TERM = -6.2915E+00
                     V    =  25.3426   DET  =   0.0001   NODES=   0.0000   RM   =   4.7500   E    =   0.8960   ITER.=   6
0Non-locality correction is applied, parameter =   2.000
0Non-locality correction is applied, parameter =   1.000
0                    LMAX =  15        NSTEP= 150        NLTR =   1
 Bdwck4 entered
   Subroutine INTEG  entered
0REACSIG 1   1.01878E+02                                             REACSIG 2   8.85474E+01
   Subroutine RADINT entered
110Be(d,p)11Be(3/2- 0.00) Ex=1.40 0p3/2 QG UNBOUND SCAN         0/00/00
0BASIC DATA          DR   =   0.1000   RMIN =   0.0000   RMAX =  15.0000   COUEX=   0.0000     IS1=   0.0000
                     FNRNG=   0.0000   PNLC1=   2.0000   PNLC2=   1.0000   PNLC3=   1.0000     IS2=   0.0000
 ANG MOM TRANSFER    LTR  =   1.       2*JTR=   2.       2*STR=   0.       Q    =  -3.1210
   Subroutine INSIG  entered
0 Theta Inelsig,fm**2      Polz       Asy       Ayy       A22       A21       A20       T22       T21       T20  Theta
   0.00    1.1032E+01    0.0000    0.0000    0.0000    0.0000    0.0000    0.0000    0.0000    0.0000    0.0000   0.00
   1.00    1.0961E+01    0.0000    0.0000    0.0000    0.0000    0.0000    0.0000    0.0000    0.0000    0.0000   1.00
   2.00    1.0751E+01    0.0000    0.0000    0.0000    0.0000    0.0000    0.0000    0.0000    0.0000    0.0000   2.00
   3.00    1.0412E+01    0.0000    0.0000    0.0000    0.0000    0.0000    0.0000    0.0000    0.0000    0.0000   3.00
   4.00    9.9573E+00    0.0000    0.0000    0.0000    0.0000    0.0000    0.0000    0.0000    0.0000    0.0000   4.00
   5.00    9.4056E+00    0.0000    0.0000    0.0000    0.0000    0.0000    0.0000    0.0000    0.0000    0.0000   5.00
   6.00    8.7787E+00    0.0000    0.0000    0.0000    0.0000    0.0000    0.0000    0.0000    0.0000    0.0000   6.00
   7.00    8.1003E+00    0.0000    0.0000    0.0000    0.0000    0.0000    0.0000    0.0000    0.0000    0.0000   7.00
   8.00    7.3943E+00    0.0000    0.0000    0.0000    0.0000    0.0000    0.0000    0.0000    0.0000    0.0000   8.00
   9.00    6.6836E+00    0.0000    0.0000    0.0000    0.0000    0.0000    0.0000    0.0000    0.0000    0.0000   9.00
  10.00    5.9891E+00    0.0000    0.0000    0.0000    0.0000    0.0000    0.0000    0.0000    0.0000    0.0000  10.00
  11.00    5.3285E+00    0.0000    0.0000    0.0000    0.0000    0.0000    0.0000    0.0000    0.0000    0.0000  11.00
  12.00    4.7158E+00    0.0000    0.0000    0.0000    0.0000    0.0000    0.0000    0.0000    0.0000    0.0000  12.00
  13.00    4.1610E+00    0.0000    0.0000    0.0000    0.0000    0.0000    0.0000    0.0000    0.0000    0.0000  13.00
  14.00    3.6699E+00    0.0000    0.0000    0.0000    0.0000    0.0000    0.0000    0.0000    0.0000    0.0000  14.00
  15.00    3.2447E+00    0.0000    0.0000    0.0000    0.0000    0.0000    0.0000    0.0000    0.0000    0.0000  15.00
  16.00    2.8841E+00    0.0000    0.0000    0.0000    0.0000    0.0000    0.0000    0.0000    0.0000    0.0000  16.00
  17.00    2.5841E+00    0.0000    0.0000    0.0000    0.0000    0.0000    0.0000    0.0000    0.0000    0.0000  17.00
  18.00    2.3389E+00    0.0000    0.0000    0.0000    0.0000    0.0000    0.0000    0.0000    0.0000    0.0000  18.00
  19.00    2.1411E+00    0.0000    0.0000    0.0000    0.0000    0.0000    0.0000    0.0000    0.0000    0.0000  19.00
  20.00    1.9832E+00    0.0000    0.0000    0.0000    0.0000    0.0000    0.0000    0.0000    0.0000    0.0000  20.00
  21.00    1.8574E+00    0.0000    0.0000    0.0000    0.0000    0.0000    0.0000    0.0000    0.0000    0.0000  21.00
  22.00    1.7565E+00    0.0000    0.0000    0.0000    0.0000    0.0000    0.0000    0.0000    0.0000    0.0000  22.00
  23.00    1.6742E+00    0.0000    0.0000    0.0000    0.0000    0.0000    0.0000    0.0000    0.0000    0.0000  23.00
  24.00    1.6050E+00    0.0000    0.0000    0.0000    0.0000    0.0000    0.0000    0.0000    0.0000    0.0000  24.00
  25.00    1.5447E+00    0.0000    0.0000    0.0000    0.0000    0.0000    0.0000    0.0000    0.0000    0.0000  25.00
  26.00    1.4901E+00    0.0000    0.0000    0.0000    0.0000    0.0000    0.0000    0.0000    0.0000    0.0000  26.00
  27.00    1.4391E+00    0.0000    0.0000    0.0000    0.0000    0.0000    0.0000    0.0000    0.0000    0.0000  27.00
  28.00    1.3902E+00    0.0000    0.0000    0.0000    0.0000    0.0000    0.0000    0.0000    0.0000    0.0000  28.00
  29.00    1.3427E+00    0.0000    0.0000    0.0000    0.0000    0.0000    0.0000    0.0000    0.0000    0.0000  29.00
  30.00    1.2963E+00    0.0000    0.0000    0.0000    0.0000    0.0000    0.0000    0.0000    0.0000    0.0000  30.00
  31.00    1.2512E+00    0.0000    0.0000    0.0000    0.0000    0.0000    0.0000    0.0000    0.0000    0.0000  31.00
  32.00    1.2076E+00    0.0000    0.0000    0.0000    0.0000    0.0000    0.0000    0.0000    0.0000    0.0000  32.00
  33.00    1.1660E+00    0.0000    0.0000    0.0000    0.0000    0.0000    0.0000    0.0000    0.0000    0.0000  33.00
  34.00    1.1266E+00    0.0000    0.0000    0.0000    0.0000    0.0000    0.0000    0.0000    0.0000    0.0000  34.00
  35.00    1.0901E+00    0.0000    0.0000    0.0000    0.0000    0.0000    0.0000    0.0000    0.0000    0.0000  35.00
  36.00    1.0565E+00    0.0000    0.0000    0.0000    0.0000    0.0000    0.0000    0.0000    0.0000    0.0000  36.00
  37.00    1.0261E+00    0.0000    0.0000    0.0000    0.0000    0.0000    0.0000    0.0000    0.0000    0.0000  37.00
  38.00    9.9895E-01    0.0000    0.0000    0.0000    0.0000    0.0000    0.0000    0.0000    0.0000    0.0000  38.00
  39.00    9.7499E-01    0.0000    0.0000    0.0000    0.0000    0.0000    0.0000    0.0000    0.0000    0.0000  39.00
  40.00    9.5402E-01    0.0000    0.0000    0.0000    0.0000    0.0000    0.0000    0.0000    0.0000    0.0000  40.00
  41.00    9.3572E-01    0.0000    0.0000    0.0000    0.0000    0.0000    0.0000    0.0000    0.0000    0.0000  41.00
  42.00    9.1964E-01    0.0000    0.0000    0.0000    0.0000    0.0000    0.0000    0.0000    0.0000    0.0000  42.00
  43.00    9.0527E-01    0.0000    0.0000    0.0000    0.0000    0.0000    0.0000    0.0000    0.0000    0.0000  43.00
  44.00    8.9201E-01    0.0000    0.0000    0.0000    0.0000    0.0000    0.0000    0.0000    0.0000    0.0000  44.00
  45.00    8.7926E-01    0.0000    0.0000    0.0000    0.0000    0.0000    0.0000    0.0000    0.0000    0.0000  45.00
  46.00    8.6639E-01    0.0000    0.0000    0.0000    0.0000    0.0000    0.0000    0.0000    0.0000    0.0000  46.00
  47.00    8.5282E-01    0.0000    0.0000    0.0000    0.0000    0.0000    0.0000    0.0000    0.0000    0.0000  47.00
  48.00    8.3803E-01    0.0000    0.0000    0.0000    0.0000    0.0000    0.0000    0.0000    0.0000    0.0000  48.00
  49.00    8.2160E-01    0.0000    0.0000    0.0000    0.0000    0.0000    0.0000    0.0000    0.0000    0.0000  49.00
  50.00    8.0321E-01    0.0000    0.0000    0.0000    0.0000    0.0000    0.0000    0.0000    0.0000    0.0000  50.00
  51.00    7.8267E-01    0.0000    0.0000    0.0000    0.0000    0.0000    0.0000    0.0000    0.0000    0.0000  51.00
  52.00    7.5993E-01    0.0000    0.0000    0.0000    0.0000    0.0000    0.0000    0.0000    0.0000    0.0000  52.00
  53.00    7.3504E-01    0.0000    0.0000    0.0000    0.0000    0.0000    0.0000    0.0000    0.0000    0.0000  53.00
  54.00    7.0817E-01    0.0000    0.0000    0.0000    0.0000    0.0000    0.0000    0.0000    0.0000    0.0000  54.00
  55.00    6.7957E-01    0.0000    0.0000    0.0000    0.0000    0.0000    0.0000    0.0000    0.0000    0.0000  55.00
  56.00    6.4954E-01    0.0000    0.0000    0.0000    0.0000    0.0000    0.0000    0.0000    0.0000    0.0000  56.00
  57.00    6.1845E-01    0.0000    0.0000    0.0000    0.0000    0.0000    0.0000    0.0000    0.0000    0.0000  57.00
  58.00    5.8665E-01    0.0000    0.0000    0.0000    0.0000    0.0000    0.0000    0.0000    0.0000    0.0000  58.00
  59.00    5.5452E-01    0.0000    0.0000    0.0000    0.0000    0.0000    0.0000    0.0000    0.0000    0.0000  59.00
  60.00    5.2240E-01    0.0000    0.0000    0.0000    0.0000    0.0000    0.0000    0.0000    0.0000    0.0000  60.00
0Tot-sig   5.4642E+00
1Inelastic  10Be(d,p)11Be(3/2- 0.00) Ex=1.40 0p3/2 QG UNBOUND SCAN         0/00/00
    THETA  -1                                0                                1                                2   THETA cos(theta)
     0.00  |++++++++++++++++++++++++++++++++|++++++++++++++++++++++++++++++++|*+++++++++++++++++++++++++++++++|+    0.00    1.0000
     1.00  +                                                                  *                                +    1.00    0.9998
     2.00  +                                                                  *                                +    2.00    0.9994
     3.00  +                                                                  *                                +    3.00    0.9986
     4.00  +                                                                 *                                 +    4.00    0.9976
     5.00  +                                                                *                                  +    5.00    0.9962
     6.00  +                                                               *                                   +    6.00    0.9945
     7.00  +                                                              *                                    +    7.00    0.9925
     8.00  +                                                             *                                     +    8.00    0.9903
     9.00  +                                                           *                                       +    9.00    0.9877
    10.00  +                                                          *                                        +   10.00    0.9848
    11.00  +                                                        *                                          +   11.00    0.9816
    12.00  +                                                      *                                            +   12.00    0.9781
    13.00  +                                                    *                                              +   13.00    0.9744
    14.00  +                                                   *                                               +   14.00    0.9703
    15.00  +                                                 *                                                 +   15.00    0.9659
    16.00  +                                               *                                                   +   16.00    0.9613
    17.00  +                                              *                                                    +   17.00    0.9563
    18.00  +                                            *                                                      +   18.00    0.9511
    19.00  +                                           *                                                       +   19.00    0.9455
    20.00  +                                          *                                                        +   20.00    0.9397
    21.00  +                                         *                                                         +   21.00    0.9336
    22.00  +                                        *                                                          +   22.00    0.9272
    23.00  +                                       *                                                           +   23.00    0.9205
    24.00  +                                       *                                                           +   24.00    0.9135
    25.00  +                                      *                                                            +   25.00    0.9063
    26.00  +                                      *                                                            +   26.00    0.8988
    27.00  +                                     *                                                             +   27.00    0.8910
    28.00  +                                     *                                                             +   28.00    0.8829
    29.00  +                                    *                                                              +   29.00    0.8746
    30.00  +                                    *                                                              +   30.00    0.8660
    31.00  +                                   *                                                               +   31.00    0.8572
    32.00  +                                   *                                                               +   32.00    0.8480
    33.00  +                                  *                                                                +   33.00    0.8387
    34.00  +                                  *                                                                +   34.00    0.8290
    35.00  +                                 *                                                                 +   35.00    0.8192
    36.00  +                                 *                                                                 +   36.00    0.8090
    37.00  +                                *                                                                  +   37.00    0.7986
    38.00  +                                *                                                                  +   38.00    0.7880
    39.00  +                                *                                                                  +   39.00    0.7771
    40.00  +                               *                                                                   +   40.00    0.7660
    41.00  +                               *                                                                   +   41.00    0.7547
    42.00  +                               *                                                                   +   42.00    0.7431
    43.00  +                               *                                                                   +   43.00    0.7314
    44.00  +                              *                                                                    +   44.00    0.7193
    45.00  +                              *                                                                    +   45.00    0.7071
    46.00  +                              *                                                                    +   46.00    0.6947
    47.00  +                              *                                                                    +   47.00    0.6820
    48.00  +                             *                                                                     +   48.00    0.6691
    49.00  +                             *                                                                     +   49.00    0.6561
    50.00  +                             *                                                                     +   50.00    0.6428
    51.00  +                            *                                                                      +   51.00    0.6293
    52.00  +                            *                                                                      +   52.00    0.6157
    53.00  +                            *                                                                      +   53.00    0.6018
    54.00  +                           *                                                                       +   54.00    0.5878
    55.00  +                          *                                                                        +   55.00    0.5736
    56.00  +                          *                                                                        +   56.00    0.5592
    57.00  +                         *                                                                         +   57.00    0.5446
    58.00  +                        *                                                                          +   58.00    0.5299
    59.00  +                        *                                                                          +   59.00    0.5150
    60.00  |+++++++++++++++++++++++*++++++++|++++++++++++++++++++++++++++++++|++++++++++++++++++++++++++++++++|+   60.00    0.5000
    THETA  -1                                0                                1                                2   THETA cos(theta)
1DWUCK4-DISTORTED WAVES U.COLORADO- PC-VERSION  12/Jan /1995
 Elapsed time in seconds =   0.00
 Elapsed time in seconds =   0.00
0CONTROL INTEGERS
  1 2 3 4 5 6 7 8 9 A B C D E F G H I J K    RUN IDENTIFICATION                                             0/00/00   0.00.00
  1 0 1 1 0 0 0 0 3 0 0 0 0 0 0 0 0 0 0 0    10Be(d,p)11Be(3/2- 0.00) Ex=1.60 0p3/2 QG UNBOUND SCAN      
 10Be(d,p)11Be(3/2- 0.00) Ex=1.60 0p3/2 QG UNBOUND SCAN      
 Adwck4 entered
0ANGLE DATA          THETN=  61.0000   THET1=   0.0000   DTHET=   1.0000   A-ANG=   0.0000   B-ANG=   0.0000
0CARD SET 3 DATA     LMAX =  15          LTR=   1
                     NLTR =   1        2*JTR=   3
0CARD SET 4 DATA     DRF  =   0.1000   RZ   =   0.0000   RMAX = -15.0000   VCE  =   0.0000   FNRNG=   0.0000
 PARTICLE DATA 
0PARTICLE 1*******************************************************************************************************************
 INPUT DATA          ELAB =  17.4000   RC0  =   1.1500   AC   =   0.0000   2*STR=   0.0000
                     MASSP=   2.0000   MASST=  10.0000   Q    =   0.0000
                     ZP   =   1.0000   ZT   =   4.0000   PNLOC=   2.0000
 
 DERIVED DATA        ECM  =  14.5000   RC   =   2.4776   RHO  =   2.6641
                     K    =   1.0753   ETA  =   0.2136   DR   =   0.1000
0POTENTIAL PARAMETERS
 NX=1 VOLUME  W-S    V RL = -80.8850   R0RL =   1.1500   A RL =   0.8100   R RL =   2.4776   VSOR =   0.0000
                     V IM =   0.0000   R0IM =   0.0000   A IM =   0.0000   R IM =   0.0000   VSOI =   0.0000   POWR =   0.0000
 NX=2 SURFACE W-S    V RL =   0.0000   R0RL =   0.0000   A RL =   0.0000   R RL =   0.0000   VSOR =   0.0000
                     V IM =  50.5270   R0IM =   1.3400   A IM =   0.6800   R IM =   2.8869   VSOI =   0.0000   POWR =   0.0000
 NX=4 L*S VOLUME     V RL =   0.0000   R0RL =   0.0000   A RL =   0.0000   R RL =   0.0000   VSOR =   0.0000
                     V IM =   0.0000   R0IM =   0.0000   A IM =   0.0000   R IM =   0.0000   VSOI =   0.0000   POWR =   0.0000
0PARTICLE 2*******************************************************************************************************************
 INPUT DATA          ELAB =  12.1953   RC0  =   1.3000   AC   =   0.0000   2*STR=   0.0000
                     MASSP=   1.0000   MASST=  11.0000   Q    =  -3.3210
                     ZP   =   1.0000   ZT   =   4.0000   PNLOC=   1.0000
 
 DERIVED DATA        ECM  =  11.1790   RC   =   2.8912   RHO  =   2.0244
                     K    =   0.7002   ETA  =   0.1804   DR   =   0.0909
0POTENTIAL PARAMETERS
 NX=1 VOLUME  W-S    V RL = -57.0960   R0RL =   1.1700   A RL =   0.7500   R RL =   2.6021   VSOR =   0.0000
                     V IM =  -0.1660   R0IM =   1.3200   A IM =   0.7010   R IM =   2.9357   VSOI =   0.0000   POWR =   0.0000
 NX=2 SURFACE W-S    V RL =   0.0000   R0RL =   0.0000   A RL =   0.0000   R RL =   0.0000   VSOR =   0.0000
                     V IM =  32.8400   R0IM =   1.3200   A IM =   0.7010   R IM =   2.9357   VSOI =   0.0000   POWR =   0.0000
 NX=4 L*S VOLUME     V RL = -24.8000   R0RL =   1.1000   A RL =   0.7500   R RL =   2.4464   VSOR =   0.0000
                     V IM =   0.0000   R0IM =   1.1000   A IM =   0.7500   R IM =   2.4464   VSOI =   0.0000   POWR =   0.0000
110Be(d,p)11Be(3/2- 0.00) Ex=1.60 0p3/2 QG UNBOUND SCAN         0/ 0/ 0
0FORM FACTOR DATA 
0PARTICLE 3*******************************************************************************************************************
 INPUT DATA          ELAB =   1.0960   RC0  =   1.3000   AC   =   0.0000   2*STR=   0.0000
                     MASSP=   1.0000   MASST=  10.0000   Q    =   1.0960
                     ZP   =   0.0000   ZT   =   4.0000   PNLOC=   1.0000
 
 DERIVED DATA        ECM  =   1.0960   RC   =   2.8008   RHO  =   0.6115
                     K    =   0.2183   ETA  =   0.0000   DR   =   0.1000
0POTENTIAL PARAMETERS
 NX=1 VOLUME  W-S    V RL =  -1.0000   R0RL =   1.2500   A RL =   0.6500   R RL =   2.6930   VSOR =  24.0000
                     V IM =   1.1000   R0IM =   0.6500   A IM =   0.0000   R IM =   1.4004   VSOI =   0.0000   POWR =   0.0000
 
                     NODES=   0.0000   L    =   1.0000   2*J  =   3.0000   2*S  =   1.0000   FISW =   0.0000
 
0SINGLE PARTICLE WIDTH = 1.7976E  0  MEV     VOLUME TERM =  1.1409E+01     SURFACE TERM = -5.8243E+00
                     V    =  24.8071   DET  =  -0.0001   NODES=   0.0000   RM   =   5.0500   E    =   1.0960   ITER.=   7
0Non-locality correction is applied, parameter =   2.000
0Non-locality correction is applied, parameter =   1.000
0                    LMAX =  15        NSTEP= 150        NLTR =   1
 Bdwck4 entered
   Subroutine INTEG  entered
0REACSIG 1   1.01878E+02                                             REACSIG 2   8.88163E+01
   Subroutine RADINT entered
110Be(d,p)11Be(3/2- 0.00) Ex=1.60 0p3/2 QG UNBOUND SCAN         0/00/00
0BASIC DATA          DR   =   0.1000   RMIN =   0.0000   RMAX =  15.0000   COUEX=   0.0000     IS1=   0.0000
                     FNRNG=   0.0000   PNLC1=   2.0000   PNLC2=   1.0000   PNLC3=   1.0000     IS2=   0.0000
 ANG MOM TRANSFER    LTR  =   1.       2*JTR=   2.       2*STR=   0.       Q    =  -3.3210
   Subroutine INSIG  entered
0 Theta Inelsig,fm**2      Polz       Asy       Ayy       A22       A21       A20       T22       T21       T20  Theta
   0.00    1.7756E+01    0.0000    0.0000    0.0000    0.0000    0.0000    0.0000    0.0000    0.0000    0.0000   0.00
   1.00    1.7624E+01    0.0000    0.0000    0.0000    0.0000    0.0000    0.0000    0.0000    0.0000    0.0000   1.00
   2.00    1.7233E+01    0.0000    0.0000    0.0000    0.0000    0.0000    0.0000    0.0000    0.0000    0.0000   2.00
   3.00    1.6601E+01    0.0000    0.0000    0.0000    0.0000    0.0000    0.0000    0.0000    0.0000    0.0000   3.00
   4.00    1.5755E+01    0.0000    0.0000    0.0000    0.0000    0.0000    0.0000    0.0000    0.0000    0.0000   4.00
   5.00    1.4733E+01    0.0000    0.0000    0.0000    0.0000    0.0000    0.0000    0.0000    0.0000    0.0000   5.00
   6.00    1.3576E+01    0.0000    0.0000    0.0000    0.0000    0.0000    0.0000    0.0000    0.0000    0.0000   6.00
   7.00    1.2330E+01    0.0000    0.0000    0.0000    0.0000    0.0000    0.0000    0.0000    0.0000    0.0000   7.00
   8.00    1.1043E+01    0.0000    0.0000    0.0000    0.0000    0.0000    0.0000    0.0000    0.0000    0.0000   8.00
   9.00    9.7579E+00    0.0000    0.0000    0.0000    0.0000    0.0000    0.0000    0.0000    0.0000    0.0000   9.00
  10.00    8.5156E+00    0.0000    0.0000    0.0000    0.0000    0.0000    0.0000    0.0000    0.0000    0.0000  10.00
  11.00    7.3499E+00    0.0000    0.0000    0.0000    0.0000    0.0000    0.0000    0.0000    0.0000    0.0000  11.00
  12.00    6.2872E+00    0.0000    0.0000    0.0000    0.0000    0.0000    0.0000    0.0000    0.0000    0.0000  12.00
  13.00    5.3457E+00    0.0000    0.0000    0.0000    0.0000    0.0000    0.0000    0.0000    0.0000    0.0000  13.00
  14.00    4.5353E+00    0.0000    0.0000    0.0000    0.0000    0.0000    0.0000    0.0000    0.0000    0.0000  14.00
  15.00    3.8581E+00    0.0000    0.0000    0.0000    0.0000    0.0000    0.0000    0.0000    0.0000    0.0000  15.00
  16.00    3.3095E+00    0.0000    0.0000    0.0000    0.0000    0.0000    0.0000    0.0000    0.0000    0.0000  16.00
  17.00    2.8796E+00    0.0000    0.0000    0.0000    0.0000    0.0000    0.0000    0.0000    0.0000    0.0000  17.00
  18.00    2.5543E+00    0.0000    0.0000    0.0000    0.0000    0.0000    0.0000    0.0000    0.0000    0.0000  18.00
  19.00    2.3174E+00    0.0000    0.0000    0.0000    0.0000    0.0000    0.0000    0.0000    0.0000    0.0000  19.00
  20.00    2.1516E+00    0.0000    0.0000    0.0000    0.0000    0.0000    0.0000    0.0000    0.0000    0.0000  20.00
  21.00    2.0398E+00    0.0000    0.0000    0.0000    0.0000    0.0000    0.0000    0.0000    0.0000    0.0000  21.00
  22.00    1.9667E+00    0.0000    0.0000    0.0000    0.0000    0.0000    0.0000    0.0000    0.0000    0.0000  22.00
  23.00    1.9185E+00    0.0000    0.0000    0.0000    0.0000    0.0000    0.0000    0.0000    0.0000    0.0000  23.00
  24.00    1.8843E+00    0.0000    0.0000    0.0000    0.0000    0.0000    0.0000    0.0000    0.0000    0.0000  24.00
  25.00    1.8555E+00    0.0000    0.0000    0.0000    0.0000    0.0000    0.0000    0.0000    0.0000    0.0000  25.00
  26.00    1.8262E+00    0.0000    0.0000    0.0000    0.0000    0.0000    0.0000    0.0000    0.0000    0.0000  26.00
  27.00    1.7926E+00    0.0000    0.0000    0.0000    0.0000    0.0000    0.0000    0.0000    0.0000    0.0000  27.00
  28.00    1.7528E+00    0.0000    0.0000    0.0000    0.0000    0.0000    0.0000    0.0000    0.0000    0.0000  28.00
  29.00    1.7063E+00    0.0000    0.0000    0.0000    0.0000    0.0000    0.0000    0.0000    0.0000    0.0000  29.00
  30.00    1.6537E+00    0.0000    0.0000    0.0000    0.0000    0.0000    0.0000    0.0000    0.0000    0.0000  30.00
  31.00    1.5961E+00    0.0000    0.0000    0.0000    0.0000    0.0000    0.0000    0.0000    0.0000    0.0000  31.00
  32.00    1.5350E+00    0.0000    0.0000    0.0000    0.0000    0.0000    0.0000    0.0000    0.0000    0.0000  32.00
  33.00    1.4720E+00    0.0000    0.0000    0.0000    0.0000    0.0000    0.0000    0.0000    0.0000    0.0000  33.00
  34.00    1.4085E+00    0.0000    0.0000    0.0000    0.0000    0.0000    0.0000    0.0000    0.0000    0.0000  34.00
  35.00    1.3459E+00    0.0000    0.0000    0.0000    0.0000    0.0000    0.0000    0.0000    0.0000    0.0000  35.00
  36.00    1.2852E+00    0.0000    0.0000    0.0000    0.0000    0.0000    0.0000    0.0000    0.0000    0.0000  36.00
  37.00    1.2273E+00    0.0000    0.0000    0.0000    0.0000    0.0000    0.0000    0.0000    0.0000    0.0000  37.00
  38.00    1.1729E+00    0.0000    0.0000    0.0000    0.0000    0.0000    0.0000    0.0000    0.0000    0.0000  38.00
  39.00    1.1223E+00    0.0000    0.0000    0.0000    0.0000    0.0000    0.0000    0.0000    0.0000    0.0000  39.00
  40.00    1.0760E+00    0.0000    0.0000    0.0000    0.0000    0.0000    0.0000    0.0000    0.0000    0.0000  40.00
  41.00    1.0340E+00    0.0000    0.0000    0.0000    0.0000    0.0000    0.0000    0.0000    0.0000    0.0000  41.00
  42.00    9.9635E-01    0.0000    0.0000    0.0000    0.0000    0.0000    0.0000    0.0000    0.0000    0.0000  42.00
  43.00    9.6296E-01    0.0000    0.0000    0.0000    0.0000    0.0000    0.0000    0.0000    0.0000    0.0000  43.00
  44.00    9.3356E-01    0.0000    0.0000    0.0000    0.0000    0.0000    0.0000    0.0000    0.0000    0.0000  44.00
  45.00    9.0780E-01    0.0000    0.0000    0.0000    0.0000    0.0000    0.0000    0.0000    0.0000    0.0000  45.00
  46.00    8.8520E-01    0.0000    0.0000    0.0000    0.0000    0.0000    0.0000    0.0000    0.0000    0.0000  46.00
  47.00    8.6523E-01    0.0000    0.0000    0.0000    0.0000    0.0000    0.0000    0.0000    0.0000    0.0000  47.00
  48.00    8.4727E-01    0.0000    0.0000    0.0000    0.0000    0.0000    0.0000    0.0000    0.0000    0.0000  48.00
  49.00    8.3069E-01    0.0000    0.0000    0.0000    0.0000    0.0000    0.0000    0.0000    0.0000    0.0000  49.00
  50.00    8.1487E-01    0.0000    0.0000    0.0000    0.0000    0.0000    0.0000    0.0000    0.0000    0.0000  50.00
  51.00    7.9921E-01    0.0000    0.0000    0.0000    0.0000    0.0000    0.0000    0.0000    0.0000    0.0000  51.00
  52.00    7.8319E-01    0.0000    0.0000    0.0000    0.0000    0.0000    0.0000    0.0000    0.0000    0.0000  52.00
  53.00    7.6636E-01    0.0000    0.0000    0.0000    0.0000    0.0000    0.0000    0.0000    0.0000    0.0000  53.00
  54.00    7.4837E-01    0.0000    0.0000    0.0000    0.0000    0.0000    0.0000    0.0000    0.0000    0.0000  54.00
  55.00    7.2900E-01    0.0000    0.0000    0.0000    0.0000    0.0000    0.0000    0.0000    0.0000    0.0000  55.00
  56.00    7.0810E-01    0.0000    0.0000    0.0000    0.0000    0.0000    0.0000    0.0000    0.0000    0.0000  56.00
  57.00    6.8562E-01    0.0000    0.0000    0.0000    0.0000    0.0000    0.0000    0.0000    0.0000    0.0000  57.00
  58.00    6.6162E-01    0.0000    0.0000    0.0000    0.0000    0.0000    0.0000    0.0000    0.0000    0.0000  58.00
  59.00    6.3619E-01    0.0000    0.0000    0.0000    0.0000    0.0000    0.0000    0.0000    0.0000    0.0000  59.00
  60.00    6.0950E-01    0.0000    0.0000    0.0000    0.0000    0.0000    0.0000    0.0000    0.0000    0.0000  60.00
0Tot-sig   6.7596E+00
1Inelastic  10Be(d,p)11Be(3/2- 0.00) Ex=1.60 0p3/2 QG UNBOUND SCAN         0/00/00
    THETA  -1                                0                                1                                2   THETA cos(theta)
     0.00  |++++++++++++++++++++++++++++++++|++++++++++++++++++++++++++++++++|+++++++*++++++++++++++++++++++++|+    0.00    1.0000
     1.00  +                                                                         *                         +    1.00    0.9998
     2.00  +                                                                         *                         +    2.00    0.9994
     3.00  +                                                                        *                          +    3.00    0.9986
     4.00  +                                                                        *                          +    4.00    0.9976
     5.00  +                                                                       *                           +    5.00    0.9962
     6.00  +                                                                     *                             +    6.00    0.9945
     7.00  +                                                                    *                              +    7.00    0.9925
     8.00  +                                                                  *                                +    8.00    0.9903
     9.00  +                                                                 *                                 +    9.00    0.9877
    10.00  +                                                               *                                   +   10.00    0.9848
    11.00  +                                                             *                                     +   11.00    0.9816
    12.00  +                                                          *                                        +   12.00    0.9781
    13.00  +                                                        *                                          +   13.00    0.9744
    14.00  +                                                      *                                            +   14.00    0.9703
    15.00  +                                                   *                                               +   15.00    0.9659
    16.00  +                                                 *                                                 +   16.00    0.9613
    17.00  +                                               *                                                   +   17.00    0.9563
    18.00  +                                             *                                                     +   18.00    0.9511
    19.00  +                                            *                                                      +   19.00    0.9455
    20.00  +                                           *                                                       +   20.00    0.9397
    21.00  +                                          *                                                        +   21.00    0.9336
    22.00  +                                          *                                                        +   22.00    0.9272
    23.00  +                                         *                                                         +   23.00    0.9205
    24.00  +                                         *                                                         +   24.00    0.9135
    25.00  +                                         *                                                         +   25.00    0.9063
    26.00  +                                         *                                                         +   26.00    0.8988
    27.00  +                                        *                                                          +   27.00    0.8910
    28.00  +                                        *                                                          +   28.00    0.8829
    29.00  +                                        *                                                          +   29.00    0.8746
    30.00  +                                       *                                                           +   30.00    0.8660
    31.00  +                                       *                                                           +   31.00    0.8572
    32.00  +                                      *                                                            +   32.00    0.8480
    33.00  +                                      *                                                            +   33.00    0.8387
    34.00  +                                     *                                                             +   34.00    0.8290
    35.00  +                                    *                                                              +   35.00    0.8192
    36.00  +                                    *                                                              +   36.00    0.8090
    37.00  +                                   *                                                               +   37.00    0.7986
    38.00  +                                  *                                                                +   38.00    0.7880
    39.00  +                                  *                                                                +   39.00    0.7771
    40.00  +                                 *                                                                 +   40.00    0.7660
    41.00  +                                *                                                                  +   41.00    0.7547
    42.00  +                                *                                                                  +   42.00    0.7431
    43.00  +                               *                                                                   +   43.00    0.7314
    44.00  +                               *                                                                   +   44.00    0.7193
    45.00  +                               *                                                                   +   45.00    0.7071
    46.00  +                              *                                                                    +   46.00    0.6947
    47.00  +                              *                                                                    +   47.00    0.6820
    48.00  +                              *                                                                    +   48.00    0.6691
    49.00  +                             *                                                                     +   49.00    0.6561
    50.00  +                             *                                                                     +   50.00    0.6428
    51.00  +                             *                                                                     +   51.00    0.6293
    52.00  +                            *                                                                      +   52.00    0.6157
    53.00  +                            *                                                                      +   53.00    0.6018
    54.00  +                            *                                                                      +   54.00    0.5878
    55.00  +                           *                                                                       +   55.00    0.5736
    56.00  +                           *                                                                       +   56.00    0.5592
    57.00  +                           *                                                                       +   57.00    0.5446
    58.00  +                          *                                                                        +   58.00    0.5299
    59.00  +                          *                                                                        +   59.00    0.5150
    60.00  |+++++++++++++++++++++++++*++++++|++++++++++++++++++++++++++++++++|++++++++++++++++++++++++++++++++|+   60.00    0.5000
    THETA  -1                                0                                1                                2   THETA cos(theta)
1DWUCK4-DISTORTED WAVES U.COLORADO- PC-VERSION  12/Jan /1995
 Elapsed time in seconds =   0.00
 Elapsed time in seconds =   0.00
0CONTROL INTEGERS
  1 2 3 4 5 6 7 8 9 A B C D E F G H I J K    RUN IDENTIFICATION                                             0/00/00   0.00.00
  1 0 1 1 0 0 0 0 3 0 0 0 0 0 0 0 0 0 0 0    10Be(d,p)11Be(3/2- 0.00) Ex=1.80 0p3/2 QG UNBOUND SCAN      
 10Be(d,p)11Be(3/2- 0.00) Ex=1.80 0p3/2 QG UNBOUND SCAN      
 Adwck4 entered
0ANGLE DATA          THETN=  61.0000   THET1=   0.0000   DTHET=   1.0000   A-ANG=   0.0000   B-ANG=   0.0000
0CARD SET 3 DATA     LMAX =  15          LTR=   1
                     NLTR =   1        2*JTR=   3
0CARD SET 4 DATA     DRF  =   0.1000   RZ   =   0.0000   RMAX = -15.0000   VCE  =   0.0000   FNRNG=   0.0000
 PARTICLE DATA 
0PARTICLE 1*******************************************************************************************************************
 INPUT DATA          ELAB =  17.4000   RC0  =   1.1500   AC   =   0.0000   2*STR=   0.0000
                     MASSP=   2.0000   MASST=  10.0000   Q    =   0.0000
                     ZP   =   1.0000   ZT   =   4.0000   PNLOC=   2.0000
 
 DERIVED DATA        ECM  =  14.5000   RC   =   2.4776   RHO  =   2.6641
                     K    =   1.0753   ETA  =   0.2136   DR   =   0.1000
0POTENTIAL PARAMETERS
 NX=1 VOLUME  W-S    V RL = -80.8850   R0RL =   1.1500   A RL =   0.8100   R RL =   2.4776   VSOR =   0.0000
                     V IM =   0.0000   R0IM =   0.0000   A IM =   0.0000   R IM =   0.0000   VSOI =   0.0000   POWR =   0.0000
 NX=2 SURFACE W-S    V RL =   0.0000   R0RL =   0.0000   A RL =   0.0000   R RL =   0.0000   VSOR =   0.0000
                     V IM =  50.5270   R0IM =   1.3400   A IM =   0.6800   R IM =   2.8869   VSOI =   0.0000   POWR =   0.0000
 NX=4 L*S VOLUME     V RL =   0.0000   R0RL =   0.0000   A RL =   0.0000   R RL =   0.0000   VSOR =   0.0000
                     V IM =   0.0000   R0IM =   0.0000   A IM =   0.0000   R IM =   0.0000   VSOI =   0.0000   POWR =   0.0000
0PARTICLE 2*******************************************************************************************************************
 INPUT DATA          ELAB =  11.9771   RC0  =   1.3000   AC   =   0.0000   2*STR=   0.0000
                     MASSP=   1.0000   MASST=  11.0000   Q    =  -3.5210
                     ZP   =   1.0000   ZT   =   4.0000   PNLOC=   1.0000
 
 DERIVED DATA        ECM  =  10.9790   RC   =   2.8912   RHO  =   2.0062
                     K    =   0.6939   ETA  =   0.1820   DR   =   0.0909
0POTENTIAL PARAMETERS
 NX=1 VOLUME  W-S    V RL = -57.0960   R0RL =   1.1700   A RL =   0.7500   R RL =   2.6021   VSOR =   0.0000
                     V IM =  -0.1660   R0IM =   1.3200   A IM =   0.7010   R IM =   2.9357   VSOI =   0.0000   POWR =   0.0000
 NX=2 SURFACE W-S    V RL =   0.0000   R0RL =   0.0000   A RL =   0.0000   R RL =   0.0000   VSOR =   0.0000
                     V IM =  32.8400   R0IM =   1.3200   A IM =   0.7010   R IM =   2.9357   VSOI =   0.0000   POWR =   0.0000
 NX=4 L*S VOLUME     V RL = -24.8000   R0RL =   1.1000   A RL =   0.7500   R RL =   2.4464   VSOR =   0.0000
                     V IM =   0.0000   R0IM =   1.1000   A IM =   0.7500   R IM =   2.4464   VSOI =   0.0000   POWR =   0.0000
110Be(d,p)11Be(3/2- 0.00) Ex=1.80 0p3/2 QG UNBOUND SCAN         0/ 0/ 0
0FORM FACTOR DATA 
0PARTICLE 3*******************************************************************************************************************
 INPUT DATA          ELAB =   1.2960   RC0  =   1.3000   AC   =   0.0000   2*STR=   0.0000
                     MASSP=   1.0000   MASST=  10.0000   Q    =   1.2960
                     ZP   =   0.0000   ZT   =   4.0000   PNLOC=   1.0000
 
 DERIVED DATA        ECM  =   1.2960   RC   =   2.8008   RHO  =   0.6650
                     K    =   0.2374   ETA  =   0.0000   DR   =   0.1000
0POTENTIAL PARAMETERS
 NX=1 VOLUME  W-S    V RL =  -1.0000   R0RL =   1.2500   A RL =   0.6500   R RL =   2.6930   VSOR =  24.0000
                     V IM =   1.1000   R0IM =   0.6500   A IM =   0.0000   R IM =   1.4004   VSOI =   0.0000   POWR =   0.0000
 
                     NODES=   0.0000   L    =   1.0000   2*J  =   3.0000   2*S  =   1.0000   FISW =   0.0000
 
0SINGLE PARTICLE WIDTH = 2.5099E  0  MEV     VOLUME TERM =  1.0080E+01     SURFACE TERM = -5.7300E+00
                     V    =  24.3422   DET  =  -0.0000   NODES=   0.0000   RM   =   3.3500   E    =   1.2960   ITER.=   8
0Non-locality correction is applied, parameter =   2.000
0Non-locality correction is applied, parameter =   1.000
0                    LMAX =  15        NSTEP= 150        NLTR =   1
 Bdwck4 entered
   Subroutine INTEG  entered
0REACSIG 1   1.01878E+02                                             REACSIG 2   8.90847E+01
   Subroutine RADINT entered
110Be(d,p)11Be(3/2- 0.00) Ex=1.80 0p3/2 QG UNBOUND SCAN         0/00/00
0BASIC DATA          DR   =   0.1000   RMIN =   0.0000   RMAX =  15.0000   COUEX=   0.0000     IS1=   0.0000
                     FNRNG=   0.0000   PNLC1=   2.0000   PNLC2=   1.0000   PNLC3=   1.0000     IS2=   0.0000
 ANG MOM TRANSFER    LTR  =   1.       2*JTR=   2.       2*STR=   0.       Q    =  -3.5210
   Subroutine INSIG  entered
0 Theta Inelsig,fm**2      Polz       Asy       Ayy       A22       A21       A20       T22       T21       T20  Theta
   0.00    3.1333E+01    0.0000    0.0000    0.0000    0.0000    0.0000    0.0000    0.0000    0.0000    0.0000   0.00
   1.00    3.1082E+01    0.0000    0.0000    0.0000    0.0000    0.0000    0.0000    0.0000    0.0000    0.0000   1.00
   2.00    3.0340E+01    0.0000    0.0000    0.0000    0.0000    0.0000    0.0000    0.0000    0.0000    0.0000   2.00
   3.00    2.9140E+01    0.0000    0.0000    0.0000    0.0000    0.0000    0.0000    0.0000    0.0000    0.0000   3.00
   4.00    2.7535E+01    0.0000    0.0000    0.0000    0.0000    0.0000    0.0000    0.0000    0.0000    0.0000   4.00
   5.00    2.5594E+01    0.0000    0.0000    0.0000    0.0000    0.0000    0.0000    0.0000    0.0000    0.0000   5.00
   6.00    2.3398E+01    0.0000    0.0000    0.0000    0.0000    0.0000    0.0000    0.0000    0.0000    0.0000   6.00
   7.00    2.1035E+01    0.0000    0.0000    0.0000    0.0000    0.0000    0.0000    0.0000    0.0000    0.0000   7.00
   8.00    1.8595E+01    0.0000    0.0000    0.0000    0.0000    0.0000    0.0000    0.0000    0.0000    0.0000   8.00
   9.00    1.6164E+01    0.0000    0.0000    0.0000    0.0000    0.0000    0.0000    0.0000    0.0000    0.0000   9.00
  10.00    1.3821E+01    0.0000    0.0000    0.0000    0.0000    0.0000    0.0000    0.0000    0.0000    0.0000  10.00
  11.00    1.1634E+01    0.0000    0.0000    0.0000    0.0000    0.0000    0.0000    0.0000    0.0000    0.0000  11.00
  12.00    9.6531E+00    0.0000    0.0000    0.0000    0.0000    0.0000    0.0000    0.0000    0.0000    0.0000  12.00
  13.00    7.9166E+00    0.0000    0.0000    0.0000    0.0000    0.0000    0.0000    0.0000    0.0000    0.0000  13.00
  14.00    6.4442E+00    0.0000    0.0000    0.0000    0.0000    0.0000    0.0000    0.0000    0.0000    0.0000  14.00
  15.00    5.2407E+00    0.0000    0.0000    0.0000    0.0000    0.0000    0.0000    0.0000    0.0000    0.0000  15.00
  16.00    4.2970E+00    0.0000    0.0000    0.0000    0.0000    0.0000    0.0000    0.0000    0.0000    0.0000  16.00
  17.00    3.5924E+00    0.0000    0.0000    0.0000    0.0000    0.0000    0.0000    0.0000    0.0000    0.0000  17.00
  18.00    3.0978E+00    0.0000    0.0000    0.0000    0.0000    0.0000    0.0000    0.0000    0.0000    0.0000  18.00
  19.00    2.7788E+00    0.0000    0.0000    0.0000    0.0000    0.0000    0.0000    0.0000    0.0000    0.0000  19.00
  20.00    2.5982E+00    0.0000    0.0000    0.0000    0.0000    0.0000    0.0000    0.0000    0.0000    0.0000  20.00
  21.00    2.5196E+00    0.0000    0.0000    0.0000    0.0000    0.0000    0.0000    0.0000    0.0000    0.0000  21.00
  22.00    2.5089E+00    0.0000    0.0000    0.0000    0.0000    0.0000    0.0000    0.0000    0.0000    0.0000  22.00
  23.00    2.5364E+00    0.0000    0.0000    0.0000    0.0000    0.0000    0.0000    0.0000    0.0000    0.0000  23.00
  24.00    2.5779E+00    0.0000    0.0000    0.0000    0.0000    0.0000    0.0000    0.0000    0.0000    0.0000  24.00
  25.00    2.6148E+00    0.0000    0.0000    0.0000    0.0000    0.0000    0.0000    0.0000    0.0000    0.0000  25.00
  26.00    2.6345E+00    0.0000    0.0000    0.0000    0.0000    0.0000    0.0000    0.0000    0.0000    0.0000  26.00
  27.00    2.6296E+00    0.0000    0.0000    0.0000    0.0000    0.0000    0.0000    0.0000    0.0000    0.0000  27.00
  28.00    2.5971E+00    0.0000    0.0000    0.0000    0.0000    0.0000    0.0000    0.0000    0.0000    0.0000  28.00
  29.00    2.5376E+00    0.0000    0.0000    0.0000    0.0000    0.0000    0.0000    0.0000    0.0000    0.0000  29.00
  30.00    2.4542E+00    0.0000    0.0000    0.0000    0.0000    0.0000    0.0000    0.0000    0.0000    0.0000  30.00
  31.00    2.3514E+00    0.0000    0.0000    0.0000    0.0000    0.0000    0.0000    0.0000    0.0000    0.0000  31.00
  32.00    2.2344E+00    0.0000    0.0000    0.0000    0.0000    0.0000    0.0000    0.0000    0.0000    0.0000  32.00
  33.00    2.1084E+00    0.0000    0.0000    0.0000    0.0000    0.0000    0.0000    0.0000    0.0000    0.0000  33.00
  34.00    1.9783E+00    0.0000    0.0000    0.0000    0.0000    0.0000    0.0000    0.0000    0.0000    0.0000  34.00
  35.00    1.8480E+00    0.0000    0.0000    0.0000    0.0000    0.0000    0.0000    0.0000    0.0000    0.0000  35.00
  36.00    1.7208E+00    0.0000    0.0000    0.0000    0.0000    0.0000    0.0000    0.0000    0.0000    0.0000  36.00
  37.00    1.5990E+00    0.0000    0.0000    0.0000    0.0000    0.0000    0.0000    0.0000    0.0000    0.0000  37.00
  38.00    1.4842E+00    0.0000    0.0000    0.0000    0.0000    0.0000    0.0000    0.0000    0.0000    0.0000  38.00
  39.00    1.3776E+00    0.0000    0.0000    0.0000    0.0000    0.0000    0.0000    0.0000    0.0000    0.0000  39.00
  40.00    1.2797E+00    0.0000    0.0000    0.0000    0.0000    0.0000    0.0000    0.0000    0.0000    0.0000  40.00
  41.00    1.1909E+00    0.0000    0.0000    0.0000    0.0000    0.0000    0.0000    0.0000    0.0000    0.0000  41.00
  42.00    1.1112E+00    0.0000    0.0000    0.0000    0.0000    0.0000    0.0000    0.0000    0.0000    0.0000  42.00
  43.00    1.0407E+00    0.0000    0.0000    0.0000    0.0000    0.0000    0.0000    0.0000    0.0000    0.0000  43.00
  44.00    9.7908E-01    0.0000    0.0000    0.0000    0.0000    0.0000    0.0000    0.0000    0.0000    0.0000  44.00
  45.00    9.2622E-01    0.0000    0.0000    0.0000    0.0000    0.0000    0.0000    0.0000    0.0000    0.0000  45.00
  46.00    8.8170E-01    0.0000    0.0000    0.0000    0.0000    0.0000    0.0000    0.0000    0.0000    0.0000  46.00
  47.00    8.4502E-01    0.0000    0.0000    0.0000    0.0000    0.0000    0.0000    0.0000    0.0000    0.0000  47.00
  48.00    8.1555E-01    0.0000    0.0000    0.0000    0.0000    0.0000    0.0000    0.0000    0.0000    0.0000  48.00
  49.00    7.9251E-01    0.0000    0.0000    0.0000    0.0000    0.0000    0.0000    0.0000    0.0000    0.0000  49.00
  50.00    7.7501E-01    0.0000    0.0000    0.0000    0.0000    0.0000    0.0000    0.0000    0.0000    0.0000  50.00
  51.00    7.6208E-01    0.0000    0.0000    0.0000    0.0000    0.0000    0.0000    0.0000    0.0000    0.0000  51.00
  52.00    7.5266E-01    0.0000    0.0000    0.0000    0.0000    0.0000    0.0000    0.0000    0.0000    0.0000  52.00
  53.00    7.4571E-01    0.0000    0.0000    0.0000    0.0000    0.0000    0.0000    0.0000    0.0000    0.0000  53.00
  54.00    7.4020E-01    0.0000    0.0000    0.0000    0.0000    0.0000    0.0000    0.0000    0.0000    0.0000  54.00
  55.00    7.3515E-01    0.0000    0.0000    0.0000    0.0000    0.0000    0.0000    0.0000    0.0000    0.0000  55.00
  56.00    7.2971E-01    0.0000    0.0000    0.0000    0.0000    0.0000    0.0000    0.0000    0.0000    0.0000  56.00
  57.00    7.2311E-01    0.0000    0.0000    0.0000    0.0000    0.0000    0.0000    0.0000    0.0000    0.0000  57.00
  58.00    7.1472E-01    0.0000    0.0000    0.0000    0.0000    0.0000    0.0000    0.0000    0.0000    0.0000  58.00
  59.00    7.0408E-01    0.0000    0.0000    0.0000    0.0000    0.0000    0.0000    0.0000    0.0000    0.0000  59.00
  60.00    6.9084E-01    0.0000    0.0000    0.0000    0.0000    0.0000    0.0000    0.0000    0.0000    0.0000  60.00
0Tot-sig   9.1701E+00
1Inelastic  10Be(d,p)11Be(3/2- 0.00) Ex=1.80 0p3/2 QG UNBOUND SCAN         0/00/00
    THETA  -1                                0                                1                                2   THETA cos(theta)
     0.00  |++++++++++++++++++++++++++++++++|++++++++++++++++++++++++++++++++|+++++++++++++++*++++++++++++++++|+    0.00    1.0000
     1.00  +                                                                                 *                 +    1.00    0.9998
     2.00  +                                                                                 *                 +    2.00    0.9994
     3.00  +                                                                                *                  +    3.00    0.9986
     4.00  +                                                                                *                  +    4.00    0.9976
     5.00  +                                                                              *                    +    5.00    0.9962
     6.00  +                                                                             *                     +    6.00    0.9945
     7.00  +                                                                            *                      +    7.00    0.9925
     8.00  +                                                                          *                        +    8.00    0.9903
     9.00  +                                                                        *                          +    9.00    0.9877
    10.00  +                                                                      *                            +   10.00    0.9848
    11.00  +                                                                   *                               +   11.00    0.9816
    12.00  +                                                                *                                  +   12.00    0.9781
    13.00  +                                                              *                                    +   13.00    0.9744
    14.00  +                                                           *                                       +   14.00    0.9703
    15.00  +                                                        *                                          +   15.00    0.9659
    16.00  +                                                     *                                             +   16.00    0.9613
    17.00  +                                                  *                                                +   17.00    0.9563
    18.00  +                                                *                                                  +   18.00    0.9511
    19.00  +                                               *                                                   +   19.00    0.9455
    20.00  +                                              *                                                    +   20.00    0.9397
    21.00  +                                             *                                                     +   21.00    0.9336
    22.00  +                                             *                                                     +   22.00    0.9272
    23.00  +                                             *                                                     +   23.00    0.9205
    24.00  +                                              *                                                    +   24.00    0.9135
    25.00  +                                              *                                                    +   25.00    0.9063
    26.00  +                                              *                                                    +   26.00    0.8988
    27.00  +                                              *                                                    +   27.00    0.8910
    28.00  +                                              *                                                    +   28.00    0.8829
    29.00  +                                             *                                                     +   29.00    0.8746
    30.00  +                                             *                                                     +   30.00    0.8660
    31.00  +                                            *                                                      +   31.00    0.8572
    32.00  +                                            *                                                      +   32.00    0.8480
    33.00  +                                           *                                                       +   33.00    0.8387
    34.00  +                                          *                                                        +   34.00    0.8290
    35.00  +                                         *                                                         +   35.00    0.8192
    36.00  +                                        *                                                          +   36.00    0.8090
    37.00  +                                       *                                                           +   37.00    0.7986
    38.00  +                                      *                                                            +   38.00    0.7880
    39.00  +                                     *                                                             +   39.00    0.7771
    40.00  +                                    *                                                              +   40.00    0.7660
    41.00  +                                   *                                                               +   41.00    0.7547
    42.00  +                                  *                                                                +   42.00    0.7431
    43.00  +                                 *                                                                 +   43.00    0.7314
    44.00  +                                *                                                                  +   44.00    0.7193
    45.00  +                               *                                                                   +   45.00    0.7071
    46.00  +                              *                                                                    +   46.00    0.6947
    47.00  +                              *                                                                    +   47.00    0.6820
    48.00  +                             *                                                                     +   48.00    0.6691
    49.00  +                             *                                                                     +   49.00    0.6561
    50.00  +                            *                                                                      +   50.00    0.6428
    51.00  +                            *                                                                      +   51.00    0.6293
    52.00  +                            *                                                                      +   52.00    0.6157
    53.00  +                            *                                                                      +   53.00    0.6018
    54.00  +                            *                                                                      +   54.00    0.5878
    55.00  +                            *                                                                      +   55.00    0.5736
    56.00  +                           *                                                                       +   56.00    0.5592
    57.00  +                           *                                                                       +   57.00    0.5446
    58.00  +                           *                                                                       +   58.00    0.5299
    59.00  +                           *                                                                       +   59.00    0.5150
    60.00  |+++++++++++++++++++++++++++*++++|++++++++++++++++++++++++++++++++|++++++++++++++++++++++++++++++++|+   60.00    0.5000
    THETA  -1                                0                                1                                2   THETA cos(theta)
1DWUCK4-DISTORTED WAVES U.COLORADO- PC-VERSION  12/Jan /1995
 Elapsed time in seconds =   0.00
 Elapsed time in seconds =   0.00
0CONTROL INTEGERS
  1 2 3 4 5 6 7 8 9 A B C D E F G H I J K    RUN IDENTIFICATION                                             0/00/00   0.00.00
  1 0 1 1 0 0 0 0 3 0 0 0 0 0 0 0 0 0 0 0    10Be(d,p)11Be(3/2- 0.00) Ex=2.00 0p3/2 QG UNBOUND SCAN      
 10Be(d,p)11Be(3/2- 0.00) Ex=2.00 0p3/2 QG UNBOUND SCAN      
 Adwck4 entered
0ANGLE DATA          THETN=  61.0000   THET1=   0.0000   DTHET=   1.0000   A-ANG=   0.0000   B-ANG=   0.0000
0CARD SET 3 DATA     LMAX =  15          LTR=   1
                     NLTR =   1        2*JTR=   3
0CARD SET 4 DATA     DRF  =   0.1000   RZ   =   0.0000   RMAX = -15.0000   VCE  =   0.0000   FNRNG=   0.0000
 PARTICLE DATA 
0PARTICLE 1*******************************************************************************************************************
 INPUT DATA          ELAB =  17.4000   RC0  =   1.1500   AC   =   0.0000   2*STR=   0.0000
                     MASSP=   2.0000   MASST=  10.0000   Q    =   0.0000
                     ZP   =   1.0000   ZT   =   4.0000   PNLOC=   2.0000
 
 DERIVED DATA        ECM  =  14.5000   RC   =   2.4776   RHO  =   2.6641
                     K    =   1.0753   ETA  =   0.2136   DR   =   0.1000
0POTENTIAL PARAMETERS
 NX=1 VOLUME  W-S    V RL = -80.8850   R0RL =   1.1500   A RL =   0.8100   R RL =   2.4776   VSOR =   0.0000
                     V IM =   0.0000   R0IM =   0.0000   A IM =   0.0000   R IM =   0.0000   VSOI =   0.0000   POWR =   0.0000
 NX=2 SURFACE W-S    V RL =   0.0000   R0RL =   0.0000   A RL =   0.0000   R RL =   0.0000   VSOR =   0.0000
                     V IM =  50.5270   R0IM =   1.3400   A IM =   0.6800   R IM =   2.8869   VSOI =   0.0000   POWR =   0.0000
 NX=4 L*S VOLUME     V RL =   0.0000   R0RL =   0.0000   A RL =   0.0000   R RL =   0.0000   VSOR =   0.0000
                     V IM =   0.0000   R0IM =   0.0000   A IM =   0.0000   R IM =   0.0000   VSOI =   0.0000   POWR =   0.0000
0PARTICLE 2*******************************************************************************************************************
 INPUT DATA          ELAB =  11.7589   RC0  =   1.3000   AC   =   0.0000   2*STR=   0.0000
                     MASSP=   1.0000   MASST=  11.0000   Q    =  -3.7210
                     ZP   =   1.0000   ZT   =   4.0000   PNLOC=   1.0000
 
 DERIVED DATA        ECM  =  10.7790   RC   =   2.8912   RHO  =   1.9879
                     K    =   0.6876   ETA  =   0.1837   DR   =   0.0909
0POTENTIAL PARAMETERS
 NX=1 VOLUME  W-S    V RL = -57.0960   R0RL =   1.1700   A RL =   0.7500   R RL =   2.6021   VSOR =   0.0000
                     V IM =  -0.1660   R0IM =   1.3200   A IM =   0.7010   R IM =   2.9357   VSOI =   0.0000   POWR =   0.0000
 NX=2 SURFACE W-S    V RL =   0.0000   R0RL =   0.0000   A RL =   0.0000   R RL =   0.0000   VSOR =   0.0000
                     V IM =  32.8400   R0IM =   1.3200   A IM =   0.7010   R IM =   2.9357   VSOI =   0.0000   POWR =   0.0000
 NX=4 L*S VOLUME     V RL = -24.8000   R0RL =   1.1000   A RL =   0.7500   R RL =   2.4464   VSOR =   0.0000
                     V IM =   0.0000   R0IM =   1.1000   A IM =   0.7500   R IM =   2.4464   VSOI =   0.0000   POWR =   0.0000
110Be(d,p)11Be(3/2- 0.00) Ex=2.00 0p3/2 QG UNBOUND SCAN         0/ 0/ 0
0FORM FACTOR DATA 
0PARTICLE 3*******************************************************************************************************************
 INPUT DATA          ELAB =   1.4960   RC0  =   1.3000   AC   =   0.0000   2*STR=   0.0000
                     MASSP=   1.0000   MASST=  10.0000   Q    =   1.4960
                     ZP   =   0.0000   ZT   =   4.0000   PNLOC=   1.0000
 
 DERIVED DATA        ECM  =   1.4960   RC   =   2.8008   RHO  =   0.7144
                     K    =   0.2551   ETA  =   0.0000   DR   =   0.1000
0POTENTIAL PARAMETERS
 NX=1 VOLUME  W-S    V RL =  -1.0000   R0RL =   1.2500   A RL =   0.6500   R RL =   2.6930   VSOR =  24.0000
                     V IM =   1.1000   R0IM =   0.6500   A IM =   0.0000   R IM =   1.4004   VSOI =   0.0000   POWR =   0.0000
 
                     NODES=   0.0000   L    =   1.0000   2*J  =   3.0000   2*S  =   1.0000   FISW =   0.0000
 
0SINGLE PARTICLE WIDTH = 3.3973E  0  MEV     VOLUME TERM =  9.3776E+00     SURFACE TERM = -5.9250E+00
                     V    =  23.9367   DET  =  -0.0000   NODES=   0.0000   RM   =   3.3500   E    =   1.4960   ITER.=   8
0Non-locality correction is applied, parameter =   2.000
0Non-locality correction is applied, parameter =   1.000
0                    LMAX =  15        NSTEP= 150        NLTR =   1
 Bdwck4 entered
   Subroutine INTEG  entered
0REACSIG 1   1.01878E+02                                             REACSIG 2   8.93534E+01
   Subroutine RADINT entered
110Be(d,p)11Be(3/2- 0.00) Ex=2.00 0p3/2 QG UNBOUND SCAN         0/00/00
0BASIC DATA          DR   =   0.1000   RMIN =   0.0000   RMAX =  15.0000   COUEX=   0.0000     IS1=   0.0000
                     FNRNG=   0.0000   PNLC1=   2.0000   PNLC2=   1.0000   PNLC3=   1.0000     IS2=   0.0000
 ANG MOM TRANSFER    LTR  =   1.       2*JTR=   2.       2*STR=   0.       Q    =  -3.7210
   Subroutine INSIG  entered
0 Theta Inelsig,fm**2      Polz       Asy       Ayy       A22       A21       A20       T22       T21       T20  Theta
   0.00    5.6477E+01    0.0000    0.0000    0.0000    0.0000    0.0000    0.0000    0.0000    0.0000    0.0000   0.00
   1.00    5.6026E+01    0.0000    0.0000    0.0000    0.0000    0.0000    0.0000    0.0000    0.0000    0.0000   1.00
   2.00    5.4691E+01    0.0000    0.0000    0.0000    0.0000    0.0000    0.0000    0.0000    0.0000    0.0000   2.00
   3.00    5.2529E+01    0.0000    0.0000    0.0000    0.0000    0.0000    0.0000    0.0000    0.0000    0.0000   3.00
   4.00    4.9629E+01    0.0000    0.0000    0.0000    0.0000    0.0000    0.0000    0.0000    0.0000    0.0000   4.00
   5.00    4.6110E+01    0.0000    0.0000    0.0000    0.0000    0.0000    0.0000    0.0000    0.0000    0.0000   5.00
   6.00    4.2113E+01    0.0000    0.0000    0.0000    0.0000    0.0000    0.0000    0.0000    0.0000    0.0000   6.00
   7.00    3.7790E+01    0.0000    0.0000    0.0000    0.0000    0.0000    0.0000    0.0000    0.0000    0.0000   7.00
   8.00    3.3302E+01    0.0000    0.0000    0.0000    0.0000    0.0000    0.0000    0.0000    0.0000    0.0000   8.00
   9.00    2.8806E+01    0.0000    0.0000    0.0000    0.0000    0.0000    0.0000    0.0000    0.0000    0.0000   9.00
  10.00    2.4446E+01    0.0000    0.0000    0.0000    0.0000    0.0000    0.0000    0.0000    0.0000    0.0000  10.00
  11.00    2.0349E+01    0.0000    0.0000    0.0000    0.0000    0.0000    0.0000    0.0000    0.0000    0.0000  11.00
  12.00    1.6620E+01    0.0000    0.0000    0.0000    0.0000    0.0000    0.0000    0.0000    0.0000    0.0000  12.00
  13.00    1.3336E+01    0.0000    0.0000    0.0000    0.0000    0.0000    0.0000    0.0000    0.0000    0.0000  13.00
  14.00    1.0543E+01    0.0000    0.0000    0.0000    0.0000    0.0000    0.0000    0.0000    0.0000    0.0000  14.00
  15.00    8.2623E+00    0.0000    0.0000    0.0000    0.0000    0.0000    0.0000    0.0000    0.0000    0.0000  15.00
  16.00    6.4844E+00    0.0000    0.0000    0.0000    0.0000    0.0000    0.0000    0.0000    0.0000    0.0000  16.00
  17.00    5.1785E+00    0.0000    0.0000    0.0000    0.0000    0.0000    0.0000    0.0000    0.0000    0.0000  17.00
  18.00    4.2945E+00    0.0000    0.0000    0.0000    0.0000    0.0000    0.0000    0.0000    0.0000    0.0000  18.00
  19.00    3.7689E+00    0.0000    0.0000    0.0000    0.0000    0.0000    0.0000    0.0000    0.0000    0.0000  19.00
  20.00    3.5303E+00    0.0000    0.0000    0.0000    0.0000    0.0000    0.0000    0.0000    0.0000    0.0000  20.00
  21.00    3.5053E+00    0.0000    0.0000    0.0000    0.0000    0.0000    0.0000    0.0000    0.0000    0.0000  21.00
  22.00    3.6229E+00    0.0000    0.0000    0.0000    0.0000    0.0000    0.0000    0.0000    0.0000    0.0000  22.00
  23.00    3.8187E+00    0.0000    0.0000    0.0000    0.0000    0.0000    0.0000    0.0000    0.0000    0.0000  23.00
  24.00    4.0381E+00    0.0000    0.0000    0.0000    0.0000    0.0000    0.0000    0.0000    0.0000    0.0000  24.00
  25.00    4.2380E+00    0.0000    0.0000    0.0000    0.0000    0.0000    0.0000    0.0000    0.0000    0.0000  25.00
  26.00    4.3873E+00    0.0000    0.0000    0.0000    0.0000    0.0000    0.0000    0.0000    0.0000    0.0000  26.00
  27.00    4.4671E+00    0.0000    0.0000    0.0000    0.0000    0.0000    0.0000    0.0000    0.0000    0.0000  27.00
  28.00    4.4687E+00    0.0000    0.0000    0.0000    0.0000    0.0000    0.0000    0.0000    0.0000    0.0000  28.00
  29.00    4.3927E+00    0.0000    0.0000    0.0000    0.0000    0.0000    0.0000    0.0000    0.0000    0.0000  29.00
  30.00    4.2463E+00    0.0000    0.0000    0.0000    0.0000    0.0000    0.0000    0.0000    0.0000    0.0000  30.00
  31.00    4.0414E+00    0.0000    0.0000    0.0000    0.0000    0.0000    0.0000    0.0000    0.0000    0.0000  31.00
  32.00    3.7922E+00    0.0000    0.0000    0.0000    0.0000    0.0000    0.0000    0.0000    0.0000    0.0000  32.00
  33.00    3.5138E+00    0.0000    0.0000    0.0000    0.0000    0.0000    0.0000    0.0000    0.0000    0.0000  33.00
  34.00    3.2203E+00    0.0000    0.0000    0.0000    0.0000    0.0000    0.0000    0.0000    0.0000    0.0000  34.00
  35.00    2.9241E+00    0.0000    0.0000    0.0000    0.0000    0.0000    0.0000    0.0000    0.0000    0.0000  35.00
  36.00    2.6353E+00    0.0000    0.0000    0.0000    0.0000    0.0000    0.0000    0.0000    0.0000    0.0000  36.00
  37.00    2.3613E+00    0.0000    0.0000    0.0000    0.0000    0.0000    0.0000    0.0000    0.0000    0.0000  37.00
  38.00    2.1073E+00    0.0000    0.0000    0.0000    0.0000    0.0000    0.0000    0.0000    0.0000    0.0000  38.00
  39.00    1.8761E+00    0.0000    0.0000    0.0000    0.0000    0.0000    0.0000    0.0000    0.0000    0.0000  39.00
  40.00    1.6687E+00    0.0000    0.0000    0.0000    0.0000    0.0000    0.0000    0.0000    0.0000    0.0000  40.00
  41.00    1.4852E+00    0.0000    0.0000    0.0000    0.0000    0.0000    0.0000    0.0000    0.0000    0.0000  41.00
  42.00    1.3246E+00    0.0000    0.0000    0.0000    0.0000    0.0000    0.0000    0.0000    0.0000    0.0000  42.00
  43.00    1.1857E+00    0.0000    0.0000    0.0000    0.0000    0.0000    0.0000    0.0000    0.0000    0.0000  43.00
  44.00    1.0667E+00    0.0000    0.0000    0.0000    0.0000    0.0000    0.0000    0.0000    0.0000    0.0000  44.00
  45.00    9.6634E-01    0.0000    0.0000    0.0000    0.0000    0.0000    0.0000    0.0000    0.0000    0.0000  45.00
  46.00    8.8307E-01    0.0000    0.0000    0.0000    0.0000    0.0000    0.0000    0.0000    0.0000    0.0000  46.00
  47.00    8.1561E-01    0.0000    0.0000    0.0000    0.0000    0.0000    0.0000    0.0000    0.0000    0.0000  47.00
  48.00    7.6269E-01    0.0000    0.0000    0.0000    0.0000    0.0000    0.0000    0.0000    0.0000    0.0000  48.00
  49.00    7.2310E-01    0.0000    0.0000    0.0000    0.0000    0.0000    0.0000    0.0000    0.0000    0.0000  49.00
  50.00    6.9558E-01    0.0000    0.0000    0.0000    0.0000    0.0000    0.0000    0.0000    0.0000    0.0000  50.00
  51.00    6.7878E-01    0.0000    0.0000    0.0000    0.0000    0.0000    0.0000    0.0000    0.0000    0.0000  51.00
  52.00    6.7127E-01    0.0000    0.0000    0.0000    0.0000    0.0000    0.0000    0.0000    0.0000    0.0000  52.00
  53.00    6.7149E-01    0.0000    0.0000    0.0000    0.0000    0.0000    0.0000    0.0000    0.0000    0.0000  53.00
  54.00    6.7782E-01    0.0000    0.0000    0.0000    0.0000    0.0000    0.0000    0.0000    0.0000    0.0000  54.00
  55.00    6.8857E-01    0.0000    0.0000    0.0000    0.0000    0.0000    0.0000    0.0000    0.0000    0.0000  55.00
  56.00    7.0203E-01    0.0000    0.0000    0.0000    0.0000    0.0000    0.0000    0.0000    0.0000    0.0000  56.00
  57.00    7.1656E-01    0.0000    0.0000    0.0000    0.0000    0.0000    0.0000    0.0000    0.0000    0.0000  57.00
  58.00    7.3060E-01    0.0000    0.0000    0.0000    0.0000    0.0000    0.0000    0.0000    0.0000    0.0000  58.00
  59.00    7.4273E-01    0.0000    0.0000    0.0000    0.0000    0.0000    0.0000    0.0000    0.0000    0.0000  59.00
  60.00    7.5171E-01    0.0000    0.0000    0.0000    0.0000    0.0000    0.0000    0.0000    0.0000    0.0000  60.00
0Tot-sig   1.3743E+01
1Inelastic  10Be(d,p)11Be(3/2- 0.00) Ex=2.00 0p3/2 QG UNBOUND SCAN         0/00/00
    THETA  -1                                0                                1                                2   THETA cos(theta)
     0.00  |++++++++++++++++++++++++++++++++|++++++++++++++++++++++++++++++++|++++++++++++++++++++++++*+++++++|+    0.00    1.0000
     1.00  +                                                                                          *        +    1.00    0.9998
     2.00  +                                                                                         *         +    2.00    0.9994
     3.00  +                                                                                         *         +    3.00    0.9986
     4.00  +                                                                                        *          +    4.00    0.9976
     5.00  +                                                                                       *           +    5.00    0.9962
     6.00  +                                                                                      *            +    6.00    0.9945
     7.00  +                                                                                    *              +    7.00    0.9925
     8.00  +                                                                                  *                +    8.00    0.9903
     9.00  +                                                                                *                  +    9.00    0.9877
    10.00  +                                                                              *                    +   10.00    0.9848
    11.00  +                                                                           *                       +   11.00    0.9816
    12.00  +                                                                        *                          +   12.00    0.9781
    13.00  +                                                                     *                             +   13.00    0.9744
    14.00  +                                                                  *                                +   14.00    0.9703
    15.00  +                                                              *                                    +   15.00    0.9659
    16.00  +                                                           *                                       +   16.00    0.9613
    17.00  +                                                        *                                          +   17.00    0.9563
    18.00  +                                                     *                                             +   18.00    0.9511
    19.00  +                                                   *                                               +   19.00    0.9455
    20.00  +                                                  *                                                +   20.00    0.9397
    21.00  +                                                  *                                                +   21.00    0.9336
    22.00  +                                                  *                                                +   22.00    0.9272
    23.00  +                                                   *                                               +   23.00    0.9205
    24.00  +                                                    *                                              +   24.00    0.9135
    25.00  +                                                     *                                             +   25.00    0.9063
    26.00  +                                                     *                                             +   26.00    0.8988
    27.00  +                                                     *                                             +   27.00    0.8910
    28.00  +                                                     *                                             +   28.00    0.8829
    29.00  +                                                     *                                             +   29.00    0.8746
    30.00  +                                                     *                                             +   30.00    0.8660
    31.00  +                                                    *                                              +   31.00    0.8572
    32.00  +                                                   *                                               +   32.00    0.8480
    33.00  +                                                  *                                                +   33.00    0.8387
    34.00  +                                                 *                                                 +   34.00    0.8290
    35.00  +                                               *                                                   +   35.00    0.8192
    36.00  +                                              *                                                    +   36.00    0.8090
    37.00  +                                            *                                                      +   37.00    0.7986
    38.00  +                                           *                                                       +   38.00    0.7880
    39.00  +                                         *                                                         +   39.00    0.7771
    40.00  +                                       *                                                           +   40.00    0.7660
    41.00  +                                      *                                                            +   41.00    0.7547
    42.00  +                                    *                                                              +   42.00    0.7431
    43.00  +                                  *                                                                +   43.00    0.7314
    44.00  +                                 *                                                                 +   44.00    0.7193
    45.00  +                                *                                                                  +   45.00    0.7071
    46.00  +                              *                                                                    +   46.00    0.6947
    47.00  +                             *                                                                     +   47.00    0.6820
    48.00  +                            *                                                                      +   48.00    0.6691
    49.00  +                           *                                                                       +   49.00    0.6561
    50.00  +                           *                                                                       +   50.00    0.6428
    51.00  +                          *                                                                        +   51.00    0.6293
    52.00  +                          *                                                                        +   52.00    0.6157
    53.00  +                          *                                                                        +   53.00    0.6018
    54.00  +                          *                                                                        +   54.00    0.5878
    55.00  +                           *                                                                       +   55.00    0.5736
    56.00  +                           *                                                                       +   56.00    0.5592
    57.00  +                           *                                                                       +   57.00    0.5446
    58.00  +                            *                                                                      +   58.00    0.5299
    59.00  +                            *                                                                      +   59.00    0.5150
    60.00  |++++++++++++++++++++++++++++*+++|++++++++++++++++++++++++++++++++|++++++++++++++++++++++++++++++++|+   60.00    0.5000
    THETA  -1                                0                                1                                2   THETA cos(theta)
1DWUCK4-DISTORTED WAVES U.COLORADO- PC-VERSION  12/Jan /1995
 Elapsed time in seconds =   0.00
 Elapsed time in seconds =   0.00
0CONTROL INTEGERS
  1 2 3 4 5 6 7 8 9 A B C D E F G H I J K    RUN IDENTIFICATION                                             0/00/00   0.00.00
  1 0 1 1 0 0 0 0 3 0 0 0 0 0 0 0 0 0 0 0    10Be(d,p)11Be(3/2- 0.00) Ex=2.20 0p3/2 QG UNBOUND SCAN      
 10Be(d,p)11Be(3/2- 0.00) Ex=2.20 0p3/2 QG UNBOUND SCAN      
 Adwck4 entered
0ANGLE DATA          THETN=  61.0000   THET1=   0.0000   DTHET=   1.0000   A-ANG=   0.0000   B-ANG=   0.0000
0CARD SET 3 DATA     LMAX =  15          LTR=   1
                     NLTR =   1        2*JTR=   3
0CARD SET 4 DATA     DRF  =   0.1000   RZ   =   0.0000   RMAX = -15.0000   VCE  =   0.0000   FNRNG=   0.0000
 PARTICLE DATA 
0PARTICLE 1*******************************************************************************************************************
 INPUT DATA          ELAB =  17.4000   RC0  =   1.1500   AC   =   0.0000   2*STR=   0.0000
                     MASSP=   2.0000   MASST=  10.0000   Q    =   0.0000
                     ZP   =   1.0000   ZT   =   4.0000   PNLOC=   2.0000
 
 DERIVED DATA        ECM  =  14.5000   RC   =   2.4776   RHO  =   2.6641
                     K    =   1.0753   ETA  =   0.2136   DR   =   0.1000
0POTENTIAL PARAMETERS
 NX=1 VOLUME  W-S    V RL = -80.8850   R0RL =   1.1500   A RL =   0.8100   R RL =   2.4776   VSOR =   0.0000
                     V IM =   0.0000   R0IM =   0.0000   A IM =   0.0000   R IM =   0.0000   VSOI =   0.0000   POWR =   0.0000
 NX=2 SURFACE W-S    V RL =   0.0000   R0RL =   0.0000   A RL =   0.0000   R RL =   0.0000   VSOR =   0.0000
                     V IM =  50.5270   R0IM =   1.3400   A IM =   0.6800   R IM =   2.8869   VSOI =   0.0000   POWR =   0.0000
 NX=4 L*S VOLUME     V RL =   0.0000   R0RL =   0.0000   A RL =   0.0000   R RL =   0.0000   VSOR =   0.0000
                     V IM =   0.0000   R0IM =   0.0000   A IM =   0.0000   R IM =   0.0000   VSOI =   0.0000   POWR =   0.0000
0PARTICLE 2*******************************************************************************************************************
 INPUT DATA          ELAB =  11.5407   RC0  =   1.3000   AC   =   0.0000   2*STR=   0.0000
                     MASSP=   1.0000   MASST=  11.0000   Q    =  -3.9210
                     ZP   =   1.0000   ZT   =   4.0000   PNLOC=   1.0000
 
 DERIVED DATA        ECM  =  10.5790   RC   =   2.8912   RHO  =   1.9693
                     K    =   0.6812   ETA  =   0.1854   DR   =   0.0909
0POTENTIAL PARAMETERS
 NX=1 VOLUME  W-S    V RL = -57.0960   R0RL =   1.1700   A RL =   0.7500   R RL =   2.6021   VSOR =   0.0000
                     V IM =  -0.1660   R0IM =   1.3200   A IM =   0.7010   R IM =   2.9357   VSOI =   0.0000   POWR =   0.0000
 NX=2 SURFACE W-S    V RL =   0.0000   R0RL =   0.0000   A RL =   0.0000   R RL =   0.0000   VSOR =   0.0000
                     V IM =  32.8400   R0IM =   1.3200   A IM =   0.7010   R IM =   2.9357   VSOI =   0.0000   POWR =   0.0000
 NX=4 L*S VOLUME     V RL = -24.8000   R0RL =   1.1000   A RL =   0.7500   R RL =   2.4464   VSOR =   0.0000
                     V IM =   0.0000   R0IM =   1.1000   A IM =   0.7500   R IM =   2.4464   VSOI =   0.0000   POWR =   0.0000
110Be(d,p)11Be(3/2- 0.00) Ex=2.20 0p3/2 QG UNBOUND SCAN         0/ 0/ 0
0FORM FACTOR DATA 
0PARTICLE 3*******************************************************************************************************************
 INPUT DATA          ELAB =   1.6960   RC0  =   1.3000   AC   =   0.0000   2*STR=   0.0000
                     MASSP=   1.0000   MASST=  10.0000   Q    =   1.6960
                     ZP   =   0.0000   ZT   =   4.0000   PNLOC=   1.0000
 
 DERIVED DATA        ECM  =   1.6960   RC   =   2.8008   RHO  =   0.7607
                     K    =   0.2716   ETA  =   0.0000   DR   =   0.1000
0POTENTIAL PARAMETERS
 NX=1 VOLUME  W-S    V RL =  -1.0000   R0RL =   1.2500   A RL =   0.6500   R RL =   2.6930   VSOR =  24.0000
                     V IM =   1.1000   R0IM =   0.6500   A IM =   0.0000   R IM =   1.4004   VSOI =   0.0000   POWR =   0.0000
 
                     NODES=   0.0000   L    =   1.0000   2*J  =   3.0000   2*S  =   1.0000   FISW =   0.0000
 
0SINGLE PARTICLE WIDTH = 4.5013E  0  MEV     VOLUME TERM =  9.0727E+00     SURFACE TERM = -6.2982E+00
                     V    =  23.5847   DET  =  -0.0000   NODES=   0.0000   RM   =   3.3500   E    =   1.6960   ITER.=   8
0Non-locality correction is applied, parameter =   2.000
0Non-locality correction is applied, parameter =   1.000
0                    LMAX =  15        NSTEP= 150        NLTR =   1
 Bdwck4 entered
   Subroutine INTEG  entered
0REACSIG 1   1.01878E+02                                             REACSIG 2   8.96231E+01
   Subroutine RADINT entered
110Be(d,p)11Be(3/2- 0.00) Ex=2.20 0p3/2 QG UNBOUND SCAN         0/00/00
0BASIC DATA          DR   =   0.1000   RMIN =   0.0000   RMAX =  15.0000   COUEX=   0.0000     IS1=   0.0000
                     FNRNG=   0.0000   PNLC1=   2.0000   PNLC2=   1.0000   PNLC3=   1.0000     IS2=   0.0000
 ANG MOM TRANSFER    LTR  =   1.       2*JTR=   2.       2*STR=   0.       Q    =  -3.9210
   Subroutine INSIG  entered
0 Theta Inelsig,fm**2      Polz       Asy       Ayy       A22       A21       A20       T22       T21       T20  Theta
   0.00    9.6450E+01    0.0000    0.0000    0.0000    0.0000    0.0000    0.0000    0.0000    0.0000    0.0000   0.00
   1.00    9.5738E+01    0.0000    0.0000    0.0000    0.0000    0.0000    0.0000    0.0000    0.0000    0.0000   1.00
   2.00    9.3626E+01    0.0000    0.0000    0.0000    0.0000    0.0000    0.0000    0.0000    0.0000    0.0000   2.00
   3.00    9.0192E+01    0.0000    0.0000    0.0000    0.0000    0.0000    0.0000    0.0000    0.0000    0.0000   3.00
   4.00    8.5560E+01    0.0000    0.0000    0.0000    0.0000    0.0000    0.0000    0.0000    0.0000    0.0000   4.00
   5.00    7.9896E+01    0.0000    0.0000    0.0000    0.0000    0.0000    0.0000    0.0000    0.0000    0.0000   5.00
   6.00    7.3402E+01    0.0000    0.0000    0.0000    0.0000    0.0000    0.0000    0.0000    0.0000    0.0000   6.00
   7.00    6.6301E+01    0.0000    0.0000    0.0000    0.0000    0.0000    0.0000    0.0000    0.0000    0.0000   7.00
   8.00    5.8834E+01    0.0000    0.0000    0.0000    0.0000    0.0000    0.0000    0.0000    0.0000    0.0000   8.00
   9.00    5.1245E+01    0.0000    0.0000    0.0000    0.0000    0.0000    0.0000    0.0000    0.0000    0.0000   9.00
  10.00    4.3770E+01    0.0000    0.0000    0.0000    0.0000    0.0000    0.0000    0.0000    0.0000    0.0000  10.00
  11.00    3.6625E+01    0.0000    0.0000    0.0000    0.0000    0.0000    0.0000    0.0000    0.0000    0.0000  11.00
  12.00    2.9999E+01    0.0000    0.0000    0.0000    0.0000    0.0000    0.0000    0.0000    0.0000    0.0000  12.00
  13.00    2.4047E+01    0.0000    0.0000    0.0000    0.0000    0.0000    0.0000    0.0000    0.0000    0.0000  13.00
  14.00    1.8879E+01    0.0000    0.0000    0.0000    0.0000    0.0000    0.0000    0.0000    0.0000    0.0000  14.00
  15.00    1.4563E+01    0.0000    0.0000    0.0000    0.0000    0.0000    0.0000    0.0000    0.0000    0.0000  15.00
  16.00    1.1120E+01    0.0000    0.0000    0.0000    0.0000    0.0000    0.0000    0.0000    0.0000    0.0000  16.00
  17.00    8.5292E+00    0.0000    0.0000    0.0000    0.0000    0.0000    0.0000    0.0000    0.0000    0.0000  17.00
  18.00    6.7318E+00    0.0000    0.0000    0.0000    0.0000    0.0000    0.0000    0.0000    0.0000    0.0000  18.00
  19.00    5.6375E+00    0.0000    0.0000    0.0000    0.0000    0.0000    0.0000    0.0000    0.0000    0.0000  19.00
  20.00    5.1335E+00    0.0000    0.0000    0.0000    0.0000    0.0000    0.0000    0.0000    0.0000    0.0000  20.00
  21.00    5.0929E+00    0.0000    0.0000    0.0000    0.0000    0.0000    0.0000    0.0000    0.0000    0.0000  21.00
  22.00    5.3846E+00    0.0000    0.0000    0.0000    0.0000    0.0000    0.0000    0.0000    0.0000    0.0000  22.00
  23.00    5.8817E+00    0.0000    0.0000    0.0000    0.0000    0.0000    0.0000    0.0000    0.0000    0.0000  23.00
  24.00    6.4685E+00    0.0000    0.0000    0.0000    0.0000    0.0000    0.0000    0.0000    0.0000    0.0000  24.00
  25.00    7.0466E+00    0.0000    0.0000    0.0000    0.0000    0.0000    0.0000    0.0000    0.0000    0.0000  25.00
  26.00    7.5387E+00    0.0000    0.0000    0.0000    0.0000    0.0000    0.0000    0.0000    0.0000    0.0000  26.00
  27.00    7.8902E+00    0.0000    0.0000    0.0000    0.0000    0.0000    0.0000    0.0000    0.0000    0.0000  27.00
  28.00    8.0689E+00    0.0000    0.0000    0.0000    0.0000    0.0000    0.0000    0.0000    0.0000    0.0000  28.00
  29.00    8.0635E+00    0.0000    0.0000    0.0000    0.0000    0.0000    0.0000    0.0000    0.0000    0.0000  29.00
  30.00    7.8805E+00    0.0000    0.0000    0.0000    0.0000    0.0000    0.0000    0.0000    0.0000    0.0000  30.00
  31.00    7.5398E+00    0.0000    0.0000    0.0000    0.0000    0.0000    0.0000    0.0000    0.0000    0.0000  31.00
  32.00    7.0708E+00    0.0000    0.0000    0.0000    0.0000    0.0000    0.0000    0.0000    0.0000    0.0000  32.00
  33.00    6.5080E+00    0.0000    0.0000    0.0000    0.0000    0.0000    0.0000    0.0000    0.0000    0.0000  33.00
  34.00    5.8870E+00    0.0000    0.0000    0.0000    0.0000    0.0000    0.0000    0.0000    0.0000    0.0000  34.00
  35.00    5.2415E+00    0.0000    0.0000    0.0000    0.0000    0.0000    0.0000    0.0000    0.0000    0.0000  35.00
  36.00    4.6008E+00    0.0000    0.0000    0.0000    0.0000    0.0000    0.0000    0.0000    0.0000    0.0000  36.00
  37.00    3.9885E+00    0.0000    0.0000    0.0000    0.0000    0.0000    0.0000    0.0000    0.0000    0.0000  37.00
  38.00    3.4218E+00    0.0000    0.0000    0.0000    0.0000    0.0000    0.0000    0.0000    0.0000    0.0000  38.00
  39.00    2.9116E+00    0.0000    0.0000    0.0000    0.0000    0.0000    0.0000    0.0000    0.0000    0.0000  39.00
  40.00    2.4631E+00    0.0000    0.0000    0.0000    0.0000    0.0000    0.0000    0.0000    0.0000    0.0000  40.00
  41.00    2.0770E+00    0.0000    0.0000    0.0000    0.0000    0.0000    0.0000    0.0000    0.0000    0.0000  41.00
  42.00    1.7503E+00    0.0000    0.0000    0.0000    0.0000    0.0000    0.0000    0.0000    0.0000    0.0000  42.00
  43.00    1.4782E+00    0.0000    0.0000    0.0000    0.0000    0.0000    0.0000    0.0000    0.0000    0.0000  43.00
  44.00    1.2543E+00    0.0000    0.0000    0.0000    0.0000    0.0000    0.0000    0.0000    0.0000    0.0000  44.00
  45.00    1.0723E+00    0.0000    0.0000    0.0000    0.0000    0.0000    0.0000    0.0000    0.0000    0.0000  45.00
  46.00    9.2590E-01    0.0000    0.0000    0.0000    0.0000    0.0000    0.0000    0.0000    0.0000    0.0000  46.00
  47.00    8.0988E-01    0.0000    0.0000    0.0000    0.0000    0.0000    0.0000    0.0000    0.0000    0.0000  47.00
  48.00    7.1977E-01    0.0000    0.0000    0.0000    0.0000    0.0000    0.0000    0.0000    0.0000    0.0000  48.00
  49.00    6.5207E-01    0.0000    0.0000    0.0000    0.0000    0.0000    0.0000    0.0000    0.0000    0.0000  49.00
  50.00    6.0404E-01    0.0000    0.0000    0.0000    0.0000    0.0000    0.0000    0.0000    0.0000    0.0000  50.00
  51.00    5.7349E-01    0.0000    0.0000    0.0000    0.0000    0.0000    0.0000    0.0000    0.0000    0.0000  51.00
  52.00    5.5861E-01    0.0000    0.0000    0.0000    0.0000    0.0000    0.0000    0.0000    0.0000    0.0000  52.00
  53.00    5.5768E-01    0.0000    0.0000    0.0000    0.0000    0.0000    0.0000    0.0000    0.0000    0.0000  53.00
  54.00    5.6895E-01    0.0000    0.0000    0.0000    0.0000    0.0000    0.0000    0.0000    0.0000    0.0000  54.00
  55.00    5.9051E-01    0.0000    0.0000    0.0000    0.0000    0.0000    0.0000    0.0000    0.0000    0.0000  55.00
  56.00    6.2025E-01    0.0000    0.0000    0.0000    0.0000    0.0000    0.0000    0.0000    0.0000    0.0000  56.00
  57.00    6.5584E-01    0.0000    0.0000    0.0000    0.0000    0.0000    0.0000    0.0000    0.0000    0.0000  57.00
  58.00    6.9484E-01    0.0000    0.0000    0.0000    0.0000    0.0000    0.0000    0.0000    0.0000    0.0000  58.00
  59.00    7.3472E-01    0.0000    0.0000    0.0000    0.0000    0.0000    0.0000    0.0000    0.0000    0.0000  59.00
  60.00    7.7300E-01    0.0000    0.0000    0.0000    0.0000    0.0000    0.0000    0.0000    0.0000    0.0000  60.00
0Tot-sig   2.1894E+01
1Inelastic  10Be(d,p)11Be(3/2- 0.00) Ex=2.20 0p3/2 QG UNBOUND SCAN         0/00/00
    THETA  -1                                0                                1                                2   THETA cos(theta)
     0.00  |++++++++++++++++++++++++++++++++|++++++++++++++++++++++++++++++++|+++++++++++++++++++++++++++++++*|+    0.00    1.0000
     1.00  +                                                                                                 * +    1.00    0.9998
     2.00  +                                                                                                 * +    2.00    0.9994
     3.00  +                                                                                                 * +    3.00    0.9986
     4.00  +                                                                                                *  +    4.00    0.9976
     5.00  +                                                                                               *   +    5.00    0.9962
     6.00  +                                                                                              *    +    6.00    0.9945
     7.00  +                                                                                            *      +    7.00    0.9925
     8.00  +                                                                                          *        +    8.00    0.9903
     9.00  +                                                                                        *          +    9.00    0.9877
    10.00  +                                                                                      *            +   10.00    0.9848
    11.00  +                                                                                    *              +   11.00    0.9816
    12.00  +                                                                                 *                 +   12.00    0.9781
    13.00  +                                                                              *                    +   13.00    0.9744
    14.00  +                                                                          *                        +   14.00    0.9703
    15.00  +                                                                      *                            +   15.00    0.9659
    16.00  +                                                                   *                               +   16.00    0.9613
    17.00  +                                                               *                                   +   17.00    0.9563
    18.00  +                                                           *                                       +   18.00    0.9511
    19.00  +                                                         *                                         +   19.00    0.9455
    20.00  +                                                       *                                           +   20.00    0.9397
    21.00  +                                                       *                                           +   21.00    0.9336
    22.00  +                                                        *                                          +   22.00    0.9272
    23.00  +                                                         *                                         +   23.00    0.9205
    24.00  +                                                           *                                       +   24.00    0.9135
    25.00  +                                                            *                                      +   25.00    0.9063
    26.00  +                                                             *                                     +   26.00    0.8988
    27.00  +                                                              *                                    +   27.00    0.8910
    28.00  +                                                              *                                    +   28.00    0.8829
    29.00  +                                                              *                                    +   29.00    0.8746
    30.00  +                                                              *                                    +   30.00    0.8660
    31.00  +                                                             *                                     +   31.00    0.8572
    32.00  +                                                            *                                      +   32.00    0.8480
    33.00  +                                                           *                                       +   33.00    0.8387
    34.00  +                                                         *                                         +   34.00    0.8290
    35.00  +                                                        *                                          +   35.00    0.8192
    36.00  +                                                      *                                            +   36.00    0.8090
    37.00  +                                                    *                                              +   37.00    0.7986
    38.00  +                                                  *                                                +   38.00    0.7880
    39.00  +                                               *                                                   +   39.00    0.7771
    40.00  +                                             *                                                     +   40.00    0.7660
    41.00  +                                          *                                                        +   41.00    0.7547
    42.00  +                                        *                                                          +   42.00    0.7431
    43.00  +                                      *                                                            +   43.00    0.7314
    44.00  +                                   *                                                               +   44.00    0.7193
    45.00  +                                 *                                                                 +   45.00    0.7071
    46.00  +                               *                                                                   +   46.00    0.6947
    47.00  +                             *                                                                     +   47.00    0.6820
    48.00  +                           *                                                                       +   48.00    0.6691
    49.00  +                          *                                                                        +   49.00    0.6561
    50.00  +                         *                                                                         +   50.00    0.6428
    51.00  +                        *                                                                          +   51.00    0.6293
    52.00  +                        *                                                                          +   52.00    0.6157
    53.00  +                        *                                                                          +   53.00    0.6018
    54.00  +                        *                                                                          +   54.00    0.5878
    55.00  +                        *                                                                          +   55.00    0.5736
    56.00  +                         *                                                                         +   56.00    0.5592
    57.00  +                          *                                                                        +   57.00    0.5446
    58.00  +                           *                                                                       +   58.00    0.5299
    59.00  +                            *                                                                      +   59.00    0.5150
    60.00  |++++++++++++++++++++++++++++*+++|++++++++++++++++++++++++++++++++|++++++++++++++++++++++++++++++++|+   60.00    0.5000
    THETA  -1                                0                                1                                2   THETA cos(theta)
1DWUCK4-DISTORTED WAVES U.COLORADO- PC-VERSION  12/Jan /1995
 Elapsed time in seconds =   0.00
 Elapsed time in seconds =   0.00
0CONTROL INTEGERS
  1 2 3 4 5 6 7 8 9 A B C D E F G H I J K    RUN IDENTIFICATION                                             0/00/00   0.00.00
  1 0 1 1 0 0 0 0 3 0 0 0 0 0 0 0 0 0 0 0    10Be(d,p)11Be(3/2- 0.00) Ex=2.40 0p3/2 QG UNBOUND SCAN      
 10Be(d,p)11Be(3/2- 0.00) Ex=2.40 0p3/2 QG UNBOUND SCAN      
 Adwck4 entered
0ANGLE DATA          THETN=  61.0000   THET1=   0.0000   DTHET=   1.0000   A-ANG=   0.0000   B-ANG=   0.0000
0CARD SET 3 DATA     LMAX =  15          LTR=   1
                     NLTR =   1        2*JTR=   3
0CARD SET 4 DATA     DRF  =   0.1000   RZ   =   0.0000   RMAX = -15.0000   VCE  =   0.0000   FNRNG=   0.0000
 PARTICLE DATA 
0PARTICLE 1*******************************************************************************************************************
 INPUT DATA          ELAB =  17.4000   RC0  =   1.1500   AC   =   0.0000   2*STR=   0.0000
                     MASSP=   2.0000   MASST=  10.0000   Q    =   0.0000
                     ZP   =   1.0000   ZT   =   4.0000   PNLOC=   2.0000
 
 DERIVED DATA        ECM  =  14.5000   RC   =   2.4776   RHO  =   2.6641
                     K    =   1.0753   ETA  =   0.2136   DR   =   0.1000
0POTENTIAL PARAMETERS
 NX=1 VOLUME  W-S    V RL = -80.8850   R0RL =   1.1500   A RL =   0.8100   R RL =   2.4776   VSOR =   0.0000
                     V IM =   0.0000   R0IM =   0.0000   A IM =   0.0000   R IM =   0.0000   VSOI =   0.0000   POWR =   0.0000
 NX=2 SURFACE W-S    V RL =   0.0000   R0RL =   0.0000   A RL =   0.0000   R RL =   0.0000   VSOR =   0.0000
                     V IM =  50.5270   R0IM =   1.3400   A IM =   0.6800   R IM =   2.8869   VSOI =   0.0000   POWR =   0.0000
 NX=4 L*S VOLUME     V RL =   0.0000   R0RL =   0.0000   A RL =   0.0000   R RL =   0.0000   VSOR =   0.0000
                     V IM =   0.0000   R0IM =   0.0000   A IM =   0.0000   R IM =   0.0000   VSOI =   0.0000   POWR =   0.0000
0PARTICLE 2*******************************************************************************************************************
 INPUT DATA          ELAB =  11.3225   RC0  =   1.3000   AC   =   0.0000   2*STR=   0.0000
                     MASSP=   1.0000   MASST=  11.0000   Q    =  -4.1210
                     ZP   =   1.0000   ZT   =   4.0000   PNLOC=   1.0000
 
 DERIVED DATA        ECM  =  10.3790   RC   =   2.8912   RHO  =   1.9506
                     K    =   0.6747   ETA  =   0.1872   DR   =   0.0909
0POTENTIAL PARAMETERS
 NX=1 VOLUME  W-S    V RL = -57.0960   R0RL =   1.1700   A RL =   0.7500   R RL =   2.6021   VSOR =   0.0000
                     V IM =  -0.1660   R0IM =   1.3200   A IM =   0.7010   R IM =   2.9357   VSOI =   0.0000   POWR =   0.0000
 NX=2 SURFACE W-S    V RL =   0.0000   R0RL =   0.0000   A RL =   0.0000   R RL =   0.0000   VSOR =   0.0000
                     V IM =  32.8400   R0IM =   1.3200   A IM =   0.7010   R IM =   2.9357   VSOI =   0.0000   POWR =   0.0000
 NX=4 L*S VOLUME     V RL = -24.8000   R0RL =   1.1000   A RL =   0.7500   R RL =   2.4464   VSOR =   0.0000
                     V IM =   0.0000   R0IM =   1.1000   A IM =   0.7500   R IM =   2.4464   VSOI =   0.0000   POWR =   0.0000
110Be(d,p)11Be(3/2- 0.00) Ex=2.40 0p3/2 QG UNBOUND SCAN         0/ 0/ 0
0FORM FACTOR DATA 
0PARTICLE 3*******************************************************************************************************************
 INPUT DATA          ELAB =   1.8960   RC0  =   1.3000   AC   =   0.0000   2*STR=   0.0000
                     MASSP=   1.0000   MASST=  10.0000   Q    =   1.8960
                     ZP   =   0.0000   ZT   =   4.0000   PNLOC=   1.0000
 
 DERIVED DATA        ECM  =   1.8960   RC   =   2.8008   RHO  =   0.8043
                     K    =   0.2872   ETA  =   0.0000   DR   =   0.1000
0POTENTIAL PARAMETERS
 NX=1 VOLUME  W-S    V RL =  -1.0000   R0RL =   1.2500   A RL =   0.6500   R RL =   2.6930   VSOR =  24.0000
                     V IM =   1.1000   R0IM =   0.6500   A IM =   0.0000   R IM =   1.4004   VSOI =   0.0000   POWR =   0.0000
 
                     NODES=   0.0000   L    =   1.0000   2*J  =   3.0000   2*S  =   1.0000   FISW =   0.0000
 
0SINGLE PARTICLE WIDTH = 5.8797E  0  MEV     VOLUME TERM =  8.9901E+00     SURFACE TERM = -6.7443E+00
                     V    =  23.2803   DET  =  -0.0000   NODES=   0.0000   RM   =   3.3500   E    =   1.8960   ITER.=   8
0Non-locality correction is applied, parameter =   2.000
0Non-locality correction is applied, parameter =   1.000
0                    LMAX =  15        NSTEP= 150        NLTR =   1
 Bdwck4 entered
   Subroutine INTEG  entered
0REACSIG 1   1.01878E+02                                             REACSIG 2   8.98950E+01
   Subroutine RADINT entered
110Be(d,p)11Be(3/2- 0.00) Ex=2.40 0p3/2 QG UNBOUND SCAN         0/00/00
0BASIC DATA          DR   =   0.1000   RMIN =   0.0000   RMAX =  15.0000   COUEX=   0.0000     IS1=   0.0000
                     FNRNG=   0.0000   PNLC1=   2.0000   PNLC2=   1.0000   PNLC3=   1.0000     IS2=   0.0000
 ANG MOM TRANSFER    LTR  =   1.       2*JTR=   2.       2*STR=   0.       Q    =  -4.1210
   Subroutine INSIG  entered
0 Theta Inelsig,fm**2      Polz       Asy       Ayy       A22       A21       A20       T22       T21       T20  Theta
   0.00    1.4747E+02    0.0000    0.0000    0.0000    0.0000    0.0000    0.0000    0.0000    0.0000    0.0000   0.00
   1.00    1.4655E+02    0.0000    0.0000    0.0000    0.0000    0.0000    0.0000    0.0000    0.0000    0.0000   1.00
   2.00    1.4380E+02    0.0000    0.0000    0.0000    0.0000    0.0000    0.0000    0.0000    0.0000    0.0000   2.00
   3.00    1.3930E+02    0.0000    0.0000    0.0000    0.0000    0.0000    0.0000    0.0000    0.0000    0.0000   3.00
   4.00    1.3317E+02    0.0000    0.0000    0.0000    0.0000    0.0000    0.0000    0.0000    0.0000    0.0000   4.00
   5.00    1.2558E+02    0.0000    0.0000    0.0000    0.0000    0.0000    0.0000    0.0000    0.0000    0.0000   5.00
   6.00    1.1674E+02    0.0000    0.0000    0.0000    0.0000    0.0000    0.0000    0.0000    0.0000    0.0000   6.00
   7.00    1.0689E+02    0.0000    0.0000    0.0000    0.0000    0.0000    0.0000    0.0000    0.0000    0.0000   7.00
   8.00    9.6308E+01    0.0000    0.0000    0.0000    0.0000    0.0000    0.0000    0.0000    0.0000    0.0000   8.00
   9.00    8.5301E+01    0.0000    0.0000    0.0000    0.0000    0.0000    0.0000    0.0000    0.0000    0.0000   9.00
  10.00    7.4174E+01    0.0000    0.0000    0.0000    0.0000    0.0000    0.0000    0.0000    0.0000    0.0000  10.00
  11.00    6.3235E+01    0.0000    0.0000    0.0000    0.0000    0.0000    0.0000    0.0000    0.0000    0.0000  11.00
  12.00    5.2777E+01    0.0000    0.0000    0.0000    0.0000    0.0000    0.0000    0.0000    0.0000    0.0000  12.00
  13.00    4.3066E+01    0.0000    0.0000    0.0000    0.0000    0.0000    0.0000    0.0000    0.0000    0.0000  13.00
  14.00    3.4326E+01    0.0000    0.0000    0.0000    0.0000    0.0000    0.0000    0.0000    0.0000    0.0000  14.00
  15.00    2.6731E+01    0.0000    0.0000    0.0000    0.0000    0.0000    0.0000    0.0000    0.0000    0.0000  15.00
  16.00    2.0397E+01    0.0000    0.0000    0.0000    0.0000    0.0000    0.0000    0.0000    0.0000    0.0000  16.00
  17.00    1.5374E+01    0.0000    0.0000    0.0000    0.0000    0.0000    0.0000    0.0000    0.0000    0.0000  17.00
  18.00    1.1651E+01    0.0000    0.0000    0.0000    0.0000    0.0000    0.0000    0.0000    0.0000    0.0000  18.00
  19.00    9.1555E+00    0.0000    0.0000    0.0000    0.0000    0.0000    0.0000    0.0000    0.0000    0.0000  19.00
  20.00    7.7629E+00    0.0000    0.0000    0.0000    0.0000    0.0000    0.0000    0.0000    0.0000    0.0000  20.00
  21.00    7.3064E+00    0.0000    0.0000    0.0000    0.0000    0.0000    0.0000    0.0000    0.0000    0.0000  21.00
  22.00    7.5905E+00    0.0000    0.0000    0.0000    0.0000    0.0000    0.0000    0.0000    0.0000    0.0000  22.00
  23.00    8.4054E+00    0.0000    0.0000    0.0000    0.0000    0.0000    0.0000    0.0000    0.0000    0.0000  23.00
  24.00    9.5412E+00    0.0000    0.0000    0.0000    0.0000    0.0000    0.0000    0.0000    0.0000    0.0000  24.00
  25.00    1.0801E+01    0.0000    0.0000    0.0000    0.0000    0.0000    0.0000    0.0000    0.0000    0.0000  25.00
  26.00    1.2014E+01    0.0000    0.0000    0.0000    0.0000    0.0000    0.0000    0.0000    0.0000    0.0000  26.00
  27.00    1.3040E+01    0.0000    0.0000    0.0000    0.0000    0.0000    0.0000    0.0000    0.0000    0.0000  27.00
  28.00    1.3779E+01    0.0000    0.0000    0.0000    0.0000    0.0000    0.0000    0.0000    0.0000    0.0000  28.00
  29.00    1.4169E+01    0.0000    0.0000    0.0000    0.0000    0.0000    0.0000    0.0000    0.0000    0.0000  29.00
  30.00    1.4189E+01    0.0000    0.0000    0.0000    0.0000    0.0000    0.0000    0.0000    0.0000    0.0000  30.00
  31.00    1.3850E+01    0.0000    0.0000    0.0000    0.0000    0.0000    0.0000    0.0000    0.0000    0.0000  31.00
  32.00    1.3190E+01    0.0000    0.0000    0.0000    0.0000    0.0000    0.0000    0.0000    0.0000    0.0000  32.00
  33.00    1.2268E+01    0.0000    0.0000    0.0000    0.0000    0.0000    0.0000    0.0000    0.0000    0.0000  33.00
  34.00    1.1154E+01    0.0000    0.0000    0.0000    0.0000    0.0000    0.0000    0.0000    0.0000    0.0000  34.00
  35.00    9.9225E+00    0.0000    0.0000    0.0000    0.0000    0.0000    0.0000    0.0000    0.0000    0.0000  35.00
  36.00    8.6448E+00    0.0000    0.0000    0.0000    0.0000    0.0000    0.0000    0.0000    0.0000    0.0000  36.00
  37.00    7.3839E+00    0.0000    0.0000    0.0000    0.0000    0.0000    0.0000    0.0000    0.0000    0.0000  37.00
  38.00    6.1909E+00    0.0000    0.0000    0.0000    0.0000    0.0000    0.0000    0.0000    0.0000    0.0000  38.00
  39.00    5.1034E+00    0.0000    0.0000    0.0000    0.0000    0.0000    0.0000    0.0000    0.0000    0.0000  39.00
  40.00    4.1448E+00    0.0000    0.0000    0.0000    0.0000    0.0000    0.0000    0.0000    0.0000    0.0000  40.00
  41.00    3.3255E+00    0.0000    0.0000    0.0000    0.0000    0.0000    0.0000    0.0000    0.0000    0.0000  41.00
  42.00    2.6448E+00    0.0000    0.0000    0.0000    0.0000    0.0000    0.0000    0.0000    0.0000    0.0000  42.00
  43.00    2.0940E+00    0.0000    0.0000    0.0000    0.0000    0.0000    0.0000    0.0000    0.0000    0.0000  43.00
  44.00    1.6584E+00    0.0000    0.0000    0.0000    0.0000    0.0000    0.0000    0.0000    0.0000    0.0000  44.00
  45.00    1.3208E+00    0.0000    0.0000    0.0000    0.0000    0.0000    0.0000    0.0000    0.0000    0.0000  45.00
  46.00    1.0634E+00    0.0000    0.0000    0.0000    0.0000    0.0000    0.0000    0.0000    0.0000    0.0000  46.00
  47.00    8.6930E-01    0.0000    0.0000    0.0000    0.0000    0.0000    0.0000    0.0000    0.0000    0.0000  47.00
  48.00    7.2435E-01    0.0000    0.0000    0.0000    0.0000    0.0000    0.0000    0.0000    0.0000    0.0000  48.00
  49.00    6.1718E-01    0.0000    0.0000    0.0000    0.0000    0.0000    0.0000    0.0000    0.0000    0.0000  49.00
  50.00    5.3950E-01    0.0000    0.0000    0.0000    0.0000    0.0000    0.0000    0.0000    0.0000    0.0000  50.00
  51.00    4.8574E-01    0.0000    0.0000    0.0000    0.0000    0.0000    0.0000    0.0000    0.0000    0.0000  51.00
  52.00    4.5247E-01    0.0000    0.0000    0.0000    0.0000    0.0000    0.0000    0.0000    0.0000    0.0000  52.00
  53.00    4.3776E-01    0.0000    0.0000    0.0000    0.0000    0.0000    0.0000    0.0000    0.0000    0.0000  53.00
  54.00    4.4043E-01    0.0000    0.0000    0.0000    0.0000    0.0000    0.0000    0.0000    0.0000    0.0000  54.00
  55.00    4.5948E-01    0.0000    0.0000    0.0000    0.0000    0.0000    0.0000    0.0000    0.0000    0.0000  55.00
  56.00    4.9363E-01    0.0000    0.0000    0.0000    0.0000    0.0000    0.0000    0.0000    0.0000    0.0000  56.00
  57.00    5.4101E-01    0.0000    0.0000    0.0000    0.0000    0.0000    0.0000    0.0000    0.0000    0.0000  57.00
  58.00    5.9907E-01    0.0000    0.0000    0.0000    0.0000    0.0000    0.0000    0.0000    0.0000    0.0000  58.00
  59.00    6.6462E-01    0.0000    0.0000    0.0000    0.0000    0.0000    0.0000    0.0000    0.0000    0.0000  59.00
  60.00    7.3397E-01    0.0000    0.0000    0.0000    0.0000    0.0000    0.0000    0.0000    0.0000    0.0000  60.00
0Tot-sig   3.4948E+01
1Inelastic  10Be(d,p)11Be(3/2- 0.00) Ex=2.40 0p3/2 QG UNBOUND SCAN         0/00/00
    THETA   0                                1                                2                                3   THETA cos(theta)
     0.00  |++++++++++++++++++++++++++++++++|++++++++++++++++++++++++++++++++|+++++*++++++++++++++++++++++++++|+    0.00    1.0000
     1.00  +                                                                      *                            +    1.00    0.9998
     2.00  +                                                                      *                            +    2.00    0.9994
     3.00  +                                                                      *                            +    3.00    0.9986
     4.00  +                                                                     *                             +    4.00    0.9976
     5.00  +                                                                    *                              +    5.00    0.9962
     6.00  +                                                                   *                               +    6.00    0.9945
     7.00  +                                                                  *                                +    7.00    0.9925
     8.00  +                                                                *                                  +    8.00    0.9903
     9.00  +                                                               *                                   +    9.00    0.9877
    10.00  +                                                             *                                     +   10.00    0.9848
    11.00  +                                                          *                                        +   11.00    0.9816
    12.00  +                                                        *                                          +   12.00    0.9781
    13.00  +                                                     *                                             +   13.00    0.9744
    14.00  +                                                  *                                                +   14.00    0.9703
    15.00  +                                              *                                                    +   15.00    0.9659
    16.00  +                                          *                                                        +   16.00    0.9613
    17.00  +                                      *                                                            +   17.00    0.9563
    18.00  +                                  *                                                                +   18.00    0.9511
    19.00  +                               *                                                                   +   19.00    0.9455
    20.00  +                            *                                                                      +   20.00    0.9397
    21.00  +                            *                                                                      +   21.00    0.9336
    22.00  +                            *                                                                      +   22.00    0.9272
    23.00  +                              *                                                                    +   23.00    0.9205
    24.00  +                               *                                                                   +   24.00    0.9135
    25.00  +                                 *                                                                 +   25.00    0.9063
    26.00  +                                   *                                                               +   26.00    0.8988
    27.00  +                                    *                                                              +   27.00    0.8910
    28.00  +                                     *                                                             +   28.00    0.8829
    29.00  +                                     *                                                             +   29.00    0.8746
    30.00  +                                     *                                                             +   30.00    0.8660
    31.00  +                                     *                                                             +   31.00    0.8572
    32.00  +                                    *                                                              +   32.00    0.8480
    33.00  +                                   *                                                               +   33.00    0.8387
    34.00  +                                  *                                                                +   34.00    0.8290
    35.00  +                                *                                                                  +   35.00    0.8192
    36.00  +                              *                                                                    +   36.00    0.8090
    37.00  +                            *                                                                      +   37.00    0.7986
    38.00  +                         *                                                                         +   38.00    0.7880
    39.00  +                      *                                                                            +   39.00    0.7771
    40.00  +                   *                                                                               +   40.00    0.7660
    41.00  +                *                                                                                  +   41.00    0.7547
    42.00  +             *                                                                                     +   42.00    0.7431
    43.00  +          *                                                                                        +   43.00    0.7314
    44.00  +      *                                                                                            +   44.00    0.7193
    45.00  +   *                                                                                               +   45.00    0.7071
    46.00  +*                                                                                                  +   46.00    0.6947
    47.00  +                                                                                                   +   47.00    0.6820
    48.00  +                                                                                                   +   48.00    0.6691
    49.00  +                                                                                                   +   49.00    0.6561
    50.00  +                                                                                                   +   50.00    0.6428
    51.00  +                                                                                                   +   51.00    0.6293
    52.00  +                                                                                                   +   52.00    0.6157
    53.00  +                                                                                                   +   53.00    0.6018
    54.00  +                                                                                                   +   54.00    0.5878
    55.00  +                                                                                                   +   55.00    0.5736
    56.00  +                                                                                                   +   56.00    0.5592
    57.00  +                                                                                                   +   57.00    0.5446
    58.00  +                                                                                                   +   58.00    0.5299
    59.00  +                                                                                                   +   59.00    0.5150
    60.00  |++++++++++++++++++++++++++++++++|++++++++++++++++++++++++++++++++|++++++++++++++++++++++++++++++++|+   60.00    0.5000
    THETA   0                                1                                2                                3   THETA cos(theta)
1DWUCK4-DISTORTED WAVES U.COLORADO- PC-VERSION  12/Jan /1995
 Elapsed time in seconds =   0.00
 Elapsed time in seconds =   0.00
0CONTROL INTEGERS
  1 2 3 4 5 6 7 8 9 A B C D E F G H I J K    RUN IDENTIFICATION                                             0/00/00   0.00.00
  1 0 1 1 0 0 0 0 3 0 0 0 0 0 0 0 0 0 0 0    10Be(d,p)11Be(3/2- 0.00) Ex=2.60 0p3/2 QG UNBOUND SCAN      
 10Be(d,p)11Be(3/2- 0.00) Ex=2.60 0p3/2 QG UNBOUND SCAN      
 Adwck4 entered
0ANGLE DATA          THETN=  61.0000   THET1=   0.0000   DTHET=   1.0000   A-ANG=   0.0000   B-ANG=   0.0000
0CARD SET 3 DATA     LMAX =  15          LTR=   1
                     NLTR =   1        2*JTR=   3
0CARD SET 4 DATA     DRF  =   0.1000   RZ   =   0.0000   RMAX = -15.0000   VCE  =   0.0000   FNRNG=   0.0000
 PARTICLE DATA 
0PARTICLE 1*******************************************************************************************************************
 INPUT DATA          ELAB =  17.4000   RC0  =   1.1500   AC   =   0.0000   2*STR=   0.0000
                     MASSP=   2.0000   MASST=  10.0000   Q    =   0.0000
                     ZP   =   1.0000   ZT   =   4.0000   PNLOC=   2.0000
 
 DERIVED DATA        ECM  =  14.5000   RC   =   2.4776   RHO  =   2.6641
                     K    =   1.0753   ETA  =   0.2136   DR   =   0.1000
0POTENTIAL PARAMETERS
 NX=1 VOLUME  W-S    V RL = -80.8850   R0RL =   1.1500   A RL =   0.8100   R RL =   2.4776   VSOR =   0.0000
                     V IM =   0.0000   R0IM =   0.0000   A IM =   0.0000   R IM =   0.0000   VSOI =   0.0000   POWR =   0.0000
 NX=2 SURFACE W-S    V RL =   0.0000   R0RL =   0.0000   A RL =   0.0000   R RL =   0.0000   VSOR =   0.0000
                     V IM =  50.5270   R0IM =   1.3400   A IM =   0.6800   R IM =   2.8869   VSOI =   0.0000   POWR =   0.0000
 NX=4 L*S VOLUME     V RL =   0.0000   R0RL =   0.0000   A RL =   0.0000   R RL =   0.0000   VSOR =   0.0000
                     V IM =   0.0000   R0IM =   0.0000   A IM =   0.0000   R IM =   0.0000   VSOI =   0.0000   POWR =   0.0000
0PARTICLE 2*******************************************************************************************************************
 INPUT DATA          ELAB =  11.1044   RC0  =   1.3000   AC   =   0.0000   2*STR=   0.0000
                     MASSP=   1.0000   MASST=  11.0000   Q    =  -4.3210
                     ZP   =   1.0000   ZT   =   4.0000   PNLOC=   1.0000
 
 DERIVED DATA        ECM  =  10.1790   RC   =   2.8912   RHO  =   1.9318
                     K    =   0.6682   ETA  =   0.1890   DR   =   0.0909
0POTENTIAL PARAMETERS
 NX=1 VOLUME  W-S    V RL = -57.0960   R0RL =   1.1700   A RL =   0.7500   R RL =   2.6021   VSOR =   0.0000
                     V IM =  -0.1660   R0IM =   1.3200   A IM =   0.7010   R IM =   2.9357   VSOI =   0.0000   POWR =   0.0000
 NX=2 SURFACE W-S    V RL =   0.0000   R0RL =   0.0000   A RL =   0.0000   R RL =   0.0000   VSOR =   0.0000
                     V IM =  32.8400   R0IM =   1.3200   A IM =   0.7010   R IM =   2.9357   VSOI =   0.0000   POWR =   0.0000
 NX=4 L*S VOLUME     V RL = -24.8000   R0RL =   1.1000   A RL =   0.7500   R RL =   2.4464   VSOR =   0.0000
                     V IM =   0.0000   R0IM =   1.1000   A IM =   0.7500   R IM =   2.4464   VSOI =   0.0000   POWR =   0.0000
110Be(d,p)11Be(3/2- 0.00) Ex=2.60 0p3/2 QG UNBOUND SCAN         0/ 0/ 0
0FORM FACTOR DATA 
0PARTICLE 3*******************************************************************************************************************
 INPUT DATA          ELAB =   2.0960   RC0  =   1.3000   AC   =   0.0000   2*STR=   0.0000
                     MASSP=   1.0000   MASST=  10.0000   Q    =   2.0960
                     ZP   =   0.0000   ZT   =   4.0000   PNLOC=   1.0000
 
 DERIVED DATA        ECM  =   2.0960   RC   =   2.8008   RHO  =   0.8457
                     K    =   0.3019   ETA  =   0.0000   DR   =   0.1000
0POTENTIAL PARAMETERS
 NX=1 VOLUME  W-S    V RL =  -1.0000   R0RL =   1.2500   A RL =   0.6500   R RL =   2.6930   VSOR =  24.0000
                     V IM =   1.1000   R0IM =   0.6500   A IM =   0.0000   R IM =   1.4004   VSOI =   0.0000   POWR =   0.0000
 
                     NODES=   0.0000   L    =   1.0000   2*J  =   3.0000   2*S  =   1.0000   FISW =   0.0000
 
0BOUND STATE SEARCH FAILS IN 32 ITERATIONS
0SINGLE PARTICLE WIDTH = 7.5232E  0  MEV     VOLUME TERM =  9.0243E+00     SURFACE TERM = -7.1789E+00
                     V    =*********   DET  =   0.2297   NODES=   0.0000   RM   =  14.8500   E    =   2.0960   ITER.=  33
0Non-locality correction is applied, parameter =   2.000
0Non-locality correction is applied, parameter =   1.000
0                    LMAX =  15        NSTEP= 150        NLTR =   1
1DWUCK4-DISTORTED WAVES U.COLORADO- PC-VERSION  12/Jan /1995
 Elapsed time in seconds =   0.00
 Elapsed time in seconds =   0.00
0CONTROL INTEGERS
  1 2 3 4 5 6 7 8 9 A B C D E F G H I J K    RUN IDENTIFICATION                                             0/00/00   0.00.00
  1 0 1 1 0 0 0 0 3 0 0 0 0 0 0 0 0 0 0 0    10Be(d,p)11Be(3/2- 0.00) Ex=2.80 0p3/2 QG UNBOUND SCAN      
 10Be(d,p)11Be(3/2- 0.00) Ex=2.80 0p3/2 QG UNBOUND SCAN      
 Adwck4 entered
0ANGLE DATA          THETN=  61.0000   THET1=   0.0000   DTHET=   1.0000   A-ANG=   0.0000   B-ANG=   0.0000
0CARD SET 3 DATA     LMAX =  15          LTR=   1
                     NLTR =   1        2*JTR=   3
0CARD SET 4 DATA     DRF  =   0.1000   RZ   =   0.0000   RMAX = -15.0000   VCE  =   0.0000   FNRNG=   0.0000
 PARTICLE DATA 
0PARTICLE 1*******************************************************************************************************************
 INPUT DATA          ELAB =  17.4000   RC0  =   1.1500   AC   =   0.0000   2*STR=   0.0000
                     MASSP=   2.0000   MASST=  10.0000   Q    =   0.0000
                     ZP   =   1.0000   ZT   =   4.0000   PNLOC=   2.0000
 
 DERIVED DATA        ECM  =  14.5000   RC   =   2.4776   RHO  =   2.6641
                     K    =   1.0753   ETA  =   0.2136   DR   =   0.1000
0POTENTIAL PARAMETERS
 NX=1 VOLUME  W-S    V RL = -80.8850   R0RL =   1.1500   A RL =   0.8100   R RL =   2.4776   VSOR =   0.0000
                     V IM =   0.0000   R0IM =   0.0000   A IM =   0.0000   R IM =   0.0000   VSOI =   0.0000   POWR =   0.0000
 NX=2 SURFACE W-S    V RL =   0.0000   R0RL =   0.0000   A RL =   0.0000   R RL =   0.0000   VSOR =   0.0000
                     V IM =  50.5270   R0IM =   1.3400   A IM =   0.6800   R IM =   2.8869   VSOI =   0.0000   POWR =   0.0000
 NX=4 L*S VOLUME     V RL =   0.0000   R0RL =   0.0000   A RL =   0.0000   R RL =   0.0000   VSOR =   0.0000
                     V IM =   0.0000   R0IM =   0.0000   A IM =   0.0000   R IM =   0.0000   VSOI =   0.0000   POWR =   0.0000
0PARTICLE 2*******************************************************************************************************************
 INPUT DATA          ELAB =  10.8862   RC0  =   1.3000   AC   =   0.0000   2*STR=   0.0000
                     MASSP=   1.0000   MASST=  11.0000   Q    =  -4.5210
                     ZP   =   1.0000   ZT   =   4.0000   PNLOC=   1.0000
 
 DERIVED DATA        ECM  =   9.9790   RC   =   2.8912   RHO  =   1.9127
                     K    =   0.6616   ETA  =   0.1909   DR   =   0.0909
0POTENTIAL PARAMETERS
 NX=1 VOLUME  W-S    V RL = -57.0960   R0RL =   1.1700   A RL =   0.7500   R RL =   2.6021   VSOR =   0.0000
                     V IM =  -0.1660   R0IM =   1.3200   A IM =   0.7010   R IM =   2.9357   VSOI =   0.0000   POWR =   0.0000
 NX=2 SURFACE W-S    V RL =   0.0000   R0RL =   0.0000   A RL =   0.0000   R RL =   0.0000   VSOR =   0.0000
                     V IM =  32.8400   R0IM =   1.3200   A IM =   0.7010   R IM =   2.9357   VSOI =   0.0000   POWR =   0.0000
 NX=4 L*S VOLUME     V RL = -24.8000   R0RL =   1.1000   A RL =   0.7500   R RL =   2.4464   VSOR =   0.0000
                     V IM =   0.0000   R0IM =   1.1000   A IM =   0.7500   R IM =   2.4464   VSOI =   0.0000   POWR =   0.0000
110Be(d,p)11Be(3/2- 0.00) Ex=2.80 0p3/2 QG UNBOUND SCAN         0/ 0/ 0
0FORM FACTOR DATA 
0PARTICLE 3*******************************************************************************************************************
 INPUT DATA          ELAB =   2.2960   RC0  =   1.3000   AC   =   0.0000   2*STR=   0.0000
                     MASSP=   1.0000   MASST=  10.0000   Q    =   2.2960
                     ZP   =   0.0000   ZT   =   4.0000   PNLOC=   1.0000
 
 DERIVED DATA        ECM  =   2.2960   RC   =   2.8008   RHO  =   0.8851
                     K    =   0.3160   ETA  =   0.0000   DR   =   0.1000
0POTENTIAL PARAMETERS
 NX=1 VOLUME  W-S    V RL =  -1.0000   R0RL =   1.2500   A RL =   0.6500   R RL =   2.6930   VSOR =  24.0000
                     V IM =   1.1000   R0IM =   0.6500   A IM =   0.0000   R IM =   1.4004   VSOI =   0.0000   POWR =   0.0000
 
                     NODES=   0.0000   L    =   1.0000   2*J  =   3.0000   2*S  =   1.0000   FISW =   0.0000
 
0BOUND STATE SEARCH FAILS IN 32 ITERATIONS
0SINGLE PARTICLE WIDTH = 9.7739E -2  MEV     VOLUME TERM =  1.5621E+02     SURFACE TERM = -7.5435E+00
                     V    =   0.0007   DET  =  -1.6268   NODES=   1.0000   RM   =  14.8500   E    =   2.2960   ITER.=  33
0Non-locality correction is applied, parameter =   2.000
0Non-locality correction is applied, parameter =   1.000
0                    LMAX =  15        NSTEP= 150        NLTR =   1
1DWUCK4-DISTORTED WAVES U.COLORADO- PC-VERSION  12/Jan /1995
 Elapsed time in seconds =   0.00
 Elapsed time in seconds =   0.00
0CONTROL INTEGERS
  1 2 3 4 5 6 7 8 9 A B C D E F G H I J K    RUN IDENTIFICATION                                             0/00/00   0.00.00
  1 0 1 1 0 0 0 0 3 0 0 0 0 0 0 0 0 0 0 0    10Be(d,p)11Be(3/2- 0.00) Ex=3.00 0p3/2 QG UNBOUND SCAN      
 10Be(d,p)11Be(3/2- 0.00) Ex=3.00 0p3/2 QG UNBOUND SCAN      
 Adwck4 entered
0ANGLE DATA          THETN=  61.0000   THET1=   0.0000   DTHET=   1.0000   A-ANG=   0.0000   B-ANG=   0.0000
0CARD SET 3 DATA     LMAX =  15          LTR=   1
                     NLTR =   1        2*JTR=   3
0CARD SET 4 DATA     DRF  =   0.1000   RZ   =   0.0000   RMAX = -15.0000   VCE  =   0.0000   FNRNG=   0.0000
 PARTICLE DATA 
0PARTICLE 1*******************************************************************************************************************
 INPUT DATA          ELAB =  17.4000   RC0  =   1.1500   AC   =   0.0000   2*STR=   0.0000
                     MASSP=   2.0000   MASST=  10.0000   Q    =   0.0000
                     ZP   =   1.0000   ZT   =   4.0000   PNLOC=   2.0000
 
 DERIVED DATA        ECM  =  14.5000   RC   =   2.4776   RHO  =   2.6641
                     K    =   1.0753   ETA  =   0.2136   DR   =   0.1000
0POTENTIAL PARAMETERS
 NX=1 VOLUME  W-S    V RL = -80.8850   R0RL =   1.1500   A RL =   0.8100   R RL =   2.4776   VSOR =   0.0000
                     V IM =   0.0000   R0IM =   0.0000   A IM =   0.0000   R IM =   0.0000   VSOI =   0.0000   POWR =   0.0000
 NX=2 SURFACE W-S    V RL =   0.0000   R0RL =   0.0000   A RL =   0.0000   R RL =   0.0000   VSOR =   0.0000
                     V IM =  50.5270   R0IM =   1.3400   A IM =   0.6800   R IM =   2.8869   VSOI =   0.0000   POWR =   0.0000
 NX=4 L*S VOLUME     V RL =   0.0000   R0RL =   0.0000   A RL =   0.0000   R RL =   0.0000   VSOR =   0.0000
                     V IM =   0.0000   R0IM =   0.0000   A IM =   0.0000   R IM =   0.0000   VSOI =   0.0000   POWR =   0.0000
0PARTICLE 2*******************************************************************************************************************
 INPUT DATA          ELAB =  10.6680   RC0  =   1.3000   AC   =   0.0000   2*STR=   0.0000
                     MASSP=   1.0000   MASST=  11.0000   Q    =  -4.7210
                     ZP   =   1.0000   ZT   =   4.0000   PNLOC=   1.0000
 
 DERIVED DATA        ECM  =   9.7790   RC   =   2.8912   RHO  =   1.8934
                     K    =   0.6549   ETA  =   0.1929   DR   =   0.0909
0POTENTIAL PARAMETERS
 NX=1 VOLUME  W-S    V RL = -57.0960   R0RL =   1.1700   A RL =   0.7500   R RL =   2.6021   VSOR =   0.0000
                     V IM =  -0.1660   R0IM =   1.3200   A IM =   0.7010   R IM =   2.9357   VSOI =   0.0000   POWR =   0.0000
 NX=2 SURFACE W-S    V RL =   0.0000   R0RL =   0.0000   A RL =   0.0000   R RL =   0.0000   VSOR =   0.0000
                     V IM =  32.8400   R0IM =   1.3200   A IM =   0.7010   R IM =   2.9357   VSOI =   0.0000   POWR =   0.0000
 NX=4 L*S VOLUME     V RL = -24.8000   R0RL =   1.1000   A RL =   0.7500   R RL =   2.4464   VSOR =   0.0000
                     V IM =   0.0000   R0IM =   1.1000   A IM =   0.7500   R IM =   2.4464   VSOI =   0.0000   POWR =   0.0000
110Be(d,p)11Be(3/2- 0.00) Ex=3.00 0p3/2 QG UNBOUND SCAN         0/ 0/ 0
0FORM FACTOR DATA 
0PARTICLE 3*******************************************************************************************************************
 INPUT DATA          ELAB =   2.4960   RC0  =   1.3000   AC   =   0.0000   2*STR=   0.0000
                     MASSP=   1.0000   MASST=  10.0000   Q    =   2.4960
                     ZP   =   0.0000   ZT   =   4.0000   PNLOC=   1.0000
 
 DERIVED DATA        ECM  =   2.4960   RC   =   2.8008   RHO  =   0.9228
                     K    =   0.3295   ETA  =   0.0000   DR   =   0.1000
0POTENTIAL PARAMETERS
 NX=1 VOLUME  W-S    V RL =  -1.0000   R0RL =   1.2500   A RL =   0.6500   R RL =   2.6930   VSOR =  24.0000
                     V IM =   1.1000   R0IM =   0.6500   A IM =   0.0000   R IM =   1.4004   VSOI =   0.0000   POWR =   0.0000
 
                     NODES=   0.0000   L    =   1.0000   2*J  =   3.0000   2*S  =   1.0000   FISW =   0.0000
 
0BOUND STATE SEARCH FAILS IN 32 ITERATIONS
0SINGLE PARTICLE WIDTH = 5.1497E -1  MEV     VOLUME TERM =  3.7225E+01     SURFACE TERM = -7.8049E+00
                     V    =   0.0007   DET  =  -0.9141   NODES=   1.0000   RM   =  14.8500   E    =   2.4960   ITER.=  33
0Non-locality correction is applied, parameter =   2.000
0Non-locality correction is applied, parameter =   1.000
0                    LMAX =  15        NSTEP= 150        NLTR =   1
1DWUCK4-DISTORTED WAVES U.COLORADO- PC-VERSION  12/Jan /1995
 Elapsed time in seconds =   0.00
 Elapsed time in seconds =   0.00
0CONTROL INTEGERS
  1 2 3 4 5 6 7 8 9 A B C D E F G H I J K    RUN IDENTIFICATION                                             0/00/00   0.00.00
  9 0 0 0 0 0 0 0 0 0 0 0 0 0 0 0 0 0 0 0    END OF DATA for DWUCK4                                      
