1********************DWUCK4 AT YOUR SERVICE********************

 installed         Mon May 21 11:05:50 1990                
 today is          Mon Mar 16 14:06:05 2026




















                    *******************************************************
                    *                                                     *
                    * User     : calemhoffman                             *
                    * Directory: <- /Users/calemhoffman/Documents/GitHub/ *
                    * Input    : Standard Input                           *
                    * Output   : Standard Output                          *
                    *                                                     *
                    *******************************************************
1
0DWUCK4-DISTORTED WAVES U.COLORADO- PC-VERSION  12/Jan /1995
 Elapsed time in seconds =   0.00
 Elapsed time in seconds =   0.00
0CONTROL INTEGERS
  1 2 3 4 5 6 7 8 9 A B C D E F G H I J K    RUN IDENTIFICATION                                             0/00/00   0.00.00
  1 0 1 1 0 0 0 0 3 0 0 0 0 0 0 0 0 0 0 0    10Be(d,p)11Be Ex=0.60 QG UNB LMAX30 RMAX40 V8               
 10Be(d,p)11Be Ex=0.60 QG UNB LMAX30 RMAX40 V8               
 Adwck4 entered
0ANGLE DATA          THETN=  61.0000   THET1=   0.0000   DTHET=   1.0000   A-ANG=   0.0000   B-ANG=   0.0000
0CARD SET 3 DATA     LMAX =  30          LTR=   1
                     NLTR =   1        2*JTR=   3
0CARD SET 4 DATA     DRF  =   0.1000   RZ   =   0.0000   RMAX = -40.0000   VCE  =   0.0000   FNRNG=   0.0000
                     AMASS=   0.8000
 PARTICLE DATA 
0PARTICLE 1*******************************************************************************************************************
 INPUT DATA          ELAB =  17.4000   RC0  =   1.3030   AC   =   0.0000   2*STR=   2.0000
                     MASSP=   2.0000   MASST=  10.0000   Q    =   0.0000
                     ZP   =   1.0000   ZT   =   4.0000   PNLOC=   2.0000
 
 DERIVED DATA        ECM  =  14.5000   RC   =   2.8072   RHO  =   3.0186
                     K    =   1.0753   ETA  =   0.2136   DR   =   0.0080
0POTENTIAL PARAMETERS
 NX=1 VOLUME  W-S    V RL = -88.7440   R0RL =   1.1480   A RL =   0.7460   R RL =   2.4733   VSOR =   0.0000
                     V IM =  -2.1860   R0IM =   1.3510   A IM =   0.6400   R IM =   2.9106   VSOI =   0.0000   POWR =   0.0000
 NX=2 SURFACE W-S    V RL =   0.0000   R0RL =   0.0000   A RL =   0.0000   R RL =   0.0000   VSOR =   0.0000
                     V IM =  27.3930   R0IM =   1.4050   A IM =   0.6650   R IM =   3.0270   VSOI =   0.0000   POWR =   0.0000
 NX=4 L*S VOLUME     V RL = -14.2280   R0RL =   0.9720   A RL =   1.0110   R RL =   2.0941   VSOR =   0.0000
                     V IM =   0.0000   R0IM =   0.0000   A IM =   0.0000   R IM =   0.0000   VSOI =   0.0000   POWR =   0.0000
0PARTICLE 2*******************************************************************************************************************
 INPUT DATA          ELAB =  13.2862   RC0  =   1.5780   AC   =   0.0000   2*STR=   1.0000
                     MASSP=   1.0000   MASST=  11.0000   Q    =  -2.3210
                     ZP   =   1.0000   ZT   =   4.0000   PNLOC=   1.0000
 
 DERIVED DATA        ECM  =  12.1790   RC   =   3.5094   RHO  =   2.5649
                     K    =   0.7309   ETA  =   0.1728   DR   =   0.0073
0POTENTIAL PARAMETERS
 NX=1 VOLUME  W-S    V RL = -56.2800   R0RL =   1.1220   A RL =   0.6760   R RL =   2.4953   VSOR =   0.0000
                     V IM =  -1.1170   R0IM =   1.1220   A IM =   0.6760   R IM =   2.4953   VSOI =   0.0000   POWR =   0.0000
 NX=2 SURFACE W-S    V RL =   0.0000   R0RL =   0.0000   A RL =   0.0000   R RL =   0.0000   VSOR =   0.0000
                     V IM =  20.7710   R0IM =   1.3070   A IM =   0.5240   R IM =   2.9067   VSOI =   0.0000   POWR =   0.0000
 NX=4 L*S VOLUME     V RL = -21.8760   R0RL =   0.8940   A RL =   0.5900   R RL =   1.9882   VSOR =   0.0000
                     V IM =   0.8640   R0IM =   0.8940   A IM =   0.5900   R IM =   1.9882   VSOI =   0.0000   POWR =   0.0000
110Be(d,p)11Be Ex=0.60 QG UNB LMAX30 RMAX40 V8                  0/ 0/ 0
0FORM FACTOR DATA 
0PARTICLE 3*******************************************************************************************************************
 INPUT DATA          ELAB =   0.0960   RC0  =   1.3000   AC   =   0.0000   2*STR=   1.0000
                     MASSP=   1.0000   MASST=  10.0000   Q    =   0.0960
                     ZP   =   0.0000   ZT   =   4.0000   PNLOC=   1.0000
 
 DERIVED DATA        ECM  =   0.0960   RC   =   2.8008   RHO  =   0.1810
                     K    =   0.0646   ETA  =   0.0000   DR   =   0.0080
0POTENTIAL PARAMETERS
 NX=1 VOLUME  W-S    V RL =   1.0000   R0RL =   1.2500   A RL =   0.6500   R RL =   2.6930   VSOR =  24.0000
                     V IM =   1.1000   R0IM =   0.6500   A IM =   0.0000   R IM =   1.4004   VSOI =   0.0000   POWR =   0.0000
 
                     NODES=   0.0000   L    =   1.0000   2*J  =   3.0000   2*S  =   1.0000   FISW =   2.0000
 
                     COSD =  1.0000E+00               SIND = -7.7008E-04
                     V    =  28.3480   DET  =   0.0000   NODES=   0.0000   RM   =   2.6930   E    =   0.0960   ITER.=   0
0Non-locality correction is applied, parameter =   2.000
0Non-locality correction is applied, parameter =   1.000
0*****  Warning *****  LMAX too large for reliable calculation of unbound stripping or coulomb excitation cases.  Increase RMAX 
0                    LMAX =  30        NSTEP= 400        NLTR =   1
 Bdwck4 entered
   Subroutine INTEG  entered
0REACSIG 1   3.58046E+01                                             REACSIG 2   2.89985E+01
   Subroutine RADINT entered
110Be(d,p)11Be Ex=0.60 QG UNB LMAX30 RMAX40 V8                  0/00/00
0BASIC DATA          DR   =   0.1000   RMIN =   0.0000   RMAX =  40.0000   COUEX=   0.0000     IS1=   1.0000
                     FNRNG=   0.0000   PNLC1=   2.0000   PNLC2=   1.0000   PNLC3=   1.0000     IS2=   0.5000
 ANG MOM TRANSFER    LTR  =   1.       2*JTR=   3.       2*STR=   1.       Q    =  -2.3210
   Subroutine INSIG  entered
0 Theta Inelsig,fm**2      Polz       Asy       Ayy       A22       A21       A20       T22       T21       T20  Theta
   0.00    2.1616E+92    0.0000    0.0000    0.0000    0.0000    0.0000    0.0006    0.0000    0.0000    0.0000   0.00
   1.00    4.0522E+92    0.0004    0.0008    0.0000   -0.0000    0.0000    0.0006    0.0000    0.0000    0.0000   1.00
   2.00    8.2278E+92    0.0003    0.0006    0.0000   -0.0000    0.0000    0.0006    0.0000    0.0000    0.0000   2.00
   3.00    1.1395E+93    0.0002    0.0003    0.0000   -0.0000    0.0000    0.0006    0.0000    0.0000    0.0000   3.00
   4.00    1.1058E+93    0.0001    0.0001    0.0000   -0.0000    0.0000    0.0006    0.0000    0.0000    0.0000   4.00
   5.00    7.3991E+92   -0.0000   -0.0001    0.0000   -0.0000    0.0000    0.0006    0.0000    0.0000    0.0000   5.00
   6.00    2.9562E+92   -0.0002   -0.0004    0.0000   -0.0000    0.0000    0.0006    0.0000    0.0000    0.0000   6.00
   7.00    5.0050E+91   -0.0004   -0.0008    0.0000   -0.0000    0.0000    0.0006    0.0000    0.0000    0.0000   7.00
   8.00    9.2850E+91    0.0004    0.0008    0.0000   -0.0000    0.0000    0.0006    0.0000    0.0000    0.0000   8.00
   9.00    2.8574E+92    0.0002    0.0004    0.0000   -0.0000    0.0000    0.0006    0.0000    0.0000    0.0000   9.00
  10.00    4.0727E+92    0.0001    0.0001    0.0000   -0.0000    0.0000    0.0006    0.0000    0.0000    0.0000  10.00
  11.00    3.4395E+92   -0.0001   -0.0001    0.0000   -0.0000    0.0000    0.0006    0.0000    0.0000    0.0000  11.00
  12.00    1.6487E+92   -0.0002   -0.0004    0.0000   -0.0000    0.0000    0.0006    0.0000    0.0000    0.0000  12.00
  13.00    3.2464E+91   -0.0004   -0.0008    0.0000   -0.0000    0.0000    0.0006    0.0000    0.0000    0.0000  13.00
  14.00    4.6130E+91    0.0004    0.0008    0.0000   -0.0000    0.0000    0.0006    0.0000    0.0000    0.0000  14.00
  15.00    1.6235E+92    0.0002    0.0004    0.0000   -0.0000    0.0000    0.0006    0.0000    0.0000    0.0000  15.00
  16.00    2.5175E+92    0.0001    0.0001    0.0000   -0.0000    0.0000    0.0006    0.0000    0.0000    0.0000  16.00
  17.00    2.2639E+92   -0.0001   -0.0001    0.0000   -0.0000    0.0000    0.0006    0.0000    0.0000    0.0000  17.00
  18.00    1.1505E+92   -0.0002   -0.0004    0.0000   -0.0000    0.0000    0.0006    0.0000    0.0000    0.0000  18.00
  19.00    2.4042E+91   -0.0004   -0.0008    0.0000   -0.0000   -0.0000    0.0006    0.0000    0.0000    0.0000  19.00
  20.00    3.0708E+91    0.0004    0.0008    0.0000   -0.0000    0.0000    0.0006    0.0000    0.0000    0.0000  20.00
  21.00    1.1416E+92    0.0002    0.0004    0.0000   -0.0000    0.0000    0.0006    0.0000    0.0000    0.0000  21.00
  22.00    1.8374E+92    0.0001    0.0001    0.0000   -0.0000    0.0000    0.0006    0.0000    0.0000    0.0000  22.00
  23.00    1.7019E+92   -0.0001   -0.0001    0.0000   -0.0000    0.0000    0.0006    0.0000    0.0000    0.0000  23.00
  24.00    8.9048E+91   -0.0002   -0.0004    0.0000   -0.0000    0.0000    0.0006    0.0000    0.0000    0.0000  24.00
  25.00    1.9209E+91   -0.0004   -0.0008    0.0000   -0.0000   -0.0000    0.0006    0.0000    0.0000    0.0000  25.00
  26.00    2.3178E+91    0.0004    0.0008    0.0000   -0.0000    0.0000    0.0006    0.0000    0.0000    0.0000  26.00
  27.00    8.8783E+91    0.0002    0.0004    0.0000   -0.0000    0.0000    0.0006    0.0000    0.0000    0.0000  27.00
  28.00    1.4596E+92    0.0001    0.0001    0.0000   -0.0000    0.0000    0.0006    0.0000    0.0000    0.0000  28.00
  29.00    1.3756E+92   -0.0001   -0.0001    0.0000   -0.0000    0.0000    0.0006    0.0000    0.0000    0.0000  29.00
  30.00    7.3255E+91   -0.0002   -0.0004    0.0000   -0.0000    0.0000    0.0006    0.0000    0.0000    0.0000  30.00
  31.00    1.6120E+91   -0.0004   -0.0008    0.0000   -0.0000    0.0000    0.0006    0.0000    0.0000    0.0000  31.00
  32.00    1.8777E+91    0.0004    0.0008    0.0000   -0.0000    0.0000    0.0006    0.0000    0.0000    0.0000  32.00
  33.00    7.3304E+91    0.0002    0.0004    0.0000   -0.0000    0.0000    0.0006    0.0000    0.0000    0.0000  33.00
  34.00    1.2218E+92    0.0001    0.0001    0.0000   -0.0000    0.0000    0.0006    0.0000    0.0000    0.0000  34.00
  35.00    1.1649E+92   -0.0001   -0.0001    0.0000   -0.0000    0.0000    0.0006    0.0000    0.0000    0.0000  35.00
  36.00    6.2783E+91   -0.0002   -0.0004    0.0000   -0.0000    0.0000    0.0006    0.0000    0.0000    0.0000  36.00
  37.00    1.4006E+91   -0.0004   -0.0008    0.0000   -0.0000    0.0000    0.0006    0.0000    0.0000    0.0000  37.00
  38.00    1.5930E+91    0.0004    0.0008    0.0000   -0.0000    0.0000    0.0006    0.0000    0.0000    0.0000  38.00
  39.00    6.3020E+91    0.0002    0.0004    0.0000   -0.0000    0.0000    0.0006    0.0000    0.0000    0.0000  39.00
  40.00    1.0608E+92    0.0001    0.0001    0.0000   -0.0000    0.0000    0.0006    0.0000    0.0000    0.0000  40.00
  41.00    1.0198E+92   -0.0001   -0.0001    0.0000   -0.0000    0.0000    0.0006    0.0000    0.0000    0.0000  41.00
  42.00    5.5445E+91   -0.0002   -0.0004    0.0000   -0.0000    0.0000    0.0006    0.0000    0.0000    0.0000  42.00
  43.00    1.2495E+91   -0.0004   -0.0008    0.0000   -0.0000    0.0000    0.0006    0.0000    0.0000    0.0000  43.00
  44.00    1.3971E+91    0.0004    0.0008    0.0000   -0.0000    0.0000    0.0006    0.0000    0.0000    0.0000  44.00
  45.00    5.5812E+91    0.0002    0.0004    0.0000   -0.0000    0.0000    0.0006    0.0000    0.0000    0.0000  45.00
  46.00    9.4644E+91    0.0001    0.0001    0.0000   -0.0000    0.0000    0.0006    0.0000    0.0000    0.0000  46.00
  47.00    9.1574E+91   -0.0001   -0.0001    0.0000   -0.0000    0.0000    0.0006    0.0000    0.0000    0.0000  47.00
  48.00    5.0121E+91   -0.0002   -0.0004    0.0000   -0.0000    0.0000    0.0006    0.0000    0.0000    0.0000  48.00
  49.00    1.1384E+91   -0.0004   -0.0008    0.0000   -0.0000    0.0000    0.0006    0.0000    0.0000    0.0000  49.00
  50.00    1.2567E+91    0.0004    0.0008    0.0000   -0.0000    0.0000    0.0006    0.0000    0.0000    0.0000  50.00
  51.00    5.0590E+91    0.0002    0.0004    0.0000   -0.0000    0.0000    0.0006    0.0000    0.0000    0.0000  51.00
  52.00    8.6292E+91    0.0001    0.0001    0.0000   -0.0000    0.0000    0.0006    0.0000    0.0000    0.0000  52.00
  53.00    8.3921E+91   -0.0001   -0.0001    0.0000   -0.0000    0.0000    0.0006    0.0000    0.0000    0.0000  53.00
  54.00    4.6180E+91   -0.0002   -0.0004    0.0000   -0.0000   -0.0000    0.0006    0.0000    0.0000    0.0000  54.00
  55.00    1.0555E+91   -0.0004   -0.0008    0.0000   -0.0000    0.0000    0.0006    0.0000    0.0000    0.0000  55.00
  56.00    1.1539E+91    0.0004    0.0008    0.0000   -0.0000    0.0000    0.0006    0.0000    0.0000    0.0000  56.00
  57.00    4.6738E+91    0.0002    0.0004    0.0000   -0.0000    0.0000    0.0006    0.0000    0.0000    0.0000  57.00
  58.00    8.0105E+91    0.0001    0.0001    0.0000   -0.0000    0.0000    0.0006    0.0000    0.0000    0.0000  58.00
  59.00    7.8233E+91   -0.0001   -0.0001    0.0000   -0.0000   -0.0000    0.0006    0.0000    0.0000    0.0000  59.00
  60.00    4.3242E+91   -0.0002   -0.0004    0.0000   -0.0000   -0.0000    0.0006    0.0000    0.0000    0.0000  60.00
0Tot-sig   7.5507E+92
1Inelastic  10Be(d,p)11Be Ex=0.60 QG UNB LMAX30 RMAX40 V8                  0/00/00
    THETA  91                               92                               93                               94   THETA cos(theta)
     0.00  |++++++++++++++++++++++++++++++++|++++++++++*+++++++++++++++++++++|++++++++++++++++++++++++++++++++|+    0.00    1.0000
     1.00  +                                                    *                                              +    1.00    0.9998
     2.00  +                                                              *                                    +    2.00    0.9994
     3.00  +                                                                   *                               +    3.00    0.9986
     4.00  +                                                                  *                                +    4.00    0.9976
     5.00  +                                                             *                                     +    5.00    0.9962
     6.00  +                                                *                                                  +    6.00    0.9945
     7.00  +                      *                                                                            +    7.00    0.9925
     8.00  +                               *                                                                   +    8.00    0.9903
     9.00  +                                               *                                                   +    9.00    0.9877
    10.00  +                                                    *                                              +   10.00    0.9848
    11.00  +                                                  *                                                +   11.00    0.9816
    12.00  +                                       *                                                           +   12.00    0.9781
    13.00  +                *                                                                                  +   13.00    0.9744
    14.00  +                     *                                                                             +   14.00    0.9703
    15.00  +                                       *                                                           +   15.00    0.9659
    16.00  +                                             *                                                     +   16.00    0.9613
    17.00  +                                            *                                                      +   17.00    0.9563
    18.00  +                                  *                                                                +   18.00    0.9511
    19.00  +            *                                                                                      +   19.00    0.9455
    20.00  +               *                                                                                   +   20.00    0.9397
    21.00  +                                  *                                                                +   21.00    0.9336
    22.00  +                                         *                                                         +   22.00    0.9272
    23.00  +                                        *                                                          +   23.00    0.9205
    24.00  +                              *                                                                    +   24.00    0.9135
    25.00  +        *                                                                                          +   25.00    0.9063
    26.00  +           *                                                                                       +   26.00    0.8988
    27.00  +                              *                                                                    +   27.00    0.8910
    28.00  +                                     *                                                             +   28.00    0.8829
    29.00  +                                     *                                                             +   29.00    0.8746
    30.00  +                            *                                                                      +   30.00    0.8660
    31.00  +      *                                                                                            +   31.00    0.8572
    32.00  +        *                                                                                          +   32.00    0.8480
    33.00  +                            *                                                                      +   33.00    0.8387
    34.00  +                                   *                                                               +   34.00    0.8290
    35.00  +                                  *                                                                +   35.00    0.8192
    36.00  +                         *                                                                         +   36.00    0.8090
    37.00  +    *                                                                                              +   37.00    0.7986
    38.00  +      *                                                                                            +   38.00    0.7880
    39.00  +                         *                                                                         +   39.00    0.7771
    40.00  +                                 *                                                                 +   40.00    0.7660
    41.00  +                                *                                                                  +   41.00    0.7547
    42.00  +                        *                                                                          +   42.00    0.7431
    43.00  +  *                                                                                                +   43.00    0.7314
    44.00  +    *                                                                                              +   44.00    0.7193
    45.00  +                        *                                                                          +   45.00    0.7071
    46.00  +                               *                                                                   +   46.00    0.6947
    47.00  +                               *                                                                   +   47.00    0.6820
    48.00  +                      *                                                                            +   48.00    0.6691
    49.00  + *                                                                                                 +   49.00    0.6561
    50.00  +  *                                                                                                +   50.00    0.6428
    51.00  +                      *                                                                            +   51.00    0.6293
    52.00  +                              *                                                                    +   52.00    0.6157
    53.00  +                             *                                                                     +   53.00    0.6018
    54.00  +                     *                                                                             +   54.00    0.5878
    55.00  +*                                                                                                  +   55.00    0.5736
    56.00  + *                                                                                                 +   56.00    0.5592
    57.00  +                     *                                                                             +   57.00    0.5446
    58.00  +                             *                                                                     +   58.00    0.5299
    59.00  +                            *                                                                      +   59.00    0.5150
    60.00  |++++++++++++++++++++*+++++++++++|++++++++++++++++++++++++++++++++|++++++++++++++++++++++++++++++++|+   60.00    0.5000
    THETA  91                               92                               93                               94   THETA cos(theta)
1DWUCK4-DISTORTED WAVES U.COLORADO- PC-VERSION  12/Jan /1995
 Elapsed time in seconds =   0.00
 Elapsed time in seconds =   0.00
0CONTROL INTEGERS
  1 2 3 4 5 6 7 8 9 A B C D E F G H I J K    RUN IDENTIFICATION                                             0/00/00   0.00.00
  1 0 1 1 0 0 0 0 3 0 0 0 0 0 0 0 0 0 0 0    10Be(d,p)11Be Ex=0.80 QG UNB LMAX30 RMAX40 V8               
 10Be(d,p)11Be Ex=0.80 QG UNB LMAX30 RMAX40 V8               
 Adwck4 entered
0ANGLE DATA          THETN=  61.0000   THET1=   0.0000   DTHET=   1.0000   A-ANG=   0.0000   B-ANG=   0.0000
0CARD SET 3 DATA     LMAX =  30          LTR=   1
                     NLTR =   1        2*JTR=   3
0CARD SET 4 DATA     DRF  =   0.1000   RZ   =   0.0000   RMAX = -40.0000   VCE  =   0.0000   FNRNG=   0.0000
                     AMASS=   0.8000
 PARTICLE DATA 
0PARTICLE 1*******************************************************************************************************************
 INPUT DATA          ELAB =  17.4000   RC0  =   1.3030   AC   =   0.0000   2*STR=   2.0000
                     MASSP=   2.0000   MASST=  10.0000   Q    =   0.0000
                     ZP   =   1.0000   ZT   =   4.0000   PNLOC=   2.0000
 
 DERIVED DATA        ECM  =  14.5000   RC   =   2.8072   RHO  =   3.0186
                     K    =   1.0753   ETA  =   0.2136   DR   =   0.0080
0POTENTIAL PARAMETERS
 NX=1 VOLUME  W-S    V RL = -88.7440   R0RL =   1.1480   A RL =   0.7460   R RL =   2.4733   VSOR =   0.0000
                     V IM =  -2.1860   R0IM =   1.3510   A IM =   0.6400   R IM =   2.9106   VSOI =   0.0000   POWR =   0.0000
 NX=2 SURFACE W-S    V RL =   0.0000   R0RL =   0.0000   A RL =   0.0000   R RL =   0.0000   VSOR =   0.0000
                     V IM =  27.3930   R0IM =   1.4050   A IM =   0.6650   R IM =   3.0270   VSOI =   0.0000   POWR =   0.0000
 NX=4 L*S VOLUME     V RL = -14.2280   R0RL =   0.9720   A RL =   1.0110   R RL =   2.0941   VSOR =   0.0000
                     V IM =   0.0000   R0IM =   0.0000   A IM =   0.0000   R IM =   0.0000   VSOI =   0.0000   POWR =   0.0000
0PARTICLE 2*******************************************************************************************************************
 INPUT DATA          ELAB =  13.0680   RC0  =   1.5780   AC   =   0.0000   2*STR=   1.0000
                     MASSP=   1.0000   MASST=  11.0000   Q    =  -2.5210
                     ZP   =   1.0000   ZT   =   4.0000   PNLOC=   1.0000
 
 DERIVED DATA        ECM  =  11.9790   RC   =   3.5094   RHO  =   2.5437
                     K    =   0.7248   ETA  =   0.1743   DR   =   0.0073
0POTENTIAL PARAMETERS
 NX=1 VOLUME  W-S    V RL = -56.2800   R0RL =   1.1220   A RL =   0.6760   R RL =   2.4953   VSOR =   0.0000
                     V IM =  -1.1170   R0IM =   1.1220   A IM =   0.6760   R IM =   2.4953   VSOI =   0.0000   POWR =   0.0000
 NX=2 SURFACE W-S    V RL =   0.0000   R0RL =   0.0000   A RL =   0.0000   R RL =   0.0000   VSOR =   0.0000
                     V IM =  20.7710   R0IM =   1.3070   A IM =   0.5240   R IM =   2.9067   VSOI =   0.0000   POWR =   0.0000
 NX=4 L*S VOLUME     V RL = -21.8760   R0RL =   0.8940   A RL =   0.5900   R RL =   1.9882   VSOR =   0.0000
                     V IM =   0.8640   R0IM =   0.8940   A IM =   0.5900   R IM =   1.9882   VSOI =   0.0000   POWR =   0.0000
110Be(d,p)11Be Ex=0.80 QG UNB LMAX30 RMAX40 V8                  0/ 0/ 0
0FORM FACTOR DATA 
0PARTICLE 3*******************************************************************************************************************
 INPUT DATA          ELAB =   0.2960   RC0  =   1.3000   AC   =   0.0000   2*STR=   1.0000
                     MASSP=   1.0000   MASST=  10.0000   Q    =   0.2960
                     ZP   =   0.0000   ZT   =   4.0000   PNLOC=   1.0000
 
 DERIVED DATA        ECM  =   0.2960   RC   =   2.8008   RHO  =   0.3178
                     K    =   0.1135   ETA  =   0.0000   DR   =   0.0080
0POTENTIAL PARAMETERS
 NX=1 VOLUME  W-S    V RL =   1.0000   R0RL =   1.2500   A RL =   0.6500   R RL =   2.6930   VSOR =  24.0000
                     V IM =   1.1000   R0IM =   0.6500   A IM =   0.0000   R IM =   1.4004   VSOI =   0.0000   POWR =   0.0000
 
                     NODES=   0.0000   L    =   1.0000   2*J  =   3.0000   2*S  =   1.0000   FISW =   2.0000
 
                     COSD =  9.9999E-01               SIND = -4.0744E-03
                     V    =  28.3480   DET  =   0.0000   NODES=   0.0000   RM   =   2.6930   E    =   0.2960   ITER.=   0
0Non-locality correction is applied, parameter =   2.000
0Non-locality correction is applied, parameter =   1.000
0*****  Warning *****  LMAX too large for reliable calculation of unbound stripping or coulomb excitation cases.  Increase RMAX 
0                    LMAX =  30        NSTEP= 400        NLTR =   1
 Bdwck4 entered
   Subroutine INTEG  entered
0REACSIG 1   3.58046E+01                                             REACSIG 2   2.90456E+01
   Subroutine RADINT entered
110Be(d,p)11Be Ex=0.80 QG UNB LMAX30 RMAX40 V8                  0/00/00
0BASIC DATA          DR   =   0.1000   RMIN =   0.0000   RMAX =  40.0000   COUEX=   0.0000     IS1=   1.0000
                     FNRNG=   0.0000   PNLC1=   2.0000   PNLC2=   1.0000   PNLC3=   1.0000     IS2=   0.5000
 ANG MOM TRANSFER    LTR  =   1.       2*JTR=   3.       2*STR=   1.       Q    =  -2.5210
   Subroutine INSIG  entered
0 Theta Inelsig,fm**2      Polz       Asy       Ayy       A22       A21       A20       T22       T21       T20  Theta
   0.00    6.3026E+92    0.0000    0.0000    0.0000    0.0000    0.0000    0.0006    0.0000    0.0000    0.0000   0.00
   1.00    1.1587E+93    0.0004    0.0008    0.0000   -0.0000    0.0000    0.0006    0.0000    0.0000    0.0000   1.00
   2.00    2.3253E+93    0.0003    0.0006    0.0000   -0.0000    0.0000    0.0006    0.0000    0.0000    0.0000   2.00
   3.00    3.2081E+93    0.0002    0.0003    0.0000   -0.0000    0.0000    0.0006    0.0000    0.0000    0.0000   3.00
   4.00    3.1094E+93    0.0001    0.0001    0.0000   -0.0000    0.0000    0.0006    0.0000    0.0000    0.0000   4.00
   5.00    2.0806E+93   -0.0000   -0.0001    0.0000   -0.0000    0.0000    0.0006    0.0000    0.0000    0.0000   5.00
   6.00    8.3352E+92   -0.0002   -0.0004    0.0000   -0.0000    0.0000    0.0006    0.0000    0.0000    0.0000   6.00
   7.00    1.4439E+92   -0.0004   -0.0007    0.0000   -0.0000    0.0000    0.0006    0.0000    0.0000    0.0000   7.00
   8.00    2.6401E+92    0.0004    0.0008    0.0000   -0.0000    0.0000    0.0006    0.0000    0.0000    0.0000   8.00
   9.00    8.0449E+92    0.0002    0.0004    0.0000   -0.0000    0.0000    0.0006    0.0000    0.0000    0.0000   9.00
  10.00    1.1450E+93    0.0001    0.0001    0.0000   -0.0000    0.0000    0.0006    0.0000    0.0000    0.0000  10.00
  11.00    9.6724E+92   -0.0000   -0.0001    0.0000   -0.0000    0.0000    0.0006    0.0000    0.0000    0.0000  11.00
  12.00    4.6495E+92   -0.0002   -0.0004    0.0000   -0.0000    0.0000    0.0006    0.0000    0.0000    0.0000  12.00
  13.00    9.3374E+91   -0.0004   -0.0008    0.0000   -0.0000    0.0000    0.0006    0.0000    0.0000    0.0000  13.00
  14.00    1.3130E+92    0.0004    0.0008    0.0000   -0.0000    0.0000    0.0006    0.0000    0.0000    0.0000  14.00
  15.00    4.5691E+92    0.0002    0.0004    0.0000   -0.0000    0.0000    0.0006    0.0000    0.0000    0.0000  15.00
  16.00    7.0760E+92    0.0001    0.0001    0.0000   -0.0000    0.0000    0.0006    0.0000    0.0000    0.0000  16.00
  17.00    6.3664E+92   -0.0001   -0.0001    0.0000   -0.0000    0.0000    0.0006    0.0000    0.0000    0.0000  17.00
  18.00    3.2452E+92   -0.0002   -0.0004    0.0000   -0.0000    0.0000    0.0006    0.0000    0.0000    0.0000  18.00
  19.00    6.9103E+91   -0.0004   -0.0008    0.0000   -0.0000   -0.0000    0.0006    0.0000    0.0000    0.0000  19.00
  20.00    8.7405E+91    0.0004    0.0008    0.0000   -0.0000    0.0000    0.0006    0.0000    0.0000    0.0000  20.00
  21.00    3.2115E+92    0.0002    0.0004    0.0000   -0.0000    0.0000    0.0006    0.0000    0.0000    0.0000  21.00
  22.00    5.1632E+92    0.0001    0.0001    0.0000   -0.0000    0.0000    0.0006    0.0000    0.0000    0.0000  22.00
  23.00    4.7857E+92   -0.0001   -0.0001    0.0000   -0.0000    0.0000    0.0006    0.0000    0.0000    0.0000  23.00
  24.00    2.5121E+92   -0.0002   -0.0004    0.0000   -0.0000    0.0000    0.0006    0.0000    0.0000    0.0000  24.00
  25.00    5.5206E+91   -0.0004   -0.0008    0.0000   -0.0000   -0.0000    0.0006    0.0000    0.0000    0.0000  25.00
  26.00    6.5944E+91    0.0004    0.0008    0.0000   -0.0000    0.0000    0.0006    0.0000    0.0000    0.0000  26.00
  27.00    2.4963E+92    0.0002    0.0004    0.0000   -0.0000    0.0000    0.0006    0.0000    0.0000    0.0000  27.00
  28.00    4.1002E+92    0.0001    0.0001    0.0000   -0.0000    0.0000    0.0006    0.0000    0.0000    0.0000  28.00
  29.00    3.8678E+92   -0.0001   -0.0001    0.0000   -0.0000    0.0000    0.0006    0.0000    0.0000    0.0000  29.00
  30.00    2.0669E+92   -0.0002   -0.0004    0.0000   -0.0000    0.0000    0.0006    0.0000    0.0000    0.0000  30.00
  31.00    4.6332E+91   -0.0004   -0.0008    0.0000   -0.0000    0.0000    0.0006    0.0000    0.0000    0.0000  31.00
  32.00    5.3392E+91    0.0004    0.0008    0.0000   -0.0000    0.0000    0.0006    0.0000    0.0000    0.0000  32.00
  33.00    2.0600E+92    0.0002    0.0004    0.0000   -0.0000    0.0000    0.0006    0.0000    0.0000    0.0000  33.00
  34.00    3.4313E+92    0.0001    0.0001    0.0000   -0.0000    0.0000    0.0006    0.0000    0.0000    0.0000  34.00
  35.00    3.2751E+92   -0.0001   -0.0001    0.0000   -0.0000    0.0000    0.0006    0.0000    0.0000    0.0000  35.00
  36.00    1.7715E+92   -0.0002   -0.0004    0.0000   -0.0000    0.0000    0.0006    0.0000    0.0000    0.0000  36.00
  37.00    4.0263E+91   -0.0004   -0.0008    0.0000   -0.0000    0.0000    0.0006    0.0000    0.0000    0.0000  37.00
  38.00    4.5268E+91    0.0004    0.0008    0.0000   -0.0000    0.0000    0.0006    0.0000    0.0000    0.0000  38.00
  39.00    1.7700E+92    0.0002    0.0004    0.0000   -0.0000    0.0000    0.0006    0.0000    0.0000    0.0000  39.00
  40.00    2.9780E+92    0.0001    0.0001    0.0000   -0.0000    0.0000    0.0006    0.0000    0.0000    0.0000  40.00
  41.00    2.8667E+92   -0.0001   -0.0001    0.0000   -0.0000    0.0000    0.0006    0.0000    0.0000    0.0000  41.00
  42.00    1.5645E+92   -0.0002   -0.0004    0.0000   -0.0000    0.0000    0.0006    0.0000    0.0000    0.0000  42.00
  43.00    3.5924E+91   -0.0004   -0.0008    0.0000   -0.0000    0.0000    0.0006    0.0000    0.0000    0.0000  43.00
  44.00    3.9671E+91    0.0004    0.0008    0.0000   -0.0000    0.0000    0.0006    0.0000    0.0000    0.0000  44.00
  45.00    1.5667E+92    0.0002    0.0004    0.0000   -0.0000    0.0000    0.0006    0.0000    0.0000    0.0000  45.00
  46.00    2.6560E+92    0.0001    0.0001    0.0000   -0.0000    0.0000    0.0006    0.0000    0.0000    0.0000  46.00
  47.00    2.5735E+92   -0.0001   -0.0001    0.0000   -0.0000    0.0000    0.0006    0.0000    0.0000    0.0000  47.00
  48.00    1.4142E+92   -0.0002   -0.0004    0.0000   -0.0000    0.0000    0.0006    0.0000    0.0000    0.0000  48.00
  49.00    3.2732E+91   -0.0004   -0.0008    0.0000   -0.0000    0.0000    0.0006    0.0000    0.0000    0.0000  49.00
  50.00    3.5660E+91    0.0004    0.0008    0.0000   -0.0000    0.0000    0.0006    0.0000    0.0000    0.0000  50.00
  51.00    1.4193E+92    0.0002    0.0004    0.0000   -0.0000    0.0000    0.0006    0.0000    0.0000    0.0000  51.00
  52.00    2.4207E+92    0.0001    0.0001    0.0000   -0.0000    0.0000    0.0006    0.0000    0.0000    0.0000  52.00
  53.00    2.3578E+92   -0.0000   -0.0001    0.0000   -0.0000    0.0000    0.0006    0.0000    0.0000    0.0000  53.00
  54.00    1.3028E+92   -0.0002   -0.0004    0.0000   -0.0000   -0.0000    0.0006    0.0000    0.0000    0.0000  54.00
  55.00    3.0350E+91   -0.0004   -0.0008    0.0000   -0.0000    0.0000    0.0006    0.0000    0.0000    0.0000  55.00
  56.00    3.2720E+91    0.0004    0.0008    0.0000   -0.0000    0.0000    0.0006    0.0000    0.0000    0.0000  56.00
  57.00    1.3105E+92    0.0002    0.0004    0.0000   -0.0000    0.0000    0.0006    0.0000    0.0000    0.0000  57.00
  58.00    2.2462E+92    0.0001    0.0001    0.0000   -0.0000    0.0000    0.0006    0.0000    0.0000    0.0000  58.00
  59.00    2.1973E+92   -0.0000   -0.0001    0.0000   -0.0000   -0.0000    0.0006    0.0000    0.0000    0.0000  59.00
  60.00    1.2197E+92   -0.0002   -0.0004    0.0000   -0.0000   -0.0000    0.0006    0.0000    0.0000    0.0000  60.00
0Tot-sig   2.1188E+93
1Inelastic  10Be(d,p)11Be Ex=0.80 QG UNB LMAX30 RMAX40 V8                  0/00/00
    THETA  91                               92                               93                               94   THETA cos(theta)
     0.00  |++++++++++++++++++++++++++++++++|+++++++++++++++++++++++++*++++++|++++++++++++++++++++++++++++++++|+    0.00    1.0000
     1.00  +                                                                   *                               +    1.00    0.9998
     2.00  +                                                                             *                     +    2.00    0.9994
     3.00  +                                                                                  *                +    3.00    0.9986
     4.00  +                                                                                 *                 +    4.00    0.9976
     5.00  +                                                                            *                      +    5.00    0.9962
     6.00  +                                                              *                                    +    6.00    0.9945
     7.00  +                                     *                                                             +    7.00    0.9925
     8.00  +                                              *                                                    +    8.00    0.9903
     9.00  +                                                              *                                    +    9.00    0.9877
    10.00  +                                                                   *                               +   10.00    0.9848
    11.00  +                                                                 *                                 +   11.00    0.9816
    12.00  +                                                      *                                            +   12.00    0.9781
    13.00  +                               *                                                                   +   13.00    0.9744
    14.00  +                                    *                                                              +   14.00    0.9703
    15.00  +                                                      *                                            +   15.00    0.9659
    16.00  +                                                            *                                      +   16.00    0.9613
    17.00  +                                                           *                                       +   17.00    0.9563
    18.00  +                                                 *                                                 +   18.00    0.9511
    19.00  +                           *                                                                       +   19.00    0.9455
    20.00  +                              *                                                                    +   20.00    0.9397
    21.00  +                                                 *                                                 +   21.00    0.9336
    22.00  +                                                        *                                          +   22.00    0.9272
    23.00  +                                                      *                                            +   23.00    0.9205
    24.00  +                                             *                                                     +   24.00    0.9135
    25.00  +                       *                                                                           +   25.00    0.9063
    26.00  +                          *                                                                        +   26.00    0.8988
    27.00  +                                             *                                                     +   27.00    0.8910
    28.00  +                                                    *                                              +   28.00    0.8829
    29.00  +                                                   *                                               +   29.00    0.8746
    30.00  +                                          *                                                        +   30.00    0.8660
    31.00  +                     *                                                                             +   31.00    0.8572
    32.00  +                       *                                                                           +   32.00    0.8480
    33.00  +                                          *                                                        +   33.00    0.8387
    34.00  +                                                  *                                                +   34.00    0.8290
    35.00  +                                                 *                                                 +   35.00    0.8192
    36.00  +                                        *                                                          +   36.00    0.8090
    37.00  +                   *                                                                               +   37.00    0.7986
    38.00  +                     *                                                                             +   38.00    0.7880
    39.00  +                                        *                                                          +   39.00    0.7771
    40.00  +                                                *                                                  +   40.00    0.7660
    41.00  +                                               *                                                   +   41.00    0.7547
    42.00  +                                      *                                                            +   42.00    0.7431
    43.00  +                 *                                                                                 +   43.00    0.7314
    44.00  +                   *                                                                               +   44.00    0.7193
    45.00  +                                      *                                                            +   45.00    0.7071
    46.00  +                                              *                                                    +   46.00    0.6947
    47.00  +                                              *                                                    +   47.00    0.6820
    48.00  +                                     *                                                             +   48.00    0.6691
    49.00  +                *                                                                                  +   49.00    0.6561
    50.00  +                 *                                                                                 +   50.00    0.6428
    51.00  +                                     *                                                             +   51.00    0.6293
    52.00  +                                             *                                                     +   52.00    0.6157
    53.00  +                                            *                                                      +   53.00    0.6018
    54.00  +                                    *                                                              +   54.00    0.5878
    55.00  +               *                                                                                   +   55.00    0.5736
    56.00  +                *                                                                                  +   56.00    0.5592
    57.00  +                                    *                                                              +   57.00    0.5446
    58.00  +                                            *                                                      +   58.00    0.5299
    59.00  +                                           *                                                       +   59.00    0.5150
    60.00  |++++++++++++++++++++++++++++++++|++*+++++++++++++++++++++++++++++|++++++++++++++++++++++++++++++++|+   60.00    0.5000
    THETA  91                               92                               93                               94   THETA cos(theta)
1DWUCK4-DISTORTED WAVES U.COLORADO- PC-VERSION  12/Jan /1995
 Elapsed time in seconds =   0.00
 Elapsed time in seconds =   0.00
0CONTROL INTEGERS
  1 2 3 4 5 6 7 8 9 A B C D E F G H I J K    RUN IDENTIFICATION                                             0/00/00   0.00.00
  1 0 1 1 0 0 0 0 3 0 0 0 0 0 0 0 0 0 0 0    10Be(d,p)11Be Ex=1.00 QG UNB LMAX30 RMAX40 V8               
 10Be(d,p)11Be Ex=1.00 QG UNB LMAX30 RMAX40 V8               
 Adwck4 entered
0ANGLE DATA          THETN=  61.0000   THET1=   0.0000   DTHET=   1.0000   A-ANG=   0.0000   B-ANG=   0.0000
0CARD SET 3 DATA     LMAX =  30          LTR=   1
                     NLTR =   1        2*JTR=   3
0CARD SET 4 DATA     DRF  =   0.1000   RZ   =   0.0000   RMAX = -40.0000   VCE  =   0.0000   FNRNG=   0.0000
                     AMASS=   0.8000
 PARTICLE DATA 
0PARTICLE 1*******************************************************************************************************************
 INPUT DATA          ELAB =  17.4000   RC0  =   1.3030   AC   =   0.0000   2*STR=   2.0000
                     MASSP=   2.0000   MASST=  10.0000   Q    =   0.0000
                     ZP   =   1.0000   ZT   =   4.0000   PNLOC=   2.0000
 
 DERIVED DATA        ECM  =  14.5000   RC   =   2.8072   RHO  =   3.0186
                     K    =   1.0753   ETA  =   0.2136   DR   =   0.0080
0POTENTIAL PARAMETERS
 NX=1 VOLUME  W-S    V RL = -88.7440   R0RL =   1.1480   A RL =   0.7460   R RL =   2.4733   VSOR =   0.0000
                     V IM =  -2.1860   R0IM =   1.3510   A IM =   0.6400   R IM =   2.9106   VSOI =   0.0000   POWR =   0.0000
 NX=2 SURFACE W-S    V RL =   0.0000   R0RL =   0.0000   A RL =   0.0000   R RL =   0.0000   VSOR =   0.0000
                     V IM =  27.3930   R0IM =   1.4050   A IM =   0.6650   R IM =   3.0270   VSOI =   0.0000   POWR =   0.0000
 NX=4 L*S VOLUME     V RL = -14.2280   R0RL =   0.9720   A RL =   1.0110   R RL =   2.0941   VSOR =   0.0000
                     V IM =   0.0000   R0IM =   0.0000   A IM =   0.0000   R IM =   0.0000   VSOI =   0.0000   POWR =   0.0000
0PARTICLE 2*******************************************************************************************************************
 INPUT DATA          ELAB =  12.8498   RC0  =   1.5780   AC   =   0.0000   2*STR=   1.0000
                     MASSP=   1.0000   MASST=  11.0000   Q    =  -2.7210
                     ZP   =   1.0000   ZT   =   4.0000   PNLOC=   1.0000
 
 DERIVED DATA        ECM  =  11.7790   RC   =   3.5094   RHO  =   2.5224
                     K    =   0.7188   ETA  =   0.1757   DR   =   0.0073
0POTENTIAL PARAMETERS
 NX=1 VOLUME  W-S    V RL = -56.2800   R0RL =   1.1220   A RL =   0.6760   R RL =   2.4953   VSOR =   0.0000
                     V IM =  -1.1170   R0IM =   1.1220   A IM =   0.6760   R IM =   2.4953   VSOI =   0.0000   POWR =   0.0000
 NX=2 SURFACE W-S    V RL =   0.0000   R0RL =   0.0000   A RL =   0.0000   R RL =   0.0000   VSOR =   0.0000
                     V IM =  20.7710   R0IM =   1.3070   A IM =   0.5240   R IM =   2.9067   VSOI =   0.0000   POWR =   0.0000
 NX=4 L*S VOLUME     V RL = -21.8760   R0RL =   0.8940   A RL =   0.5900   R RL =   1.9882   VSOR =   0.0000
                     V IM =   0.8640   R0IM =   0.8940   A IM =   0.5900   R IM =   1.9882   VSOI =   0.0000   POWR =   0.0000
110Be(d,p)11Be Ex=1.00 QG UNB LMAX30 RMAX40 V8                  0/ 0/ 0
0FORM FACTOR DATA 
0PARTICLE 3*******************************************************************************************************************
 INPUT DATA          ELAB =   0.4960   RC0  =   1.3000   AC   =   0.0000   2*STR=   1.0000
                     MASSP=   1.0000   MASST=  10.0000   Q    =   0.4960
                     ZP   =   0.0000   ZT   =   4.0000   PNLOC=   1.0000
 
 DERIVED DATA        ECM  =   0.4960   RC   =   2.8008   RHO  =   0.4114
                     K    =   0.1469   ETA  =   0.0000   DR   =   0.0080
0POTENTIAL PARAMETERS
 NX=1 VOLUME  W-S    V RL =   1.0000   R0RL =   1.2500   A RL =   0.6500   R RL =   2.6930   VSOR =  24.0000
                     V IM =   1.1000   R0IM =   0.6500   A IM =   0.0000   R IM =   1.4004   VSOI =   0.0000   POWR =   0.0000
 
                     NODES=   0.0000   L    =   1.0000   2*J  =   3.0000   2*S  =   1.0000   FISW =   2.0000
 
                     COSD =  9.9996E-01               SIND = -8.6421E-03
                     V    =  28.3480   DET  =   0.0000   NODES=   0.0000   RM   =   2.6930   E    =   0.4960   ITER.=   0
0Non-locality correction is applied, parameter =   2.000
0Non-locality correction is applied, parameter =   1.000
0*****  Warning *****  LMAX too large for reliable calculation of unbound stripping or coulomb excitation cases.  Increase RMAX 
0                    LMAX =  30        NSTEP= 400        NLTR =   1
 Bdwck4 entered
   Subroutine INTEG  entered
0REACSIG 1   3.58046E+01                                             REACSIG 2   2.90571E+01
   Subroutine RADINT entered
110Be(d,p)11Be Ex=1.00 QG UNB LMAX30 RMAX40 V8                  0/00/00
0BASIC DATA          DR   =   0.1000   RMIN =   0.0000   RMAX =  40.0000   COUEX=   0.0000     IS1=   1.0000
                     FNRNG=   0.0000   PNLC1=   2.0000   PNLC2=   1.0000   PNLC3=   1.0000     IS2=   0.5000
 ANG MOM TRANSFER    LTR  =   1.       2*JTR=   3.       2*STR=   1.       Q    =  -2.7210
   Subroutine INSIG  entered
0 Theta Inelsig,fm**2      Polz       Asy       Ayy       A22       A21       A20       T22       T21       T20  Theta
   0.00    5.5106E+92    0.0000    0.0000    0.0000    0.0000    0.0000    0.0006    0.0000    0.0000    0.0000   0.00
   1.00    1.0067E+93    0.0004    0.0008    0.0000   -0.0000    0.0000    0.0006    0.0000    0.0000    0.0000   1.00
   2.00    2.0122E+93    0.0003    0.0005    0.0000   -0.0000    0.0000    0.0006    0.0000    0.0000    0.0000   2.00
   3.00    2.7723E+93    0.0002    0.0003    0.0000   -0.0000    0.0000    0.0006    0.0000    0.0000    0.0000   3.00
   4.00    2.6853E+93    0.0001    0.0001    0.0000   -0.0000    0.0000    0.0006    0.0000    0.0000    0.0000   4.00
   5.00    1.7963E+93   -0.0000   -0.0001    0.0000   -0.0000    0.0000    0.0006    0.0000    0.0000    0.0000   5.00
   6.00    7.1982E+92   -0.0002   -0.0004    0.0000   -0.0000    0.0000    0.0006    0.0000    0.0000    0.0000   6.00
   7.00    1.2557E+92   -0.0004   -0.0007    0.0000   -0.0000    0.0000    0.0006    0.0000    0.0000    0.0000   7.00
   8.00    2.2937E+92    0.0004    0.0007    0.0000   -0.0000    0.0000    0.0006    0.0000    0.0000    0.0000   8.00
   9.00    6.9585E+92    0.0002    0.0003    0.0000   -0.0000    0.0000    0.0006    0.0000    0.0000    0.0000   9.00
  10.00    9.8912E+92    0.0001    0.0001    0.0000   -0.0000    0.0000    0.0006    0.0000    0.0000    0.0000  10.00
  11.00    8.3501E+92   -0.0000   -0.0001    0.0000   -0.0000    0.0000    0.0006    0.0000    0.0000    0.0000  11.00
  12.00    4.0128E+92   -0.0002   -0.0004    0.0000   -0.0000    0.0000    0.0006    0.0000    0.0000    0.0000  12.00
  13.00    8.0990E+91   -0.0004   -0.0008    0.0000   -0.0000    0.0000    0.0006    0.0000    0.0000    0.0000  13.00
  14.00    1.1433E+92    0.0004    0.0007    0.0000   -0.0000    0.0000    0.0006    0.0000    0.0000    0.0000  14.00
  15.00    3.9556E+92    0.0002    0.0004    0.0000   -0.0000    0.0000    0.0006    0.0000    0.0000    0.0000  15.00
  16.00    6.1151E+92    0.0001    0.0001    0.0000   -0.0000    0.0000    0.0006    0.0000    0.0000    0.0000  16.00
  17.00    5.4961E+92   -0.0001   -0.0001    0.0000   -0.0000    0.0000    0.0006    0.0000    0.0000    0.0000  17.00
  18.00    2.7994E+92   -0.0002   -0.0004    0.0000   -0.0000    0.0000    0.0006    0.0000    0.0000    0.0000  18.00
  19.00    5.9840E+91   -0.0004   -0.0008    0.0000   -0.0000   -0.0000    0.0006    0.0000    0.0000    0.0000  19.00
  20.00    7.6253E+91    0.0004    0.0007    0.0000   -0.0000    0.0000    0.0006    0.0000    0.0000    0.0000  20.00
  21.00    2.7828E+92    0.0002    0.0004    0.0000   -0.0000    0.0000    0.0006    0.0000    0.0000    0.0000  21.00
  22.00    4.4641E+92    0.0001    0.0001    0.0000   -0.0000    0.0000    0.0006    0.0000    0.0000    0.0000  22.00
  23.00    4.1319E+92   -0.0001   -0.0001    0.0000   -0.0000    0.0000    0.0006    0.0000    0.0000    0.0000  23.00
  24.00    2.1663E+92   -0.0002   -0.0004    0.0000   -0.0000    0.0000    0.0006    0.0000    0.0000    0.0000  24.00
  25.00    4.7745E+91   -0.0004   -0.0008    0.0000   -0.0000   -0.0000    0.0006    0.0000    0.0000    0.0000  25.00
  26.00    5.7635E+91    0.0004    0.0007    0.0000   -0.0000    0.0000    0.0006    0.0000    0.0000    0.0000  26.00
  27.00    2.1652E+92    0.0002    0.0004    0.0000   -0.0000    0.0000    0.0006    0.0000    0.0000    0.0000  27.00
  28.00    3.5468E+92    0.0001    0.0001    0.0000   -0.0000    0.0000    0.0006    0.0000    0.0000    0.0000  28.00
  29.00    3.3400E+92   -0.0001   -0.0001    0.0000   -0.0000    0.0000    0.0006    0.0000    0.0000    0.0000  29.00
  30.00    1.7819E+92   -0.0002   -0.0004    0.0000   -0.0000    0.0000    0.0006    0.0000    0.0000    0.0000  30.00
  31.00    4.0029E+91   -0.0004   -0.0008    0.0000   -0.0000    0.0000    0.0006    0.0000    0.0000    0.0000  31.00
  32.00    4.6746E+91    0.0004    0.0007    0.0000   -0.0000    0.0000    0.0006    0.0000    0.0000    0.0000  32.00
  33.00    1.7886E+92    0.0002    0.0004    0.0000   -0.0000    0.0000    0.0006    0.0000    0.0000    0.0000  33.00
  34.00    2.9699E+92    0.0001    0.0001    0.0000   -0.0000    0.0000    0.0006    0.0000    0.0000    0.0000  34.00
  35.00    2.8289E+92   -0.0001   -0.0001    0.0000   -0.0000    0.0000    0.0006    0.0000    0.0000    0.0000  35.00
  36.00    1.5270E+92   -0.0002   -0.0004    0.0000   -0.0000    0.0000    0.0006    0.0000    0.0000    0.0000  36.00
  37.00    3.4757E+91   -0.0004   -0.0008    0.0000   -0.0000    0.0000    0.0006    0.0000    0.0000    0.0000  37.00
  38.00    3.9701E+91    0.0004    0.0007    0.0000   -0.0000    0.0000    0.0006    0.0000    0.0000    0.0000  38.00
  39.00    1.5384E+92    0.0002    0.0004    0.0000   -0.0000    0.0000    0.0006    0.0000    0.0000    0.0000  39.00
  40.00    2.5792E+92    0.0001    0.0001    0.0000   -0.0000    0.0000    0.0006    0.0000    0.0000    0.0000  40.00
  41.00    2.4769E+92   -0.0001   -0.0001    0.0000   -0.0000    0.0000    0.0006    0.0000    0.0000    0.0000  41.00
  42.00    1.3485E+92   -0.0002   -0.0004    0.0000   -0.0000    0.0000    0.0006    0.0000    0.0000    0.0000  42.00
  43.00    3.0991E+91   -0.0004   -0.0008    0.0000   -0.0000    0.0000    0.0006    0.0000    0.0000    0.0000  43.00
  44.00    3.4851E+91    0.0004    0.0007    0.0000   -0.0000    0.0000    0.0006    0.0000    0.0000    0.0000  44.00
  45.00    1.3631E+92    0.0002    0.0004    0.0000   -0.0000    0.0000    0.0006    0.0000    0.0000    0.0000  45.00
  46.00    2.3019E+92    0.0001    0.0001    0.0000   -0.0000    0.0000    0.0006    0.0000    0.0000    0.0000  46.00
  47.00    2.2245E+92   -0.0001   -0.0001    0.0000   -0.0000    0.0000    0.0006    0.0000    0.0000    0.0000  47.00
  48.00    1.2190E+92   -0.0002   -0.0004    0.0000   -0.0000    0.0000    0.0006    0.0000    0.0000    0.0000  48.00
  49.00    2.8225E+91   -0.0004   -0.0008    0.0000   -0.0000    0.0000    0.0006    0.0000    0.0000    0.0000  49.00
  50.00    3.1377E+91    0.0004    0.0007    0.0000   -0.0000    0.0000    0.0006    0.0000    0.0000    0.0000  50.00
  51.00    1.2362E+92    0.0002    0.0004    0.0000   -0.0000    0.0000    0.0006    0.0000    0.0000    0.0000  51.00
  52.00    2.0995E+92    0.0001    0.0001    0.0000   -0.0000    0.0000    0.0006    0.0000    0.0000    0.0000  52.00
  53.00    2.0391E+92   -0.0001   -0.0001    0.0000   -0.0000    0.0000    0.0006    0.0000    0.0000    0.0000  53.00
  54.00    1.1233E+92   -0.0002   -0.0004    0.0000   -0.0000   -0.0000    0.0006    0.0000    0.0000    0.0000  54.00
  55.00    2.6162E+91   -0.0004   -0.0008    0.0000   -0.0000    0.0000    0.0006    0.0000    0.0000    0.0000  55.00
  56.00    2.8833E+91    0.0004    0.0007    0.0000   -0.0000    0.0000    0.0006    0.0000    0.0000    0.0000  56.00
  57.00    1.1426E+92    0.0002    0.0004    0.0000   -0.0000    0.0000    0.0006    0.0000    0.0000    0.0000  57.00
  58.00    1.9496E+92    0.0001    0.0001    0.0000   -0.0000    0.0000    0.0006    0.0000    0.0000    0.0000  58.00
  59.00    1.9013E+92   -0.0001   -0.0001    0.0000   -0.0000   -0.0000    0.0006    0.0000    0.0000    0.0000  59.00
  60.00    1.0519E+92   -0.0002   -0.0004    0.0000   -0.0000   -0.0000    0.0006    0.0000    0.0000    0.0000  60.00
0Tot-sig   1.8449E+93
1Inelastic  10Be(d,p)11Be Ex=1.00 QG UNB LMAX30 RMAX40 V8                  0/00/00
    THETA  91                               92                               93                               94   THETA cos(theta)
     0.00  |++++++++++++++++++++++++++++++++|+++++++++++++++++++++++*++++++++|++++++++++++++++++++++++++++++++|+    0.00    1.0000
     1.00  +                                                                 *                                 +    1.00    0.9998
     2.00  +                                                                           *                       +    2.00    0.9994
     3.00  +                                                                                *                  +    3.00    0.9986
     4.00  +                                                                               *                   +    4.00    0.9976
     5.00  +                                                                         *                         +    5.00    0.9962
     6.00  +                                                            *                                      +    6.00    0.9945
     7.00  +                                   *                                                               +    7.00    0.9925
     8.00  +                                            *                                                      +    8.00    0.9903
     9.00  +                                                            *                                      +    9.00    0.9877
    10.00  +                                                                 *                                 +   10.00    0.9848
    11.00  +                                                              *                                    +   11.00    0.9816
    12.00  +                                                    *                                              +   12.00    0.9781
    13.00  +                             *                                                                     +   13.00    0.9744
    14.00  +                                  *                                                                +   14.00    0.9703
    15.00  +                                                    *                                              +   15.00    0.9659
    16.00  +                                                          *                                        +   16.00    0.9613
    17.00  +                                                        *                                          +   17.00    0.9563
    18.00  +                                               *                                                   +   18.00    0.9511
    19.00  +                         *                                                                         +   19.00    0.9455
    20.00  +                            *                                                                      +   20.00    0.9397
    21.00  +                                               *                                                   +   21.00    0.9336
    22.00  +                                                     *                                             +   22.00    0.9272
    23.00  +                                                    *                                              +   23.00    0.9205
    24.00  +                                           *                                                       +   24.00    0.9135
    25.00  +                     *                                                                             +   25.00    0.9063
    26.00  +                        *                                                                          +   26.00    0.8988
    27.00  +                                           *                                                       +   27.00    0.8910
    28.00  +                                                  *                                                +   28.00    0.8829
    29.00  +                                                 *                                                 +   29.00    0.8746
    30.00  +                                        *                                                          +   30.00    0.8660
    31.00  +                   *                                                                               +   31.00    0.8572
    32.00  +                     *                                                                             +   32.00    0.8480
    33.00  +                                        *                                                          +   33.00    0.8387
    34.00  +                                                *                                                  +   34.00    0.8290
    35.00  +                                               *                                                   +   35.00    0.8192
    36.00  +                                      *                                                            +   36.00    0.8090
    37.00  +                 *                                                                                 +   37.00    0.7986
    38.00  +                   *                                                                               +   38.00    0.7880
    39.00  +                                      *                                                            +   39.00    0.7771
    40.00  +                                              *                                                    +   40.00    0.7660
    41.00  +                                             *                                                     +   41.00    0.7547
    42.00  +                                    *                                                              +   42.00    0.7431
    43.00  +               *                                                                                   +   43.00    0.7314
    44.00  +                 *                                                                                 +   44.00    0.7193
    45.00  +                                    *                                                              +   45.00    0.7071
    46.00  +                                            *                                                      +   46.00    0.6947
    47.00  +                                           *                                                       +   47.00    0.6820
    48.00  +                                   *                                                               +   48.00    0.6691
    49.00  +              *                                                                                    +   49.00    0.6561
    50.00  +               *                                                                                   +   50.00    0.6428
    51.00  +                                   *                                                               +   51.00    0.6293
    52.00  +                                           *                                                       +   52.00    0.6157
    53.00  +                                          *                                                        +   53.00    0.6018
    54.00  +                                  *                                                                +   54.00    0.5878
    55.00  +             *                                                                                     +   55.00    0.5736
    56.00  +              *                                                                                    +   56.00    0.5592
    57.00  +                                  *                                                                +   57.00    0.5446
    58.00  +                                          *                                                        +   58.00    0.5299
    59.00  +                                         *                                                         +   59.00    0.5150
    60.00  |++++++++++++++++++++++++++++++++|*+++++++++++++++++++++++++++++++|++++++++++++++++++++++++++++++++|+   60.00    0.5000
    THETA  91                               92                               93                               94   THETA cos(theta)
1DWUCK4-DISTORTED WAVES U.COLORADO- PC-VERSION  12/Jan /1995
 Elapsed time in seconds =   0.00
 Elapsed time in seconds =   0.00
0CONTROL INTEGERS
  1 2 3 4 5 6 7 8 9 A B C D E F G H I J K    RUN IDENTIFICATION                                             0/00/00   0.00.00
  1 0 1 1 0 0 0 0 3 0 0 0 0 0 0 0 0 0 0 0    10Be(d,p)11Be Ex=1.20 QG UNB LMAX30 RMAX40 V8               
 10Be(d,p)11Be Ex=1.20 QG UNB LMAX30 RMAX40 V8               
 Adwck4 entered
0ANGLE DATA          THETN=  61.0000   THET1=   0.0000   DTHET=   1.0000   A-ANG=   0.0000   B-ANG=   0.0000
0CARD SET 3 DATA     LMAX =  30          LTR=   1
                     NLTR =   1        2*JTR=   3
0CARD SET 4 DATA     DRF  =   0.1000   RZ   =   0.0000   RMAX = -40.0000   VCE  =   0.0000   FNRNG=   0.0000
                     AMASS=   0.8000
 PARTICLE DATA 
0PARTICLE 1*******************************************************************************************************************
 INPUT DATA          ELAB =  17.4000   RC0  =   1.3030   AC   =   0.0000   2*STR=   2.0000
                     MASSP=   2.0000   MASST=  10.0000   Q    =   0.0000
                     ZP   =   1.0000   ZT   =   4.0000   PNLOC=   2.0000
 
 DERIVED DATA        ECM  =  14.5000   RC   =   2.8072   RHO  =   3.0186
                     K    =   1.0753   ETA  =   0.2136   DR   =   0.0080
0POTENTIAL PARAMETERS
 NX=1 VOLUME  W-S    V RL = -88.7440   R0RL =   1.1480   A RL =   0.7460   R RL =   2.4733   VSOR =   0.0000
                     V IM =  -2.1860   R0IM =   1.3510   A IM =   0.6400   R IM =   2.9106   VSOI =   0.0000   POWR =   0.0000
 NX=2 SURFACE W-S    V RL =   0.0000   R0RL =   0.0000   A RL =   0.0000   R RL =   0.0000   VSOR =   0.0000
                     V IM =  27.3930   R0IM =   1.4050   A IM =   0.6650   R IM =   3.0270   VSOI =   0.0000   POWR =   0.0000
 NX=4 L*S VOLUME     V RL = -14.2280   R0RL =   0.9720   A RL =   1.0110   R RL =   2.0941   VSOR =   0.0000
                     V IM =   0.0000   R0IM =   0.0000   A IM =   0.0000   R IM =   0.0000   VSOI =   0.0000   POWR =   0.0000
0PARTICLE 2*******************************************************************************************************************
 INPUT DATA          ELAB =  12.6316   RC0  =   1.5780   AC   =   0.0000   2*STR=   1.0000
                     MASSP=   1.0000   MASST=  11.0000   Q    =  -2.9210
                     ZP   =   1.0000   ZT   =   4.0000   PNLOC=   1.0000
 
 DERIVED DATA        ECM  =  11.5790   RC   =   3.5094   RHO  =   2.5009
                     K    =   0.7126   ETA  =   0.1772   DR   =   0.0073
0POTENTIAL PARAMETERS
 NX=1 VOLUME  W-S    V RL = -56.2800   R0RL =   1.1220   A RL =   0.6760   R RL =   2.4953   VSOR =   0.0000
                     V IM =  -1.1170   R0IM =   1.1220   A IM =   0.6760   R IM =   2.4953   VSOI =   0.0000   POWR =   0.0000
 NX=2 SURFACE W-S    V RL =   0.0000   R0RL =   0.0000   A RL =   0.0000   R RL =   0.0000   VSOR =   0.0000
                     V IM =  20.7710   R0IM =   1.3070   A IM =   0.5240   R IM =   2.9067   VSOI =   0.0000   POWR =   0.0000
 NX=4 L*S VOLUME     V RL = -21.8760   R0RL =   0.8940   A RL =   0.5900   R RL =   1.9882   VSOR =   0.0000
                     V IM =   0.8640   R0IM =   0.8940   A IM =   0.5900   R IM =   1.9882   VSOI =   0.0000   POWR =   0.0000
110Be(d,p)11Be Ex=1.20 QG UNB LMAX30 RMAX40 V8                  0/ 0/ 0
0FORM FACTOR DATA 
0PARTICLE 3*******************************************************************************************************************
 INPUT DATA          ELAB =   0.6960   RC0  =   1.3000   AC   =   0.0000   2*STR=   1.0000
                     MASSP=   1.0000   MASST=  10.0000   Q    =   0.6960
                     ZP   =   0.0000   ZT   =   4.0000   PNLOC=   1.0000
 
 DERIVED DATA        ECM  =   0.6960   RC   =   2.8008   RHO  =   0.4873
                     K    =   0.1740   ETA  =   0.0000   DR   =   0.0080
0POTENTIAL PARAMETERS
 NX=1 VOLUME  W-S    V RL =   1.0000   R0RL =   1.2500   A RL =   0.6500   R RL =   2.6930   VSOR =  24.0000
                     V IM =   1.1000   R0IM =   0.6500   A IM =   0.0000   R IM =   1.4004   VSOI =   0.0000   POWR =   0.0000
 
                     NODES=   0.0000   L    =   1.0000   2*J  =   3.0000   2*S  =   1.0000   FISW =   2.0000
 
                     COSD =  9.9990E-01               SIND = -1.4055E-02
                     V    =  28.3480   DET  =   0.0000   NODES=   0.0000   RM   =   2.6930   E    =   0.6960   ITER.=   0
0Non-locality correction is applied, parameter =   2.000
0Non-locality correction is applied, parameter =   1.000
0*****  Warning *****  LMAX too large for reliable calculation of unbound stripping or coulomb excitation cases.  Increase RMAX 
0                    LMAX =  30        NSTEP= 400        NLTR =   1
 Bdwck4 entered
   Subroutine INTEG  entered
0REACSIG 1   3.58046E+01                                             REACSIG 2   2.90307E+01
   Subroutine RADINT entered
110Be(d,p)11Be Ex=1.20 QG UNB LMAX30 RMAX40 V8                  0/00/00
0BASIC DATA          DR   =   0.1000   RMIN =   0.0000   RMAX =  40.0000   COUEX=   0.0000     IS1=   1.0000
                     FNRNG=   0.0000   PNLC1=   2.0000   PNLC2=   1.0000   PNLC3=   1.0000     IS2=   0.5000
 ANG MOM TRANSFER    LTR  =   1.       2*JTR=   3.       2*STR=   1.       Q    =  -2.9210
   Subroutine INSIG  entered
0 Theta Inelsig,fm**2      Polz       Asy       Ayy       A22       A21       A20       T22       T21       T20  Theta
   0.00    1.7576E+94    0.0000    0.0000    0.0000    0.0000    0.0000    0.0006    0.0000    0.0000    0.0000   0.00
   1.00    3.1291E+94    0.0004    0.0007    0.0000   -0.0000    0.0000    0.0006    0.0000    0.0000    0.0000   1.00
   2.00    6.1537E+94    0.0003    0.0005    0.0000   -0.0000    0.0000    0.0006    0.0000    0.0000    0.0000   2.00
   3.00    8.4330E+94    0.0001    0.0003    0.0000   -0.0000    0.0000    0.0006    0.0000    0.0000    0.0000   3.00
   4.00    8.1541E+94    0.0001    0.0001    0.0000   -0.0000    0.0000    0.0006    0.0000    0.0000    0.0000   4.00
   5.00    5.4555E+94   -0.0000   -0.0001    0.0000   -0.0000    0.0000    0.0006    0.0000    0.0000    0.0000   5.00
   6.00    2.1950E+94   -0.0002   -0.0004    0.0000   -0.0000    0.0000    0.0006    0.0000    0.0000    0.0000   6.00
   7.00    3.9525E+93   -0.0003   -0.0006    0.0000   -0.0000    0.0000    0.0006    0.0000    0.0000    0.0000   7.00
   8.00    7.0703E+93    0.0003    0.0007    0.0000   -0.0000    0.0000    0.0006    0.0000    0.0000    0.0000   8.00
   9.00    2.1161E+94    0.0002    0.0003    0.0000   -0.0000    0.0000    0.0006    0.0000    0.0000    0.0000   9.00
  10.00    3.0024E+94    0.0001    0.0001    0.0000   -0.0000    0.0000    0.0006    0.0000    0.0000    0.0000  10.00
  11.00    2.5363E+94   -0.0000   -0.0001    0.0000   -0.0000    0.0000    0.0006    0.0000    0.0000    0.0000  11.00
  12.00    1.2242E+94   -0.0002   -0.0004    0.0000   -0.0000    0.0000    0.0006    0.0000    0.0000    0.0000  12.00
  13.00    2.5403E+93   -0.0003   -0.0007    0.0000   -0.0000    0.0000    0.0006    0.0000    0.0000    0.0000  13.00
  14.00    3.5273E+93    0.0004    0.0007    0.0000   -0.0000    0.0000    0.0006    0.0000    0.0000    0.0000  14.00
  15.00    1.2019E+94    0.0002    0.0003    0.0000   -0.0000    0.0000    0.0006    0.0000    0.0000    0.0000  15.00
  16.00    1.8554E+94    0.0001    0.0001    0.0000   -0.0000    0.0000    0.0006    0.0000    0.0000    0.0000  16.00
  17.00    1.6694E+94   -0.0000   -0.0001    0.0000   -0.0000    0.0000    0.0006    0.0000    0.0000    0.0000  17.00
  18.00    8.5442E+93   -0.0002   -0.0004    0.0000   -0.0000    0.0000    0.0006    0.0000    0.0000    0.0000  18.00
  19.00    1.8760E+93   -0.0003   -0.0007    0.0000   -0.0000   -0.0000    0.0006    0.0000    0.0000    0.0000  19.00
  20.00    2.3511E+93    0.0004    0.0007    0.0000   -0.0000    0.0000    0.0006    0.0000    0.0000    0.0000  20.00
  21.00    8.4476E+93    0.0002    0.0003    0.0000   -0.0000    0.0000    0.0006    0.0000    0.0000    0.0000  21.00
  22.00    1.3537E+94    0.0001    0.0001    0.0000   -0.0000    0.0000    0.0006    0.0000    0.0000    0.0000  22.00
  23.00    1.2549E+94   -0.0000   -0.0001    0.0000   -0.0000    0.0000    0.0006    0.0000    0.0000    0.0000  23.00
  24.00    6.6142E+93   -0.0002   -0.0003    0.0000   -0.0000    0.0000    0.0006    0.0000    0.0000    0.0000  24.00
  25.00    1.4972E+93   -0.0003   -0.0007    0.0000   -0.0000   -0.0000    0.0006    0.0000    0.0000    0.0000  25.00
  26.00    1.7749E+93    0.0004    0.0007    0.0000   -0.0000    0.0000    0.0006    0.0000    0.0000    0.0000  26.00
  27.00    6.5658E+93    0.0002    0.0004    0.0000   -0.0000    0.0000    0.0006    0.0000    0.0000    0.0000  27.00
  28.00    1.0749E+94    0.0001    0.0001    0.0000   -0.0000    0.0000    0.0006    0.0000    0.0000    0.0000  28.00
  29.00    1.0142E+94   -0.0000   -0.0001    0.0000   -0.0000    0.0000    0.0006    0.0000    0.0000    0.0000  29.00
  30.00    5.4418E+93   -0.0002   -0.0003    0.0000   -0.0000    0.0000    0.0006    0.0000    0.0000    0.0000  30.00
  31.00    1.2558E+93   -0.0003   -0.0007    0.0000   -0.0000    0.0000    0.0006    0.0000    0.0000    0.0000  31.00
  32.00    1.4376E+93    0.0004    0.0007    0.0000   -0.0000    0.0000    0.0006    0.0000    0.0000    0.0000  32.00
  33.00    5.4176E+93    0.0002    0.0004    0.0000   -0.0000    0.0000    0.0006    0.0000    0.0000    0.0000  33.00
  34.00    8.9951E+93    0.0001    0.0001    0.0000   -0.0000    0.0000    0.0006    0.0000    0.0000    0.0000  34.00
  35.00    8.5876E+93   -0.0000   -0.0001    0.0000   -0.0000    0.0000    0.0006    0.0000    0.0000    0.0000  35.00
  36.00    4.6642E+93   -0.0002   -0.0003    0.0000   -0.0000    0.0000    0.0006    0.0000    0.0000    0.0000  36.00
  37.00    1.0909E+93   -0.0003   -0.0007    0.0000   -0.0000    0.0000    0.0006    0.0000    0.0000    0.0000  37.00
  38.00    1.2191E+93    0.0004    0.0007    0.0000   -0.0000    0.0000    0.0006    0.0000    0.0000    0.0000  38.00
  39.00    4.6544E+93    0.0002    0.0004    0.0000   -0.0000    0.0000    0.0006    0.0000    0.0000    0.0000  39.00
  40.00    7.8060E+93    0.0001    0.0001    0.0000   -0.0000    0.0000    0.0006    0.0000    0.0000    0.0000  40.00
  41.00    7.5164E+93   -0.0000   -0.0001    0.0000   -0.0000    0.0000    0.0006    0.0000    0.0000    0.0000  41.00
  42.00    4.1190E+93   -0.0002   -0.0003    0.0000   -0.0000    0.0000    0.0006    0.0000    0.0000    0.0000  42.00
  43.00    9.7307E+92   -0.0003   -0.0007    0.0000   -0.0000    0.0000    0.0006    0.0000    0.0000    0.0000  43.00
  44.00    1.0684E+93    0.0004    0.0007    0.0000   -0.0000    0.0000    0.0006    0.0000    0.0000    0.0000  44.00
  45.00    4.1193E+93    0.0002    0.0004    0.0000   -0.0000    0.0000    0.0006    0.0000    0.0000    0.0000  45.00
  46.00    6.9613E+93    0.0001    0.0001    0.0000   -0.0000    0.0000    0.0006    0.0000    0.0000    0.0000  46.00
  47.00    6.7473E+93   -0.0000   -0.0001    0.0000   -0.0000    0.0000    0.0006    0.0000    0.0000    0.0000  47.00
  48.00    3.7232E+93   -0.0002   -0.0003    0.0000   -0.0000    0.0000    0.0006    0.0000    0.0000    0.0000  48.00
  49.00    8.8645E+92   -0.0003   -0.0007    0.0000   -0.0000    0.0000    0.0006    0.0000    0.0000    0.0000  49.00
  50.00    9.6043E+92    0.0004    0.0008    0.0000   -0.0000    0.0000    0.0006    0.0000    0.0000    0.0000  50.00
  51.00    3.7313E+93    0.0002    0.0004    0.0000   -0.0000    0.0000    0.0006    0.0000    0.0000    0.0000  51.00
  52.00    6.3439E+93    0.0001    0.0001    0.0000   -0.0000    0.0000    0.0006    0.0000    0.0000    0.0000  52.00
  53.00    6.1813E+93   -0.0000   -0.0001    0.0000   -0.0000    0.0000    0.0006    0.0000    0.0000    0.0000  53.00
  54.00    3.4299E+93   -0.0002   -0.0003    0.0000   -0.0000   -0.0000    0.0006    0.0000    0.0000    0.0000  54.00
  55.00    8.2177E+92   -0.0003   -0.0007    0.0000   -0.0000    0.0000    0.0006    0.0000    0.0000    0.0000  55.00
  56.00    8.8121E+92    0.0004    0.0008    0.0000   -0.0000    0.0000    0.0006    0.0000    0.0000    0.0000  56.00
  57.00    3.4447E+93    0.0002    0.0004    0.0000   -0.0000    0.0000    0.0006    0.0000    0.0000    0.0000  57.00
  58.00    5.8859E+93    0.0001    0.0001    0.0000   -0.0000    0.0000    0.0006    0.0000    0.0000    0.0000  58.00
  59.00    5.7602E+93   -0.0000   -0.0001    0.0000   -0.0000   -0.0000    0.0006    0.0000    0.0000    0.0000  59.00
  60.00    3.2110E+93   -0.0002   -0.0003    0.0000   -0.0000   -0.0000    0.0006    0.0000    0.0000    0.0000  60.00
0Tot-sig   5.5703E+94
1Inelastic  10Be(d,p)11Be Ex=1.20 QG UNB LMAX30 RMAX40 V8                  0/00/00
    THETA  92                               93                               94                               95   THETA cos(theta)
     0.00  |++++++++++++++++++++++++++++++++|++++++++++++++++++++++++++++++++|+++++++*++++++++++++++++++++++++|+    0.00    1.0000
     1.00  +                                                                                 *                 +    1.00    0.9998
     2.00  +                                                                                           *       +    2.00    0.9994
     3.00  +                                                                                                *  +    3.00    0.9986
     4.00  +                                                                                               *   +    4.00    0.9976
     5.00  +                                                                                         *         +    5.00    0.9962
     6.00  +                                                                            *                      +    6.00    0.9945
     7.00  +                                                    *                                              +    7.00    0.9925
     8.00  +                                                            *                                      +    8.00    0.9903
     9.00  +                                                                            *                      +    9.00    0.9877
    10.00  +                                                                                 *                 +   10.00    0.9848
    11.00  +                                                                              *                    +   11.00    0.9816
    12.00  +                                                                    *                              +   12.00    0.9781
    13.00  +                                             *                                                     +   13.00    0.9744
    14.00  +                                                  *                                                +   14.00    0.9703
    15.00  +                                                                    *                              +   15.00    0.9659
    16.00  +                                                                          *                        +   16.00    0.9613
    17.00  +                                                                        *                          +   17.00    0.9563
    18.00  +                                                               *                                   +   18.00    0.9511
    19.00  +                                         *                                                         +   19.00    0.9455
    20.00  +                                            *                                                      +   20.00    0.9397
    21.00  +                                                               *                                   +   21.00    0.9336
    22.00  +                                                                     *                             +   22.00    0.9272
    23.00  +                                                                    *                              +   23.00    0.9205
    24.00  +                                                           *                                       +   24.00    0.9135
    25.00  +                                      *                                                            +   25.00    0.9063
    26.00  +                                        *                                                          +   26.00    0.8988
    27.00  +                                                           *                                       +   27.00    0.8910
    28.00  +                                                                  *                                +   28.00    0.8829
    29.00  +                                                                 *                                 +   29.00    0.8746
    30.00  +                                                        *                                          +   30.00    0.8660
    31.00  +                                   *                                                               +   31.00    0.8572
    32.00  +                                     *                                                             +   32.00    0.8480
    33.00  +                                                        *                                          +   33.00    0.8387
    34.00  +                                                               *                                   +   34.00    0.8290
    35.00  +                                                               *                                   +   35.00    0.8192
    36.00  +                                                      *                                            +   36.00    0.8090
    37.00  +                                 *                                                                 +   37.00    0.7986
    38.00  +                                   *                                                               +   38.00    0.7880
    39.00  +                                                      *                                            +   39.00    0.7771
    40.00  +                                                             *                                     +   40.00    0.7660
    41.00  +                                                             *                                     +   41.00    0.7547
    42.00  +                                                    *                                              +   42.00    0.7431
    43.00  +                                *                                                                  +   43.00    0.7314
    44.00  +                                 *                                                                 +   44.00    0.7193
    45.00  +                                                    *                                              +   45.00    0.7071
    46.00  +                                                            *                                      +   46.00    0.6947
    47.00  +                                                           *                                       +   47.00    0.6820
    48.00  +                                                   *                                               +   48.00    0.6691
    49.00  +                              *                                                                    +   49.00    0.6561
    50.00  +                               *                                                                   +   50.00    0.6428
    51.00  +                                                   *                                               +   51.00    0.6293
    52.00  +                                                          *                                        +   52.00    0.6157
    53.00  +                                                          *                                        +   53.00    0.6018
    54.00  +                                                  *                                                +   54.00    0.5878
    55.00  +                             *                                                                     +   55.00    0.5736
    56.00  +                              *                                                                    +   56.00    0.5592
    57.00  +                                                  *                                                +   57.00    0.5446
    58.00  +                                                         *                                         +   58.00    0.5299
    59.00  +                                                         *                                         +   59.00    0.5150
    60.00  |++++++++++++++++++++++++++++++++|++++++++++++++++*+++++++++++++++|++++++++++++++++++++++++++++++++|+   60.00    0.5000
    THETA  92                               93                               94                               95   THETA cos(theta)
1DWUCK4-DISTORTED WAVES U.COLORADO- PC-VERSION  12/Jan /1995
 Elapsed time in seconds =   0.00
 Elapsed time in seconds =   0.00
0CONTROL INTEGERS
  1 2 3 4 5 6 7 8 9 A B C D E F G H I J K    RUN IDENTIFICATION                                             0/00/00   0.00.00
  1 0 1 1 0 0 0 0 3 0 0 0 0 0 0 0 0 0 0 0    10Be(d,p)11Be Ex=1.40 QG UNB LMAX30 RMAX40 V8               
 10Be(d,p)11Be Ex=1.40 QG UNB LMAX30 RMAX40 V8               
 Adwck4 entered
0ANGLE DATA          THETN=  61.0000   THET1=   0.0000   DTHET=   1.0000   A-ANG=   0.0000   B-ANG=   0.0000
0CARD SET 3 DATA     LMAX =  30          LTR=   1
                     NLTR =   1        2*JTR=   3
0CARD SET 4 DATA     DRF  =   0.1000   RZ   =   0.0000   RMAX = -40.0000   VCE  =   0.0000   FNRNG=   0.0000
                     AMASS=   0.8000
 PARTICLE DATA 
0PARTICLE 1*******************************************************************************************************************
 INPUT DATA          ELAB =  17.4000   RC0  =   1.3030   AC   =   0.0000   2*STR=   2.0000
                     MASSP=   2.0000   MASST=  10.0000   Q    =   0.0000
                     ZP   =   1.0000   ZT   =   4.0000   PNLOC=   2.0000
 
 DERIVED DATA        ECM  =  14.5000   RC   =   2.8072   RHO  =   3.0186
                     K    =   1.0753   ETA  =   0.2136   DR   =   0.0080
0POTENTIAL PARAMETERS
 NX=1 VOLUME  W-S    V RL = -88.7440   R0RL =   1.1480   A RL =   0.7460   R RL =   2.4733   VSOR =   0.0000
                     V IM =  -2.1860   R0IM =   1.3510   A IM =   0.6400   R IM =   2.9106   VSOI =   0.0000   POWR =   0.0000
 NX=2 SURFACE W-S    V RL =   0.0000   R0RL =   0.0000   A RL =   0.0000   R RL =   0.0000   VSOR =   0.0000
                     V IM =  27.3930   R0IM =   1.4050   A IM =   0.6650   R IM =   3.0270   VSOI =   0.0000   POWR =   0.0000
 NX=4 L*S VOLUME     V RL = -14.2280   R0RL =   0.9720   A RL =   1.0110   R RL =   2.0941   VSOR =   0.0000
                     V IM =   0.0000   R0IM =   0.0000   A IM =   0.0000   R IM =   0.0000   VSOI =   0.0000   POWR =   0.0000
0PARTICLE 2*******************************************************************************************************************
 INPUT DATA          ELAB =  12.4135   RC0  =   1.5780   AC   =   0.0000   2*STR=   1.0000
                     MASSP=   1.0000   MASST=  11.0000   Q    =  -3.1210
                     ZP   =   1.0000   ZT   =   4.0000   PNLOC=   1.0000
 
 DERIVED DATA        ECM  =  11.3790   RC   =   3.5094   RHO  =   2.4792
                     K    =   0.7064   ETA  =   0.1788   DR   =   0.0073
0POTENTIAL PARAMETERS
 NX=1 VOLUME  W-S    V RL = -56.2800   R0RL =   1.1220   A RL =   0.6760   R RL =   2.4953   VSOR =   0.0000
                     V IM =  -1.1170   R0IM =   1.1220   A IM =   0.6760   R IM =   2.4953   VSOI =   0.0000   POWR =   0.0000
 NX=2 SURFACE W-S    V RL =   0.0000   R0RL =   0.0000   A RL =   0.0000   R RL =   0.0000   VSOR =   0.0000
                     V IM =  20.7710   R0IM =   1.3070   A IM =   0.5240   R IM =   2.9067   VSOI =   0.0000   POWR =   0.0000
 NX=4 L*S VOLUME     V RL = -21.8760   R0RL =   0.8940   A RL =   0.5900   R RL =   1.9882   VSOR =   0.0000
                     V IM =   0.8640   R0IM =   0.8940   A IM =   0.5900   R IM =   1.9882   VSOI =   0.0000   POWR =   0.0000
110Be(d,p)11Be Ex=1.40 QG UNB LMAX30 RMAX40 V8                  0/ 0/ 0
0FORM FACTOR DATA 
0PARTICLE 3*******************************************************************************************************************
 INPUT DATA          ELAB =   0.8960   RC0  =   1.3000   AC   =   0.0000   2*STR=   1.0000
                     MASSP=   1.0000   MASST=  10.0000   Q    =   0.8960
                     ZP   =   0.0000   ZT   =   4.0000   PNLOC=   1.0000
 
 DERIVED DATA        ECM  =   0.8960   RC   =   2.8008   RHO  =   0.5529
                     K    =   0.1974   ETA  =   0.0000   DR   =   0.0080
0POTENTIAL PARAMETERS
 NX=1 VOLUME  W-S    V RL =   1.0000   R0RL =   1.2500   A RL =   0.6500   R RL =   2.6930   VSOR =  24.0000
                     V IM =   1.1000   R0IM =   0.6500   A IM =   0.0000   R IM =   1.4004   VSOI =   0.0000   POWR =   0.0000
 
                     NODES=   0.0000   L    =   1.0000   2*J  =   3.0000   2*S  =   1.0000   FISW =   2.0000
 
                     COSD =  9.9980E-01               SIND = -2.0098E-02
                     V    =  28.3480   DET  =   0.0000   NODES=   0.0000   RM   =   2.6930   E    =   0.8960   ITER.=   0
0Non-locality correction is applied, parameter =   2.000
0Non-locality correction is applied, parameter =   1.000
0*****  Warning *****  LMAX too large for reliable calculation of unbound stripping or coulomb excitation cases.  Increase RMAX 
0                    LMAX =  30        NSTEP= 400        NLTR =   1
 Bdwck4 entered
   Subroutine INTEG  entered
0REACSIG 1   3.58046E+01                                             REACSIG 2   2.89642E+01
   Subroutine RADINT entered
110Be(d,p)11Be Ex=1.40 QG UNB LMAX30 RMAX40 V8                  0/00/00
0BASIC DATA          DR   =   0.1000   RMIN =   0.0000   RMAX =  40.0000   COUEX=   0.0000     IS1=   1.0000
                     FNRNG=   0.0000   PNLC1=   2.0000   PNLC2=   1.0000   PNLC3=   1.0000     IS2=   0.5000
 ANG MOM TRANSFER    LTR  =   1.       2*JTR=   3.       2*STR=   1.       Q    =  -3.1210
   Subroutine INSIG  entered
0 Theta Inelsig,fm**2      Polz       Asy       Ayy       A22       A21       A20       T22       T21       T20  Theta
   0.00    2.6940E+95    0.0000    0.0000    0.0000    0.0000    0.0000    0.0006    0.0000    0.0000    0.0000   0.00
   1.00    4.7347E+95    0.0003    0.0007    0.0000   -0.0000    0.0000    0.0006    0.0000    0.0000    0.0000   1.00
   2.00    9.2326E+95    0.0002    0.0005    0.0000   -0.0000    0.0000    0.0006    0.0000    0.0000    0.0000   2.00
   3.00    1.2615E+96    0.0001    0.0003    0.0000   -0.0000    0.0000    0.0006    0.0000    0.0000    0.0000   3.00
   4.00    1.2184E+96    0.0001    0.0001    0.0000   -0.0000    0.0000    0.0006    0.0000    0.0000    0.0000   4.00
   5.00    8.1495E+95   -0.0000   -0.0001    0.0000   -0.0000    0.0000    0.0006    0.0000    0.0000    0.0000   5.00
   6.00    3.2836E+95   -0.0002   -0.0004    0.0000   -0.0000    0.0000    0.0006    0.0000    0.0000    0.0000   6.00
   7.00    6.0065E+94   -0.0003   -0.0006    0.0000   -0.0000    0.0000    0.0006    0.0000    0.0000    0.0000   7.00
   8.00    1.0674E+95    0.0003    0.0006    0.0000   -0.0000    0.0000    0.0006    0.0000    0.0000    0.0000   8.00
   9.00    3.1684E+95    0.0002    0.0003    0.0000   -0.0000    0.0000    0.0006    0.0000    0.0000    0.0000   9.00
  10.00    4.4870E+95    0.0001    0.0001    0.0000   -0.0000    0.0000    0.0006    0.0000    0.0000    0.0000  10.00
  11.00    3.7886E+95   -0.0000   -0.0001    0.0000   -0.0000    0.0000    0.0006    0.0000    0.0000    0.0000  11.00
  12.00    1.8304E+95   -0.0002   -0.0003    0.0000   -0.0000    0.0000    0.0006    0.0000    0.0000    0.0000  12.00
  13.00    3.8466E+94   -0.0003   -0.0006    0.0000   -0.0000    0.0000    0.0006    0.0000    0.0000    0.0000  13.00
  14.00    5.3384E+94    0.0003    0.0007    0.0000   -0.0000    0.0000    0.0006    0.0000    0.0000    0.0000  14.00
  15.00    1.8008E+95    0.0002    0.0003    0.0000   -0.0000    0.0000    0.0006    0.0000    0.0000    0.0000  15.00
  16.00    2.7736E+95    0.0001    0.0001    0.0000   -0.0000    0.0000    0.0006    0.0000    0.0000    0.0000  16.00
  17.00    2.4937E+95   -0.0000   -0.0001    0.0000   -0.0000    0.0000    0.0006    0.0000    0.0000    0.0000  17.00
  18.00    1.2770E+95   -0.0002   -0.0003    0.0000   -0.0000    0.0000    0.0006    0.0000    0.0000    0.0000  18.00
  19.00    2.8358E+94   -0.0003   -0.0007    0.0000   -0.0000   -0.0000    0.0006    0.0000    0.0000    0.0000  19.00
  20.00    3.5646E+94    0.0003    0.0007    0.0000   -0.0000    0.0000    0.0006    0.0000    0.0000    0.0000  20.00
  21.00    1.2666E+95    0.0002    0.0003    0.0000   -0.0000    0.0000    0.0006    0.0000    0.0000    0.0000  21.00
  22.00    2.0244E+95    0.0000    0.0001    0.0000   -0.0000    0.0000    0.0006    0.0000    0.0000    0.0000  22.00
  23.00    1.8747E+95   -0.0000   -0.0001    0.0000   -0.0000    0.0000    0.0006    0.0000    0.0000    0.0000  23.00
  24.00    9.8829E+94   -0.0002   -0.0003    0.0000   -0.0000    0.0000    0.0006    0.0000    0.0000    0.0000  24.00
  25.00    2.2605E+94   -0.0003   -0.0007    0.0000   -0.0000   -0.0000    0.0006    0.0000    0.0000    0.0000  25.00
  26.00    2.6952E+94    0.0003    0.0007    0.0000   -0.0000    0.0000    0.0006    0.0000    0.0000    0.0000  26.00
  27.00    9.8512E+94    0.0002    0.0003    0.0000   -0.0000    0.0000    0.0006    0.0000    0.0000    0.0000  27.00
  28.00    1.6081E+95    0.0000    0.0001    0.0000   -0.0000    0.0000    0.0006    0.0000    0.0000    0.0000  28.00
  29.00    1.5153E+95   -0.0000   -0.0001    0.0000   -0.0000    0.0000    0.0006    0.0000    0.0000    0.0000  29.00
  30.00    8.1296E+94   -0.0002   -0.0003    0.0000   -0.0000    0.0000    0.0006    0.0000    0.0000    0.0000  30.00
  31.00    1.8943E+94   -0.0003   -0.0007    0.0000   -0.0000    0.0000    0.0006    0.0000    0.0000    0.0000  31.00
  32.00    2.1859E+94    0.0003    0.0007    0.0000   -0.0000    0.0000    0.0006    0.0000    0.0000    0.0000  32.00
  33.00    8.1345E+94    0.0002    0.0003    0.0000   -0.0000    0.0000    0.0006    0.0000    0.0000    0.0000  33.00
  34.00    1.3462E+95    0.0000    0.0001    0.0000   -0.0000    0.0000    0.0006    0.0000    0.0000    0.0000  34.00
  35.00    1.2833E+95   -0.0000   -0.0001    0.0000   -0.0000    0.0000    0.0006    0.0000    0.0000    0.0000  35.00
  36.00    6.9670E+94   -0.0002   -0.0003    0.0000   -0.0000    0.0000    0.0006    0.0000    0.0000    0.0000  36.00
  37.00    1.6444E+94   -0.0003   -0.0007    0.0000   -0.0000    0.0000    0.0006    0.0000    0.0000    0.0000  37.00
  38.00    1.8561E+94    0.0003    0.0007    0.0000   -0.0000    0.0000    0.0006    0.0000    0.0000    0.0000  38.00
  39.00    6.9938E+94    0.0002    0.0003    0.0000   -0.0000    0.0000    0.0006    0.0000    0.0000    0.0000  39.00
  40.00    1.1688E+95    0.0000    0.0001    0.0000   -0.0000    0.0000    0.0006    0.0000    0.0000    0.0000  40.00
  41.00    1.1235E+95   -0.0000   -0.0001    0.0000   -0.0000    0.0000    0.0006    0.0000    0.0000    0.0000  41.00
  42.00    6.1525E+94   -0.0002   -0.0003    0.0000   -0.0000    0.0000    0.0006    0.0000    0.0000    0.0000  42.00
  43.00    1.4660E+94   -0.0003   -0.0007    0.0000   -0.0000    0.0000    0.0006    0.0000    0.0000    0.0000  43.00
  44.00    1.6288E+94    0.0003    0.0007    0.0000   -0.0000    0.0000    0.0006    0.0000    0.0000    0.0000  44.00
  45.00    6.1945E+94    0.0002    0.0003    0.0000   -0.0000    0.0000    0.0006    0.0000    0.0000    0.0000  45.00
  46.00    1.0428E+95    0.0000    0.0001    0.0000   -0.0000    0.0000    0.0006    0.0000    0.0000    0.0000  46.00
  47.00    1.0088E+95   -0.0000   -0.0001    0.0000   -0.0000    0.0000    0.0006    0.0000    0.0000    0.0000  47.00
  48.00    5.5616E+94   -0.0002   -0.0003    0.0000   -0.0000    0.0000    0.0006    0.0000    0.0000    0.0000  48.00
  49.00    1.3349E+94   -0.0003   -0.0007    0.0000   -0.0000    0.0000    0.0006    0.0000    0.0000    0.0000  49.00
  50.00    1.4659E+94    0.0003    0.0007    0.0000   -0.0000    0.0000    0.0006    0.0000    0.0000    0.0000  50.00
  51.00    5.6153E+94    0.0002    0.0003    0.0000   -0.0000    0.0000    0.0006    0.0000    0.0000    0.0000  51.00
  52.00    9.5083E+94    0.0000    0.0001    0.0000   -0.0000    0.0000    0.0006    0.0000    0.0000    0.0000  52.00
  53.00    9.2452E+94   -0.0000   -0.0001    0.0000   -0.0000    0.0000    0.0006    0.0000    0.0000    0.0000  53.00
  54.00    5.1242E+94   -0.0002   -0.0003    0.0000   -0.0000   -0.0000    0.0006    0.0000    0.0000    0.0000  54.00
  55.00    1.2372E+94   -0.0003   -0.0007    0.0000   -0.0000    0.0000    0.0006    0.0000    0.0000    0.0000  55.00
  56.00    1.3466E+94    0.0003    0.0007    0.0000   -0.0000    0.0000    0.0006    0.0000    0.0000    0.0000  56.00
  57.00    5.1881E+94    0.0002    0.0003    0.0000   -0.0000    0.0000    0.0006    0.0000    0.0000    0.0000  57.00
  58.00    8.8268E+94    0.0000    0.0001    0.0000   -0.0000    0.0000    0.0006    0.0000    0.0000    0.0000  58.00
  59.00    8.6188E+94   -0.0000   -0.0001    0.0000   -0.0000   -0.0000    0.0006    0.0000    0.0000    0.0000  59.00
  60.00    4.7982E+94   -0.0002   -0.0003    0.0000   -0.0000   -0.0000    0.0006    0.0000    0.0000    0.0000  60.00
0Tot-sig   8.3816E+95
1Inelastic  10Be(d,p)11Be Ex=1.40 QG UNB LMAX30 RMAX40 V8                  0/00/00
    THETA  94                               95                               96                               97   THETA cos(theta)
     0.00  |++++++++++++++++++++++++++++++++|+++++++++++++*++++++++++++++++++|++++++++++++++++++++++++++++++++|+    0.00    1.0000
     1.00  +                                                      *                                            +    1.00    0.9998
     2.00  +                                                                *                                  +    2.00    0.9994
     3.00  +                                                                    *                              +    3.00    0.9986
     4.00  +                                                                    *                              +    4.00    0.9976
     5.00  +                                                              *                                    +    5.00    0.9962
     6.00  +                                                 *                                                 +    6.00    0.9945
     7.00  +                         *                                                                         +    7.00    0.9925
     8.00  +                                 *                                                                 +    8.00    0.9903
     9.00  +                                                 *                                                 +    9.00    0.9877
    10.00  +                                                      *                                            +   10.00    0.9848
    11.00  +                                                   *                                               +   11.00    0.9816
    12.00  +                                         *                                                         +   12.00    0.9781
    13.00  +                  *                                                                                +   13.00    0.9744
    14.00  +                       *                                                                           +   14.00    0.9703
    15.00  +                                        *                                                          +   15.00    0.9659
    16.00  +                                               *                                                   +   16.00    0.9613
    17.00  +                                             *                                                     +   17.00    0.9563
    18.00  +                                    *                                                              +   18.00    0.9511
    19.00  +              *                                                                                    +   19.00    0.9455
    20.00  +                 *                                                                                 +   20.00    0.9397
    21.00  +                                   *                                                               +   21.00    0.9336
    22.00  +                                          *                                                        +   22.00    0.9272
    23.00  +                                         *                                                         +   23.00    0.9205
    24.00  +                                *                                                                  +   24.00    0.9135
    25.00  +           *                                                                                       +   25.00    0.9063
    26.00  +             *                                                                                     +   26.00    0.8988
    27.00  +                                *                                                                  +   27.00    0.8910
    28.00  +                                       *                                                           +   28.00    0.8829
    29.00  +                                      *                                                            +   29.00    0.8746
    30.00  +                             *                                                                     +   30.00    0.8660
    31.00  +        *                                                                                          +   31.00    0.8572
    32.00  +          *                                                                                        +   32.00    0.8480
    33.00  +                             *                                                                     +   33.00    0.8387
    34.00  +                                    *                                                              +   34.00    0.8290
    35.00  +                                    *                                                              +   35.00    0.8192
    36.00  +                           *                                                                       +   36.00    0.8090
    37.00  +      *                                                                                            +   37.00    0.7986
    38.00  +        *                                                                                          +   38.00    0.7880
    39.00  +                           *                                                                       +   39.00    0.7771
    40.00  +                                  *                                                                +   40.00    0.7660
    41.00  +                                  *                                                                +   41.00    0.7547
    42.00  +                         *                                                                         +   42.00    0.7431
    43.00  +    *                                                                                              +   43.00    0.7314
    44.00  +      *                                                                                            +   44.00    0.7193
    45.00  +                         *                                                                         +   45.00    0.7071
    46.00  +                                 *                                                                 +   46.00    0.6947
    47.00  +                                *                                                                  +   47.00    0.6820
    48.00  +                        *                                                                          +   48.00    0.6691
    49.00  +   *                                                                                               +   49.00    0.6561
    50.00  +    *                                                                                              +   50.00    0.6428
    51.00  +                        *                                                                          +   51.00    0.6293
    52.00  +                               *                                                                   +   52.00    0.6157
    53.00  +                               *                                                                   +   53.00    0.6018
    54.00  +                      *                                                                            +   54.00    0.5878
    55.00  +  *                                                                                                +   55.00    0.5736
    56.00  +   *                                                                                               +   56.00    0.5592
    57.00  +                       *                                                                           +   57.00    0.5446
    58.00  +                              *                                                                    +   58.00    0.5299
    59.00  +                              *                                                                    +   59.00    0.5150
    60.00  |+++++++++++++++++++++*++++++++++|++++++++++++++++++++++++++++++++|++++++++++++++++++++++++++++++++|+   60.00    0.5000
    THETA  94                               95                               96                               97   THETA cos(theta)
1DWUCK4-DISTORTED WAVES U.COLORADO- PC-VERSION  12/Jan /1995
 Elapsed time in seconds =   0.00
 Elapsed time in seconds =   0.00
0CONTROL INTEGERS
  1 2 3 4 5 6 7 8 9 A B C D E F G H I J K    RUN IDENTIFICATION                                             0/00/00   0.00.00
  1 0 1 1 0 0 0 0 3 0 0 0 0 0 0 0 0 0 0 0    10Be(d,p)11Be Ex=1.60 QG UNB LMAX30 RMAX40 V8               
 10Be(d,p)11Be Ex=1.60 QG UNB LMAX30 RMAX40 V8               
 Adwck4 entered
0ANGLE DATA          THETN=  61.0000   THET1=   0.0000   DTHET=   1.0000   A-ANG=   0.0000   B-ANG=   0.0000
0CARD SET 3 DATA     LMAX =  30          LTR=   1
                     NLTR =   1        2*JTR=   3
0CARD SET 4 DATA     DRF  =   0.1000   RZ   =   0.0000   RMAX = -40.0000   VCE  =   0.0000   FNRNG=   0.0000
                     AMASS=   0.8000
 PARTICLE DATA 
0PARTICLE 1*******************************************************************************************************************
 INPUT DATA          ELAB =  17.4000   RC0  =   1.3030   AC   =   0.0000   2*STR=   2.0000
                     MASSP=   2.0000   MASST=  10.0000   Q    =   0.0000
                     ZP   =   1.0000   ZT   =   4.0000   PNLOC=   2.0000
 
 DERIVED DATA        ECM  =  14.5000   RC   =   2.8072   RHO  =   3.0186
                     K    =   1.0753   ETA  =   0.2136   DR   =   0.0080
0POTENTIAL PARAMETERS
 NX=1 VOLUME  W-S    V RL = -88.7440   R0RL =   1.1480   A RL =   0.7460   R RL =   2.4733   VSOR =   0.0000
                     V IM =  -2.1860   R0IM =   1.3510   A IM =   0.6400   R IM =   2.9106   VSOI =   0.0000   POWR =   0.0000
 NX=2 SURFACE W-S    V RL =   0.0000   R0RL =   0.0000   A RL =   0.0000   R RL =   0.0000   VSOR =   0.0000
                     V IM =  27.3930   R0IM =   1.4050   A IM =   0.6650   R IM =   3.0270   VSOI =   0.0000   POWR =   0.0000
 NX=4 L*S VOLUME     V RL = -14.2280   R0RL =   0.9720   A RL =   1.0110   R RL =   2.0941   VSOR =   0.0000
                     V IM =   0.0000   R0IM =   0.0000   A IM =   0.0000   R IM =   0.0000   VSOI =   0.0000   POWR =   0.0000
0PARTICLE 2*******************************************************************************************************************
 INPUT DATA          ELAB =  12.1953   RC0  =   1.5780   AC   =   0.0000   2*STR=   1.0000
                     MASSP=   1.0000   MASST=  11.0000   Q    =  -3.3210
                     ZP   =   1.0000   ZT   =   4.0000   PNLOC=   1.0000
 
 DERIVED DATA        ECM  =  11.1790   RC   =   3.5094   RHO  =   2.4573
                     K    =   0.7002   ETA  =   0.1804   DR   =   0.0073
0POTENTIAL PARAMETERS
 NX=1 VOLUME  W-S    V RL = -56.2800   R0RL =   1.1220   A RL =   0.6760   R RL =   2.4953   VSOR =   0.0000
                     V IM =  -1.1170   R0IM =   1.1220   A IM =   0.6760   R IM =   2.4953   VSOI =   0.0000   POWR =   0.0000
 NX=2 SURFACE W-S    V RL =   0.0000   R0RL =   0.0000   A RL =   0.0000   R RL =   0.0000   VSOR =   0.0000
                     V IM =  20.7710   R0IM =   1.3070   A IM =   0.5240   R IM =   2.9067   VSOI =   0.0000   POWR =   0.0000
 NX=4 L*S VOLUME     V RL = -21.8760   R0RL =   0.8940   A RL =   0.5900   R RL =   1.9882   VSOR =   0.0000
                     V IM =   0.8640   R0IM =   0.8940   A IM =   0.5900   R IM =   1.9882   VSOI =   0.0000   POWR =   0.0000
110Be(d,p)11Be Ex=1.60 QG UNB LMAX30 RMAX40 V8                  0/ 0/ 0
0FORM FACTOR DATA 
0PARTICLE 3*******************************************************************************************************************
 INPUT DATA          ELAB =   1.0960   RC0  =   1.3000   AC   =   0.0000   2*STR=   1.0000
                     MASSP=   1.0000   MASST=  10.0000   Q    =   1.0960
                     ZP   =   0.0000   ZT   =   4.0000   PNLOC=   1.0000
 
 DERIVED DATA        ECM  =   1.0960   RC   =   2.8008   RHO  =   0.6115
                     K    =   0.2183   ETA  =   0.0000   DR   =   0.0080
0POTENTIAL PARAMETERS
 NX=1 VOLUME  W-S    V RL =   1.0000   R0RL =   1.2500   A RL =   0.6500   R RL =   2.6930   VSOR =  24.0000
                     V IM =   1.1000   R0IM =   0.6500   A IM =   0.0000   R IM =   1.4004   VSOI =   0.0000   POWR =   0.0000
 
                     NODES=   0.0000   L    =   1.0000   2*J  =   3.0000   2*S  =   1.0000   FISW =   2.0000
 
                     COSD =  9.9965E-01               SIND = -2.6632E-02
                     V    =  28.3480   DET  =   0.0000   NODES=   0.0000   RM   =   2.6930   E    =   1.0960   ITER.=   0
0Non-locality correction is applied, parameter =   2.000
0Non-locality correction is applied, parameter =   1.000
0*****  Warning *****  LMAX too large for reliable calculation of unbound stripping or coulomb excitation cases.  Increase RMAX 
0                    LMAX =  30        NSTEP= 400        NLTR =   1
 Bdwck4 entered
   Subroutine INTEG  entered
0REACSIG 1   3.58046E+01                                             REACSIG 2   2.88560E+01
   Subroutine RADINT entered
110Be(d,p)11Be Ex=1.60 QG UNB LMAX30 RMAX40 V8                  0/00/00
0BASIC DATA          DR   =   0.1000   RMIN =   0.0000   RMAX =  40.0000   COUEX=   0.0000     IS1=   1.0000
                     FNRNG=   0.0000   PNLC1=   2.0000   PNLC2=   1.0000   PNLC3=   1.0000     IS2=   0.5000
 ANG MOM TRANSFER    LTR  =   1.       2*JTR=   3.       2*STR=   1.       Q    =  -3.3210
   Subroutine INSIG  entered
0 Theta Inelsig,fm**2      Polz       Asy       Ayy       A22       A21       A20       T22       T21       T20  Theta
   0.00    6.4318E+95    0.0000    0.0000    0.0000    0.0000    0.0000    0.0006    0.0000    0.0000    0.0000   0.00
   1.00    1.1120E+96    0.0003    0.0006    0.0000   -0.0000    0.0000    0.0006    0.0000    0.0000    0.0000   1.00
   2.00    2.1449E+96    0.0002    0.0005    0.0000   -0.0000    0.0000    0.0006    0.0000    0.0000    0.0000   2.00
   3.00    2.9198E+96    0.0001    0.0003    0.0000   -0.0000    0.0000    0.0006    0.0000    0.0000    0.0000   3.00
   4.00    2.8162E+96    0.0001    0.0001    0.0000   -0.0000    0.0000    0.0006    0.0000    0.0000    0.0000   4.00
   5.00    1.8837E+96   -0.0000   -0.0001    0.0000   -0.0000    0.0000    0.0006    0.0000    0.0000    0.0000   5.00
   6.00    7.6089E+95   -0.0002   -0.0003    0.0000   -0.0000    0.0000    0.0006    0.0000    0.0000    0.0000   6.00
   7.00    1.4211E+95   -0.0003   -0.0006    0.0000   -0.0000    0.0000    0.0006    0.0000    0.0000    0.0000   7.00
   8.00    2.4953E+95    0.0003    0.0006    0.0000   -0.0000    0.0000    0.0006    0.0000    0.0000    0.0000   8.00
   9.00    7.3351E+95    0.0002    0.0003    0.0000   -0.0000    0.0000    0.0006    0.0000    0.0000    0.0000   9.00
  10.00    1.0371E+96    0.0000    0.0001    0.0000   -0.0000    0.0000    0.0006    0.0000    0.0000    0.0000  10.00
  11.00    8.7574E+95   -0.0000   -0.0001    0.0000   -0.0000    0.0000    0.0006    0.0000    0.0000    0.0000  11.00
  12.00    4.2414E+95   -0.0002   -0.0003    0.0000   -0.0000    0.0000    0.0006    0.0000    0.0000    0.0000  12.00
  13.00    9.0741E+94   -0.0003   -0.0006    0.0000   -0.0000    0.0000    0.0006    0.0000    0.0000    0.0000  13.00
  14.00    1.2497E+95    0.0003    0.0006    0.0000   -0.0000    0.0000    0.0006    0.0000    0.0000    0.0000  14.00
  15.00    4.1687E+95    0.0002    0.0003    0.0000   -0.0000    0.0000    0.0006    0.0000    0.0000    0.0000  15.00
  16.00    6.4099E+95    0.0000    0.0001    0.0000   -0.0000    0.0000    0.0006    0.0000    0.0000    0.0000  16.00
  17.00    5.7643E+95   -0.0000   -0.0001    0.0000   -0.0000    0.0000    0.0006    0.0000    0.0000    0.0000  17.00
  18.00    2.9593E+95   -0.0002   -0.0003    0.0000   -0.0000    0.0000    0.0006    0.0000    0.0000    0.0000  18.00
  19.00    6.6836E+94   -0.0003   -0.0006    0.0000   -0.0000   -0.0000    0.0006    0.0000    0.0000    0.0000  19.00
  20.00    8.3483E+94    0.0003    0.0006    0.0000   -0.0000    0.0000    0.0006    0.0000    0.0000    0.0000  20.00
  21.00    2.9314E+95    0.0002    0.0003    0.0000   -0.0000    0.0000    0.0006    0.0000    0.0000    0.0000  21.00
  22.00    4.6779E+95    0.0000    0.0001    0.0000   -0.0000    0.0000    0.0006    0.0000    0.0000    0.0000  22.00
  23.00    4.3333E+95   -0.0000   -0.0001    0.0000   -0.0000    0.0000    0.0006    0.0000    0.0000    0.0000  23.00
  24.00    2.2903E+95   -0.0002   -0.0003    0.0000   -0.0000    0.0000    0.0006    0.0000    0.0000    0.0000  24.00
  25.00    5.3257E+94   -0.0003   -0.0006    0.0000   -0.0000   -0.0000    0.0006    0.0000    0.0000    0.0000  25.00
  26.00    6.3127E+94    0.0003    0.0006    0.0000   -0.0000    0.0000    0.0006    0.0000    0.0000    0.0000  26.00
  27.00    2.2796E+95    0.0002    0.0003    0.0000   -0.0000    0.0000    0.0006    0.0000    0.0000    0.0000  27.00
  28.00    3.7154E+95    0.0000    0.0001    0.0000   -0.0000    0.0000    0.0006    0.0000    0.0000    0.0000  28.00
  29.00    3.5024E+95   -0.0000   -0.0001    0.0000   -0.0000    0.0000    0.0006    0.0000    0.0000    0.0000  29.00
  30.00    1.8841E+95   -0.0002   -0.0003    0.0000   -0.0000    0.0000    0.0006    0.0000    0.0000    0.0000  30.00
  31.00    4.4622E+94   -0.0003   -0.0006    0.0000   -0.0000    0.0000    0.0006    0.0000    0.0000    0.0000  31.00
  32.00    5.1196E+94    0.0003    0.0006    0.0000   -0.0000    0.0000    0.0006    0.0000    0.0000    0.0000  32.00
  33.00    1.8819E+95    0.0002    0.0003    0.0000   -0.0000    0.0000    0.0006    0.0000    0.0000    0.0000  33.00
  34.00    3.1099E+95    0.0000    0.0001    0.0000   -0.0000    0.0000    0.0006    0.0000    0.0000    0.0000  34.00
  35.00    2.9659E+95   -0.0000   -0.0001    0.0000   -0.0000    0.0000    0.0006    0.0000    0.0000    0.0000  35.00
  36.00    1.6147E+95   -0.0002   -0.0003    0.0000   -0.0000    0.0000    0.0006    0.0000    0.0000    0.0000  36.00
  37.00    3.8732E+94   -0.0003   -0.0006    0.0000   -0.0000    0.0000    0.0006    0.0000    0.0000    0.0000  37.00
  38.00    4.3464E+94    0.0003    0.0006    0.0000   -0.0000    0.0000    0.0006    0.0000    0.0000    0.0000  38.00
  39.00    1.6177E+95    0.0002    0.0003    0.0000   -0.0000    0.0000    0.0006    0.0000    0.0000    0.0000  39.00
  40.00    2.6997E+95    0.0000    0.0001    0.0000   -0.0000    0.0000    0.0006    0.0000    0.0000    0.0000  40.00
  41.00    2.5964E+95   -0.0000   -0.0001    0.0000   -0.0000    0.0000    0.0006    0.0000    0.0000    0.0000  41.00
  42.00    1.4259E+95   -0.0002   -0.0003    0.0000   -0.0000    0.0000    0.0006    0.0000    0.0000    0.0000  42.00
  43.00    3.4528E+94   -0.0003   -0.0006    0.0000   -0.0000    0.0000    0.0006    0.0000    0.0000    0.0000  43.00
  44.00    3.8134E+94    0.0003    0.0006    0.0000   -0.0000    0.0000    0.0006    0.0000    0.0000    0.0000  44.00
  45.00    1.4324E+95    0.0002    0.0003    0.0000   -0.0000    0.0000    0.0006    0.0000    0.0000    0.0000  45.00
  46.00    2.4084E+95    0.0000    0.0001    0.0000   -0.0000    0.0000    0.0006    0.0000    0.0000    0.0000  46.00
  47.00    2.3312E+95   -0.0000   -0.0001    0.0000   -0.0000    0.0000    0.0006    0.0000    0.0000    0.0000  47.00
  48.00    1.2889E+95   -0.0002   -0.0003    0.0000   -0.0000    0.0000    0.0006    0.0000    0.0000    0.0000  48.00
  49.00    3.1440E+94   -0.0003   -0.0006    0.0000   -0.0000    0.0000    0.0006    0.0000    0.0000    0.0000  49.00
  50.00    3.4312E+94    0.0003    0.0006    0.0000   -0.0000    0.0000    0.0006    0.0000    0.0000    0.0000  50.00
  51.00    1.2982E+95    0.0002    0.0003    0.0000   -0.0000    0.0000    0.0006    0.0000    0.0000    0.0000  51.00
  52.00    2.1955E+95    0.0000    0.0001    0.0000   -0.0000    0.0000    0.0006    0.0000    0.0000    0.0000  52.00
  53.00    2.1362E+95   -0.0000   -0.0001    0.0000   -0.0000    0.0000    0.0006    0.0000    0.0000    0.0000  53.00
  54.00    1.1875E+95   -0.0002   -0.0003    0.0000   -0.0000   -0.0000    0.0006    0.0000    0.0000    0.0000  54.00
  55.00    2.9137E+94   -0.0003   -0.0006    0.0000   -0.0000    0.0000    0.0006    0.0000    0.0000    0.0000  55.00
  56.00    3.1510E+94    0.0003    0.0006    0.0000   -0.0000    0.0000    0.0006    0.0000    0.0000    0.0000  56.00
  57.00    1.1992E+95    0.0002    0.0003    0.0000   -0.0000    0.0000    0.0006    0.0000    0.0000    0.0000  57.00
  58.00    2.0378E+95    0.0000    0.0001    0.0000   -0.0000    0.0000    0.0006    0.0000    0.0000    0.0000  58.00
  59.00    1.9912E+95   -0.0000   -0.0001    0.0000   -0.0000   -0.0000    0.0006    0.0000    0.0000    0.0000  59.00
  60.00    1.1118E+95   -0.0002   -0.0003    0.0000   -0.0000   -0.0000    0.0006    0.0000    0.0000    0.0000  60.00
0Tot-sig   1.9379E+96
1Inelastic  10Be(d,p)11Be Ex=1.60 QG UNB LMAX30 RMAX40 V8                  0/00/00
    THETA  94                               95                               96                               97   THETA cos(theta)
     0.00  |++++++++++++++++++++++++++++++++|++++++++++++++++++++++++++*+++++|++++++++++++++++++++++++++++++++|+    0.00    1.0000
     1.00  +                                                                   *                               +    1.00    0.9998
     2.00  +                                                                            *                      +    2.00    0.9994
     3.00  +                                                                                *                  +    3.00    0.9986
     4.00  +                                                                                *                  +    4.00    0.9976
     5.00  +                                                                          *                        +    5.00    0.9962
     6.00  +                                                             *                                     +    6.00    0.9945
     7.00  +                                     *                                                             +    7.00    0.9925
     8.00  +                                             *                                                     +    8.00    0.9903
     9.00  +                                                             *                                     +    9.00    0.9877
    10.00  +                                                                  *                                +   10.00    0.9848
    11.00  +                                                               *                                   +   11.00    0.9816
    12.00  +                                                     *                                             +   12.00    0.9781
    13.00  +                               *                                                                   +   13.00    0.9744
    14.00  +                                   *                                                               +   14.00    0.9703
    15.00  +                                                    *                                              +   15.00    0.9659
    16.00  +                                                           *                                       +   16.00    0.9613
    17.00  +                                                         *                                         +   17.00    0.9563
    18.00  +                                                *                                                  +   18.00    0.9511
    19.00  +                          *                                                                        +   19.00    0.9455
    20.00  +                             *                                                                     +   20.00    0.9397
    21.00  +                                               *                                                   +   21.00    0.9336
    22.00  +                                                      *                                            +   22.00    0.9272
    23.00  +                                                     *                                             +   23.00    0.9205
    24.00  +                                            *                                                      +   24.00    0.9135
    25.00  +                       *                                                                           +   25.00    0.9063
    26.00  +                         *                                                                         +   26.00    0.8988
    27.00  +                                            *                                                      +   27.00    0.8910
    28.00  +                                                   *                                               +   28.00    0.8829
    29.00  +                                                  *                                                +   29.00    0.8746
    30.00  +                                         *                                                         +   30.00    0.8660
    31.00  +                    *                                                                              +   31.00    0.8572
    32.00  +                      *                                                                            +   32.00    0.8480
    33.00  +                                         *                                                         +   33.00    0.8387
    34.00  +                                                *                                                  +   34.00    0.8290
    35.00  +                                                *                                                  +   35.00    0.8192
    36.00  +                                       *                                                           +   36.00    0.8090
    37.00  +                  *                                                                                +   37.00    0.7986
    38.00  +                    *                                                                              +   38.00    0.7880
    39.00  +                                       *                                                           +   39.00    0.7771
    40.00  +                                              *                                                    +   40.00    0.7660
    41.00  +                                              *                                                    +   41.00    0.7547
    42.00  +                                     *                                                             +   42.00    0.7431
    43.00  +                 *                                                                                 +   43.00    0.7314
    44.00  +                  *                                                                                +   44.00    0.7193
    45.00  +                                     *                                                             +   45.00    0.7071
    46.00  +                                             *                                                     +   46.00    0.6947
    47.00  +                                            *                                                      +   47.00    0.6820
    48.00  +                                    *                                                              +   48.00    0.6691
    49.00  +               *                                                                                   +   49.00    0.6561
    50.00  +                 *                                                                                 +   50.00    0.6428
    51.00  +                                    *                                                              +   51.00    0.6293
    52.00  +                                           *                                                       +   52.00    0.6157
    53.00  +                                           *                                                       +   53.00    0.6018
    54.00  +                                  *                                                                +   54.00    0.5878
    55.00  +              *                                                                                    +   55.00    0.5736
    56.00  +               *                                                                                   +   56.00    0.5592
    57.00  +                                   *                                                               +   57.00    0.5446
    58.00  +                                          *                                                        +   58.00    0.5299
    59.00  +                                          *                                                        +   59.00    0.5150
    60.00  |++++++++++++++++++++++++++++++++|+*++++++++++++++++++++++++++++++|++++++++++++++++++++++++++++++++|+   60.00    0.5000
    THETA  94                               95                               96                               97   THETA cos(theta)
1DWUCK4-DISTORTED WAVES U.COLORADO- PC-VERSION  12/Jan /1995
 Elapsed time in seconds =   0.00
 Elapsed time in seconds =   0.00
0CONTROL INTEGERS
  1 2 3 4 5 6 7 8 9 A B C D E F G H I J K    RUN IDENTIFICATION                                             0/00/00   0.00.00
  1 0 1 1 0 0 0 0 3 0 0 0 0 0 0 0 0 0 0 0    10Be(d,p)11Be Ex=1.80 QG UNB LMAX30 RMAX40 V8               
 10Be(d,p)11Be Ex=1.80 QG UNB LMAX30 RMAX40 V8               
 Adwck4 entered
0ANGLE DATA          THETN=  61.0000   THET1=   0.0000   DTHET=   1.0000   A-ANG=   0.0000   B-ANG=   0.0000
0CARD SET 3 DATA     LMAX =  30          LTR=   1
                     NLTR =   1        2*JTR=   3
0CARD SET 4 DATA     DRF  =   0.1000   RZ   =   0.0000   RMAX = -40.0000   VCE  =   0.0000   FNRNG=   0.0000
                     AMASS=   0.8000
 PARTICLE DATA 
0PARTICLE 1*******************************************************************************************************************
 INPUT DATA          ELAB =  17.4000   RC0  =   1.3030   AC   =   0.0000   2*STR=   2.0000
                     MASSP=   2.0000   MASST=  10.0000   Q    =   0.0000
                     ZP   =   1.0000   ZT   =   4.0000   PNLOC=   2.0000
 
 DERIVED DATA        ECM  =  14.5000   RC   =   2.8072   RHO  =   3.0186
                     K    =   1.0753   ETA  =   0.2136   DR   =   0.0080
0POTENTIAL PARAMETERS
 NX=1 VOLUME  W-S    V RL = -88.7440   R0RL =   1.1480   A RL =   0.7460   R RL =   2.4733   VSOR =   0.0000
                     V IM =  -2.1860   R0IM =   1.3510   A IM =   0.6400   R IM =   2.9106   VSOI =   0.0000   POWR =   0.0000
 NX=2 SURFACE W-S    V RL =   0.0000   R0RL =   0.0000   A RL =   0.0000   R RL =   0.0000   VSOR =   0.0000
                     V IM =  27.3930   R0IM =   1.4050   A IM =   0.6650   R IM =   3.0270   VSOI =   0.0000   POWR =   0.0000
 NX=4 L*S VOLUME     V RL = -14.2280   R0RL =   0.9720   A RL =   1.0110   R RL =   2.0941   VSOR =   0.0000
                     V IM =   0.0000   R0IM =   0.0000   A IM =   0.0000   R IM =   0.0000   VSOI =   0.0000   POWR =   0.0000
0PARTICLE 2*******************************************************************************************************************
 INPUT DATA          ELAB =  11.9771   RC0  =   1.5780   AC   =   0.0000   2*STR=   1.0000
                     MASSP=   1.0000   MASST=  11.0000   Q    =  -3.5210
                     ZP   =   1.0000   ZT   =   4.0000   PNLOC=   1.0000
 
 DERIVED DATA        ECM  =  10.9790   RC   =   3.5094   RHO  =   2.4353
                     K    =   0.6939   ETA  =   0.1820   DR   =   0.0073
0POTENTIAL PARAMETERS
 NX=1 VOLUME  W-S    V RL = -56.2800   R0RL =   1.1220   A RL =   0.6760   R RL =   2.4953   VSOR =   0.0000
                     V IM =  -1.1170   R0IM =   1.1220   A IM =   0.6760   R IM =   2.4953   VSOI =   0.0000   POWR =   0.0000
 NX=2 SURFACE W-S    V RL =   0.0000   R0RL =   0.0000   A RL =   0.0000   R RL =   0.0000   VSOR =   0.0000
                     V IM =  20.7710   R0IM =   1.3070   A IM =   0.5240   R IM =   2.9067   VSOI =   0.0000   POWR =   0.0000
 NX=4 L*S VOLUME     V RL = -21.8760   R0RL =   0.8940   A RL =   0.5900   R RL =   1.9882   VSOR =   0.0000
                     V IM =   0.8640   R0IM =   0.8940   A IM =   0.5900   R IM =   1.9882   VSOI =   0.0000   POWR =   0.0000
110Be(d,p)11Be Ex=1.80 QG UNB LMAX30 RMAX40 V8                  0/ 0/ 0
0FORM FACTOR DATA 
0PARTICLE 3*******************************************************************************************************************
 INPUT DATA          ELAB =   1.2960   RC0  =   1.3000   AC   =   0.0000   2*STR=   1.0000
                     MASSP=   1.0000   MASST=  10.0000   Q    =   1.2960
                     ZP   =   0.0000   ZT   =   4.0000   PNLOC=   1.0000
 
 DERIVED DATA        ECM  =   1.2960   RC   =   2.8008   RHO  =   0.6650
                     K    =   0.2374   ETA  =   0.0000   DR   =   0.0080
0POTENTIAL PARAMETERS
 NX=1 VOLUME  W-S    V RL =   1.0000   R0RL =   1.2500   A RL =   0.6500   R RL =   2.6930   VSOR =  24.0000
                     V IM =   1.1000   R0IM =   0.6500   A IM =   0.0000   R IM =   1.4004   VSOI =   0.0000   POWR =   0.0000
 
                     NODES=   0.0000   L    =   1.0000   2*J  =   3.0000   2*S  =   1.0000   FISW =   2.0000
 
                     COSD =  9.9944E-01               SIND = -3.3559E-02
                     V    =  28.3480   DET  =   0.0000   NODES=   0.0000   RM   =   2.6930   E    =   1.2960   ITER.=   0
0Non-locality correction is applied, parameter =   2.000
0Non-locality correction is applied, parameter =   1.000
0*****  Warning *****  LMAX too large for reliable calculation of unbound stripping or coulomb excitation cases.  Increase RMAX 
0                    LMAX =  30        NSTEP= 400        NLTR =   1
 Bdwck4 entered
   Subroutine INTEG  entered
0REACSIG 1   3.58046E+01                                             REACSIG 2   2.87051E+01
   Subroutine RADINT entered
110Be(d,p)11Be Ex=1.80 QG UNB LMAX30 RMAX40 V8                  0/00/00
0BASIC DATA          DR   =   0.1000   RMIN =   0.0000   RMAX =  40.0000   COUEX=   0.0000     IS1=   1.0000
                     FNRNG=   0.0000   PNLC1=   2.0000   PNLC2=   1.0000   PNLC3=   1.0000     IS2=   0.5000
 ANG MOM TRANSFER    LTR  =   1.       2*JTR=   3.       2*STR=   1.       Q    =  -3.5210
   Subroutine INSIG  entered
0 Theta Inelsig,fm**2      Polz       Asy       Ayy       A22       A21       A20       T22       T21       T20  Theta
   0.00    2.8830E+96    0.0000    0.0000    0.0000    0.0000    0.0000    0.0006    0.0000    0.0000    0.0000   0.00
   1.00    4.9065E+96    0.0003    0.0006    0.0000   -0.0000    0.0000    0.0006    0.0000    0.0000    0.0000   1.00
   2.00    9.3617E+96    0.0002    0.0004    0.0000   -0.0000    0.0000    0.0006    0.0000    0.0000    0.0000   2.00
   3.00    1.2696E+97    0.0001    0.0003    0.0000   -0.0000    0.0000    0.0006    0.0000    0.0000    0.0000   3.00
   4.00    1.2228E+97    0.0000    0.0001    0.0000   -0.0000    0.0000    0.0006    0.0000    0.0000    0.0000   4.00
   5.00    8.1786E+96   -0.0000   -0.0001    0.0000   -0.0000    0.0000    0.0006    0.0000    0.0000    0.0000   5.00
   6.00    3.3118E+96   -0.0002   -0.0003    0.0000   -0.0000    0.0000    0.0006    0.0000    0.0000    0.0000   6.00
   7.00    6.3136E+95   -0.0003   -0.0005    0.0000   -0.0000    0.0000    0.0006    0.0000    0.0000    0.0000   7.00
   8.00    1.0961E+96    0.0003    0.0006    0.0000   -0.0000    0.0000    0.0006    0.0000    0.0000    0.0000   8.00
   9.00    3.1905E+96    0.0001    0.0003    0.0000   -0.0000    0.0000    0.0006    0.0000    0.0000    0.0000   9.00
  10.00    4.5029E+96    0.0000    0.0001    0.0000   -0.0000    0.0000    0.0006    0.0000    0.0000    0.0000  10.00
  11.00    3.8024E+96   -0.0000   -0.0001    0.0000   -0.0000    0.0000    0.0006    0.0000    0.0000    0.0000  11.00
  12.00    1.8459E+96   -0.0002   -0.0003    0.0000   -0.0000    0.0000    0.0006    0.0000    0.0000    0.0000  12.00
  13.00    4.0190E+95   -0.0003   -0.0006    0.0000   -0.0000    0.0000    0.0006    0.0000    0.0000    0.0000  13.00
  14.00    5.4987E+95    0.0003    0.0006    0.0000   -0.0000    0.0000    0.0006    0.0000    0.0000    0.0000  14.00
  15.00    1.8133E+96    0.0001    0.0003    0.0000   -0.0000    0.0000    0.0006    0.0000    0.0000    0.0000  15.00
  16.00    2.7830E+96    0.0000    0.0001    0.0000   -0.0000    0.0000    0.0006    0.0000    0.0000    0.0000  16.00
  17.00    2.5029E+96   -0.0000   -0.0001    0.0000   -0.0000    0.0000    0.0006    0.0000    0.0000    0.0000  17.00
  18.00    1.2879E+96   -0.0002   -0.0003    0.0000   -0.0000    0.0000    0.0006    0.0000    0.0000    0.0000  18.00
  19.00    2.9572E+95   -0.0003   -0.0006    0.0000   -0.0000   -0.0000    0.0006    0.0000    0.0000    0.0000  19.00
  20.00    3.6755E+95    0.0003    0.0006    0.0000   -0.0000    0.0000    0.0006    0.0000    0.0000    0.0000  20.00
  21.00    1.2750E+96    0.0001    0.0003    0.0000   -0.0000    0.0000    0.0006    0.0000    0.0000    0.0000  21.00
  22.00    2.0309E+96    0.0000    0.0001    0.0000   -0.0000    0.0000    0.0006    0.0000    0.0000    0.0000  22.00
  23.00    1.8815E+96   -0.0000   -0.0001    0.0000   -0.0000    0.0000    0.0006    0.0000    0.0000    0.0000  23.00
  24.00    9.9677E+95   -0.0002   -0.0003    0.0000   -0.0000    0.0000    0.0006    0.0000    0.0000    0.0000  24.00
  25.00    2.3552E+95   -0.0003   -0.0006    0.0000   -0.0000   -0.0000    0.0006    0.0000    0.0000    0.0000  25.00
  26.00    2.7801E+95    0.0003    0.0006    0.0000   -0.0000    0.0000    0.0006    0.0000    0.0000    0.0000  26.00
  27.00    9.9146E+95    0.0002    0.0003    0.0000   -0.0000    0.0000    0.0006    0.0000    0.0000    0.0000  27.00
  28.00    1.6130E+96    0.0000    0.0001    0.0000   -0.0000    0.0000    0.0006    0.0000    0.0000    0.0000  28.00
  29.00    1.5207E+96   -0.0000   -0.0001    0.0000   -0.0000    0.0000    0.0006    0.0000    0.0000    0.0000  29.00
  30.00    8.1997E+95   -0.0001   -0.0003    0.0000   -0.0000    0.0000    0.0006    0.0000    0.0000    0.0000  30.00
  31.00    1.9728E+95   -0.0003   -0.0006    0.0000   -0.0000    0.0000    0.0006    0.0000    0.0000    0.0000  31.00
  32.00    2.2550E+95    0.0003    0.0006    0.0000   -0.0000    0.0000    0.0006    0.0000    0.0000    0.0000  32.00
  33.00    8.1845E+95    0.0002    0.0003    0.0000   -0.0000    0.0000    0.0006    0.0000    0.0000    0.0000  33.00
  34.00    1.3501E+96    0.0000    0.0001    0.0000   -0.0000    0.0000    0.0006    0.0000    0.0000    0.0000  34.00
  35.00    1.2878E+96   -0.0000   -0.0001    0.0000   -0.0000    0.0000    0.0006    0.0000    0.0000    0.0000  35.00
  36.00    7.0272E+95   -0.0001   -0.0003    0.0000   -0.0000    0.0000    0.0006    0.0000    0.0000    0.0000  36.00
  37.00    1.7120E+95   -0.0003   -0.0006    0.0000   -0.0000    0.0000    0.0006    0.0000    0.0000    0.0000  37.00
  38.00    1.9146E+95    0.0003    0.0006    0.0000   -0.0000    0.0000    0.0006    0.0000    0.0000    0.0000  38.00
  39.00    7.0347E+95    0.0002    0.0003    0.0000   -0.0000    0.0000    0.0006    0.0000    0.0000    0.0000  39.00
  40.00    1.1719E+96    0.0000    0.0001    0.0000   -0.0000    0.0000    0.0006    0.0000    0.0000    0.0000  40.00
  41.00    1.1273E+96   -0.0000   -0.0001    0.0000   -0.0000    0.0000    0.0006    0.0000    0.0000    0.0000  41.00
  42.00    6.2056E+95   -0.0001   -0.0003    0.0000   -0.0000    0.0000    0.0006    0.0000    0.0000    0.0000  42.00
  43.00    1.5260E+95   -0.0003   -0.0006    0.0000   -0.0000    0.0000    0.0006    0.0000    0.0000    0.0000  43.00
  44.00    1.6798E+95    0.0003    0.0006    0.0000   -0.0000    0.0000    0.0006    0.0000    0.0000    0.0000  44.00
  45.00    6.2287E+95    0.0002    0.0003    0.0000   -0.0000    0.0000    0.0006    0.0000    0.0000    0.0000  45.00
  46.00    1.0454E+96    0.0000    0.0001    0.0000   -0.0000    0.0000    0.0006    0.0000    0.0000    0.0000  46.00
  47.00    1.0121E+96   -0.0000   -0.0001    0.0000   -0.0000    0.0000    0.0006    0.0000    0.0000    0.0000  47.00
  48.00    5.6094E+95   -0.0001   -0.0003    0.0000   -0.0000    0.0000    0.0006    0.0000    0.0000    0.0000  48.00
  49.00    1.3894E+95   -0.0003   -0.0006    0.0000   -0.0000    0.0000    0.0006    0.0000    0.0000    0.0000  49.00
  50.00    1.5115E+95    0.0003    0.0006    0.0000   -0.0000    0.0000    0.0006    0.0000    0.0000    0.0000  50.00
  51.00    5.6445E+95    0.0002    0.0003    0.0000   -0.0000    0.0000    0.0006    0.0000    0.0000    0.0000  51.00
  52.00    9.5294E+95    0.0000    0.0001    0.0000   -0.0000    0.0000    0.0006    0.0000    0.0000    0.0000  52.00
  53.00    9.2739E+95   -0.0000   -0.0001    0.0000   -0.0000    0.0000    0.0006    0.0000    0.0000    0.0000  53.00
  54.00    5.1678E+95   -0.0001   -0.0003    0.0000   -0.0000   -0.0000    0.0006    0.0000    0.0000    0.0000  54.00
  55.00    1.2875E+95   -0.0003   -0.0006    0.0000   -0.0000    0.0000    0.0006    0.0000    0.0000    0.0000  55.00
  56.00    1.3880E+95    0.0003    0.0006    0.0000   -0.0000    0.0000    0.0006    0.0000    0.0000    0.0000  56.00
  57.00    5.2134E+95    0.0002    0.0003    0.0000   -0.0000    0.0000    0.0006    0.0000    0.0000    0.0000  57.00
  58.00    8.8443E+95    0.0000    0.0001    0.0000   -0.0000    0.0000    0.0006    0.0000    0.0000    0.0000  58.00
  59.00    8.6440E+95   -0.0000   -0.0001    0.0000   -0.0000   -0.0000    0.0006    0.0000    0.0000    0.0000  59.00
  60.00    4.8385E+95   -0.0001   -0.0003    0.0000   -0.0000   -0.0000    0.0006    0.0000    0.0000    0.0000  60.00
0Tot-sig   8.4261E+96
1Inelastic  10Be(d,p)11Be Ex=1.80 QG UNB LMAX30 RMAX40 V8                  0/00/00
    THETA  95                               96                               97                               98   THETA cos(theta)
     0.00  |++++++++++++++++++++++++++++++++|++++++++++++++*+++++++++++++++++|++++++++++++++++++++++++++++++++|+    0.00    1.0000
     1.00  +                                                       *                                           +    1.00    0.9998
     2.00  +                                                                *                                  +    2.00    0.9994
     3.00  +                                                                    *                              +    3.00    0.9986
     4.00  +                                                                    *                              +    4.00    0.9976
     5.00  +                                                              *                                    +    5.00    0.9962
     6.00  +                                                 *                                                 +    6.00    0.9945
     7.00  +                         *                                                                         +    7.00    0.9925
     8.00  +                                 *                                                                 +    8.00    0.9903
     9.00  +                                                 *                                                 +    9.00    0.9877
    10.00  +                                                      *                                            +   10.00    0.9848
    11.00  +                                                   *                                               +   11.00    0.9816
    12.00  +                                         *                                                         +   12.00    0.9781
    13.00  +                   *                                                                               +   13.00    0.9744
    14.00  +                       *                                                                           +   14.00    0.9703
    15.00  +                                         *                                                         +   15.00    0.9659
    16.00  +                                               *                                                   +   16.00    0.9613
    17.00  +                                             *                                                     +   17.00    0.9563
    18.00  +                                    *                                                              +   18.00    0.9511
    19.00  +               *                                                                                   +   19.00    0.9455
    20.00  +                  *                                                                                +   20.00    0.9397
    21.00  +                                   *                                                               +   21.00    0.9336
    22.00  +                                          *                                                        +   22.00    0.9272
    23.00  +                                         *                                                         +   23.00    0.9205
    24.00  +                                *                                                                  +   24.00    0.9135
    25.00  +           *                                                                                       +   25.00    0.9063
    26.00  +              *                                                                                    +   26.00    0.8988
    27.00  +                                *                                                                  +   27.00    0.8910
    28.00  +                                       *                                                           +   28.00    0.8829
    29.00  +                                      *                                                            +   29.00    0.8746
    30.00  +                             *                                                                     +   30.00    0.8660
    31.00  +         *                                                                                         +   31.00    0.8572
    32.00  +           *                                                                                       +   32.00    0.8480
    33.00  +                             *                                                                     +   33.00    0.8387
    34.00  +                                    *                                                              +   34.00    0.8290
    35.00  +                                    *                                                              +   35.00    0.8192
    36.00  +                           *                                                                       +   36.00    0.8090
    37.00  +       *                                                                                           +   37.00    0.7986
    38.00  +        *                                                                                          +   38.00    0.7880
    39.00  +                           *                                                                       +   39.00    0.7771
    40.00  +                                  *                                                                +   40.00    0.7660
    41.00  +                                  *                                                                +   41.00    0.7547
    42.00  +                         *                                                                         +   42.00    0.7431
    43.00  +     *                                                                                             +   43.00    0.7314
    44.00  +      *                                                                                            +   44.00    0.7193
    45.00  +                         *                                                                         +   45.00    0.7071
    46.00  +                                 *                                                                 +   46.00    0.6947
    47.00  +                                *                                                                  +   47.00    0.6820
    48.00  +                        *                                                                          +   48.00    0.6691
    49.00  +    *                                                                                              +   49.00    0.6561
    50.00  +     *                                                                                             +   50.00    0.6428
    51.00  +                        *                                                                          +   51.00    0.6293
    52.00  +                               *                                                                   +   52.00    0.6157
    53.00  +                               *                                                                   +   53.00    0.6018
    54.00  +                       *                                                                           +   54.00    0.5878
    55.00  +   *                                                                                               +   55.00    0.5736
    56.00  +    *                                                                                              +   56.00    0.5592
    57.00  +                       *                                                                           +   57.00    0.5446
    58.00  +                              *                                                                    +   58.00    0.5299
    59.00  +                              *                                                                    +   59.00    0.5150
    60.00  |++++++++++++++++++++++*+++++++++|++++++++++++++++++++++++++++++++|++++++++++++++++++++++++++++++++|+   60.00    0.5000
    THETA  95                               96                               97                               98   THETA cos(theta)
1DWUCK4-DISTORTED WAVES U.COLORADO- PC-VERSION  12/Jan /1995
 Elapsed time in seconds =   0.00
 Elapsed time in seconds =   0.00
0CONTROL INTEGERS
  1 2 3 4 5 6 7 8 9 A B C D E F G H I J K    RUN IDENTIFICATION                                             0/00/00   0.00.00
  1 0 1 1 0 0 0 0 3 0 0 0 0 0 0 0 0 0 0 0    10Be(d,p)11Be Ex=2.00 QG UNB LMAX30 RMAX40 V8               
 10Be(d,p)11Be Ex=2.00 QG UNB LMAX30 RMAX40 V8               
 Adwck4 entered
0ANGLE DATA          THETN=  61.0000   THET1=   0.0000   DTHET=   1.0000   A-ANG=   0.0000   B-ANG=   0.0000
0CARD SET 3 DATA     LMAX =  30          LTR=   1
                     NLTR =   1        2*JTR=   3
0CARD SET 4 DATA     DRF  =   0.1000   RZ   =   0.0000   RMAX = -40.0000   VCE  =   0.0000   FNRNG=   0.0000
                     AMASS=   0.8000
 PARTICLE DATA 
0PARTICLE 1*******************************************************************************************************************
 INPUT DATA          ELAB =  17.4000   RC0  =   1.3030   AC   =   0.0000   2*STR=   2.0000
                     MASSP=   2.0000   MASST=  10.0000   Q    =   0.0000
                     ZP   =   1.0000   ZT   =   4.0000   PNLOC=   2.0000
 
 DERIVED DATA        ECM  =  14.5000   RC   =   2.8072   RHO  =   3.0186
                     K    =   1.0753   ETA  =   0.2136   DR   =   0.0080
0POTENTIAL PARAMETERS
 NX=1 VOLUME  W-S    V RL = -88.7440   R0RL =   1.1480   A RL =   0.7460   R RL =   2.4733   VSOR =   0.0000
                     V IM =  -2.1860   R0IM =   1.3510   A IM =   0.6400   R IM =   2.9106   VSOI =   0.0000   POWR =   0.0000
 NX=2 SURFACE W-S    V RL =   0.0000   R0RL =   0.0000   A RL =   0.0000   R RL =   0.0000   VSOR =   0.0000
                     V IM =  27.3930   R0IM =   1.4050   A IM =   0.6650   R IM =   3.0270   VSOI =   0.0000   POWR =   0.0000
 NX=4 L*S VOLUME     V RL = -14.2280   R0RL =   0.9720   A RL =   1.0110   R RL =   2.0941   VSOR =   0.0000
                     V IM =   0.0000   R0IM =   0.0000   A IM =   0.0000   R IM =   0.0000   VSOI =   0.0000   POWR =   0.0000
0PARTICLE 2*******************************************************************************************************************
 INPUT DATA          ELAB =  11.7589   RC0  =   1.5780   AC   =   0.0000   2*STR=   1.0000
                     MASSP=   1.0000   MASST=  11.0000   Q    =  -3.7210
                     ZP   =   1.0000   ZT   =   4.0000   PNLOC=   1.0000
 
 DERIVED DATA        ECM  =  10.7790   RC   =   3.5094   RHO  =   2.4130
                     K    =   0.6876   ETA  =   0.1837   DR   =   0.0073
0POTENTIAL PARAMETERS
 NX=1 VOLUME  W-S    V RL = -56.2800   R0RL =   1.1220   A RL =   0.6760   R RL =   2.4953   VSOR =   0.0000
                     V IM =  -1.1170   R0IM =   1.1220   A IM =   0.6760   R IM =   2.4953   VSOI =   0.0000   POWR =   0.0000
 NX=2 SURFACE W-S    V RL =   0.0000   R0RL =   0.0000   A RL =   0.0000   R RL =   0.0000   VSOR =   0.0000
                     V IM =  20.7710   R0IM =   1.3070   A IM =   0.5240   R IM =   2.9067   VSOI =   0.0000   POWR =   0.0000
 NX=4 L*S VOLUME     V RL = -21.8760   R0RL =   0.8940   A RL =   0.5900   R RL =   1.9882   VSOR =   0.0000
                     V IM =   0.8640   R0IM =   0.8940   A IM =   0.5900   R IM =   1.9882   VSOI =   0.0000   POWR =   0.0000
110Be(d,p)11Be Ex=2.00 QG UNB LMAX30 RMAX40 V8                  0/ 0/ 0
0FORM FACTOR DATA 
0PARTICLE 3*******************************************************************************************************************
 INPUT DATA          ELAB =   1.4960   RC0  =   1.3000   AC   =   0.0000   2*STR=   1.0000
                     MASSP=   1.0000   MASST=  10.0000   Q    =   1.4960
                     ZP   =   0.0000   ZT   =   4.0000   PNLOC=   1.0000
 
 DERIVED DATA        ECM  =   1.4960   RC   =   2.8008   RHO  =   0.7144
                     K    =   0.2551   ETA  =   0.0000   DR   =   0.0080
0POTENTIAL PARAMETERS
 NX=1 VOLUME  W-S    V RL =   1.0000   R0RL =   1.2500   A RL =   0.6500   R RL =   2.6930   VSOR =  24.0000
                     V IM =   1.1000   R0IM =   0.6500   A IM =   0.0000   R IM =   1.4004   VSOI =   0.0000   POWR =   0.0000
 
                     NODES=   0.0000   L    =   1.0000   2*J  =   3.0000   2*S  =   1.0000   FISW =   2.0000
 
                     COSD =  9.9917E-01               SIND = -4.0805E-02
                     V    =  28.3480   DET  =   0.0000   NODES=   0.0000   RM   =   2.6930   E    =   1.4960   ITER.=   0
0Non-locality correction is applied, parameter =   2.000
0Non-locality correction is applied, parameter =   1.000
0*****  Warning *****  LMAX too large for reliable calculation of unbound stripping or coulomb excitation cases.  Increase RMAX 
0                    LMAX =  30        NSTEP= 400        NLTR =   1
 Bdwck4 entered
   Subroutine INTEG  entered
0REACSIG 1   3.58046E+01                                             REACSIG 2   2.85109E+01
   Subroutine RADINT entered
110Be(d,p)11Be Ex=2.00 QG UNB LMAX30 RMAX40 V8                  0/00/00
0BASIC DATA          DR   =   0.1000   RMIN =   0.0000   RMAX =  40.0000   COUEX=   0.0000     IS1=   1.0000
                     FNRNG=   0.0000   PNLC1=   2.0000   PNLC2=   1.0000   PNLC3=   1.0000     IS2=   0.5000
 ANG MOM TRANSFER    LTR  =   1.       2*JTR=   3.       2*STR=   1.       Q    =  -3.7210
   Subroutine INSIG  entered
0 Theta Inelsig,fm**2      Polz       Asy       Ayy       A22       A21       A20       T22       T21       T20  Theta
   0.00    2.2218E+97    0.0000    0.0000    0.0000    0.0000    0.0000    0.0006    0.0000    0.0000    0.0000   0.00
   1.00    3.7269E+97    0.0003    0.0005    0.0000   -0.0000    0.0000    0.0006    0.0000    0.0000    0.0000   1.00
   2.00    7.0386E+97    0.0002    0.0004    0.0000   -0.0000    0.0000    0.0006    0.0000    0.0000    0.0000   2.00
   3.00    9.5107E+97    0.0001    0.0002    0.0000   -0.0000    0.0000    0.0006    0.0000    0.0000    0.0000   3.00
   4.00    9.1486E+97    0.0000    0.0001    0.0000   -0.0000    0.0000    0.0006    0.0000    0.0000    0.0000   4.00
   5.00    6.1182E+97   -0.0000   -0.0001    0.0000   -0.0000    0.0000    0.0006    0.0000    0.0000    0.0000   5.00
   6.00    2.4832E+97   -0.0001   -0.0003    0.0000   -0.0000    0.0000    0.0006    0.0000    0.0000    0.0000   6.00
   7.00    4.8258E+96   -0.0002   -0.0005    0.0000   -0.0000    0.0000    0.0006    0.0000    0.0000    0.0000   7.00
   8.00    8.2927E+96    0.0003    0.0005    0.0000   -0.0000    0.0000    0.0006    0.0000    0.0000    0.0000   8.00
   9.00    2.3911E+97    0.0001    0.0003    0.0000   -0.0000    0.0000    0.0006    0.0000    0.0000    0.0000   9.00
  10.00    3.3687E+97    0.0000    0.0001    0.0000   -0.0000    0.0000    0.0006    0.0000    0.0000    0.0000  10.00
  11.00    2.8446E+97   -0.0000   -0.0001    0.0000   -0.0000    0.0000    0.0006    0.0000    0.0000    0.0000  11.00
  12.00    1.3839E+97   -0.0001   -0.0003    0.0000   -0.0000    0.0000    0.0006    0.0000    0.0000    0.0000  12.00
  13.00    3.0630E+96   -0.0003   -0.0005    0.0000   -0.0000    0.0000    0.0006    0.0000    0.0000    0.0000  13.00
  14.00    4.1669E+96    0.0003    0.0005    0.0000   -0.0000    0.0000    0.0006    0.0000    0.0000    0.0000  14.00
  15.00    1.3591E+97    0.0001    0.0003    0.0000   -0.0000    0.0000    0.0006    0.0000    0.0000    0.0000  15.00
  16.00    2.0820E+97    0.0000    0.0001    0.0000   -0.0000    0.0000    0.0006    0.0000    0.0000    0.0000  16.00
  17.00    1.8724E+97   -0.0000   -0.0001    0.0000   -0.0000    0.0000    0.0006    0.0000    0.0000    0.0000  17.00
  18.00    9.6551E+96   -0.0001   -0.0003    0.0000   -0.0000    0.0000    0.0006    0.0000    0.0000    0.0000  18.00
  19.00    2.2513E+96   -0.0003   -0.0005    0.0000   -0.0000   -0.0000    0.0006    0.0000    0.0000    0.0000  19.00
  20.00    2.7873E+96    0.0003    0.0006    0.0000   -0.0000    0.0000    0.0006    0.0000    0.0000    0.0000  20.00
  21.00    9.5569E+96    0.0001    0.0003    0.0000   -0.0000    0.0000    0.0006    0.0000    0.0000    0.0000  21.00
  22.00    1.5194E+97    0.0000    0.0001    0.0000   -0.0000    0.0000    0.0006    0.0000    0.0000    0.0000  22.00
  23.00    1.4076E+97   -0.0000   -0.0001    0.0000   -0.0000    0.0000    0.0006    0.0000    0.0000    0.0000  23.00
  24.00    7.4723E+96   -0.0001   -0.0003    0.0000   -0.0000    0.0000    0.0006    0.0000    0.0000    0.0000  24.00
  25.00    1.7921E+96   -0.0003   -0.0005    0.0000   -0.0000   -0.0000    0.0006    0.0000    0.0000    0.0000  25.00
  26.00    2.1092E+96    0.0003    0.0006    0.0000   -0.0000    0.0000    0.0006    0.0000    0.0000    0.0000  26.00
  27.00    7.4316E+96    0.0001    0.0003    0.0000   -0.0000    0.0000    0.0006    0.0000    0.0000    0.0000  27.00
  28.00    1.2067E+97    0.0000    0.0001    0.0000   -0.0000    0.0000    0.0006    0.0000    0.0000    0.0000  28.00
  29.00    1.1376E+97   -0.0000   -0.0001    0.0000   -0.0000    0.0000    0.0006    0.0000    0.0000    0.0000  29.00
  30.00    6.1468E+96   -0.0001   -0.0003    0.0000   -0.0000    0.0000    0.0006    0.0000    0.0000    0.0000  30.00
  31.00    1.5006E+96   -0.0003   -0.0005    0.0000   -0.0000    0.0000    0.0006    0.0000    0.0000    0.0000  31.00
  32.00    1.7113E+96    0.0003    0.0006    0.0000   -0.0000    0.0000    0.0006    0.0000    0.0000    0.0000  32.00
  33.00    6.1349E+96    0.0001    0.0003    0.0000   -0.0000    0.0000    0.0006    0.0000    0.0000    0.0000  33.00
  34.00    1.0100E+97    0.0000    0.0001    0.0000   -0.0000    0.0000    0.0006    0.0000    0.0000    0.0000  34.00
  35.00    9.6337E+96   -0.0000   -0.0001    0.0000   -0.0000    0.0000    0.0006    0.0000    0.0000    0.0000  35.00
  36.00    5.2678E+96   -0.0001   -0.0003    0.0000   -0.0000    0.0000    0.0006    0.0000    0.0000    0.0000  36.00
  37.00    1.3019E+96   -0.0003   -0.0005    0.0000   -0.0000    0.0000    0.0006    0.0000    0.0000    0.0000  37.00
  38.00    1.4532E+96    0.0003    0.0006    0.0000   -0.0000    0.0000    0.0006    0.0000    0.0000    0.0000  38.00
  39.00    5.2731E+96    0.0001    0.0003    0.0000   -0.0000    0.0000    0.0006    0.0000    0.0000    0.0000  39.00
  40.00    8.7672E+96    0.0000    0.0001    0.0000   -0.0000    0.0000    0.0006    0.0000    0.0000    0.0000  40.00
  41.00    8.4332E+96   -0.0000   -0.0001    0.0000   -0.0000    0.0000    0.0006    0.0000    0.0000    0.0000  41.00
  42.00    4.6519E+96   -0.0001   -0.0003    0.0000   -0.0000    0.0000    0.0006    0.0000    0.0000    0.0000  42.00
  43.00    1.1603E+96   -0.0003   -0.0005    0.0000   -0.0000    0.0000    0.0006    0.0000    0.0000    0.0000  43.00
  44.00    1.2752E+96    0.0003    0.0006    0.0000   -0.0000    0.0000    0.0006    0.0000    0.0000    0.0000  44.00
  45.00    4.6690E+96    0.0001    0.0003    0.0000   -0.0000    0.0000    0.0006    0.0000    0.0000    0.0000  45.00
  46.00    7.8207E+96    0.0000    0.0001    0.0000   -0.0000    0.0000    0.0006    0.0000    0.0000    0.0000  46.00
  47.00    7.5716E+96   -0.0000   -0.0001    0.0000   -0.0000    0.0000    0.0006    0.0000    0.0000    0.0000  47.00
  48.00    4.2049E+96   -0.0001   -0.0003    0.0000   -0.0000    0.0000    0.0006    0.0000    0.0000    0.0000  48.00
  49.00    1.0563E+96   -0.0003   -0.0005    0.0000   -0.0000    0.0000    0.0006    0.0000    0.0000    0.0000  49.00
  50.00    1.1475E+96    0.0003    0.0006    0.0000   -0.0000    0.0000    0.0006    0.0000    0.0000    0.0000  50.00
  51.00    4.2311E+96    0.0001    0.0003    0.0000   -0.0000    0.0000    0.0006    0.0000    0.0000    0.0000  51.00
  52.00    7.1292E+96    0.0000    0.0001    0.0000   -0.0000    0.0000    0.0006    0.0000    0.0000    0.0000  52.00
  53.00    6.9378E+96   -0.0000   -0.0001    0.0000   -0.0000    0.0000    0.0006    0.0000    0.0000    0.0000  53.00
  54.00    3.8738E+96   -0.0001   -0.0003    0.0000   -0.0000   -0.0000    0.0006    0.0000    0.0000    0.0000  54.00
  55.00    9.7874E+95   -0.0003   -0.0005    0.0000   -0.0000    0.0000    0.0006    0.0000    0.0000    0.0000  55.00
  56.00    1.0539E+96    0.0003    0.0006    0.0000   -0.0000    0.0000    0.0006    0.0000    0.0000    0.0000  56.00
  57.00    3.9080E+96    0.0001    0.0003    0.0000   -0.0000    0.0000    0.0006    0.0000    0.0000    0.0000  57.00
  58.00    6.6166E+96    0.0000    0.0001    0.0000   -0.0000    0.0000    0.0006    0.0000    0.0000    0.0000  58.00
  59.00    6.4666E+96   -0.0000   -0.0001    0.0000   -0.0000   -0.0000    0.0006    0.0000    0.0000    0.0000  59.00
  60.00    3.6269E+96   -0.0001   -0.0003    0.0000   -0.0000   -0.0000    0.0006    0.0000    0.0000    0.0000  60.00
0Tot-sig   6.3163E+97
1Inelastic  10Be(d,p)11Be Ex=2.00 QG UNB LMAX30 RMAX40 V8                  0/00/00
    THETA  95                               96                               97                               98   THETA cos(theta)
     0.00  |++++++++++++++++++++++++++++++++|++++++++++++++++++++++++++++++++|++++++++++*+++++++++++++++++++++|+    0.00    1.0000
     1.00  +                                                                                    *              +    1.00    0.9998
     2.00  +                                                                                             *     +    2.00    0.9994
     3.00  +                                                                                                 * +    3.00    0.9986
     4.00  +                                                                                                 * +    4.00    0.9976
     5.00  +                                                                                           *       +    5.00    0.9962
     6.00  +                                                                              *                    +    6.00    0.9945
     7.00  +                                                       *                                           +    7.00    0.9925
     8.00  +                                                              *                                    +    8.00    0.9903
     9.00  +                                                                             *                     +    9.00    0.9877
    10.00  +                                                                                  *                +   10.00    0.9848
    11.00  +                                                                                *                  +   11.00    0.9816
    12.00  +                                                                      *                            +   12.00    0.9781
    13.00  +                                                *                                                  +   13.00    0.9744
    14.00  +                                                    *                                              +   14.00    0.9703
    15.00  +                                                                     *                             +   15.00    0.9659
    16.00  +                                                                            *                      +   16.00    0.9613
    17.00  +                                                                          *                        +   17.00    0.9563
    18.00  +                                                                *                                  +   18.00    0.9511
    19.00  +                                            *                                                      +   19.00    0.9455
    20.00  +                                               *                                                   +   20.00    0.9397
    21.00  +                                                                *                                  +   21.00    0.9336
    22.00  +                                                                       *                           +   22.00    0.9272
    23.00  +                                                                      *                            +   23.00    0.9205
    24.00  +                                                             *                                     +   24.00    0.9135
    25.00  +                                        *                                                          +   25.00    0.9063
    26.00  +                                           *                                                       +   26.00    0.8988
    27.00  +                                                             *                                     +   27.00    0.8910
    28.00  +                                                                    *                              +   28.00    0.8829
    29.00  +                                                                   *                               +   29.00    0.8746
    30.00  +                                                          *                                        +   30.00    0.8660
    31.00  +                                      *                                                            +   31.00    0.8572
    32.00  +                                        *                                                          +   32.00    0.8480
    33.00  +                                                          *                                        +   33.00    0.8387
    34.00  +                                                                 *                                 +   34.00    0.8290
    35.00  +                                                                *                                  +   35.00    0.8192
    36.00  +                                                        *                                          +   36.00    0.8090
    37.00  +                                    *                                                              +   37.00    0.7986
    38.00  +                                     *                                                             +   38.00    0.7880
    39.00  +                                                        *                                          +   39.00    0.7771
    40.00  +                                                               *                                   +   40.00    0.7660
    41.00  +                                                               *                                   +   41.00    0.7547
    42.00  +                                                      *                                            +   42.00    0.7431
    43.00  +                                  *                                                                +   43.00    0.7314
    44.00  +                                   *                                                               +   44.00    0.7193
    45.00  +                                                      *                                            +   45.00    0.7071
    46.00  +                                                             *                                     +   46.00    0.6947
    47.00  +                                                             *                                     +   47.00    0.6820
    48.00  +                                                     *                                             +   48.00    0.6691
    49.00  +                                 *                                                                 +   49.00    0.6561
    50.00  +                                  *                                                                +   50.00    0.6428
    51.00  +                                                     *                                             +   51.00    0.6293
    52.00  +                                                            *                                      +   52.00    0.6157
    53.00  +                                                            *                                      +   53.00    0.6018
    54.00  +                                                   *                                               +   54.00    0.5878
    55.00  +                                *                                                                  +   55.00    0.5736
    56.00  +                                 *                                                                 +   56.00    0.5592
    57.00  +                                                    *                                              +   57.00    0.5446
    58.00  +                                                           *                                       +   58.00    0.5299
    59.00  +                                                           *                                       +   59.00    0.5150
    60.00  |++++++++++++++++++++++++++++++++|+++++++++++++++++*++++++++++++++|++++++++++++++++++++++++++++++++|+   60.00    0.5000
    THETA  95                               96                               97                               98   THETA cos(theta)
1DWUCK4-DISTORTED WAVES U.COLORADO- PC-VERSION  12/Jan /1995
 Elapsed time in seconds =   0.00
 Elapsed time in seconds =   0.00
0CONTROL INTEGERS
  1 2 3 4 5 6 7 8 9 A B C D E F G H I J K    RUN IDENTIFICATION                                             0/00/00   0.00.00
  1 0 1 1 0 0 0 0 3 0 0 0 0 0 0 0 0 0 0 0    10Be(d,p)11Be Ex=2.20 QG UNB LMAX30 RMAX40 V8               
 10Be(d,p)11Be Ex=2.20 QG UNB LMAX30 RMAX40 V8               
 Adwck4 entered
0ANGLE DATA          THETN=  61.0000   THET1=   0.0000   DTHET=   1.0000   A-ANG=   0.0000   B-ANG=   0.0000
0CARD SET 3 DATA     LMAX =  30          LTR=   1
                     NLTR =   1        2*JTR=   3
0CARD SET 4 DATA     DRF  =   0.1000   RZ   =   0.0000   RMAX = -40.0000   VCE  =   0.0000   FNRNG=   0.0000
                     AMASS=   0.8000
 PARTICLE DATA 
0PARTICLE 1*******************************************************************************************************************
 INPUT DATA          ELAB =  17.4000   RC0  =   1.3030   AC   =   0.0000   2*STR=   2.0000
                     MASSP=   2.0000   MASST=  10.0000   Q    =   0.0000
                     ZP   =   1.0000   ZT   =   4.0000   PNLOC=   2.0000
 
 DERIVED DATA        ECM  =  14.5000   RC   =   2.8072   RHO  =   3.0186
                     K    =   1.0753   ETA  =   0.2136   DR   =   0.0080
0POTENTIAL PARAMETERS
 NX=1 VOLUME  W-S    V RL = -88.7440   R0RL =   1.1480   A RL =   0.7460   R RL =   2.4733   VSOR =   0.0000
                     V IM =  -2.1860   R0IM =   1.3510   A IM =   0.6400   R IM =   2.9106   VSOI =   0.0000   POWR =   0.0000
 NX=2 SURFACE W-S    V RL =   0.0000   R0RL =   0.0000   A RL =   0.0000   R RL =   0.0000   VSOR =   0.0000
                     V IM =  27.3930   R0IM =   1.4050   A IM =   0.6650   R IM =   3.0270   VSOI =   0.0000   POWR =   0.0000
 NX=4 L*S VOLUME     V RL = -14.2280   R0RL =   0.9720   A RL =   1.0110   R RL =   2.0941   VSOR =   0.0000
                     V IM =   0.0000   R0IM =   0.0000   A IM =   0.0000   R IM =   0.0000   VSOI =   0.0000   POWR =   0.0000
0PARTICLE 2*******************************************************************************************************************
 INPUT DATA          ELAB =  11.5407   RC0  =   1.5780   AC   =   0.0000   2*STR=   1.0000
                     MASSP=   1.0000   MASST=  11.0000   Q    =  -3.9210
                     ZP   =   1.0000   ZT   =   4.0000   PNLOC=   1.0000
 
 DERIVED DATA        ECM  =  10.5790   RC   =   3.5094   RHO  =   2.3905
                     K    =   0.6812   ETA  =   0.1854   DR   =   0.0073
0POTENTIAL PARAMETERS
 NX=1 VOLUME  W-S    V RL = -56.2800   R0RL =   1.1220   A RL =   0.6760   R RL =   2.4953   VSOR =   0.0000
                     V IM =  -1.1170   R0IM =   1.1220   A IM =   0.6760   R IM =   2.4953   VSOI =   0.0000   POWR =   0.0000
 NX=2 SURFACE W-S    V RL =   0.0000   R0RL =   0.0000   A RL =   0.0000   R RL =   0.0000   VSOR =   0.0000
                     V IM =  20.7710   R0IM =   1.3070   A IM =   0.5240   R IM =   2.9067   VSOI =   0.0000   POWR =   0.0000
 NX=4 L*S VOLUME     V RL = -21.8760   R0RL =   0.8940   A RL =   0.5900   R RL =   1.9882   VSOR =   0.0000
                     V IM =   0.8640   R0IM =   0.8940   A IM =   0.5900   R IM =   1.9882   VSOI =   0.0000   POWR =   0.0000
110Be(d,p)11Be Ex=2.20 QG UNB LMAX30 RMAX40 V8                  0/ 0/ 0
0FORM FACTOR DATA 
0PARTICLE 3*******************************************************************************************************************
 INPUT DATA          ELAB =   1.6960   RC0  =   1.3000   AC   =   0.0000   2*STR=   1.0000
                     MASSP=   1.0000   MASST=  10.0000   Q    =   1.6960
                     ZP   =   0.0000   ZT   =   4.0000   PNLOC=   1.0000
 
 DERIVED DATA        ECM  =   1.6960   RC   =   2.8008   RHO  =   0.7607
                     K    =   0.2716   ETA  =   0.0000   DR   =   0.0080
0POTENTIAL PARAMETERS
 NX=1 VOLUME  W-S    V RL =   1.0000   R0RL =   1.2500   A RL =   0.6500   R RL =   2.6930   VSOR =  24.0000
                     V IM =   1.1000   R0IM =   0.6500   A IM =   0.0000   R IM =   1.4004   VSOI =   0.0000   POWR =   0.0000
 
                     NODES=   0.0000   L    =   1.0000   2*J  =   3.0000   2*S  =   1.0000   FISW =   2.0000
 
                     COSD =  9.9883E-01               SIND = -4.8311E-02
                     V    =  28.3480   DET  =   0.0000   NODES=   0.0000   RM   =   2.6930   E    =   1.6960   ITER.=   0
0Non-locality correction is applied, parameter =   2.000
0Non-locality correction is applied, parameter =   1.000
0*****  Warning *****  LMAX too large for reliable calculation of unbound stripping or coulomb excitation cases.  Increase RMAX 
0                    LMAX =  30        NSTEP= 400        NLTR =   1
 Bdwck4 entered
   Subroutine INTEG  entered
0REACSIG 1   3.58046E+01                                             REACSIG 2   2.82734E+01
   Subroutine RADINT entered
110Be(d,p)11Be Ex=2.20 QG UNB LMAX30 RMAX40 V8                  0/00/00
0BASIC DATA          DR   =   0.1000   RMIN =   0.0000   RMAX =  40.0000   COUEX=   0.0000     IS1=   1.0000
                     FNRNG=   0.0000   PNLC1=   2.0000   PNLC2=   1.0000   PNLC3=   1.0000     IS2=   0.5000
 ANG MOM TRANSFER    LTR  =   1.       2*JTR=   3.       2*STR=   1.       Q    =  -3.9210
   Subroutine INSIG  entered
0 Theta Inelsig,fm**2      Polz       Asy       Ayy       A22       A21       A20       T22       T21       T20  Theta
   0.00    3.7590E+97    0.0000    0.0000    0.0000    0.0000    0.0000    0.0006    0.0000    0.0000    0.0000   0.00
   1.00    6.2124E+97    0.0003    0.0005    0.0000   -0.0000    0.0000    0.0006    0.0000    0.0000    0.0000   1.00
   2.00    1.1607E+98    0.0002    0.0004    0.0000   -0.0000    0.0000    0.0006    0.0000    0.0000    0.0000   2.00
   3.00    1.5624E+98    0.0001    0.0002    0.0000   -0.0000    0.0000    0.0006    0.0000    0.0000    0.0000   3.00
   4.00    1.5007E+98    0.0000    0.0001    0.0000   -0.0000    0.0000    0.0006    0.0000    0.0000    0.0000   4.00
   5.00    1.0035E+98   -0.0000   -0.0001    0.0000   -0.0000    0.0000    0.0006    0.0000    0.0000    0.0000   5.00
   6.00    4.0831E+97   -0.0001   -0.0003    0.0000   -0.0000    0.0000    0.0006    0.0000    0.0000    0.0000   6.00
   7.00    8.0959E+96   -0.0002   -0.0004    0.0000   -0.0000    0.0000    0.0006    0.0000    0.0000    0.0000   7.00
   8.00    1.3766E+97    0.0002    0.0005    0.0000   -0.0000    0.0000    0.0006    0.0000    0.0000    0.0000   8.00
   9.00    3.9298E+97    0.0001    0.0003    0.0000   -0.0000    0.0000    0.0006    0.0000    0.0000    0.0000   9.00
  10.00    5.5259E+97    0.0000    0.0001    0.0000   -0.0000    0.0000    0.0006    0.0000    0.0000    0.0000  10.00
  11.00    4.6658E+97   -0.0000   -0.0001    0.0000   -0.0000    0.0000    0.0006    0.0000    0.0000    0.0000  11.00
  12.00    2.2751E+97   -0.0001   -0.0003    0.0000   -0.0000    0.0000    0.0006    0.0000    0.0000    0.0000  12.00
  13.00    5.1227E+96   -0.0002   -0.0005    0.0000   -0.0000    0.0000    0.0006    0.0000    0.0000    0.0000  13.00
  14.00    6.9297E+96    0.0003    0.0005    0.0000   -0.0000    0.0000    0.0006    0.0000    0.0000    0.0000  14.00
  15.00    2.2339E+97    0.0001    0.0003    0.0000   -0.0000    0.0000    0.0006    0.0000    0.0000    0.0000  15.00
  16.00    3.4153E+97    0.0000    0.0001    0.0000   -0.0000    0.0000    0.0006    0.0000    0.0000    0.0000  16.00
  17.00    3.0712E+97   -0.0000   -0.0001    0.0000   -0.0000    0.0000    0.0006    0.0000    0.0000    0.0000  17.00
  18.00    1.5872E+97   -0.0001   -0.0003    0.0000   -0.0000    0.0000    0.0006    0.0000    0.0000    0.0000  18.00
  19.00    3.7610E+96   -0.0002   -0.0005    0.0000   -0.0000   -0.0000    0.0006    0.0000    0.0000    0.0000  19.00
  20.00    4.6393E+96    0.0003    0.0005    0.0000   -0.0000    0.0000    0.0006    0.0000    0.0000    0.0000  20.00
  21.00    1.5710E+97    0.0001    0.0003    0.0000   -0.0000    0.0000    0.0006    0.0000    0.0000    0.0000  21.00
  22.00    2.4924E+97    0.0000    0.0001    0.0000   -0.0000    0.0000    0.0006    0.0000    0.0000    0.0000  22.00
  23.00    2.3088E+97   -0.0000   -0.0001    0.0000   -0.0000    0.0000    0.0006    0.0000    0.0000    0.0000  23.00
  24.00    1.2283E+97   -0.0001   -0.0003    0.0000   -0.0000    0.0000    0.0006    0.0000    0.0000    0.0000  24.00
  25.00    2.9919E+96   -0.0002   -0.0005    0.0000   -0.0000   -0.0000    0.0006    0.0000    0.0000    0.0000  25.00
  26.00    3.5124E+96    0.0003    0.0005    0.0000   -0.0000    0.0000    0.0006    0.0000    0.0000    0.0000  26.00
  27.00    1.2218E+97    0.0001    0.0003    0.0000   -0.0000    0.0000    0.0006    0.0000    0.0000    0.0000  27.00
  28.00    1.9796E+97    0.0000    0.0001    0.0000   -0.0000    0.0000    0.0006    0.0000    0.0000    0.0000  28.00
  29.00    1.8661E+97   -0.0000   -0.0001    0.0000   -0.0000    0.0000    0.0006    0.0000    0.0000    0.0000  29.00
  30.00    1.0104E+97   -0.0001   -0.0003    0.0000   -0.0000    0.0000    0.0006    0.0000    0.0000    0.0000  30.00
  31.00    2.5043E+96   -0.0002   -0.0005    0.0000   -0.0000    0.0000    0.0006    0.0000    0.0000    0.0000  31.00
  32.00    2.8508E+96    0.0003    0.0005    0.0000   -0.0000    0.0000    0.0006    0.0000    0.0000    0.0000  32.00
  33.00    1.0086E+97    0.0001    0.0003    0.0000   -0.0000    0.0000    0.0006    0.0000    0.0000    0.0000  33.00
  34.00    1.6569E+97    0.0000    0.0001    0.0000   -0.0000    0.0000    0.0006    0.0000    0.0000    0.0000  34.00
  35.00    1.5802E+97   -0.0000   -0.0001    0.0000   -0.0000    0.0000    0.0006    0.0000    0.0000    0.0000  35.00
  36.00    8.6587E+96   -0.0001   -0.0003    0.0000   -0.0000    0.0000    0.0006    0.0000    0.0000    0.0000  36.00
  37.00    2.1723E+96   -0.0002   -0.0005    0.0000   -0.0000    0.0000    0.0006    0.0000    0.0000    0.0000  37.00
  38.00    2.4216E+96    0.0003    0.0005    0.0000   -0.0000    0.0000    0.0006    0.0000    0.0000    0.0000  38.00
  39.00    8.6701E+96    0.0001    0.0003    0.0000   -0.0000    0.0000    0.0006    0.0000    0.0000    0.0000  39.00
  40.00    1.4383E+97    0.0000    0.0001    0.0000   -0.0000    0.0000    0.0006    0.0000    0.0000    0.0000  40.00
  41.00    1.3833E+97   -0.0000   -0.0001    0.0000   -0.0000    0.0000    0.0006    0.0000    0.0000    0.0000  41.00
  42.00    7.6462E+96   -0.0001   -0.0003    0.0000   -0.0000    0.0000    0.0006    0.0000    0.0000    0.0000  42.00
  43.00    1.9356E+96   -0.0002   -0.0005    0.0000   -0.0000    0.0000    0.0006    0.0000    0.0000    0.0000  43.00
  44.00    2.1254E+96    0.0003    0.0005    0.0000   -0.0000    0.0000    0.0006    0.0000    0.0000    0.0000  44.00
  45.00    7.6772E+96    0.0001    0.0003    0.0000   -0.0000    0.0000    0.0006    0.0000    0.0000    0.0000  45.00
  46.00    1.2831E+97    0.0000    0.0001    0.0000   -0.0000    0.0000    0.0006    0.0000    0.0000    0.0000  46.00
  47.00    1.2420E+97   -0.0000   -0.0001    0.0000   -0.0000    0.0000    0.0006    0.0000    0.0000    0.0000  47.00
  48.00    6.9114E+96   -0.0001   -0.0003    0.0000   -0.0000    0.0000    0.0006    0.0000    0.0000    0.0000  48.00
  49.00    1.7618E+96   -0.0002   -0.0005    0.0000   -0.0000    0.0000    0.0006    0.0000    0.0000    0.0000  49.00
  50.00    1.9129E+96    0.0003    0.0005    0.0000   -0.0000    0.0000    0.0006    0.0000    0.0000    0.0000  50.00
  51.00    6.9576E+96    0.0001    0.0003    0.0000   -0.0000    0.0000    0.0006    0.0000    0.0000    0.0000  51.00
  52.00    1.1697E+97    0.0000    0.0001    0.0000   -0.0000    0.0000    0.0006    0.0000    0.0000    0.0000  52.00
  53.00    1.1381E+97   -0.0000   -0.0001    0.0000   -0.0000    0.0000    0.0006    0.0000    0.0000    0.0000  53.00
  54.00    6.3673E+96   -0.0001   -0.0003    0.0000   -0.0000   -0.0000    0.0006    0.0000    0.0000    0.0000  54.00
  55.00    1.6323E+96   -0.0002   -0.0005    0.0000   -0.0000    0.0000    0.0006    0.0000    0.0000    0.0000  55.00
  56.00    1.7571E+96    0.0003    0.0005    0.0000   -0.0000    0.0000    0.0006    0.0000    0.0000    0.0000  56.00
  57.00    6.4267E+96    0.0001    0.0003    0.0000   -0.0000    0.0000    0.0006    0.0000    0.0000    0.0000  57.00
  58.00    1.0856E+97    0.0000    0.0001    0.0000   -0.0000    0.0000    0.0006    0.0000    0.0000    0.0000  58.00
  59.00    1.0608E+97   -0.0000   -0.0001    0.0000   -0.0000   -0.0000    0.0006    0.0000    0.0000    0.0000  59.00
  60.00    5.9615E+96   -0.0001   -0.0003    0.0000   -0.0000   -0.0000    0.0006    0.0000    0.0000    0.0000  60.00
0Tot-sig   1.0387E+98
1Inelastic  10Be(d,p)11Be Ex=2.20 QG UNB LMAX30 RMAX40 V8                  0/00/00
    THETA  96                               97                               98                               99   THETA cos(theta)
     0.00  |++++++++++++++++++++++++++++++++|++++++++++++++++++*+++++++++++++|++++++++++++++++++++++++++++++++|+    0.00    1.0000
     1.00  +                                                          *                                        +    1.00    0.9998
     2.00  +                                                                   *                               +    2.00    0.9994
     3.00  +                                                                       *                           +    3.00    0.9986
     4.00  +                                                                       *                           +    4.00    0.9976
     5.00  +                                                                 *                                 +    5.00    0.9962
     6.00  +                                                    *                                              +    6.00    0.9945
     7.00  +                             *                                                                     +    7.00    0.9925
     8.00  +                                     *                                                             +    8.00    0.9903
     9.00  +                                                    *                                              +    9.00    0.9877
    10.00  +                                                        *                                          +   10.00    0.9848
    11.00  +                                                      *                                            +   11.00    0.9816
    12.00  +                                            *                                                      +   12.00    0.9781
    13.00  +                      *                                                                            +   13.00    0.9744
    14.00  +                           *                                                                       +   14.00    0.9703
    15.00  +                                            *                                                      +   15.00    0.9659
    16.00  +                                                  *                                                +   16.00    0.9613
    17.00  +                                                *                                                  +   17.00    0.9563
    18.00  +                                       *                                                           +   18.00    0.9511
    19.00  +                  *                                                                                +   19.00    0.9455
    20.00  +                     *                                                                             +   20.00    0.9397
    21.00  +                                      *                                                            +   21.00    0.9336
    22.00  +                                             *                                                     +   22.00    0.9272
    23.00  +                                            *                                                      +   23.00    0.9205
    24.00  +                                   *                                                               +   24.00    0.9135
    25.00  +               *                                                                                   +   25.00    0.9063
    26.00  +                 *                                                                                 +   26.00    0.8988
    27.00  +                                   *                                                               +   27.00    0.8910
    28.00  +                                          *                                                        +   28.00    0.8829
    29.00  +                                         *                                                         +   29.00    0.8746
    30.00  +                                *                                                                  +   30.00    0.8660
    31.00  +            *                                                                                      +   31.00    0.8572
    32.00  +              *                                                                                    +   32.00    0.8480
    33.00  +                                *                                                                  +   33.00    0.8387
    34.00  +                                       *                                                           +   34.00    0.8290
    35.00  +                                       *                                                           +   35.00    0.8192
    36.00  +                              *                                                                    +   36.00    0.8090
    37.00  +          *                                                                                        +   37.00    0.7986
    38.00  +            *                                                                                      +   38.00    0.7880
    39.00  +                              *                                                                    +   39.00    0.7771
    40.00  +                                     *                                                             +   40.00    0.7660
    41.00  +                                     *                                                             +   41.00    0.7547
    42.00  +                            *                                                                      +   42.00    0.7431
    43.00  +        *                                                                                          +   43.00    0.7314
    44.00  +          *                                                                                        +   44.00    0.7193
    45.00  +                            *                                                                      +   45.00    0.7071
    46.00  +                                    *                                                              +   46.00    0.6947
    47.00  +                                   *                                                               +   47.00    0.6820
    48.00  +                           *                                                                       +   48.00    0.6691
    49.00  +       *                                                                                           +   49.00    0.6561
    50.00  +        *                                                                                          +   50.00    0.6428
    51.00  +                           *                                                                       +   51.00    0.6293
    52.00  +                                  *                                                                +   52.00    0.6157
    53.00  +                                  *                                                                +   53.00    0.6018
    54.00  +                          *                                                                        +   54.00    0.5878
    55.00  +      *                                                                                            +   55.00    0.5736
    56.00  +       *                                                                                           +   56.00    0.5592
    57.00  +                          *                                                                        +   57.00    0.5446
    58.00  +                                 *                                                                 +   58.00    0.5299
    59.00  +                                 *                                                                 +   59.00    0.5150
    60.00  |+++++++++++++++++++++++++*++++++|++++++++++++++++++++++++++++++++|++++++++++++++++++++++++++++++++|+   60.00    0.5000
    THETA  96                               97                               98                               99   THETA cos(theta)
1DWUCK4-DISTORTED WAVES U.COLORADO- PC-VERSION  12/Jan /1995
 Elapsed time in seconds =   0.00
 Elapsed time in seconds =   0.00
0CONTROL INTEGERS
  1 2 3 4 5 6 7 8 9 A B C D E F G H I J K    RUN IDENTIFICATION                                             0/00/00   0.00.00
  1 0 1 1 0 0 0 0 3 0 0 0 0 0 0 0 0 0 0 0    10Be(d,p)11Be Ex=2.40 QG UNB LMAX30 RMAX40 V8               
 10Be(d,p)11Be Ex=2.40 QG UNB LMAX30 RMAX40 V8               
 Adwck4 entered
0ANGLE DATA          THETN=  61.0000   THET1=   0.0000   DTHET=   1.0000   A-ANG=   0.0000   B-ANG=   0.0000
0CARD SET 3 DATA     LMAX =  30          LTR=   1
                     NLTR =   1        2*JTR=   3
0CARD SET 4 DATA     DRF  =   0.1000   RZ   =   0.0000   RMAX = -40.0000   VCE  =   0.0000   FNRNG=   0.0000
                     AMASS=   0.8000
 PARTICLE DATA 
0PARTICLE 1*******************************************************************************************************************
 INPUT DATA          ELAB =  17.4000   RC0  =   1.3030   AC   =   0.0000   2*STR=   2.0000
                     MASSP=   2.0000   MASST=  10.0000   Q    =   0.0000
                     ZP   =   1.0000   ZT   =   4.0000   PNLOC=   2.0000
 
 DERIVED DATA        ECM  =  14.5000   RC   =   2.8072   RHO  =   3.0186
                     K    =   1.0753   ETA  =   0.2136   DR   =   0.0080
0POTENTIAL PARAMETERS
 NX=1 VOLUME  W-S    V RL = -88.7440   R0RL =   1.1480   A RL =   0.7460   R RL =   2.4733   VSOR =   0.0000
                     V IM =  -2.1860   R0IM =   1.3510   A IM =   0.6400   R IM =   2.9106   VSOI =   0.0000   POWR =   0.0000
 NX=2 SURFACE W-S    V RL =   0.0000   R0RL =   0.0000   A RL =   0.0000   R RL =   0.0000   VSOR =   0.0000
                     V IM =  27.3930   R0IM =   1.4050   A IM =   0.6650   R IM =   3.0270   VSOI =   0.0000   POWR =   0.0000
 NX=4 L*S VOLUME     V RL = -14.2280   R0RL =   0.9720   A RL =   1.0110   R RL =   2.0941   VSOR =   0.0000
                     V IM =   0.0000   R0IM =   0.0000   A IM =   0.0000   R IM =   0.0000   VSOI =   0.0000   POWR =   0.0000
0PARTICLE 2*******************************************************************************************************************
 INPUT DATA          ELAB =  11.3225   RC0  =   1.5780   AC   =   0.0000   2*STR=   1.0000
                     MASSP=   1.0000   MASST=  11.0000   Q    =  -4.1210
                     ZP   =   1.0000   ZT   =   4.0000   PNLOC=   1.0000
 
 DERIVED DATA        ECM  =  10.3790   RC   =   3.5094   RHO  =   2.3678
                     K    =   0.6747   ETA  =   0.1872   DR   =   0.0073
0POTENTIAL PARAMETERS
 NX=1 VOLUME  W-S    V RL = -56.2800   R0RL =   1.1220   A RL =   0.6760   R RL =   2.4953   VSOR =   0.0000
                     V IM =  -1.1170   R0IM =   1.1220   A IM =   0.6760   R IM =   2.4953   VSOI =   0.0000   POWR =   0.0000
 NX=2 SURFACE W-S    V RL =   0.0000   R0RL =   0.0000   A RL =   0.0000   R RL =   0.0000   VSOR =   0.0000
                     V IM =  20.7710   R0IM =   1.3070   A IM =   0.5240   R IM =   2.9067   VSOI =   0.0000   POWR =   0.0000
 NX=4 L*S VOLUME     V RL = -21.8760   R0RL =   0.8940   A RL =   0.5900   R RL =   1.9882   VSOR =   0.0000
                     V IM =   0.8640   R0IM =   0.8940   A IM =   0.5900   R IM =   1.9882   VSOI =   0.0000   POWR =   0.0000
110Be(d,p)11Be Ex=2.40 QG UNB LMAX30 RMAX40 V8                  0/ 0/ 0
0FORM FACTOR DATA 
0PARTICLE 3*******************************************************************************************************************
 INPUT DATA          ELAB =   1.8960   RC0  =   1.3000   AC   =   0.0000   2*STR=   1.0000
                     MASSP=   1.0000   MASST=  10.0000   Q    =   1.8960
                     ZP   =   0.0000   ZT   =   4.0000   PNLOC=   1.0000
 
 DERIVED DATA        ECM  =   1.8960   RC   =   2.8008   RHO  =   0.8043
                     K    =   0.2872   ETA  =   0.0000   DR   =   0.0080
0POTENTIAL PARAMETERS
 NX=1 VOLUME  W-S    V RL =   1.0000   R0RL =   1.2500   A RL =   0.6500   R RL =   2.6930   VSOR =  24.0000
                     V IM =   1.1000   R0IM =   0.6500   A IM =   0.0000   R IM =   1.4004   VSOI =   0.0000   POWR =   0.0000
 
                     NODES=   0.0000   L    =   1.0000   2*J  =   3.0000   2*S  =   1.0000   FISW =   2.0000
 
                     COSD =  9.9843E-01               SIND = -5.6033E-02
                     V    =  28.3480   DET  =   0.0000   NODES=   0.0000   RM   =   2.6930   E    =   1.8960   ITER.=   0
0Non-locality correction is applied, parameter =   2.000
0Non-locality correction is applied, parameter =   1.000
0*****  Warning *****  LMAX too large for reliable calculation of unbound stripping or coulomb excitation cases.  Increase RMAX 
0                    LMAX =  30        NSTEP= 400        NLTR =   1
 Bdwck4 entered
   Subroutine INTEG  entered
0REACSIG 1   3.58046E+01                                             REACSIG 2   2.79933E+01
   Subroutine RADINT entered
110Be(d,p)11Be Ex=2.40 QG UNB LMAX30 RMAX40 V8                  0/00/00
0BASIC DATA          DR   =   0.1000   RMIN =   0.0000   RMAX =  40.0000   COUEX=   0.0000     IS1=   1.0000
                     FNRNG=   0.0000   PNLC1=   2.0000   PNLC2=   1.0000   PNLC3=   1.0000     IS2=   0.5000
 ANG MOM TRANSFER    LTR  =   1.       2*JTR=   3.       2*STR=   1.       Q    =  -4.1210
   Subroutine INSIG  entered
0 Theta Inelsig,fm**2      Polz       Asy       Ayy       A22       A21       A20       T22       T21       T20  Theta
   0.00    7.7212E+98    0.0000    0.0000    0.0000    0.0000    0.0000    0.0006    0.0000    0.0000    0.0000   0.00
   1.00    1.2593E+99    0.0002    0.0005    0.0000   -0.0000    0.0000    0.0006    0.0000    0.0000    0.0000   1.00
   2.00    2.3300E+99    0.0002    0.0004    0.0000   -0.0000    0.0000    0.0006    0.0000    0.0000    0.0000   2.00
   3.00    3.1251E+99    0.0001    0.0002    0.0000   -0.0000    0.0000    0.0006    0.0000    0.0000    0.0000   3.00
   4.00    2.9978E+99    0.0000    0.0001    0.0000   -0.0000    0.0000    0.0006    0.0000    0.0000    0.0000   4.00
   5.00    2.0044E+99   -0.0000   -0.0001    0.0000   -0.0000    0.0000    0.0006    0.0000    0.0000    0.0000   5.00
   6.00    8.1744E+98   -0.0001   -0.0003    0.0000   -0.0000    0.0000    0.0006    0.0000    0.0000    0.0000   6.00
   7.00    1.6507E+98   -0.0002   -0.0004    0.0000   -0.0000    0.0000    0.0006    0.0000    0.0000    0.0000   7.00
   8.00    2.7801E+98    0.0002    0.0005    0.0000   -0.0000    0.0000    0.0006    0.0000    0.0000    0.0000   8.00
   9.00    7.8638E+98    0.0001    0.0002    0.0000   -0.0000    0.0000    0.0006    0.0000    0.0000    0.0000   9.00
  10.00    1.1038E+99    0.0000    0.0001    0.0000   -0.0000    0.0000    0.0006    0.0000    0.0000    0.0000  10.00
  11.00    9.3197E+98   -0.0000   -0.0001    0.0000   -0.0000    0.0000    0.0006    0.0000    0.0000    0.0000  11.00
  12.00    4.5542E+98   -0.0001   -0.0003    0.0000   -0.0000    0.0000    0.0006    0.0000    0.0000    0.0000  12.00
  13.00    1.0417E+98   -0.0002   -0.0004    0.0000   -0.0000    0.0000    0.0006    0.0000    0.0000    0.0000  13.00
  14.00    1.4016E+98    0.0002    0.0005    0.0000   -0.0000    0.0000    0.0006    0.0000    0.0000    0.0000  14.00
  15.00    4.4707E+98    0.0001    0.0002    0.0000   -0.0000    0.0000    0.0006    0.0000    0.0000    0.0000  15.00
  16.00    6.8223E+98    0.0000    0.0001    0.0000   -0.0000    0.0000    0.0006    0.0000    0.0000    0.0000  16.00
  17.00    6.1346E+98   -0.0000   -0.0001    0.0000   -0.0000    0.0000    0.0006    0.0000    0.0000    0.0000  17.00
  18.00    3.1769E+98   -0.0001   -0.0002    0.0000   -0.0000    0.0000    0.0006    0.0000    0.0000    0.0000  18.00
  19.00    7.6400E+97   -0.0002   -0.0004    0.0000   -0.0000   -0.0000    0.0006    0.0000    0.0000    0.0000  19.00
  20.00    9.3904E+97    0.0002    0.0005    0.0000   -0.0000    0.0000    0.0006    0.0000    0.0000    0.0000  20.00
  21.00    3.1442E+98    0.0001    0.0002    0.0000   -0.0000    0.0000    0.0006    0.0000    0.0000    0.0000  21.00
  22.00    4.9787E+98    0.0000    0.0001    0.0000   -0.0000    0.0000    0.0006    0.0000    0.0000    0.0000  22.00
  23.00    4.6118E+98   -0.0000   -0.0001    0.0000   -0.0000    0.0000    0.0006    0.0000    0.0000    0.0000  23.00
  24.00    2.4585E+98   -0.0001   -0.0002    0.0000   -0.0000    0.0000    0.0006    0.0000    0.0000    0.0000  24.00
  25.00    6.0747E+97   -0.0002   -0.0004    0.0000   -0.0000   -0.0000    0.0006    0.0000    0.0000    0.0000  25.00
  26.00    7.1124E+97    0.0002    0.0005    0.0000   -0.0000    0.0000    0.0006    0.0000    0.0000    0.0000  26.00
  27.00    2.4452E+98    0.0001    0.0002    0.0000   -0.0000    0.0000    0.0006    0.0000    0.0000    0.0000  27.00
  28.00    3.9543E+98    0.0000    0.0001    0.0000   -0.0000    0.0000    0.0006    0.0000    0.0000    0.0000  28.00
  29.00    3.7274E+98   -0.0000   -0.0001    0.0000   -0.0000    0.0000    0.0006    0.0000    0.0000    0.0000  29.00
  30.00    2.0223E+98   -0.0001   -0.0002    0.0000   -0.0000    0.0000    0.0006    0.0000    0.0000    0.0000  30.00
  31.00    5.0830E+97   -0.0002   -0.0004    0.0000   -0.0000    0.0000    0.0006    0.0000    0.0000    0.0000  31.00
  32.00    5.7742E+97    0.0002    0.0005    0.0000   -0.0000    0.0000    0.0006    0.0000    0.0000    0.0000  32.00
  33.00    2.0188E+98    0.0001    0.0002    0.0000   -0.0000    0.0000    0.0006    0.0000    0.0000    0.0000  33.00
  34.00    3.3098E+98    0.0000    0.0001    0.0000   -0.0000    0.0000    0.0006    0.0000    0.0000    0.0000  34.00
  35.00    3.1565E+98   -0.0000   -0.0001    0.0000   -0.0000    0.0000    0.0006    0.0000    0.0000    0.0000  35.00
  36.00    1.7330E+98   -0.0001   -0.0002    0.0000   -0.0000    0.0000    0.0006    0.0000    0.0000    0.0000  36.00
  37.00    4.4082E+97   -0.0002   -0.0004    0.0000   -0.0000    0.0000    0.0006    0.0000    0.0000    0.0000  37.00
  38.00    4.9057E+97    0.0002    0.0005    0.0000   -0.0000    0.0000    0.0006    0.0000    0.0000    0.0000  38.00
  39.00    1.7353E+98    0.0001    0.0003    0.0000   -0.0000    0.0000    0.0006    0.0000    0.0000    0.0000  39.00
  40.00    2.8731E+98    0.0000    0.0001    0.0000   -0.0000    0.0000    0.0006    0.0000    0.0000    0.0000  40.00
  41.00    2.7632E+98   -0.0000   -0.0001    0.0000   -0.0000    0.0000    0.0006    0.0000    0.0000    0.0000  41.00
  42.00    1.5304E+98   -0.0001   -0.0002    0.0000   -0.0000    0.0000    0.0006    0.0000    0.0000    0.0000  42.00
  43.00    3.9272E+97   -0.0002   -0.0004    0.0000   -0.0000    0.0000    0.0006    0.0000    0.0000    0.0000  43.00
  44.00    4.3063E+97    0.0002    0.0005    0.0000   -0.0000    0.0000    0.0006    0.0000    0.0000    0.0000  44.00
  45.00    1.5366E+98    0.0001    0.0003    0.0000   -0.0000    0.0000    0.0006    0.0000    0.0000    0.0000  45.00
  46.00    2.5630E+98    0.0000    0.0001    0.0000   -0.0000    0.0000    0.0006    0.0000    0.0000    0.0000  46.00
  47.00    2.4809E+98   -0.0000   -0.0001    0.0000   -0.0000    0.0000    0.0006    0.0000    0.0000    0.0000  47.00
  48.00    1.3833E+98   -0.0001   -0.0002    0.0000   -0.0000    0.0000    0.0006    0.0000    0.0000    0.0000  48.00
  49.00    3.5742E+97   -0.0002   -0.0004    0.0000   -0.0000    0.0000    0.0006    0.0000    0.0000    0.0000  49.00
  50.00    3.8763E+97    0.0002    0.0005    0.0000   -0.0000    0.0000    0.0006    0.0000    0.0000    0.0000  50.00
  51.00    1.3926E+98    0.0001    0.0003    0.0000   -0.0000    0.0000    0.0006    0.0000    0.0000    0.0000  51.00
  52.00    2.3365E+98    0.0000    0.0001    0.0000   -0.0000    0.0000    0.0006    0.0000    0.0000    0.0000  52.00
  53.00    2.2733E+98   -0.0000   -0.0001    0.0000   -0.0000    0.0000    0.0006    0.0000    0.0000    0.0000  53.00
  54.00    1.2744E+98   -0.0001   -0.0002    0.0000   -0.0000   -0.0000    0.0006    0.0000    0.0000    0.0000  54.00
  55.00    3.3112E+97   -0.0002   -0.0004    0.0000   -0.0000    0.0000    0.0006    0.0000    0.0000    0.0000  55.00
  56.00    3.5608E+97    0.0002    0.0005    0.0000   -0.0000    0.0000    0.0006    0.0000    0.0000    0.0000  56.00
  57.00    1.2864E+98    0.0001    0.0003    0.0000   -0.0000    0.0000    0.0006    0.0000    0.0000    0.0000  57.00
  58.00    2.1686E+98    0.0000    0.0001    0.0000   -0.0000    0.0000    0.0006    0.0000    0.0000    0.0000  58.00
  59.00    2.1190E+98   -0.0000   -0.0001    0.0000   -0.0000   -0.0000    0.0006    0.0000    0.0000    0.0000  59.00
  60.00    1.1932E+98   -0.0001   -0.0002    0.0000   -0.0000   -0.0000    0.0006    0.0000    0.0000    0.0000  60.00
0Tot-sig   2.0790E+99
1Inelastic  10Be(d,p)11Be Ex=2.40 QG UNB LMAX30 RMAX40 V8                  0/00/00
    THETA  97                               98                               99                              100   THETA cos(theta)
     0.00  |++++++++++++++++++++++++++++++++|++++++++++++++++++++++++++++*+++|++++++++++++++++++++++++++++++++|+    0.00    1.0000
     1.00  +                                                                    *                              +    1.00    0.9998
     2.00  +                                                                             *                     +    2.00    0.9994
     3.00  +                                                                                 *                 +    3.00    0.9986
     4.00  +                                                                                 *                 +    4.00    0.9976
     5.00  +                                                                           *                       +    5.00    0.9962
     6.00  +                                                              *                                    +    6.00    0.9945
     7.00  +                                       *                                                           +    7.00    0.9925
     8.00  +                                               *                                                   +    8.00    0.9903
     9.00  +                                                              *                                    +    9.00    0.9877
    10.00  +                                                                  *                                +   10.00    0.9848
    11.00  +                                                                *                                  +   11.00    0.9816
    12.00  +                                                      *                                            +   12.00    0.9781
    13.00  +                                 *                                                                 +   13.00    0.9744
    14.00  +                                     *                                                             +   14.00    0.9703
    15.00  +                                                     *                                             +   15.00    0.9659
    16.00  +                                                            *                                      +   16.00    0.9613
    17.00  +                                                          *                                        +   17.00    0.9563
    18.00  +                                                 *                                                 +   18.00    0.9511
    19.00  +                            *                                                                      +   19.00    0.9455
    20.00  +                               *                                                                   +   20.00    0.9397
    21.00  +                                                *                                                  +   21.00    0.9336
    22.00  +                                                       *                                           +   22.00    0.9272
    23.00  +                                                      *                                            +   23.00    0.9205
    24.00  +                                             *                                                     +   24.00    0.9135
    25.00  +                         *                                                                         +   25.00    0.9063
    26.00  +                           *                                                                       +   26.00    0.8988
    27.00  +                                             *                                                     +   27.00    0.8910
    28.00  +                                                    *                                              +   28.00    0.8829
    29.00  +                                                   *                                               +   29.00    0.8746
    30.00  +                                          *                                                        +   30.00    0.8660
    31.00  +                      *                                                                            +   31.00    0.8572
    32.00  +                        *                                                                          +   32.00    0.8480
    33.00  +                                          *                                                        +   33.00    0.8387
    34.00  +                                                 *                                                 +   34.00    0.8290
    35.00  +                                                *                                                  +   35.00    0.8192
    36.00  +                                        *                                                          +   36.00    0.8090
    37.00  +                    *                                                                              +   37.00    0.7986
    38.00  +                      *                                                                            +   38.00    0.7880
    39.00  +                                        *                                                          +   39.00    0.7771
    40.00  +                                               *                                                   +   40.00    0.7660
    41.00  +                                               *                                                   +   41.00    0.7547
    42.00  +                                      *                                                            +   42.00    0.7431
    43.00  +                   *                                                                               +   43.00    0.7314
    44.00  +                    *                                                                              +   44.00    0.7193
    45.00  +                                      *                                                            +   45.00    0.7071
    46.00  +                                             *                                                     +   46.00    0.6947
    47.00  +                                             *                                                     +   47.00    0.6820
    48.00  +                                     *                                                             +   48.00    0.6691
    49.00  +                 *                                                                                 +   49.00    0.6561
    50.00  +                  *                                                                                +   50.00    0.6428
    51.00  +                                     *                                                             +   51.00    0.6293
    52.00  +                                            *                                                      +   52.00    0.6157
    53.00  +                                            *                                                      +   53.00    0.6018
    54.00  +                                   *                                                               +   54.00    0.5878
    55.00  +                *                                                                                  +   55.00    0.5736
    56.00  +                 *                                                                                 +   56.00    0.5592
    57.00  +                                    *                                                              +   57.00    0.5446
    58.00  +                                           *                                                       +   58.00    0.5299
    59.00  +                                           *                                                       +   59.00    0.5150
    60.00  |++++++++++++++++++++++++++++++++|++*+++++++++++++++++++++++++++++|++++++++++++++++++++++++++++++++|+   60.00    0.5000
    THETA  97                               98                               99                              100   THETA cos(theta)
1DWUCK4-DISTORTED WAVES U.COLORADO- PC-VERSION  12/Jan /1995
 Elapsed time in seconds =   0.00
 Elapsed time in seconds =   0.00
0CONTROL INTEGERS
  1 2 3 4 5 6 7 8 9 A B C D E F G H I J K    RUN IDENTIFICATION                                             0/00/00   0.00.00
  1 0 1 1 0 0 0 0 3 0 0 0 0 0 0 0 0 0 0 0    10Be(d,p)11Be Ex=2.60 QG UNB LMAX30 RMAX40 V8               
 10Be(d,p)11Be Ex=2.60 QG UNB LMAX30 RMAX40 V8               
 Adwck4 entered
0ANGLE DATA          THETN=  61.0000   THET1=   0.0000   DTHET=   1.0000   A-ANG=   0.0000   B-ANG=   0.0000
0CARD SET 3 DATA     LMAX =  30          LTR=   1
                     NLTR =   1        2*JTR=   3
0CARD SET 4 DATA     DRF  =   0.1000   RZ   =   0.0000   RMAX = -40.0000   VCE  =   0.0000   FNRNG=   0.0000
                     AMASS=   0.8000
 PARTICLE DATA 
0PARTICLE 1*******************************************************************************************************************
 INPUT DATA          ELAB =  17.4000   RC0  =   1.3030   AC   =   0.0000   2*STR=   2.0000
                     MASSP=   2.0000   MASST=  10.0000   Q    =   0.0000
                     ZP   =   1.0000   ZT   =   4.0000   PNLOC=   2.0000
 
 DERIVED DATA        ECM  =  14.5000   RC   =   2.8072   RHO  =   3.0186
                     K    =   1.0753   ETA  =   0.2136   DR   =   0.0080
0POTENTIAL PARAMETERS
 NX=1 VOLUME  W-S    V RL = -88.7440   R0RL =   1.1480   A RL =   0.7460   R RL =   2.4733   VSOR =   0.0000
                     V IM =  -2.1860   R0IM =   1.3510   A IM =   0.6400   R IM =   2.9106   VSOI =   0.0000   POWR =   0.0000
 NX=2 SURFACE W-S    V RL =   0.0000   R0RL =   0.0000   A RL =   0.0000   R RL =   0.0000   VSOR =   0.0000
                     V IM =  27.3930   R0IM =   1.4050   A IM =   0.6650   R IM =   3.0270   VSOI =   0.0000   POWR =   0.0000
 NX=4 L*S VOLUME     V RL = -14.2280   R0RL =   0.9720   A RL =   1.0110   R RL =   2.0941   VSOR =   0.0000
                     V IM =   0.0000   R0IM =   0.0000   A IM =   0.0000   R IM =   0.0000   VSOI =   0.0000   POWR =   0.0000
0PARTICLE 2*******************************************************************************************************************
 INPUT DATA          ELAB =  11.1044   RC0  =   1.5780   AC   =   0.0000   2*STR=   1.0000
                     MASSP=   1.0000   MASST=  11.0000   Q    =  -4.3210
                     ZP   =   1.0000   ZT   =   4.0000   PNLOC=   1.0000
 
 DERIVED DATA        ECM  =  10.1790   RC   =   3.5094   RHO  =   2.3448
                     K    =   0.6682   ETA  =   0.1890   DR   =   0.0073
0POTENTIAL PARAMETERS
 NX=1 VOLUME  W-S    V RL = -56.2800   R0RL =   1.1220   A RL =   0.6760   R RL =   2.4953   VSOR =   0.0000
                     V IM =  -1.1170   R0IM =   1.1220   A IM =   0.6760   R IM =   2.4953   VSOI =   0.0000   POWR =   0.0000
 NX=2 SURFACE W-S    V RL =   0.0000   R0RL =   0.0000   A RL =   0.0000   R RL =   0.0000   VSOR =   0.0000
                     V IM =  20.7710   R0IM =   1.3070   A IM =   0.5240   R IM =   2.9067   VSOI =   0.0000   POWR =   0.0000
 NX=4 L*S VOLUME     V RL = -21.8760   R0RL =   0.8940   A RL =   0.5900   R RL =   1.9882   VSOR =   0.0000
                     V IM =   0.8640   R0IM =   0.8940   A IM =   0.5900   R IM =   1.9882   VSOI =   0.0000   POWR =   0.0000
110Be(d,p)11Be Ex=2.60 QG UNB LMAX30 RMAX40 V8                  0/ 0/ 0
0FORM FACTOR DATA 
0PARTICLE 3*******************************************************************************************************************
 INPUT DATA          ELAB =   2.0960   RC0  =   1.3000   AC   =   0.0000   2*STR=   1.0000
                     MASSP=   1.0000   MASST=  10.0000   Q    =   2.0960
                     ZP   =   0.0000   ZT   =   4.0000   PNLOC=   1.0000
 
 DERIVED DATA        ECM  =   2.0960   RC   =   2.8008   RHO  =   0.8457
                     K    =   0.3019   ETA  =   0.0000   DR   =   0.0080
0POTENTIAL PARAMETERS
 NX=1 VOLUME  W-S    V RL =   1.0000   R0RL =   1.2500   A RL =   0.6500   R RL =   2.6930   VSOR =  24.0000
                     V IM =   1.1000   R0IM =   0.6500   A IM =   0.0000   R IM =   1.4004   VSOI =   0.0000   POWR =   0.0000
 
                     NODES=   0.0000   L    =   1.0000   2*J  =   3.0000   2*S  =   1.0000   FISW =   2.0000
 
                     COSD =  9.9795E-01               SIND = -6.3931E-02
                     V    =  28.3480   DET  =   0.0000   NODES=   0.0000   RM   =   2.6930   E    =   2.0960   ITER.=   0
0Non-locality correction is applied, parameter =   2.000
0Non-locality correction is applied, parameter =   1.000
0*****  Warning *****  LMAX too large for reliable calculation of unbound stripping or coulomb excitation cases.  Increase RMAX 
0                    LMAX =  30        NSTEP= 400        NLTR =   1
 Bdwck4 entered
   Subroutine INTEG  entered
0REACSIG 1   3.58046E+01                                             REACSIG 2   2.76721E+01
   Subroutine RADINT entered
110Be(d,p)11Be Ex=2.60 QG UNB LMAX30 RMAX40 V8                  0/00/00
0BASIC DATA          DR   =   0.1000   RMIN =   0.0000   RMAX =  40.0000   COUEX=   0.0000     IS1=   1.0000
                     FNRNG=   0.0000   PNLC1=   2.0000   PNLC2=   1.0000   PNLC3=   1.0000     IS2=   0.5000
 ANG MOM TRANSFER    LTR  =   1.       2*JTR=   3.       2*STR=   1.       Q    =  -4.3210
   Subroutine INSIG  entered
0 Theta Inelsig,fm**2      Polz       Asy       Ayy       A22       A21       A20       T22       T21       T20  Theta
   0.00    2.8672E+98    0.0000    0.0000    0.0000    0.0000    0.0000    0.0006    0.0000    0.0000    0.0000   0.00
   1.00    4.6101E+98    0.0002    0.0004    0.0000   -0.0000    0.0000    0.0006    0.0000    0.0000    0.0000   1.00
   2.00    8.4378E+98    0.0002    0.0003    0.0000   -0.0000    0.0000    0.0006    0.0000    0.0000    0.0000   2.00
   3.00    1.1272E+99    0.0001    0.0002    0.0000   -0.0000    0.0000    0.0006    0.0000    0.0000    0.0000   3.00
   4.00    1.0797E+99    0.0000    0.0001    0.0000   -0.0000    0.0000    0.0006    0.0000    0.0000    0.0000   4.00
   5.00    7.2182E+98   -0.0000   -0.0001    0.0000   -0.0000    0.0000    0.0006    0.0000    0.0000    0.0000   5.00
   6.00    2.9515E+98   -0.0001   -0.0002    0.0000   -0.0000    0.0000    0.0006    0.0000    0.0000    0.0000   6.00
   7.00    6.0815E+97   -0.0002   -0.0004    0.0000   -0.0000    0.0000    0.0006    0.0000    0.0000    0.0000   7.00
   8.00    1.0134E+98    0.0002    0.0004    0.0000   -0.0000    0.0000    0.0006    0.0000    0.0000    0.0000   8.00
   9.00    2.8375E+98    0.0001    0.0002    0.0000   -0.0000    0.0000    0.0006    0.0000    0.0000    0.0000   9.00
  10.00    3.9753E+98    0.0000    0.0001    0.0000   -0.0000    0.0000    0.0006    0.0000    0.0000    0.0000  10.00
  11.00    3.3563E+98   -0.0000   -0.0001    0.0000   -0.0000    0.0000    0.0006    0.0000    0.0000    0.0000  11.00
  12.00    1.6441E+98   -0.0001   -0.0002    0.0000   -0.0000    0.0000    0.0006    0.0000    0.0000    0.0000  12.00
  13.00    3.8267E+97   -0.0002   -0.0004    0.0000   -0.0000    0.0000    0.0006    0.0000    0.0000    0.0000  13.00
  14.00    5.1179E+97    0.0002    0.0004    0.0000   -0.0000    0.0000    0.0006    0.0000    0.0000    0.0000  14.00
  15.00    1.6133E+98    0.0001    0.0002    0.0000   -0.0000    0.0000    0.0006    0.0000    0.0000    0.0000  15.00
  16.00    2.4569E+98    0.0000    0.0001    0.0000   -0.0000    0.0000    0.0006    0.0000    0.0000    0.0000  16.00
  17.00    2.2093E+98   -0.0000   -0.0001    0.0000   -0.0000    0.0000    0.0006    0.0000    0.0000    0.0000  17.00
  18.00    1.1469E+98   -0.0001   -0.0002    0.0000   -0.0000    0.0000    0.0006    0.0000    0.0000    0.0000  18.00
  19.00    2.8038E+97   -0.0002   -0.0004    0.0000   -0.0000   -0.0000    0.0006    0.0000    0.0000    0.0000  19.00
  20.00    3.4312E+97    0.0002    0.0004    0.0000   -0.0000    0.0000    0.0006    0.0000    0.0000    0.0000  20.00
  21.00    1.1346E+98    0.0001    0.0002    0.0000   -0.0000    0.0000    0.0006    0.0000    0.0000    0.0000  21.00
  22.00    1.7929E+98    0.0000    0.0001    0.0000   -0.0000    0.0000    0.0006    0.0000    0.0000    0.0000  22.00
  23.00    1.6608E+98   -0.0000   -0.0001    0.0000   -0.0000    0.0000    0.0006    0.0000    0.0000    0.0000  23.00
  24.00    8.8751E+97   -0.0001   -0.0002    0.0000   -0.0000    0.0000    0.0006    0.0000    0.0000    0.0000  24.00
  25.00    2.2282E+97   -0.0002   -0.0004    0.0000   -0.0000   -0.0000    0.0006    0.0000    0.0000    0.0000  25.00
  26.00    2.5997E+97    0.0002    0.0004    0.0000   -0.0000    0.0000    0.0006    0.0000    0.0000    0.0000  26.00
  27.00    8.8238E+97    0.0001    0.0002    0.0000   -0.0000    0.0000    0.0006    0.0000    0.0000    0.0000  27.00
  28.00    1.4240E+98    0.0000    0.0001    0.0000   -0.0000    0.0000    0.0006    0.0000    0.0000    0.0000  28.00
  29.00    1.3424E+98   -0.0000   -0.0001    0.0000   -0.0000    0.0000    0.0006    0.0000    0.0000    0.0000  29.00
  30.00    7.3003E+97   -0.0001   -0.0002    0.0000   -0.0000    0.0000    0.0006    0.0000    0.0000    0.0000  30.00
  31.00    1.8639E+97   -0.0002   -0.0004    0.0000   -0.0000    0.0000    0.0006    0.0000    0.0000    0.0000  31.00
  32.00    2.1111E+97    0.0002    0.0004    0.0000   -0.0000    0.0000    0.0006    0.0000    0.0000    0.0000  32.00
  33.00    7.2846E+97    0.0001    0.0002    0.0000   -0.0000    0.0000    0.0006    0.0000    0.0000    0.0000  33.00
  34.00    1.1919E+98    0.0000    0.0001    0.0000   -0.0000    0.0000    0.0006    0.0000    0.0000    0.0000  34.00
  35.00    1.1367E+98   -0.0000   -0.0001    0.0000   -0.0000    0.0000    0.0006    0.0000    0.0000    0.0000  35.00
  36.00    6.2562E+97   -0.0001   -0.0002    0.0000   -0.0000    0.0000    0.0006    0.0000    0.0000    0.0000  36.00
  37.00    1.6161E+97   -0.0002   -0.0004    0.0000   -0.0000    0.0000    0.0006    0.0000    0.0000    0.0000  37.00
  38.00    1.7938E+97    0.0002    0.0004    0.0000   -0.0000    0.0000    0.0006    0.0000    0.0000    0.0000  38.00
  39.00    6.2617E+97    0.0001    0.0002    0.0000   -0.0000    0.0000    0.0006    0.0000    0.0000    0.0000  39.00
  40.00    1.0346E+98    0.0000    0.0001    0.0000   -0.0000    0.0000    0.0006    0.0000    0.0000    0.0000  40.00
  41.00    9.9508E+97   -0.0000   -0.0001    0.0000   -0.0000    0.0000    0.0006    0.0000    0.0000    0.0000  41.00
  42.00    5.5245E+97   -0.0001   -0.0002    0.0000   -0.0000    0.0000    0.0006    0.0000    0.0000    0.0000  42.00
  43.00    1.4395E+97   -0.0002   -0.0004    0.0000   -0.0000    0.0000    0.0006    0.0000    0.0000    0.0000  43.00
  44.00    1.5747E+97    0.0002    0.0004    0.0000   -0.0000    0.0000    0.0006    0.0000    0.0000    0.0000  44.00
  45.00    5.5445E+97    0.0001    0.0002    0.0000   -0.0000    0.0000    0.0006    0.0000    0.0000    0.0000  45.00
  46.00    9.2290E+97    0.0000    0.0001    0.0000   -0.0000    0.0000    0.0006    0.0000    0.0000    0.0000  46.00
  47.00    8.9342E+97   -0.0000   -0.0001    0.0000   -0.0000    0.0000    0.0006    0.0000    0.0000    0.0000  47.00
  48.00    4.9935E+97   -0.0001   -0.0002    0.0000   -0.0000    0.0000    0.0006    0.0000    0.0000    0.0000  48.00
  49.00    1.3100E+97   -0.0002   -0.0004    0.0000   -0.0000    0.0000    0.0006    0.0000    0.0000    0.0000  49.00
  50.00    1.4176E+97    0.0002    0.0004    0.0000   -0.0000    0.0000    0.0006    0.0000    0.0000    0.0000  50.00
  51.00    5.0247E+97    0.0001    0.0002    0.0000   -0.0000    0.0000    0.0006    0.0000    0.0000    0.0000  51.00
  52.00    8.4130E+97    0.0000    0.0001    0.0000   -0.0000    0.0000    0.0006    0.0000    0.0000    0.0000  52.00
  53.00    8.1864E+97   -0.0000   -0.0001    0.0000   -0.0000    0.0000    0.0006    0.0000    0.0000    0.0000  53.00
  54.00    4.6003E+97   -0.0001   -0.0002    0.0000   -0.0000   -0.0000    0.0006    0.0000    0.0000    0.0000  54.00
  55.00    1.2135E+97   -0.0002   -0.0004    0.0000   -0.0000    0.0000    0.0006    0.0000    0.0000    0.0000  55.00
  56.00    1.3022E+97    0.0002    0.0004    0.0000   -0.0000    0.0000    0.0006    0.0000    0.0000    0.0000  56.00
  57.00    4.6411E+97    0.0001    0.0002    0.0000   -0.0000    0.0000    0.0006    0.0000    0.0000    0.0000  57.00
  58.00    7.8082E+97    0.0000    0.0001    0.0000   -0.0000    0.0000    0.0006    0.0000    0.0000    0.0000  58.00
  59.00    7.6304E+97   -0.0000   -0.0001    0.0000   -0.0000   -0.0000    0.0006    0.0000    0.0000    0.0000  59.00
  60.00    4.3070E+97   -0.0001   -0.0002    0.0000   -0.0000   -0.0000    0.0006    0.0000    0.0000    0.0000  60.00
0Tot-sig   7.5014E+98
1Inelastic  10Be(d,p)11Be Ex=2.60 QG UNB LMAX30 RMAX40 V8                  0/00/00
    THETA  97                               98                               99                              100   THETA cos(theta)
     0.00  |++++++++++++++++++++++++++++++++|++++++++++++++*+++++++++++++++++|++++++++++++++++++++++++++++++++|+    0.00    1.0000
     1.00  +                                                      *                                            +    1.00    0.9998
     2.00  +                                                               *                                   +    2.00    0.9994
     3.00  +                                                                   *                               +    3.00    0.9986
     4.00  +                                                                  *                                +    4.00    0.9976
     5.00  +                                                            *                                      +    5.00    0.9962
     6.00  +                                                *                                                  +    6.00    0.9945
     7.00  +                         *                                                                         +    7.00    0.9925
     8.00  +                                *                                                                  +    8.00    0.9903
     9.00  +                                               *                                                   +    9.00    0.9877
    10.00  +                                                    *                                              +   10.00    0.9848
    11.00  +                                                 *                                                 +   11.00    0.9816
    12.00  +                                       *                                                           +   12.00    0.9781
    13.00  +                  *                                                                                +   13.00    0.9744
    14.00  +                      *                                                                            +   14.00    0.9703
    15.00  +                                       *                                                           +   15.00    0.9659
    16.00  +                                             *                                                     +   16.00    0.9613
    17.00  +                                           *                                                       +   17.00    0.9563
    18.00  +                                  *                                                                +   18.00    0.9511
    19.00  +              *                                                                                    +   19.00    0.9455
    20.00  +                 *                                                                                 +   20.00    0.9397
    21.00  +                                  *                                                                +   21.00    0.9336
    22.00  +                                        *                                                          +   22.00    0.9272
    23.00  +                                       *                                                           +   23.00    0.9205
    24.00  +                              *                                                                    +   24.00    0.9135
    25.00  +          *                                                                                        +   25.00    0.9063
    26.00  +             *                                                                                     +   26.00    0.8988
    27.00  +                              *                                                                    +   27.00    0.8910
    28.00  +                                     *                                                             +   28.00    0.8829
    29.00  +                                    *                                                              +   29.00    0.8746
    30.00  +                           *                                                                       +   30.00    0.8660
    31.00  +        *                                                                                          +   31.00    0.8572
    32.00  +          *                                                                                        +   32.00    0.8480
    33.00  +                           *                                                                       +   33.00    0.8387
    34.00  +                                   *                                                               +   34.00    0.8290
    35.00  +                                  *                                                                +   35.00    0.8192
    36.00  +                         *                                                                         +   36.00    0.8090
    37.00  +      *                                                                                            +   37.00    0.7986
    38.00  +       *                                                                                           +   38.00    0.7880
    39.00  +                         *                                                                         +   39.00    0.7771
    40.00  +                                *                                                                  +   40.00    0.7660
    41.00  +                                *                                                                  +   41.00    0.7547
    42.00  +                       *                                                                           +   42.00    0.7431
    43.00  +    *                                                                                              +   43.00    0.7314
    44.00  +      *                                                                                            +   44.00    0.7193
    45.00  +                        *                                                                          +   45.00    0.7071
    46.00  +                               *                                                                   +   46.00    0.6947
    47.00  +                              *                                                                    +   47.00    0.6820
    48.00  +                      *                                                                            +   48.00    0.6691
    49.00  +   *                                                                                               +   49.00    0.6561
    50.00  +    *                                                                                              +   50.00    0.6428
    51.00  +                      *                                                                            +   51.00    0.6293
    52.00  +                              *                                                                    +   52.00    0.6157
    53.00  +                             *                                                                     +   53.00    0.6018
    54.00  +                     *                                                                             +   54.00    0.5878
    55.00  +  *                                                                                                +   55.00    0.5736
    56.00  +   *                                                                                               +   56.00    0.5592
    57.00  +                     *                                                                             +   57.00    0.5446
    58.00  +                            *                                                                      +   58.00    0.5299
    59.00  +                            *                                                                      +   59.00    0.5150
    60.00  |++++++++++++++++++++*+++++++++++|++++++++++++++++++++++++++++++++|++++++++++++++++++++++++++++++++|+   60.00    0.5000
    THETA  97                               98                               99                              100   THETA cos(theta)
1DWUCK4-DISTORTED WAVES U.COLORADO- PC-VERSION  12/Jan /1995
 Elapsed time in seconds =   0.00
 Elapsed time in seconds =   0.00
0CONTROL INTEGERS
  1 2 3 4 5 6 7 8 9 A B C D E F G H I J K    RUN IDENTIFICATION                                             0/00/00   0.00.00
  1 0 1 1 0 0 0 0 3 0 0 0 0 0 0 0 0 0 0 0    10Be(d,p)11Be Ex=2.80 QG UNB LMAX30 RMAX40 V8               
 10Be(d,p)11Be Ex=2.80 QG UNB LMAX30 RMAX40 V8               
 Adwck4 entered
0ANGLE DATA          THETN=  61.0000   THET1=   0.0000   DTHET=   1.0000   A-ANG=   0.0000   B-ANG=   0.0000
0CARD SET 3 DATA     LMAX =  30          LTR=   1
                     NLTR =   1        2*JTR=   3
0CARD SET 4 DATA     DRF  =   0.1000   RZ   =   0.0000   RMAX = -40.0000   VCE  =   0.0000   FNRNG=   0.0000
                     AMASS=   0.8000
 PARTICLE DATA 
0PARTICLE 1*******************************************************************************************************************
 INPUT DATA          ELAB =  17.4000   RC0  =   1.3030   AC   =   0.0000   2*STR=   2.0000
                     MASSP=   2.0000   MASST=  10.0000   Q    =   0.0000
                     ZP   =   1.0000   ZT   =   4.0000   PNLOC=   2.0000
 
 DERIVED DATA        ECM  =  14.5000   RC   =   2.8072   RHO  =   3.0186
                     K    =   1.0753   ETA  =   0.2136   DR   =   0.0080
0POTENTIAL PARAMETERS
 NX=1 VOLUME  W-S    V RL = -88.7440   R0RL =   1.1480   A RL =   0.7460   R RL =   2.4733   VSOR =   0.0000
                     V IM =  -2.1860   R0IM =   1.3510   A IM =   0.6400   R IM =   2.9106   VSOI =   0.0000   POWR =   0.0000
 NX=2 SURFACE W-S    V RL =   0.0000   R0RL =   0.0000   A RL =   0.0000   R RL =   0.0000   VSOR =   0.0000
                     V IM =  27.3930   R0IM =   1.4050   A IM =   0.6650   R IM =   3.0270   VSOI =   0.0000   POWR =   0.0000
 NX=4 L*S VOLUME     V RL = -14.2280   R0RL =   0.9720   A RL =   1.0110   R RL =   2.0941   VSOR =   0.0000
                     V IM =   0.0000   R0IM =   0.0000   A IM =   0.0000   R IM =   0.0000   VSOI =   0.0000   POWR =   0.0000
0PARTICLE 2*******************************************************************************************************************
 INPUT DATA          ELAB =  10.8862   RC0  =   1.5780   AC   =   0.0000   2*STR=   1.0000
                     MASSP=   1.0000   MASST=  11.0000   Q    =  -4.5210
                     ZP   =   1.0000   ZT   =   4.0000   PNLOC=   1.0000
 
 DERIVED DATA        ECM  =   9.9790   RC   =   3.5094   RHO  =   2.3217
                     K    =   0.6616   ETA  =   0.1909   DR   =   0.0073
0POTENTIAL PARAMETERS
 NX=1 VOLUME  W-S    V RL = -56.2800   R0RL =   1.1220   A RL =   0.6760   R RL =   2.4953   VSOR =   0.0000
                     V IM =  -1.1170   R0IM =   1.1220   A IM =   0.6760   R IM =   2.4953   VSOI =   0.0000   POWR =   0.0000
 NX=2 SURFACE W-S    V RL =   0.0000   R0RL =   0.0000   A RL =   0.0000   R RL =   0.0000   VSOR =   0.0000
                     V IM =  20.7710   R0IM =   1.3070   A IM =   0.5240   R IM =   2.9067   VSOI =   0.0000   POWR =   0.0000
 NX=4 L*S VOLUME     V RL = -21.8760   R0RL =   0.8940   A RL =   0.5900   R RL =   1.9882   VSOR =   0.0000
                     V IM =   0.8640   R0IM =   0.8940   A IM =   0.5900   R IM =   1.9882   VSOI =   0.0000   POWR =   0.0000
110Be(d,p)11Be Ex=2.80 QG UNB LMAX30 RMAX40 V8                  0/ 0/ 0
0FORM FACTOR DATA 
0PARTICLE 3*******************************************************************************************************************
 INPUT DATA          ELAB =   2.2960   RC0  =   1.3000   AC   =   0.0000   2*STR=   1.0000
                     MASSP=   1.0000   MASST=  10.0000   Q    =   2.2960
                     ZP   =   0.0000   ZT   =   4.0000   PNLOC=   1.0000
 
 DERIVED DATA        ECM  =   2.2960   RC   =   2.8008   RHO  =   0.8851
                     K    =   0.3160   ETA  =   0.0000   DR   =   0.0080
0POTENTIAL PARAMETERS
 NX=1 VOLUME  W-S    V RL =   1.0000   R0RL =   1.2500   A RL =   0.6500   R RL =   2.6930   VSOR =  24.0000
                     V IM =   1.1000   R0IM =   0.6500   A IM =   0.0000   R IM =   1.4004   VSOI =   0.0000   POWR =   0.0000
 
                     NODES=   0.0000   L    =   1.0000   2*J  =   3.0000   2*S  =   1.0000   FISW =   2.0000
 
                     COSD =  9.9741E-01               SIND = -7.1975E-02
                     V    =  28.3480   DET  =   0.0000   NODES=   0.0000   RM   =   2.6930   E    =   2.2960   ITER.=   0
0Non-locality correction is applied, parameter =   2.000
0Non-locality correction is applied, parameter =   1.000
0*****  Warning *****  LMAX too large for reliable calculation of unbound stripping or coulomb excitation cases.  Increase RMAX 
0                    LMAX =  30        NSTEP= 400        NLTR =   1
 Bdwck4 entered
   Subroutine INTEG  entered
0REACSIG 1   3.58046E+01                                             REACSIG 2   2.73119E+01
   Subroutine RADINT entered
110Be(d,p)11Be Ex=2.80 QG UNB LMAX30 RMAX40 V8                  0/00/00
0BASIC DATA          DR   =   0.1000   RMIN =   0.0000   RMAX =  40.0000   COUEX=   0.0000     IS1=   1.0000
                     FNRNG=   0.0000   PNLC1=   2.0000   PNLC2=   1.0000   PNLC3=   1.0000     IS2=   0.5000
 ANG MOM TRANSFER    LTR  =   1.       2*JTR=   3.       2*STR=   1.       Q    =  -4.5210
   Subroutine INSIG  entered
0 Theta Inelsig,fm**2      Polz       Asy       Ayy       A22       A21       A20       T22       T21       T20  Theta
   0.00    3.3722E+99    0.0000    0.0000    0.0000    0.0000    0.0000    0.0006    0.0000    0.0000    0.0000   0.00
   1.00    5.3431E+99    0.0002    0.0004    0.0000   -0.0000    0.0000    0.0006    0.0000    0.0000    0.0000   1.00
   2.00    9.6685E+99    0.0002    0.0003    0.0000   -0.0000    0.0000    0.0006    0.0000    0.0000    0.0000   2.00
   3.00    1.2860+100    0.0001    0.0002    0.0000   -0.0000    0.0000    0.0006    0.0000    0.0000    0.0000   3.00
   4.00    1.2299+100    0.0000    0.0001    0.0000   -0.0000    0.0000    0.0006    0.0000    0.0000    0.0000   4.00
   5.00    8.2220E+99   -0.0000   -0.0001    0.0000   -0.0000    0.0000    0.0006    0.0000    0.0000    0.0000   5.00
   6.00    3.3715E+99   -0.0001   -0.0002    0.0000   -0.0000    0.0000    0.0006    0.0000    0.0000    0.0000   6.00
   7.00    7.0958E+98   -0.0002   -0.0003    0.0000   -0.0000    0.0000    0.0006    0.0000    0.0000    0.0000   7.00
   8.00    1.1693E+99    0.0002    0.0004    0.0000   -0.0000    0.0000    0.0006    0.0000    0.0000    0.0000   8.00
   9.00    3.2388E+99    0.0001    0.0002    0.0000   -0.0000    0.0000    0.0006    0.0000    0.0000    0.0000   9.00
  10.00    4.5282E+99    0.0000    0.0001    0.0000   -0.0000    0.0000    0.0006    0.0000    0.0000    0.0000  10.00
  11.00    3.8232E+99   -0.0000   -0.0001    0.0000   -0.0000    0.0000    0.0006    0.0000    0.0000    0.0000  11.00
  12.00    1.8779E+99   -0.0001   -0.0002    0.0000   -0.0000    0.0000    0.0006    0.0000    0.0000    0.0000  12.00
  13.00    4.4520E+98   -0.0002   -0.0004    0.0000   -0.0000    0.0000    0.0006    0.0000    0.0000    0.0000  13.00
  14.00    5.9146E+98    0.0002    0.0004    0.0000   -0.0000    0.0000    0.0006    0.0000    0.0000    0.0000  14.00
  15.00    1.8415E+99    0.0001    0.0002    0.0000   -0.0000    0.0000    0.0006    0.0000    0.0000    0.0000  15.00
  16.00    2.7985E+99    0.0000    0.0001    0.0000   -0.0000    0.0000    0.0006    0.0000    0.0000    0.0000  16.00
  17.00    2.5166E+99   -0.0000   -0.0001    0.0000   -0.0000    0.0000    0.0006    0.0000    0.0000    0.0000  17.00
  18.00    1.3100E+99   -0.0001   -0.0002    0.0000   -0.0000    0.0000    0.0006    0.0000    0.0000    0.0000  18.00
  19.00    3.2588E+98   -0.0002   -0.0004    0.0000   -0.0000   -0.0000    0.0006    0.0000    0.0000    0.0000  19.00
  20.00    3.9679E+98    0.0002    0.0004    0.0000   -0.0000    0.0000    0.0006    0.0000    0.0000    0.0000  20.00
  21.00    1.2950E+99    0.0001    0.0002    0.0000   -0.0000    0.0000    0.0006    0.0000    0.0000    0.0000  21.00
  22.00    2.0421E+99    0.0000    0.0001    0.0000   -0.0000    0.0000    0.0006    0.0000    0.0000    0.0000  22.00
  23.00    1.8919E+99   -0.0000   -0.0001    0.0000   -0.0000    0.0000    0.0006    0.0000    0.0000    0.0000  23.00
  24.00    1.0137E+99   -0.0001   -0.0002    0.0000   -0.0000    0.0000    0.0006    0.0000    0.0000    0.0000  24.00
  25.00    2.5885E+98   -0.0002   -0.0004    0.0000   -0.0000   -0.0000    0.0006    0.0000    0.0000    0.0000  25.00
  26.00    3.0073E+98    0.0002    0.0004    0.0000   -0.0000    0.0000    0.0006    0.0000    0.0000    0.0000  26.00
  27.00    1.0070E+99    0.0001    0.0002    0.0000   -0.0000    0.0000    0.0006    0.0000    0.0000    0.0000  27.00
  28.00    1.6218E+99    0.0000    0.0001    0.0000   -0.0000    0.0000    0.0006    0.0000    0.0000    0.0000  28.00
  29.00    1.5291E+99   -0.0000   -0.0001    0.0000   -0.0000    0.0000    0.0006    0.0000    0.0000    0.0000  29.00
  30.00    8.3385E+98   -0.0001   -0.0002    0.0000   -0.0000    0.0000    0.0006    0.0000    0.0000    0.0000  30.00
  31.00    2.1647E+98   -0.0002   -0.0004    0.0000   -0.0000    0.0000    0.0006    0.0000    0.0000    0.0000  31.00
  32.00    2.4423E+98    0.0002    0.0004    0.0000   -0.0000    0.0000    0.0006    0.0000    0.0000    0.0000  32.00
  33.00    8.3130E+98    0.0001    0.0002    0.0000   -0.0000    0.0000    0.0006    0.0000    0.0000    0.0000  33.00
  34.00    1.3573E+99    0.0000    0.0001    0.0000   -0.0000    0.0000    0.0006    0.0000    0.0000    0.0000  34.00
  35.00    1.2948E+99   -0.0000   -0.0001    0.0000   -0.0000    0.0000    0.0006    0.0000    0.0000    0.0000  35.00
  36.00    7.1458E+98   -0.0001   -0.0002    0.0000   -0.0000    0.0000    0.0006    0.0000    0.0000    0.0000  36.00
  37.00    1.8766E+98   -0.0002   -0.0004    0.0000   -0.0000    0.0000    0.0006    0.0000    0.0000    0.0000  37.00
  38.00    2.0753E+98    0.0002    0.0004    0.0000   -0.0000    0.0000    0.0006    0.0000    0.0000    0.0000  38.00
  39.00    7.1449E+98    0.0001    0.0002    0.0000   -0.0000    0.0000    0.0006    0.0000    0.0000    0.0000  39.00
  40.00    1.1781E+99    0.0000    0.0001    0.0000   -0.0000    0.0000    0.0006    0.0000    0.0000    0.0000  40.00
  41.00    1.1334E+99   -0.0000   -0.0001    0.0000   -0.0000    0.0000    0.0006    0.0000    0.0000    0.0000  41.00
  42.00    6.3100E+98   -0.0001   -0.0002    0.0000   -0.0000    0.0000    0.0006    0.0000    0.0000    0.0000  42.00
  43.00    1.6714E+98   -0.0002   -0.0003    0.0000   -0.0000    0.0000    0.0006    0.0000    0.0000    0.0000  43.00
  44.00    1.8218E+98    0.0002    0.0004    0.0000   -0.0000    0.0000    0.0006    0.0000    0.0000    0.0000  44.00
  45.00    6.3259E+98    0.0001    0.0002    0.0000   -0.0000    0.0000    0.0006    0.0000    0.0000    0.0000  45.00
  46.00    1.0509E+99    0.0000    0.0001    0.0000   -0.0000    0.0000    0.0006    0.0000    0.0000    0.0000  46.00
  47.00    1.0176E+99   -0.0000   -0.0001    0.0000   -0.0000    0.0000    0.0006    0.0000    0.0000    0.0000  47.00
  48.00    5.7034E+98   -0.0001   -0.0002    0.0000   -0.0000    0.0000    0.0006    0.0000    0.0000    0.0000  48.00
  49.00    1.5209E+98   -0.0002   -0.0003    0.0000   -0.0000    0.0000    0.0006    0.0000    0.0000    0.0000  49.00
  50.00    1.6399E+98    0.0002    0.0004    0.0000   -0.0000    0.0000    0.0006    0.0000    0.0000    0.0000  50.00
  51.00    5.7322E+98    0.0001    0.0002    0.0000   -0.0000    0.0000    0.0006    0.0000    0.0000    0.0000  51.00
  52.00    9.5786E+98    0.0000    0.0001    0.0000   -0.0000    0.0000    0.0006    0.0000    0.0000    0.0000  52.00
  53.00    9.3234E+98   -0.0000   -0.0001    0.0000   -0.0000    0.0000    0.0006    0.0000    0.0000    0.0000  53.00
  54.00    5.2541E+98   -0.0001   -0.0002    0.0000   -0.0000   -0.0000    0.0006    0.0000    0.0000    0.0000  54.00
  55.00    1.4087E+98   -0.0002   -0.0003    0.0000   -0.0000    0.0000    0.0006    0.0000    0.0000    0.0000  55.00
  56.00    1.5064E+98    0.0002    0.0004    0.0000   -0.0000    0.0000    0.0006    0.0000    0.0000    0.0000  56.00
  57.00    5.2940E+98    0.0001    0.0002    0.0000   -0.0000    0.0000    0.0006    0.0000    0.0000    0.0000  57.00
  58.00    8.8892E+98    0.0000    0.0001    0.0000   -0.0000    0.0000    0.0006    0.0000    0.0000    0.0000  58.00
  59.00    8.6896E+98   -0.0000   -0.0001    0.0000   -0.0000   -0.0000    0.0006    0.0000    0.0000    0.0000  59.00
  60.00    4.9190E+98   -0.0001   -0.0002    0.0000   -0.0000   -0.0000    0.0006    0.0000    0.0000    0.0000  60.00
0Tot-sig   8.5578E+99
1Inelastic  10Be(d,p)11Be Ex=2.80 QG UNB LMAX30 RMAX40 V8                  0/00/00
    THETA  98                               99                              100                              101   THETA cos(theta)
     0.00  |++++++++++++++++++++++++++++++++|++++++++++++++++*+++++++++++++++|++++++++++++++++++++++++++++++++|+    0.00    1.0000
     1.00  +                                                        *                                          +    1.00    0.9998
     2.00  +                                                                 *                                 +    2.00    0.9994
     3.00  +                                                                     *                             +    3.00    0.9986
     4.00  +                                                                    *                              +    4.00    0.9976
     5.00  +                                                              *                                    +    5.00    0.9962
     6.00  +                                                 *                                                 +    6.00    0.9945
     7.00  +                           *                                                                       +    7.00    0.9925
     8.00  +                                  *                                                                +    8.00    0.9903
     9.00  +                                                 *                                                 +    9.00    0.9877
    10.00  +                                                      *                                            +   10.00    0.9848
    11.00  +                                                   *                                               +   11.00    0.9816
    12.00  +                                         *                                                         +   12.00    0.9781
    13.00  +                    *                                                                              +   13.00    0.9744
    14.00  +                        *                                                                          +   14.00    0.9703
    15.00  +                                         *                                                         +   15.00    0.9659
    16.00  +                                               *                                                   +   16.00    0.9613
    17.00  +                                             *                                                     +   17.00    0.9563
    18.00  +                                    *                                                              +   18.00    0.9511
    19.00  +                *                                                                                  +   19.00    0.9455
    20.00  +                   *                                                                               +   20.00    0.9397
    21.00  +                                    *                                                              +   21.00    0.9336
    22.00  +                                          *                                                        +   22.00    0.9272
    23.00  +                                         *                                                         +   23.00    0.9205
    24.00  +                                *                                                                  +   24.00    0.9135
    25.00  +             *                                                                                     +   25.00    0.9063
    26.00  +               *                                                                                   +   26.00    0.8988
    27.00  +                                *                                                                  +   27.00    0.8910
    28.00  +                                       *                                                           +   28.00    0.8829
    29.00  +                                      *                                                            +   29.00    0.8746
    30.00  +                             *                                                                     +   30.00    0.8660
    31.00  +          *                                                                                        +   31.00    0.8572
    32.00  +            *                                                                                      +   32.00    0.8480
    33.00  +                             *                                                                     +   33.00    0.8387
    34.00  +                                    *                                                              +   34.00    0.8290
    35.00  +                                    *                                                              +   35.00    0.8192
    36.00  +                           *                                                                       +   36.00    0.8090
    37.00  +        *                                                                                          +   37.00    0.7986
    38.00  +         *                                                                                         +   38.00    0.7880
    39.00  +                           *                                                                       +   39.00    0.7771
    40.00  +                                  *                                                                +   40.00    0.7660
    41.00  +                                  *                                                                +   41.00    0.7547
    42.00  +                         *                                                                         +   42.00    0.7431
    43.00  +      *                                                                                            +   43.00    0.7314
    44.00  +        *                                                                                          +   44.00    0.7193
    45.00  +                         *                                                                         +   45.00    0.7071
    46.00  +                                 *                                                                 +   46.00    0.6947
    47.00  +                                *                                                                  +   47.00    0.6820
    48.00  +                        *                                                                          +   48.00    0.6691
    49.00  +     *                                                                                             +   49.00    0.6561
    50.00  +      *                                                                                            +   50.00    0.6428
    51.00  +                        *                                                                          +   51.00    0.6293
    52.00  +                               *                                                                   +   52.00    0.6157
    53.00  +                               *                                                                   +   53.00    0.6018
    54.00  +                       *                                                                           +   54.00    0.5878
    55.00  +    *                                                                                              +   55.00    0.5736
    56.00  +     *                                                                                             +   56.00    0.5592
    57.00  +                       *                                                                           +   57.00    0.5446
    58.00  +                              *                                                                    +   58.00    0.5299
    59.00  +                              *                                                                    +   59.00    0.5150
    60.00  |++++++++++++++++++++++*+++++++++|++++++++++++++++++++++++++++++++|++++++++++++++++++++++++++++++++|+   60.00    0.5000
    THETA  98                               99                              100                              101   THETA cos(theta)
1DWUCK4-DISTORTED WAVES U.COLORADO- PC-VERSION  12/Jan /1995
 Elapsed time in seconds =   0.00
 Elapsed time in seconds =   0.00
0CONTROL INTEGERS
  1 2 3 4 5 6 7 8 9 A B C D E F G H I J K    RUN IDENTIFICATION                                             0/00/00   0.00.00
  1 0 1 1 0 0 0 0 3 0 0 0 0 0 0 0 0 0 0 0    10Be(d,p)11Be Ex=3.00 QG UNB LMAX30 RMAX40 V8               
 10Be(d,p)11Be Ex=3.00 QG UNB LMAX30 RMAX40 V8               
 Adwck4 entered
0ANGLE DATA          THETN=  61.0000   THET1=   0.0000   DTHET=   1.0000   A-ANG=   0.0000   B-ANG=   0.0000
0CARD SET 3 DATA     LMAX =  30          LTR=   1
                     NLTR =   1        2*JTR=   3
0CARD SET 4 DATA     DRF  =   0.1000   RZ   =   0.0000   RMAX = -40.0000   VCE  =   0.0000   FNRNG=   0.0000
                     AMASS=   0.8000
 PARTICLE DATA 
0PARTICLE 1*******************************************************************************************************************
 INPUT DATA          ELAB =  17.4000   RC0  =   1.3030   AC   =   0.0000   2*STR=   2.0000
                     MASSP=   2.0000   MASST=  10.0000   Q    =   0.0000
                     ZP   =   1.0000   ZT   =   4.0000   PNLOC=   2.0000
 
 DERIVED DATA        ECM  =  14.5000   RC   =   2.8072   RHO  =   3.0186
                     K    =   1.0753   ETA  =   0.2136   DR   =   0.0080
0POTENTIAL PARAMETERS
 NX=1 VOLUME  W-S    V RL = -88.7440   R0RL =   1.1480   A RL =   0.7460   R RL =   2.4733   VSOR =   0.0000
                     V IM =  -2.1860   R0IM =   1.3510   A IM =   0.6400   R IM =   2.9106   VSOI =   0.0000   POWR =   0.0000
 NX=2 SURFACE W-S    V RL =   0.0000   R0RL =   0.0000   A RL =   0.0000   R RL =   0.0000   VSOR =   0.0000
                     V IM =  27.3930   R0IM =   1.4050   A IM =   0.6650   R IM =   3.0270   VSOI =   0.0000   POWR =   0.0000
 NX=4 L*S VOLUME     V RL = -14.2280   R0RL =   0.9720   A RL =   1.0110   R RL =   2.0941   VSOR =   0.0000
                     V IM =   0.0000   R0IM =   0.0000   A IM =   0.0000   R IM =   0.0000   VSOI =   0.0000   POWR =   0.0000
0PARTICLE 2*******************************************************************************************************************
 INPUT DATA          ELAB =  10.6680   RC0  =   1.5780   AC   =   0.0000   2*STR=   1.0000
                     MASSP=   1.0000   MASST=  11.0000   Q    =  -4.7210
                     ZP   =   1.0000   ZT   =   4.0000   PNLOC=   1.0000
 
 DERIVED DATA        ECM  =   9.7790   RC   =   3.5094   RHO  =   2.2983
                     K    =   0.6549   ETA  =   0.1929   DR   =   0.0073
0POTENTIAL PARAMETERS
 NX=1 VOLUME  W-S    V RL = -56.2800   R0RL =   1.1220   A RL =   0.6760   R RL =   2.4953   VSOR =   0.0000
                     V IM =  -1.1170   R0IM =   1.1220   A IM =   0.6760   R IM =   2.4953   VSOI =   0.0000   POWR =   0.0000
 NX=2 SURFACE W-S    V RL =   0.0000   R0RL =   0.0000   A RL =   0.0000   R RL =   0.0000   VSOR =   0.0000
                     V IM =  20.7710   R0IM =   1.3070   A IM =   0.5240   R IM =   2.9067   VSOI =   0.0000   POWR =   0.0000
 NX=4 L*S VOLUME     V RL = -21.8760   R0RL =   0.8940   A RL =   0.5900   R RL =   1.9882   VSOR =   0.0000
                     V IM =   0.8640   R0IM =   0.8940   A IM =   0.5900   R IM =   1.9882   VSOI =   0.0000   POWR =   0.0000
110Be(d,p)11Be Ex=3.00 QG UNB LMAX30 RMAX40 V8                  0/ 0/ 0
0FORM FACTOR DATA 
0PARTICLE 3*******************************************************************************************************************
 INPUT DATA          ELAB =   2.4960   RC0  =   1.3000   AC   =   0.0000   2*STR=   1.0000
                     MASSP=   1.0000   MASST=  10.0000   Q    =   2.4960
                     ZP   =   0.0000   ZT   =   4.0000   PNLOC=   1.0000
 
 DERIVED DATA        ECM  =   2.4960   RC   =   2.8008   RHO  =   0.9228
                     K    =   0.3295   ETA  =   0.0000   DR   =   0.0080
0POTENTIAL PARAMETERS
 NX=1 VOLUME  W-S    V RL =   1.0000   R0RL =   1.2500   A RL =   0.6500   R RL =   2.6930   VSOR =  24.0000
                     V IM =   1.1000   R0IM =   0.6500   A IM =   0.0000   R IM =   1.4004   VSOI =   0.0000   POWR =   0.0000
 
                     NODES=   0.0000   L    =   1.0000   2*J  =   3.0000   2*S  =   1.0000   FISW =   2.0000
 
                     COSD =  9.9678E-01               SIND = -8.0138E-02
                     V    =  28.3480   DET  =   0.0000   NODES=   0.0000   RM   =   2.6930   E    =   2.4960   ITER.=   0
0Non-locality correction is applied, parameter =   2.000
0Non-locality correction is applied, parameter =   1.000
0*****  Warning *****  LMAX too large for reliable calculation of unbound stripping or coulomb excitation cases.  Increase RMAX 
0                    LMAX =  30        NSTEP= 400        NLTR =   1
 Bdwck4 entered
   Subroutine INTEG  entered
0REACSIG 1   3.58046E+01                                             REACSIG 2   2.69156E+01
   Subroutine RADINT entered
110Be(d,p)11Be Ex=3.00 QG UNB LMAX30 RMAX40 V8                  0/00/00
0BASIC DATA          DR   =   0.1000   RMIN =   0.0000   RMAX =  40.0000   COUEX=   0.0000     IS1=   1.0000
                     FNRNG=   0.0000   PNLC1=   2.0000   PNLC2=   1.0000   PNLC3=   1.0000     IS2=   0.5000
 ANG MOM TRANSFER    LTR  =   1.       2*JTR=   3.       2*STR=   1.       Q    =  -4.7210
   Subroutine INSIG  entered
0 Theta Inelsig,fm**2      Polz       Asy       Ayy       A22       A21       A20       T22       T21       T20  Theta
   0.00    2.9499E+98    0.0000    0.0000    0.0000    0.0000    0.0000    0.0006    0.0000    0.0000    0.0000   0.00
   1.00    4.5903E+98    0.0002    0.0003    0.0000   -0.0000    0.0000    0.0006    0.0000    0.0000    0.0000   1.00
   2.00    8.1869E+98    0.0001    0.0003    0.0000   -0.0000    0.0000    0.0006    0.0000    0.0000    0.0000   2.00
   3.00    1.0830E+99    0.0001    0.0002    0.0000   -0.0000    0.0000    0.0006    0.0000    0.0000    0.0000   3.00
   4.00    1.0336E+99    0.0000    0.0001    0.0000   -0.0000    0.0000    0.0006    0.0000    0.0000    0.0000   4.00
   5.00    6.9099E+98   -0.0000   -0.0000    0.0000   -0.0000    0.0000    0.0006    0.0000    0.0000    0.0000   5.00
   6.00    2.8445E+98   -0.0001   -0.0002    0.0000   -0.0000    0.0000    0.0006    0.0000    0.0000    0.0000   6.00
   7.00    6.1496E+97   -0.0001   -0.0003    0.0000   -0.0000    0.0000    0.0006    0.0000    0.0000    0.0000   7.00
   8.00    9.9839E+97    0.0002    0.0003    0.0000   -0.0000    0.0000    0.0006    0.0000    0.0000    0.0000   8.00
   9.00    2.7282E+98    0.0001    0.0002    0.0000   -0.0000    0.0000    0.0006    0.0000    0.0000    0.0000   9.00
  10.00    3.8050E+98    0.0000    0.0001    0.0000   -0.0000    0.0000    0.0006    0.0000    0.0000    0.0000  10.00
  11.00    3.2133E+98   -0.0000   -0.0000    0.0000   -0.0000    0.0000    0.0006    0.0000    0.0000    0.0000  11.00
  12.00    1.5845E+98   -0.0001   -0.0002    0.0000   -0.0000    0.0000    0.0006    0.0000    0.0000    0.0000  12.00
  13.00    3.8460E+97   -0.0002   -0.0003    0.0000   -0.0000    0.0000    0.0006    0.0000    0.0000    0.0000  13.00
  14.00    5.0583E+97    0.0002    0.0004    0.0000   -0.0000    0.0000    0.0006    0.0000    0.0000    0.0000  14.00
  15.00    1.5508E+98    0.0001    0.0002    0.0000   -0.0000    0.0000    0.0006    0.0000    0.0000    0.0000  15.00
  16.00    2.3511E+98    0.0000    0.0001    0.0000   -0.0000    0.0000    0.0006    0.0000    0.0000    0.0000  16.00
  17.00    2.1152E+98   -0.0000   -0.0000    0.0000   -0.0000    0.0000    0.0006    0.0000    0.0000    0.0000  17.00
  18.00    1.1054E+98   -0.0001   -0.0002    0.0000   -0.0000    0.0000    0.0006    0.0000    0.0000    0.0000  18.00
  19.00    2.8126E+97   -0.0002   -0.0003    0.0000   -0.0000   -0.0000    0.0006    0.0000    0.0000    0.0000  19.00
  20.00    3.3946E+97    0.0002    0.0004    0.0000   -0.0000    0.0000    0.0006    0.0000    0.0000    0.0000  20.00
  21.00    1.0902E+98    0.0001    0.0002    0.0000   -0.0000    0.0000    0.0006    0.0000    0.0000    0.0000  21.00
  22.00    1.7152E+98    0.0000    0.0001    0.0000   -0.0000    0.0000    0.0006    0.0000    0.0000    0.0000  22.00
  23.00    1.5900E+98   -0.0000   -0.0000    0.0000   -0.0000    0.0000    0.0006    0.0000    0.0000    0.0000  23.00
  24.00    8.5552E+97   -0.0001   -0.0002    0.0000   -0.0000    0.0000    0.0006    0.0000    0.0000    0.0000  24.00
  25.00    2.2334E+97   -0.0001   -0.0003    0.0000   -0.0000   -0.0000    0.0006    0.0000    0.0000    0.0000  25.00
  26.00    2.5725E+97    0.0002    0.0004    0.0000   -0.0000    0.0000    0.0006    0.0000    0.0000    0.0000  26.00
  27.00    8.4741E+97    0.0001    0.0002    0.0000   -0.0000    0.0000    0.0006    0.0000    0.0000    0.0000  27.00
  28.00    1.3618E+98    0.0000    0.0001    0.0000   -0.0000    0.0000    0.0006    0.0000    0.0000    0.0000  28.00
  29.00    1.2850E+98   -0.0000   -0.0000    0.0000   -0.0000    0.0000    0.0006    0.0000    0.0000    0.0000  29.00
  30.00    7.0377E+97   -0.0001   -0.0002    0.0000   -0.0000    0.0000    0.0006    0.0000    0.0000    0.0000  30.00
  31.00    1.8675E+97   -0.0001   -0.0003    0.0000   -0.0000    0.0000    0.0006    0.0000    0.0000    0.0000  31.00
  32.00    2.0885E+97    0.0002    0.0004    0.0000   -0.0000    0.0000    0.0006    0.0000    0.0000    0.0000  32.00
  33.00    6.9921E+97    0.0001    0.0002    0.0000   -0.0000    0.0000    0.0006    0.0000    0.0000    0.0000  33.00
  34.00    1.1395E+98    0.0000    0.0001    0.0000   -0.0000    0.0000    0.0006    0.0000    0.0000    0.0000  34.00
  35.00    1.0880E+98   -0.0000   -0.0000    0.0000   -0.0000    0.0000    0.0006    0.0000    0.0000    0.0000  35.00
  36.00    6.0313E+97   -0.0001   -0.0002    0.0000   -0.0000    0.0000    0.0006    0.0000    0.0000    0.0000  36.00
  37.00    1.6189E+97   -0.0001   -0.0003    0.0000   -0.0000    0.0000    0.0006    0.0000    0.0000    0.0000  37.00
  38.00    1.7739E+97    0.0002    0.0004    0.0000   -0.0000    0.0000    0.0006    0.0000    0.0000    0.0000  38.00
  39.00    6.0068E+97    0.0001    0.0002    0.0000   -0.0000    0.0000    0.0006    0.0000    0.0000    0.0000  39.00
  40.00    9.8870E+97    0.0000    0.0001    0.0000   -0.0000    0.0000    0.0006    0.0000    0.0000    0.0000  40.00
  41.00    9.5222E+97   -0.0000   -0.0000    0.0000   -0.0000    0.0000    0.0006    0.0000    0.0000    0.0000  41.00
  42.00    5.3258E+97   -0.0001   -0.0002    0.0000   -0.0000    0.0000    0.0006    0.0000    0.0000    0.0000  42.00
  43.00    1.4418E+97   -0.0001   -0.0003    0.0000   -0.0000    0.0000    0.0006    0.0000    0.0000    0.0000  43.00
  44.00    1.5565E+97    0.0002    0.0004    0.0000   -0.0000    0.0000    0.0006    0.0000    0.0000    0.0000  44.00
  45.00    5.3156E+97    0.0001    0.0002    0.0000   -0.0000    0.0000    0.0006    0.0000    0.0000    0.0000  45.00
  46.00    8.8161E+97    0.0000    0.0001    0.0000   -0.0000    0.0000    0.0006    0.0000    0.0000    0.0000  46.00
  47.00    8.5472E+97   -0.0000   -0.0000    0.0000   -0.0000    0.0000    0.0006    0.0000    0.0000    0.0000  47.00
  48.00    4.8135E+97   -0.0001   -0.0002    0.0000   -0.0000    0.0000    0.0006    0.0000    0.0000    0.0000  48.00
  49.00    1.3119E+97   -0.0001   -0.0003    0.0000   -0.0000    0.0000    0.0006    0.0000    0.0000    0.0000  49.00
  50.00    1.4004E+97    0.0002    0.0004    0.0000   -0.0000    0.0000    0.0006    0.0000    0.0000    0.0000  50.00
  51.00    4.8144E+97    0.0001    0.0002    0.0000   -0.0000    0.0000    0.0006    0.0000    0.0000    0.0000  51.00
  52.00    8.0331E+97    0.0000    0.0001    0.0000   -0.0000    0.0000    0.0006    0.0000    0.0000    0.0000  52.00
  53.00    7.8295E+97   -0.0000   -0.0000    0.0000   -0.0000    0.0000    0.0006    0.0000    0.0000    0.0000  53.00
  54.00    4.4339E+97   -0.0001   -0.0002    0.0000   -0.0000   -0.0000    0.0006    0.0000    0.0000    0.0000  54.00
  55.00    1.2151E+97   -0.0001   -0.0003    0.0000   -0.0000    0.0000    0.0006    0.0000    0.0000    0.0000  55.00
  56.00    1.2857E+97    0.0002    0.0004    0.0000   -0.0000    0.0000    0.0006    0.0000    0.0000    0.0000  56.00
  57.00    4.4442E+97    0.0001    0.0002    0.0000   -0.0000    0.0000    0.0006    0.0000    0.0000    0.0000  57.00
  58.00    7.4521E+97    0.0000    0.0001    0.0000   -0.0000    0.0000    0.0006    0.0000    0.0000    0.0000  58.00
  59.00    7.2953E+97   -0.0000   -0.0000    0.0000   -0.0000   -0.0000    0.0006    0.0000    0.0000    0.0000  59.00
  60.00    4.1504E+97   -0.0001   -0.0002    0.0000   -0.0000   -0.0000    0.0006    0.0000    0.0000    0.0000  60.00
0Tot-sig   7.1879E+98
1Inelastic  10Be(d,p)11Be Ex=3.00 QG UNB LMAX30 RMAX40 V8                  0/00/00
    THETA  97                               98                               99                              100   THETA cos(theta)
     0.00  |++++++++++++++++++++++++++++++++|+++++++++++++++*++++++++++++++++|++++++++++++++++++++++++++++++++|+    0.00    1.0000
     1.00  +                                                      *                                            +    1.00    0.9998
     2.00  +                                                              *                                    +    2.00    0.9994
     3.00  +                                                                  *                                +    3.00    0.9986
     4.00  +                                                                 *                                 +    4.00    0.9976
     5.00  +                                                            *                                      +    5.00    0.9962
     6.00  +                                               *                                                   +    6.00    0.9945
     7.00  +                         *                                                                         +    7.00    0.9925
     8.00  +                                *                                                                  +    8.00    0.9903
     9.00  +                                              *                                                    +    9.00    0.9877
    10.00  +                                                   *                                               +   10.00    0.9848
    11.00  +                                                 *                                                 +   11.00    0.9816
    12.00  +                                       *                                                           +   12.00    0.9781
    13.00  +                  *                                                                                +   13.00    0.9744
    14.00  +                      *                                                                            +   14.00    0.9703
    15.00  +                                      *                                                            +   15.00    0.9659
    16.00  +                                            *                                                      +   16.00    0.9613
    17.00  +                                           *                                                       +   17.00    0.9563
    18.00  +                                 *                                                                 +   18.00    0.9511
    19.00  +              *                                                                                    +   19.00    0.9455
    20.00  +                 *                                                                                 +   20.00    0.9397
    21.00  +                                 *                                                                 +   21.00    0.9336
    22.00  +                                        *                                                          +   22.00    0.9272
    23.00  +                                       *                                                           +   23.00    0.9205
    24.00  +                              *                                                                    +   24.00    0.9135
    25.00  +           *                                                                                       +   25.00    0.9063
    26.00  +             *                                                                                     +   26.00    0.8988
    27.00  +                              *                                                                    +   27.00    0.8910
    28.00  +                                    *                                                              +   28.00    0.8829
    29.00  +                                    *                                                              +   29.00    0.8746
    30.00  +                           *                                                                       +   30.00    0.8660
    31.00  +        *                                                                                          +   31.00    0.8572
    32.00  +          *                                                                                        +   32.00    0.8480
    33.00  +                           *                                                                       +   33.00    0.8387
    34.00  +                                  *                                                                +   34.00    0.8290
    35.00  +                                 *                                                                 +   35.00    0.8192
    36.00  +                         *                                                                         +   36.00    0.8090
    37.00  +      *                                                                                            +   37.00    0.7986
    38.00  +       *                                                                                           +   38.00    0.7880
    39.00  +                         *                                                                         +   39.00    0.7771
    40.00  +                                *                                                                  +   40.00    0.7660
    41.00  +                               *                                                                   +   41.00    0.7547
    42.00  +                       *                                                                           +   42.00    0.7431
    43.00  +    *                                                                                              +   43.00    0.7314
    44.00  +     *                                                                                             +   44.00    0.7193
    45.00  +                       *                                                                           +   45.00    0.7071
    46.00  +                              *                                                                    +   46.00    0.6947
    47.00  +                              *                                                                    +   47.00    0.6820
    48.00  +                      *                                                                            +   48.00    0.6691
    49.00  +   *                                                                                               +   49.00    0.6561
    50.00  +    *                                                                                              +   50.00    0.6428
    51.00  +                      *                                                                            +   51.00    0.6293
    52.00  +                             *                                                                     +   52.00    0.6157
    53.00  +                            *                                                                      +   53.00    0.6018
    54.00  +                    *                                                                              +   54.00    0.5878
    55.00  +  *                                                                                                +   55.00    0.5736
    56.00  +   *                                                                                               +   56.00    0.5592
    57.00  +                    *                                                                              +   57.00    0.5446
    58.00  +                            *                                                                      +   58.00    0.5299
    59.00  +                           *                                                                       +   59.00    0.5150
    60.00  |+++++++++++++++++++*++++++++++++|++++++++++++++++++++++++++++++++|++++++++++++++++++++++++++++++++|+   60.00    0.5000
    THETA  97                               98                               99                              100   THETA cos(theta)
1DWUCK4-DISTORTED WAVES U.COLORADO- PC-VERSION  12/Jan /1995
 Elapsed time in seconds =   0.00
 Elapsed time in seconds =   0.00
0CONTROL INTEGERS
  1 2 3 4 5 6 7 8 9 A B C D E F G H I J K    RUN IDENTIFICATION                                             0/00/00   0.00.00
  9 0 0 0 0 0 0 0 0 0 0 0 0 0 0 0 0 0 0 0    END OF DATA for DWUCK4                                      
