1********************DWUCK4 AT YOUR SERVICE********************

 installed         Mon May 21 11:05:50 1990                
 today is          Mon Mar 16 13:57:06 2026




















                    *******************************************************
                    *                                                     *
                    * User     : calemhoffman                             *
                    * Directory: <- /Users/calemhoffman/Documents/GitHub/ *
                    * Input    : Standard Input                           *
                    * Output   : Standard Output                          *
                    *                                                     *
                    *******************************************************
1
0DWUCK4-DISTORTED WAVES U.COLORADO- PC-VERSION  12/Jan /1995
 Elapsed time in seconds =   0.00
 Elapsed time in seconds =   0.00
0CONTROL INTEGERS
  1 2 3 4 5 6 7 8 9 A B C D E F G H I J K    RUN IDENTIFICATION                                             0/00/00   0.00.00
  1 0 1 1 0 0 0 0 3 0 0 0 0 0 0 0 0 0 0 0    10Be(d,p)11Be Ex=0.60 QG UNB LMAX30 RMAX30 V7               
 10Be(d,p)11Be Ex=0.60 QG UNB LMAX30 RMAX30 V7               
 Adwck4 entered
0ANGLE DATA          THETN=  61.0000   THET1=   0.0000   DTHET=   1.0000   A-ANG=   0.0000   B-ANG=   0.0000
0CARD SET 3 DATA     LMAX =  30          LTR=   1
                     NLTR =   1        2*JTR=   3
0CARD SET 4 DATA     DRF  =   0.1000   RZ   =   0.0000   RMAX = -30.0000   VCE  =   0.0000   FNRNG=   0.0000
                     AMASS=   0.8000
 PARTICLE DATA 
0PARTICLE 1*******************************************************************************************************************
 INPUT DATA          ELAB =  17.4000   RC0  =   1.3030   AC   =   0.0000   2*STR=   2.0000
                     MASSP=   2.0000   MASST=  10.0000   Q    =   0.0000
                     ZP   =   1.0000   ZT   =   4.0000   PNLOC=   2.0000
 
 DERIVED DATA        ECM  =  14.5000   RC   =   2.8072   RHO  =   3.0186
                     K    =   1.0753   ETA  =   0.2136   DR   =   0.0080
0POTENTIAL PARAMETERS
 NX=1 VOLUME  W-S    V RL = -88.7440   R0RL =   1.1480   A RL =   0.7460   R RL =   2.4733   VSOR =   0.0000
                     V IM =  -2.1860   R0IM =   1.3510   A IM =   0.6400   R IM =   2.9106   VSOI =   0.0000   POWR =   0.0000
 NX=2 SURFACE W-S    V RL =   0.0000   R0RL =   0.0000   A RL =   0.0000   R RL =   0.0000   VSOR =   0.0000
                     V IM =  27.3930   R0IM =   1.4050   A IM =   0.6650   R IM =   3.0270   VSOI =   0.0000   POWR =   0.0000
 NX=4 L*S VOLUME     V RL = -14.2280   R0RL =   0.9720   A RL =   1.0110   R RL =   2.0941   VSOR =   0.0000
                     V IM =   0.0000   R0IM =   0.0000   A IM =   0.0000   R IM =   0.0000   VSOI =   0.0000   POWR =   0.0000
0PARTICLE 2*******************************************************************************************************************
 INPUT DATA          ELAB =  13.2862   RC0  =   1.5780   AC   =   0.0000   2*STR=   1.0000
                     MASSP=   1.0000   MASST=  11.0000   Q    =  -2.3210
                     ZP   =   1.0000   ZT   =   4.0000   PNLOC=   1.0000
 
 DERIVED DATA        ECM  =  12.1790   RC   =   3.5094   RHO  =   2.5649
                     K    =   0.7309   ETA  =   0.1728   DR   =   0.0073
0POTENTIAL PARAMETERS
 NX=1 VOLUME  W-S    V RL = -56.2800   R0RL =   1.1220   A RL =   0.6760   R RL =   2.4953   VSOR =   0.0000
                     V IM =  -1.1170   R0IM =   1.1220   A IM =   0.6760   R IM =   2.4953   VSOI =   0.0000   POWR =   0.0000
 NX=2 SURFACE W-S    V RL =   0.0000   R0RL =   0.0000   A RL =   0.0000   R RL =   0.0000   VSOR =   0.0000
                     V IM =  20.7710   R0IM =   1.3070   A IM =   0.5240   R IM =   2.9067   VSOI =   0.0000   POWR =   0.0000
 NX=4 L*S VOLUME     V RL = -21.8760   R0RL =   0.8940   A RL =   0.5900   R RL =   1.9882   VSOR =   0.0000
                     V IM =   0.8640   R0IM =   0.8940   A IM =   0.5900   R IM =   1.9882   VSOI =   0.0000   POWR =   0.0000
110Be(d,p)11Be Ex=0.60 QG UNB LMAX30 RMAX30 V7                  0/ 0/ 0
0FORM FACTOR DATA 
0PARTICLE 3*******************************************************************************************************************
 INPUT DATA          ELAB =   0.0960   RC0  =   1.3000   AC   =   0.0000   2*STR=   1.0000
                     MASSP=   1.0000   MASST=  10.0000   Q    =   0.0960
                     ZP   =   0.0000   ZT   =   4.0000   PNLOC=   1.0000
 
 DERIVED DATA        ECM  =   0.0960   RC   =   2.8008   RHO  =   0.1810
                     K    =   0.0646   ETA  =   0.0000   DR   =   0.0080
0POTENTIAL PARAMETERS
 NX=1 VOLUME  W-S    V RL =   1.0000   R0RL =   1.2500   A RL =   0.6500   R RL =   2.6930   VSOR =  24.0000
                     V IM =   1.1000   R0IM =   0.6500   A IM =   0.0000   R IM =   1.4004   VSOI =   0.0000   POWR =   0.0000
 
                     NODES=   0.0000   L    =   1.0000   2*J  =   3.0000   2*S  =   1.0000   FISW =   2.0000
 
                     COSD =  1.0000E+00               SIND = -2.9226E-04
                     V    =  28.3480   DET  =   0.0000   NODES=   0.0000   RM   =   2.6930   E    =   0.0960   ITER.=   0
0Non-locality correction is applied, parameter =   2.000
0Non-locality correction is applied, parameter =   1.000
0*****  Warning *****  LMAX too large for reliable calculation of unbound stripping or coulomb excitation cases.  Increase RMAX 
0                    LMAX =  30        NSTEP= 300        NLTR =   1
 Bdwck4 entered
   Subroutine INTEG  entered
0REACSIG 1   2.04884E+01                                             REACSIG 2   8.27733E+00
   Subroutine RADINT entered
110Be(d,p)11Be Ex=0.60 QG UNB LMAX30 RMAX30 V7                  0/00/00
0BASIC DATA          DR   =   0.1000   RMIN =   0.0000   RMAX =  30.0000   COUEX=   0.0000     IS1=   1.0000
                     FNRNG=   0.0000   PNLC1=   2.0000   PNLC2=   1.0000   PNLC3=   1.0000     IS2=   0.5000
 ANG MOM TRANSFER    LTR  =   1.       2*JTR=   3.       2*STR=   1.       Q    =  -2.3210
   Subroutine INSIG  entered
0 Theta Inelsig,fm**2      Polz       Asy       Ayy       A22       A21       A20       T22       T21       T20  Theta
   0.00    2.4934+105    0.0000    0.0000    0.0000    0.0000    0.0000    0.0006    0.0000    0.0000    0.0000   0.00
   1.00    4.6686+105    0.0004    0.0008    0.0000   -0.0000    0.0000    0.0006    0.0000    0.0000    0.0000   1.00
   2.00    9.4727+105    0.0003    0.0006    0.0000   -0.0000    0.0000    0.0006    0.0000    0.0000    0.0000   2.00
   3.00    1.3116+106    0.0002    0.0003    0.0000   -0.0000    0.0000    0.0006    0.0000    0.0000    0.0000   3.00
   4.00    1.2728+106    0.0001    0.0001    0.0000   -0.0000    0.0000    0.0006    0.0000    0.0000    0.0000   4.00
   5.00    8.5162+105   -0.0000   -0.0001    0.0000   -0.0000    0.0000    0.0006    0.0000    0.0000    0.0000   5.00
   6.00    3.4031+105   -0.0002   -0.0004    0.0000   -0.0000    0.0000    0.0006    0.0000    0.0000    0.0000   6.00
   7.00    5.7699+104   -0.0004   -0.0008    0.0000   -0.0000    0.0000    0.0006    0.0000    0.0000    0.0000   7.00
   8.00    1.0693+105    0.0004    0.0008    0.0000   -0.0000    0.0000    0.0006    0.0000    0.0000    0.0000   8.00
   9.00    3.2889+105    0.0002    0.0004    0.0000   -0.0000    0.0000    0.0006    0.0000    0.0000    0.0000   9.00
  10.00    4.6874+105    0.0001    0.0001    0.0000   -0.0000    0.0000    0.0006    0.0000    0.0000    0.0000  10.00
  11.00    3.9587+105   -0.0001   -0.0001    0.0000   -0.0000    0.0000    0.0006    0.0000    0.0000    0.0000  11.00
  12.00    1.8980+105   -0.0002   -0.0004    0.0000   -0.0000    0.0000    0.0006    0.0000    0.0000    0.0000  12.00
  13.00    3.7421+104   -0.0004   -0.0008    0.0000   -0.0000    0.0000    0.0006    0.0000    0.0000    0.0000  13.00
  14.00    5.3125+104    0.0004    0.0008    0.0000   -0.0000    0.0000    0.0006    0.0000    0.0000    0.0000  14.00
  15.00    1.8685+105    0.0002    0.0004    0.0000   -0.0000    0.0000    0.0006    0.0000    0.0000    0.0000  15.00
  16.00    2.8974+105    0.0001    0.0001    0.0000   -0.0000    0.0000    0.0006    0.0000    0.0000    0.0000  16.00
  17.00    2.6057+105   -0.0001   -0.0001    0.0000   -0.0000    0.0000    0.0006    0.0000    0.0000    0.0000  17.00
  18.00    1.3245+105   -0.0002   -0.0004    0.0000   -0.0000    0.0000    0.0006    0.0000    0.0000    0.0000  18.00
  19.00    2.7713+104   -0.0004   -0.0008    0.0000   -0.0000   -0.0000    0.0006    0.0000    0.0000    0.0000  19.00
  20.00    3.5362+104    0.0004    0.0008    0.0000   -0.0000    0.0000    0.0006    0.0000    0.0000    0.0000  20.00
  21.00    1.3138+105    0.0002    0.0004    0.0000   -0.0000    0.0000    0.0006    0.0000    0.0000    0.0000  21.00
  22.00    2.1146+105    0.0001    0.0001    0.0000   -0.0000    0.0000    0.0006    0.0000    0.0000    0.0000  22.00
  23.00    1.9588+105   -0.0001   -0.0001    0.0000   -0.0000    0.0000    0.0006    0.0000    0.0000    0.0000  23.00
  24.00    1.0252+105   -0.0002   -0.0004    0.0000   -0.0000    0.0000    0.0006    0.0000    0.0000    0.0000  24.00
  25.00    2.2143+104   -0.0004   -0.0008    0.0000   -0.0000   -0.0000    0.0006    0.0000    0.0000    0.0000  25.00
  26.00    2.6688+104    0.0004    0.0008    0.0000   -0.0000    0.0000    0.0006    0.0000    0.0000    0.0000  26.00
  27.00    1.0217+105    0.0002    0.0004    0.0000   -0.0000    0.0000    0.0006    0.0000    0.0000    0.0000  27.00
  28.00    1.6797+105    0.0001    0.0001    0.0000   -0.0000    0.0000    0.0006    0.0000    0.0000    0.0000  28.00
  29.00    1.5832+105   -0.0001   -0.0001    0.0000   -0.0000    0.0000    0.0006    0.0000    0.0000    0.0000  29.00
  30.00    8.4340+104   -0.0002   -0.0004    0.0000   -0.0000    0.0000    0.0006    0.0000    0.0000    0.0000  30.00
  31.00    1.8583+104   -0.0004   -0.0008    0.0000   -0.0000    0.0000    0.0006    0.0000    0.0000    0.0000  31.00
  32.00    2.1618+104    0.0004    0.0008    0.0000   -0.0000    0.0000    0.0006    0.0000    0.0000    0.0000  32.00
  33.00    8.4350+104    0.0002    0.0004    0.0000   -0.0000    0.0000    0.0006    0.0000    0.0000    0.0000  33.00
  34.00    1.4060+105    0.0001    0.0001    0.0000   -0.0000    0.0000    0.0006    0.0000    0.0000    0.0000  34.00
  35.00    1.3407+105   -0.0001   -0.0001    0.0000   -0.0000    0.0000    0.0006    0.0000    0.0000    0.0000  35.00
  36.00    7.2284+104   -0.0002   -0.0004    0.0000   -0.0000    0.0000    0.0006    0.0000    0.0000    0.0000  36.00
  37.00    1.6147+104   -0.0004   -0.0008    0.0000   -0.0000    0.0000    0.0006    0.0000    0.0000    0.0000  37.00
  38.00    1.8339+104    0.0004    0.0008    0.0000   -0.0000    0.0000    0.0006    0.0000    0.0000    0.0000  38.00
  39.00    7.2511+104    0.0002    0.0004    0.0000   -0.0000    0.0000    0.0006    0.0000    0.0000    0.0000  39.00
  40.00    1.2206+105    0.0001    0.0001    0.0000   -0.0000    0.0000    0.0006    0.0000    0.0000    0.0000  40.00
  41.00    1.1737+105   -0.0001   -0.0001    0.0000   -0.0000    0.0000    0.0006    0.0000    0.0000    0.0000  41.00
  42.00    6.3835+104   -0.0002   -0.0004    0.0000   -0.0000    0.0000    0.0006    0.0000    0.0000    0.0000  42.00
  43.00    1.4405+104   -0.0004   -0.0008    0.0000   -0.0000    0.0000    0.0006    0.0000    0.0000    0.0000  43.00
  44.00    1.6082+104    0.0004    0.0008    0.0000   -0.0000    0.0000    0.0006    0.0000    0.0000    0.0000  44.00
  45.00    6.4213+104    0.0002    0.0004    0.0000   -0.0000    0.0000    0.0006    0.0000    0.0000    0.0000  45.00
  46.00    1.0890+105    0.0001    0.0001    0.0000   -0.0000    0.0000    0.0006    0.0000    0.0000    0.0000  46.00
  47.00    1.0539+105   -0.0001   -0.0001    0.0000   -0.0000    0.0000    0.0006    0.0000    0.0000    0.0000  47.00
  48.00    5.7705+104   -0.0002   -0.0004    0.0000   -0.0000    0.0000    0.0006    0.0000    0.0000    0.0000  48.00
  49.00    1.3125+104   -0.0004   -0.0008    0.0000   -0.0000    0.0000    0.0006    0.0000    0.0000    0.0000  49.00
  50.00    1.4464+104    0.0004    0.0008    0.0000   -0.0000    0.0000    0.0006    0.0000    0.0000    0.0000  50.00
  51.00    5.8201+104    0.0002    0.0004    0.0000   -0.0000    0.0000    0.0006    0.0000    0.0000    0.0000  51.00
  52.00    9.9287+104    0.0001    0.0001    0.0000   -0.0000    0.0000    0.0006    0.0000    0.0000    0.0000  52.00
  53.00    9.6579+104   -0.0001   -0.0001    0.0000   -0.0000    0.0000    0.0006    0.0000    0.0000    0.0000  53.00
  54.00    5.3167+104   -0.0002   -0.0004    0.0000   -0.0000   -0.0000    0.0006    0.0000    0.0000    0.0000  54.00
  55.00    1.2169+104   -0.0004   -0.0008    0.0000   -0.0000    0.0000    0.0006    0.0000    0.0000    0.0000  55.00
  56.00    1.3280+104    0.0004    0.0009    0.0000   -0.0000    0.0000    0.0006    0.0000    0.0000    0.0000  56.00
  57.00    5.3765+104    0.0002    0.0004    0.0000   -0.0000    0.0000    0.0006    0.0000    0.0000    0.0000  57.00
  58.00    9.2163+104    0.0001    0.0001    0.0000   -0.0000    0.0000    0.0006    0.0000    0.0000    0.0000  58.00
  59.00    9.0029+104   -0.0001   -0.0001    0.0000   -0.0000   -0.0000    0.0006    0.0000    0.0000    0.0000  59.00
  60.00    4.9783+104   -0.0002   -0.0004    0.0000   -0.0000   -0.0000    0.0006    0.0000    0.0000    0.0000  60.00
0Tot-sig   8.6868+105
1Inelastic  10Be(d,p)11Be Ex=0.60 QG UNB LMAX30 RMAX30 V7                  0/00/00
    THETA 104                              105                              106                              107   THETA cos(theta)
     0.00  |++++++++++++++++++++++++++++++++|++++++++++++*+++++++++++++++++++|++++++++++++++++++++++++++++++++|+    0.00    1.0000
     1.00  +                                                      *                                            +    1.00    0.9998
     2.00  +                                                                *                                  +    2.00    0.9994
     3.00  +                                                                     *                             +    3.00    0.9986
     4.00  +                                                                    *                              +    4.00    0.9976
     5.00  +                                                               *                                   +    5.00    0.9962
     6.00  +                                                  *                                                +    6.00    0.9945
     7.00  +                        *                                                                          +    7.00    0.9925
     8.00  +                                 *                                                                 +    8.00    0.9903
     9.00  +                                                 *                                                 +    9.00    0.9877
    10.00  +                                                      *                                            +   10.00    0.9848
    11.00  +                                                    *                                              +   11.00    0.9816
    12.00  +                                         *                                                         +   12.00    0.9781
    13.00  +                  *                                                                                +   13.00    0.9744
    14.00  +                       *                                                                           +   14.00    0.9703
    15.00  +                                         *                                                         +   15.00    0.9659
    16.00  +                                               *                                                   +   16.00    0.9613
    17.00  +                                              *                                                    +   17.00    0.9563
    18.00  +                                    *                                                              +   18.00    0.9511
    19.00  +              *                                                                                    +   19.00    0.9455
    20.00  +                 *                                                                                 +   20.00    0.9397
    21.00  +                                    *                                                              +   21.00    0.9336
    22.00  +                                           *                                                       +   22.00    0.9272
    23.00  +                                          *                                                        +   23.00    0.9205
    24.00  +                                *                                                                  +   24.00    0.9135
    25.00  +          *                                                                                        +   25.00    0.9063
    26.00  +             *                                                                                     +   26.00    0.8988
    27.00  +                                *                                                                  +   27.00    0.8910
    28.00  +                                       *                                                           +   28.00    0.8829
    29.00  +                                       *                                                           +   29.00    0.8746
    30.00  +                              *                                                                    +   30.00    0.8660
    31.00  +        *                                                                                          +   31.00    0.8572
    32.00  +          *                                                                                        +   32.00    0.8480
    33.00  +                              *                                                                    +   33.00    0.8387
    34.00  +                                     *                                                             +   34.00    0.8290
    35.00  +                                    *                                                              +   35.00    0.8192
    36.00  +                           *                                                                       +   36.00    0.8090
    37.00  +      *                                                                                            +   37.00    0.7986
    38.00  +        *                                                                                          +   38.00    0.7880
    39.00  +                           *                                                                       +   39.00    0.7771
    40.00  +                                   *                                                               +   40.00    0.7660
    41.00  +                                  *                                                                +   41.00    0.7547
    42.00  +                          *                                                                        +   42.00    0.7431
    43.00  +    *                                                                                              +   43.00    0.7314
    44.00  +      *                                                                                            +   44.00    0.7193
    45.00  +                          *                                                                        +   45.00    0.7071
    46.00  +                                 *                                                                 +   46.00    0.6947
    47.00  +                                 *                                                                 +   47.00    0.6820
    48.00  +                        *                                                                          +   48.00    0.6691
    49.00  +   *                                                                                               +   49.00    0.6561
    50.00  +    *                                                                                              +   50.00    0.6428
    51.00  +                        *                                                                          +   51.00    0.6293
    52.00  +                                *                                                                  +   52.00    0.6157
    53.00  +                                *                                                                  +   53.00    0.6018
    54.00  +                       *                                                                           +   54.00    0.5878
    55.00  +  *                                                                                                +   55.00    0.5736
    56.00  +   *                                                                                               +   56.00    0.5592
    57.00  +                       *                                                                           +   57.00    0.5446
    58.00  +                               *                                                                   +   58.00    0.5299
    59.00  +                              *                                                                    +   59.00    0.5150
    60.00  |++++++++++++++++++++++*+++++++++|++++++++++++++++++++++++++++++++|++++++++++++++++++++++++++++++++|+   60.00    0.5000
    THETA 104                              105                              106                              107   THETA cos(theta)
1DWUCK4-DISTORTED WAVES U.COLORADO- PC-VERSION  12/Jan /1995
 Elapsed time in seconds =   0.00
 Elapsed time in seconds =   0.00
0CONTROL INTEGERS
  1 2 3 4 5 6 7 8 9 A B C D E F G H I J K    RUN IDENTIFICATION                                             0/00/00   0.00.00
  1 0 1 1 0 0 0 0 3 0 0 0 0 0 0 0 0 0 0 0    10Be(d,p)11Be Ex=0.80 QG UNB LMAX30 RMAX30 V7               
 10Be(d,p)11Be Ex=0.80 QG UNB LMAX30 RMAX30 V7               
 Adwck4 entered
0ANGLE DATA          THETN=  61.0000   THET1=   0.0000   DTHET=   1.0000   A-ANG=   0.0000   B-ANG=   0.0000
0CARD SET 3 DATA     LMAX =  30          LTR=   1
                     NLTR =   1        2*JTR=   3
0CARD SET 4 DATA     DRF  =   0.1000   RZ   =   0.0000   RMAX = -30.0000   VCE  =   0.0000   FNRNG=   0.0000
                     AMASS=   0.8000
 PARTICLE DATA 
0PARTICLE 1*******************************************************************************************************************
 INPUT DATA          ELAB =  17.4000   RC0  =   1.3030   AC   =   0.0000   2*STR=   2.0000
                     MASSP=   2.0000   MASST=  10.0000   Q    =   0.0000
                     ZP   =   1.0000   ZT   =   4.0000   PNLOC=   2.0000
 
 DERIVED DATA        ECM  =  14.5000   RC   =   2.8072   RHO  =   3.0186
                     K    =   1.0753   ETA  =   0.2136   DR   =   0.0080
0POTENTIAL PARAMETERS
 NX=1 VOLUME  W-S    V RL = -88.7440   R0RL =   1.1480   A RL =   0.7460   R RL =   2.4733   VSOR =   0.0000
                     V IM =  -2.1860   R0IM =   1.3510   A IM =   0.6400   R IM =   2.9106   VSOI =   0.0000   POWR =   0.0000
 NX=2 SURFACE W-S    V RL =   0.0000   R0RL =   0.0000   A RL =   0.0000   R RL =   0.0000   VSOR =   0.0000
                     V IM =  27.3930   R0IM =   1.4050   A IM =   0.6650   R IM =   3.0270   VSOI =   0.0000   POWR =   0.0000
 NX=4 L*S VOLUME     V RL = -14.2280   R0RL =   0.9720   A RL =   1.0110   R RL =   2.0941   VSOR =   0.0000
                     V IM =   0.0000   R0IM =   0.0000   A IM =   0.0000   R IM =   0.0000   VSOI =   0.0000   POWR =   0.0000
0PARTICLE 2*******************************************************************************************************************
 INPUT DATA          ELAB =  13.0680   RC0  =   1.5780   AC   =   0.0000   2*STR=   1.0000
                     MASSP=   1.0000   MASST=  11.0000   Q    =  -2.5210
                     ZP   =   1.0000   ZT   =   4.0000   PNLOC=   1.0000
 
 DERIVED DATA        ECM  =  11.9790   RC   =   3.5094   RHO  =   2.5437
                     K    =   0.7248   ETA  =   0.1743   DR   =   0.0073
0POTENTIAL PARAMETERS
 NX=1 VOLUME  W-S    V RL = -56.2800   R0RL =   1.1220   A RL =   0.6760   R RL =   2.4953   VSOR =   0.0000
                     V IM =  -1.1170   R0IM =   1.1220   A IM =   0.6760   R IM =   2.4953   VSOI =   0.0000   POWR =   0.0000
 NX=2 SURFACE W-S    V RL =   0.0000   R0RL =   0.0000   A RL =   0.0000   R RL =   0.0000   VSOR =   0.0000
                     V IM =  20.7710   R0IM =   1.3070   A IM =   0.5240   R IM =   2.9067   VSOI =   0.0000   POWR =   0.0000
 NX=4 L*S VOLUME     V RL = -21.8760   R0RL =   0.8940   A RL =   0.5900   R RL =   1.9882   VSOR =   0.0000
                     V IM =   0.8640   R0IM =   0.8940   A IM =   0.5900   R IM =   1.9882   VSOI =   0.0000   POWR =   0.0000
110Be(d,p)11Be Ex=0.80 QG UNB LMAX30 RMAX30 V7                  0/ 0/ 0
0FORM FACTOR DATA 
0PARTICLE 3*******************************************************************************************************************
 INPUT DATA          ELAB =   0.2960   RC0  =   1.3000   AC   =   0.0000   2*STR=   1.0000
                     MASSP=   1.0000   MASST=  10.0000   Q    =   0.2960
                     ZP   =   0.0000   ZT   =   4.0000   PNLOC=   1.0000
 
 DERIVED DATA        ECM  =   0.2960   RC   =   2.8008   RHO  =   0.3178
                     K    =   0.1135   ETA  =   0.0000   DR   =   0.0080
0POTENTIAL PARAMETERS
 NX=1 VOLUME  W-S    V RL =   1.0000   R0RL =   1.2500   A RL =   0.6500   R RL =   2.6930   VSOR =  24.0000
                     V IM =   1.1000   R0IM =   0.6500   A IM =   0.0000   R IM =   1.4004   VSOI =   0.0000   POWR =   0.0000
 
                     NODES=   0.0000   L    =   1.0000   2*J  =   3.0000   2*S  =   1.0000   FISW =   2.0000
 
                     COSD =  1.0000E+00               SIND = -1.5625E-03
                     V    =  28.3480   DET  =   0.0000   NODES=   0.0000   RM   =   2.6930   E    =   0.2960   ITER.=   0
0Non-locality correction is applied, parameter =   2.000
0Non-locality correction is applied, parameter =   1.000
0*****  Warning *****  LMAX too large for reliable calculation of unbound stripping or coulomb excitation cases.  Increase RMAX 
0                    LMAX =  30        NSTEP= 300        NLTR =   1
 Bdwck4 entered
   Subroutine INTEG  entered
0REACSIG 1   2.04884E+01                                             REACSIG 2   8.46292E+00
   Subroutine RADINT entered
110Be(d,p)11Be Ex=0.80 QG UNB LMAX30 RMAX30 V7                  0/00/00
0BASIC DATA          DR   =   0.1000   RMIN =   0.0000   RMAX =  30.0000   COUEX=   0.0000     IS1=   1.0000
                     FNRNG=   0.0000   PNLC1=   2.0000   PNLC2=   1.0000   PNLC3=   1.0000     IS2=   0.5000
 ANG MOM TRANSFER    LTR  =   1.       2*JTR=   3.       2*STR=   1.       Q    =  -2.5210
   Subroutine INSIG  entered
0 Theta Inelsig,fm**2      Polz       Asy       Ayy       A22       A21       A20       T22       T21       T20  Theta
   0.00    6.3677+106    0.0000    0.0000    0.0000    0.0000    0.0000    0.0006    0.0000    0.0000    0.0000   0.00
   1.00    1.1755+107    0.0004    0.0008    0.0000   -0.0000    0.0000    0.0006    0.0000    0.0000    0.0000   1.00
   2.00    2.3647+107    0.0003    0.0006    0.0000   -0.0000    0.0000    0.0006    0.0000    0.0000    0.0000   2.00
   3.00    3.2650+107    0.0002    0.0003    0.0000   -0.0000    0.0000    0.0006    0.0000    0.0000    0.0000   3.00
   4.00    3.1652+107    0.0001    0.0001    0.0000   -0.0000    0.0000    0.0006    0.0000    0.0000    0.0000   4.00
   5.00    2.1177+107   -0.0000   -0.0001    0.0000   -0.0000    0.0000    0.0006    0.0000    0.0000    0.0000   5.00
   6.00    8.4765+106   -0.0002   -0.0004    0.0000   -0.0000    0.0000    0.0006    0.0000    0.0000    0.0000   6.00
   7.00    1.4610+106   -0.0004   -0.0007    0.0000   -0.0000    0.0000    0.0006    0.0000    0.0000    0.0000   7.00
   8.00    2.6834+106    0.0004    0.0008    0.0000   -0.0000    0.0000    0.0006    0.0000    0.0000    0.0000   8.00
   9.00    8.1905+106    0.0002    0.0004    0.0000   -0.0000    0.0000    0.0006    0.0000    0.0000    0.0000   9.00
  10.00    1.1657+107    0.0001    0.0001    0.0000   -0.0000    0.0000    0.0006    0.0000    0.0000    0.0000  10.00
  11.00    9.8441+106   -0.0001   -0.0001    0.0000   -0.0000    0.0000    0.0006    0.0000    0.0000    0.0000  11.00
  12.00    4.7269+106   -0.0002   -0.0004    0.0000   -0.0000    0.0000    0.0006    0.0000    0.0000    0.0000  12.00
  13.00    9.4476+105   -0.0004   -0.0008    0.0000   -0.0000    0.0000    0.0006    0.0000    0.0000    0.0000  13.00
  14.00    1.3352+106    0.0004    0.0008    0.0000   -0.0000    0.0000    0.0006    0.0000    0.0000    0.0000  14.00
  15.00    4.6540+106    0.0002    0.0004    0.0000   -0.0000    0.0000    0.0006    0.0000    0.0000    0.0000  15.00
  16.00    7.2058+106    0.0001    0.0001    0.0000   -0.0000    0.0000    0.0006    0.0000    0.0000    0.0000  16.00
  17.00    6.4794+106   -0.0001   -0.0001    0.0000   -0.0000    0.0000    0.0006    0.0000    0.0000    0.0000  17.00
  18.00    3.2984+106   -0.0002   -0.0004    0.0000   -0.0000    0.0000    0.0006    0.0000    0.0000    0.0000  18.00
  19.00    6.9890+105   -0.0004   -0.0008    0.0000   -0.0000   -0.0000    0.0006    0.0000    0.0000    0.0000  19.00
  20.00    8.8950+105    0.0004    0.0008    0.0000   -0.0000    0.0000    0.0006    0.0000    0.0000    0.0000  20.00
  21.00    3.2728+106    0.0002    0.0004    0.0000   -0.0000    0.0000    0.0006    0.0000    0.0000    0.0000  21.00
  22.00    5.2593+106    0.0001    0.0001    0.0000   -0.0000    0.0000    0.0006    0.0000    0.0000    0.0000  22.00
  23.00    4.8709+106   -0.0001   -0.0001    0.0000   -0.0000    0.0000    0.0006    0.0000    0.0000    0.0000  23.00
  24.00    2.5528+106   -0.0002   -0.0004    0.0000   -0.0000    0.0000    0.0006    0.0000    0.0000    0.0000  24.00
  25.00    5.5809+105   -0.0004   -0.0008    0.0000   -0.0000   -0.0000    0.0006    0.0000    0.0000    0.0000  25.00
  26.00    6.7167+105    0.0004    0.0008    0.0000   -0.0000    0.0000    0.0006    0.0000    0.0000    0.0000  26.00
  27.00    2.5454+106    0.0002    0.0004    0.0000   -0.0000    0.0000    0.0006    0.0000    0.0000    0.0000  27.00
  28.00    4.1777+106    0.0001    0.0001    0.0000   -0.0000    0.0000    0.0006    0.0000    0.0000    0.0000  28.00
  29.00    3.9370+106   -0.0001   -0.0001    0.0000   -0.0000    0.0000    0.0006    0.0000    0.0000    0.0000  29.00
  30.00    2.1000+106   -0.0002   -0.0004    0.0000   -0.0000    0.0000    0.0006    0.0000    0.0000    0.0000  30.00
  31.00    4.6817+105   -0.0004   -0.0008    0.0000   -0.0000    0.0000    0.0006    0.0000    0.0000    0.0000  31.00
  32.00    5.4429+105    0.0004    0.0008    0.0000   -0.0000    0.0000    0.0006    0.0000    0.0000    0.0000  32.00
  33.00    2.1017+106    0.0002    0.0004    0.0000   -0.0000    0.0000    0.0006    0.0000    0.0000    0.0000  33.00
  34.00    3.4974+106    0.0001    0.0001    0.0000   -0.0000    0.0000    0.0006    0.0000    0.0000    0.0000  34.00
  35.00    3.3342+106   -0.0001   -0.0001    0.0000   -0.0000    0.0000    0.0006    0.0000    0.0000    0.0000  35.00
  36.00    1.7998+106   -0.0002   -0.0004    0.0000   -0.0000    0.0000    0.0006    0.0000    0.0000    0.0000  36.00
  37.00    4.0670+105   -0.0004   -0.0008    0.0000   -0.0000    0.0000    0.0006    0.0000    0.0000    0.0000  37.00
  38.00    4.6189+105    0.0004    0.0008    0.0000   -0.0000    0.0000    0.0006    0.0000    0.0000    0.0000  38.00
  39.00    1.8069+106    0.0002    0.0004    0.0000   -0.0000    0.0000    0.0006    0.0000    0.0000    0.0000  39.00
  40.00    3.0364+106    0.0001    0.0001    0.0000   -0.0000    0.0000    0.0006    0.0000    0.0000    0.0000  40.00
  41.00    2.9190+106   -0.0001   -0.0001    0.0000   -0.0000    0.0000    0.0006    0.0000    0.0000    0.0000  41.00
  42.00    1.5894+106   -0.0002   -0.0004    0.0000   -0.0000    0.0000    0.0006    0.0000    0.0000    0.0000  42.00
  43.00    3.6276+105   -0.0004   -0.0008    0.0000   -0.0000    0.0000    0.0006    0.0000    0.0000    0.0000  43.00
  44.00    4.0514+105    0.0004    0.0008    0.0000   -0.0000    0.0000    0.0006    0.0000    0.0000    0.0000  44.00
  45.00    1.6003+106    0.0002    0.0004    0.0000   -0.0000    0.0000    0.0006    0.0000    0.0000    0.0000  45.00
  46.00    2.7092+106    0.0001    0.0001    0.0000   -0.0000    0.0000    0.0006    0.0000    0.0000    0.0000  46.00
  47.00    2.6211+106   -0.0001   -0.0001    0.0000   -0.0000    0.0000    0.0006    0.0000    0.0000    0.0000  47.00
  48.00    1.4368+106   -0.0002   -0.0004    0.0000   -0.0000    0.0000    0.0006    0.0000    0.0000    0.0000  48.00
  49.00    3.3046+105   -0.0004   -0.0008    0.0000   -0.0000    0.0000    0.0006    0.0000    0.0000    0.0000  49.00
  50.00    3.6449+105    0.0004    0.0008    0.0000   -0.0000    0.0000    0.0006    0.0000    0.0000    0.0000  50.00
  51.00    1.4506+106    0.0002    0.0004    0.0000   -0.0000    0.0000    0.0006    0.0000    0.0000    0.0000  51.00
  52.00    2.4702+106    0.0001    0.0001    0.0000   -0.0000    0.0000    0.0006    0.0000    0.0000    0.0000  52.00
  53.00    2.4020+106   -0.0001   -0.0001    0.0000   -0.0000    0.0000    0.0006    0.0000    0.0000    0.0000  53.00
  54.00    1.3238+106   -0.0002   -0.0004    0.0000   -0.0000   -0.0000    0.0006    0.0000    0.0000    0.0000  54.00
  55.00    3.0637+105   -0.0004   -0.0008    0.0000   -0.0000    0.0000    0.0006    0.0000    0.0000    0.0000  55.00
  56.00    3.3471+105    0.0004    0.0008    0.0000   -0.0000    0.0000    0.0006    0.0000    0.0000    0.0000  56.00
  57.00    1.3402+106    0.0002    0.0004    0.0000   -0.0000    0.0000    0.0006    0.0000    0.0000    0.0000  57.00
  58.00    2.2931+106    0.0001    0.0001    0.0000   -0.0000    0.0000    0.0006    0.0000    0.0000    0.0000  58.00
  59.00    2.2393+106   -0.0001   -0.0001    0.0000   -0.0000   -0.0000    0.0006    0.0000    0.0000    0.0000  59.00
  60.00    1.2396+106   -0.0002   -0.0004    0.0000   -0.0000   -0.0000    0.0006    0.0000    0.0000    0.0000  60.00
0Tot-sig   2.1651+107
1Inelastic  10Be(d,p)11Be Ex=0.80 QG UNB LMAX30 RMAX30 V7                  0/00/00
    THETA 105                              106                              107                              108   THETA cos(theta)
     0.00  |++++++++++++++++++++++++++++++++|++++++++++++++++++++++++++*+++++|++++++++++++++++++++++++++++++++|+    0.00    1.0000
     1.00  +                                                                   *                               +    1.00    0.9998
     2.00  +                                                                             *                     +    2.00    0.9994
     3.00  +                                                                                  *                +    3.00    0.9986
     4.00  +                                                                                  *                +    4.00    0.9976
     5.00  +                                                                            *                      +    5.00    0.9962
     6.00  +                                                               *                                   +    6.00    0.9945
     7.00  +                                     *                                                             +    7.00    0.9925
     8.00  +                                              *                                                    +    8.00    0.9903
     9.00  +                                                              *                                    +    9.00    0.9877
    10.00  +                                                                   *                               +   10.00    0.9848
    11.00  +                                                                 *                                 +   11.00    0.9816
    12.00  +                                                      *                                            +   12.00    0.9781
    13.00  +                               *                                                                   +   13.00    0.9744
    14.00  +                                    *                                                              +   14.00    0.9703
    15.00  +                                                      *                                            +   15.00    0.9659
    16.00  +                                                            *                                      +   16.00    0.9613
    17.00  +                                                           *                                       +   17.00    0.9563
    18.00  +                                                 *                                                 +   18.00    0.9511
    19.00  +                           *                                                                       +   19.00    0.9455
    20.00  +                              *                                                                    +   20.00    0.9397
    21.00  +                                                 *                                                 +   21.00    0.9336
    22.00  +                                                        *                                          +   22.00    0.9272
    23.00  +                                                       *                                           +   23.00    0.9205
    24.00  +                                             *                                                     +   24.00    0.9135
    25.00  +                        *                                                                          +   25.00    0.9063
    26.00  +                          *                                                                        +   26.00    0.8988
    27.00  +                                             *                                                     +   27.00    0.8910
    28.00  +                                                    *                                              +   28.00    0.8829
    29.00  +                                                    *                                              +   29.00    0.8746
    30.00  +                                           *                                                       +   30.00    0.8660
    31.00  +                     *                                                                             +   31.00    0.8572
    32.00  +                       *                                                                           +   32.00    0.8480
    33.00  +                                           *                                                       +   33.00    0.8387
    34.00  +                                                  *                                                +   34.00    0.8290
    35.00  +                                                 *                                                 +   35.00    0.8192
    36.00  +                                        *                                                          +   36.00    0.8090
    37.00  +                   *                                                                               +   37.00    0.7986
    38.00  +                     *                                                                             +   38.00    0.7880
    39.00  +                                        *                                                          +   39.00    0.7771
    40.00  +                                                *                                                  +   40.00    0.7660
    41.00  +                                               *                                                   +   41.00    0.7547
    42.00  +                                       *                                                           +   42.00    0.7431
    43.00  +                 *                                                                                 +   43.00    0.7314
    44.00  +                   *                                                                               +   44.00    0.7193
    45.00  +                                       *                                                           +   45.00    0.7071
    46.00  +                                              *                                                    +   46.00    0.6947
    47.00  +                                              *                                                    +   47.00    0.6820
    48.00  +                                     *                                                             +   48.00    0.6691
    49.00  +                *                                                                                  +   49.00    0.6561
    50.00  +                  *                                                                                +   50.00    0.6428
    51.00  +                                     *                                                             +   51.00    0.6293
    52.00  +                                             *                                                     +   52.00    0.6157
    53.00  +                                             *                                                     +   53.00    0.6018
    54.00  +                                    *                                                              +   54.00    0.5878
    55.00  +               *                                                                                   +   55.00    0.5736
    56.00  +                *                                                                                  +   56.00    0.5592
    57.00  +                                    *                                                              +   57.00    0.5446
    58.00  +                                            *                                                      +   58.00    0.5299
    59.00  +                                            *                                                      +   59.00    0.5150
    60.00  |++++++++++++++++++++++++++++++++|++*+++++++++++++++++++++++++++++|++++++++++++++++++++++++++++++++|+   60.00    0.5000
    THETA 105                              106                              107                              108   THETA cos(theta)
1DWUCK4-DISTORTED WAVES U.COLORADO- PC-VERSION  12/Jan /1995
 Elapsed time in seconds =   0.00
 Elapsed time in seconds =   0.00
0CONTROL INTEGERS
  1 2 3 4 5 6 7 8 9 A B C D E F G H I J K    RUN IDENTIFICATION                                             0/00/00   0.00.00
  1 0 1 1 0 0 0 0 3 0 0 0 0 0 0 0 0 0 0 0    10Be(d,p)11Be Ex=1.00 QG UNB LMAX30 RMAX30 V7               
 10Be(d,p)11Be Ex=1.00 QG UNB LMAX30 RMAX30 V7               
 Adwck4 entered
0ANGLE DATA          THETN=  61.0000   THET1=   0.0000   DTHET=   1.0000   A-ANG=   0.0000   B-ANG=   0.0000
0CARD SET 3 DATA     LMAX =  30          LTR=   1
                     NLTR =   1        2*JTR=   3
0CARD SET 4 DATA     DRF  =   0.1000   RZ   =   0.0000   RMAX = -30.0000   VCE  =   0.0000   FNRNG=   0.0000
                     AMASS=   0.8000
 PARTICLE DATA 
0PARTICLE 1*******************************************************************************************************************
 INPUT DATA          ELAB =  17.4000   RC0  =   1.3030   AC   =   0.0000   2*STR=   2.0000
                     MASSP=   2.0000   MASST=  10.0000   Q    =   0.0000
                     ZP   =   1.0000   ZT   =   4.0000   PNLOC=   2.0000
 
 DERIVED DATA        ECM  =  14.5000   RC   =   2.8072   RHO  =   3.0186
                     K    =   1.0753   ETA  =   0.2136   DR   =   0.0080
0POTENTIAL PARAMETERS
 NX=1 VOLUME  W-S    V RL = -88.7440   R0RL =   1.1480   A RL =   0.7460   R RL =   2.4733   VSOR =   0.0000
                     V IM =  -2.1860   R0IM =   1.3510   A IM =   0.6400   R IM =   2.9106   VSOI =   0.0000   POWR =   0.0000
 NX=2 SURFACE W-S    V RL =   0.0000   R0RL =   0.0000   A RL =   0.0000   R RL =   0.0000   VSOR =   0.0000
                     V IM =  27.3930   R0IM =   1.4050   A IM =   0.6650   R IM =   3.0270   VSOI =   0.0000   POWR =   0.0000
 NX=4 L*S VOLUME     V RL = -14.2280   R0RL =   0.9720   A RL =   1.0110   R RL =   2.0941   VSOR =   0.0000
                     V IM =   0.0000   R0IM =   0.0000   A IM =   0.0000   R IM =   0.0000   VSOI =   0.0000   POWR =   0.0000
0PARTICLE 2*******************************************************************************************************************
 INPUT DATA          ELAB =  12.8498   RC0  =   1.5780   AC   =   0.0000   2*STR=   1.0000
                     MASSP=   1.0000   MASST=  11.0000   Q    =  -2.7210
                     ZP   =   1.0000   ZT   =   4.0000   PNLOC=   1.0000
 
 DERIVED DATA        ECM  =  11.7790   RC   =   3.5094   RHO  =   2.5224
                     K    =   0.7188   ETA  =   0.1757   DR   =   0.0073
0POTENTIAL PARAMETERS
 NX=1 VOLUME  W-S    V RL = -56.2800   R0RL =   1.1220   A RL =   0.6760   R RL =   2.4953   VSOR =   0.0000
                     V IM =  -1.1170   R0IM =   1.1220   A IM =   0.6760   R IM =   2.4953   VSOI =   0.0000   POWR =   0.0000
 NX=2 SURFACE W-S    V RL =   0.0000   R0RL =   0.0000   A RL =   0.0000   R RL =   0.0000   VSOR =   0.0000
                     V IM =  20.7710   R0IM =   1.3070   A IM =   0.5240   R IM =   2.9067   VSOI =   0.0000   POWR =   0.0000
 NX=4 L*S VOLUME     V RL = -21.8760   R0RL =   0.8940   A RL =   0.5900   R RL =   1.9882   VSOR =   0.0000
                     V IM =   0.8640   R0IM =   0.8940   A IM =   0.5900   R IM =   1.9882   VSOI =   0.0000   POWR =   0.0000
110Be(d,p)11Be Ex=1.00 QG UNB LMAX30 RMAX30 V7                  0/ 0/ 0
0FORM FACTOR DATA 
0PARTICLE 3*******************************************************************************************************************
 INPUT DATA          ELAB =   0.4960   RC0  =   1.3000   AC   =   0.0000   2*STR=   1.0000
                     MASSP=   1.0000   MASST=  10.0000   Q    =   0.4960
                     ZP   =   0.0000   ZT   =   4.0000   PNLOC=   1.0000
 
 DERIVED DATA        ECM  =   0.4960   RC   =   2.8008   RHO  =   0.4114
                     K    =   0.1469   ETA  =   0.0000   DR   =   0.0080
0POTENTIAL PARAMETERS
 NX=1 VOLUME  W-S    V RL =   1.0000   R0RL =   1.2500   A RL =   0.6500   R RL =   2.6930   VSOR =  24.0000
                     V IM =   1.1000   R0IM =   0.6500   A IM =   0.0000   R IM =   1.4004   VSOI =   0.0000   POWR =   0.0000
 
                     NODES=   0.0000   L    =   1.0000   2*J  =   3.0000   2*S  =   1.0000   FISW =   2.0000
 
                     COSD =  9.9999E-01               SIND = -3.3474E-03
                     V    =  28.3480   DET  =   0.0000   NODES=   0.0000   RM   =   2.6930   E    =   0.4960   ITER.=   0
0Non-locality correction is applied, parameter =   2.000
0Non-locality correction is applied, parameter =   1.000
0*****  Warning *****  LMAX too large for reliable calculation of unbound stripping or coulomb excitation cases.  Increase RMAX 
0                    LMAX =  30        NSTEP= 300        NLTR =   1
 Bdwck4 entered
   Subroutine INTEG  entered
0REACSIG 1   2.04884E+01                                             REACSIG 2   8.66000E+00
   Subroutine RADINT entered
110Be(d,p)11Be Ex=1.00 QG UNB LMAX30 RMAX30 V7                  0/00/00
0BASIC DATA          DR   =   0.1000   RMIN =   0.0000   RMAX =  30.0000   COUEX=   0.0000     IS1=   1.0000
                     FNRNG=   0.0000   PNLC1=   2.0000   PNLC2=   1.0000   PNLC3=   1.0000     IS2=   0.5000
 ANG MOM TRANSFER    LTR  =   1.       2*JTR=   3.       2*STR=   1.       Q    =  -2.7210
   Subroutine INSIG  entered
0 Theta Inelsig,fm**2      Polz       Asy       Ayy       A22       A21       A20       T22       T21       T20  Theta
   0.00    1.4461+108    0.0000    0.0000    0.0000    0.0000    0.0000    0.0006    0.0000    0.0000    0.0000   0.00
   1.00    2.6196+108    0.0004    0.0008    0.0000   -0.0000    0.0000    0.0006    0.0000    0.0000    0.0000   1.00
   2.00    5.2089+108    0.0003    0.0005    0.0000   -0.0000    0.0000    0.0006    0.0000    0.0000    0.0000   2.00
   3.00    7.1644+108    0.0002    0.0003    0.0000   -0.0000    0.0000    0.0006    0.0000    0.0000    0.0000   3.00
   4.00    6.9360+108    0.0001    0.0001    0.0000   -0.0000    0.0000    0.0006    0.0000    0.0000    0.0000   4.00
   5.00    4.6402+108   -0.0000   -0.0001    0.0000   -0.0000    0.0000    0.0006    0.0000    0.0000    0.0000   5.00
   6.00    1.8620+108   -0.0002   -0.0004    0.0000   -0.0000    0.0000    0.0006    0.0000    0.0000    0.0000   6.00
   7.00    3.2818+107   -0.0003   -0.0007    0.0000   -0.0000    0.0000    0.0006    0.0000    0.0000    0.0000   7.00
   8.00    5.9510+107    0.0004    0.0007    0.0000   -0.0000    0.0000    0.0006    0.0000    0.0000    0.0000   8.00
   9.00    1.7979+108    0.0002    0.0003    0.0000   -0.0000    0.0000    0.0006    0.0000    0.0000    0.0000   9.00
  10.00    2.5544+108    0.0001    0.0001    0.0000   -0.0000    0.0000    0.0006    0.0000    0.0000    0.0000  10.00
  11.00    2.1571+108   -0.0000   -0.0001    0.0000   -0.0000    0.0000    0.0006    0.0000    0.0000    0.0000  11.00
  12.00    1.0382+108   -0.0002   -0.0004    0.0000   -0.0000    0.0000    0.0006    0.0000    0.0000    0.0000  12.00
  13.00    2.1147+107   -0.0004   -0.0007    0.0000   -0.0000    0.0000    0.0006    0.0000    0.0000    0.0000  13.00
  14.00    2.9664+107    0.0004    0.0007    0.0000   -0.0000    0.0000    0.0006    0.0000    0.0000    0.0000  14.00
  15.00    1.0216+108    0.0002    0.0004    0.0000   -0.0000    0.0000    0.0006    0.0000    0.0000    0.0000  15.00
  16.00    1.5789+108    0.0001    0.0001    0.0000   -0.0000    0.0000    0.0006    0.0000    0.0000    0.0000  16.00
  17.00    1.4198+108   -0.0000   -0.0001    0.0000   -0.0000    0.0000    0.0006    0.0000    0.0000    0.0000  17.00
  18.00    7.2446+107   -0.0002   -0.0004    0.0000   -0.0000    0.0000    0.0006    0.0000    0.0000    0.0000  18.00
  19.00    1.5625+107   -0.0004   -0.0007    0.0000   -0.0000   -0.0000    0.0006    0.0000    0.0000    0.0000  19.00
  20.00    1.9775+107    0.0004    0.0007    0.0000   -0.0000    0.0000    0.0006    0.0000    0.0000    0.0000  20.00
  21.00    7.1839+107    0.0002    0.0004    0.0000   -0.0000    0.0000    0.0006    0.0000    0.0000    0.0000  21.00
  22.00    1.1523+108    0.0001    0.0001    0.0000   -0.0000    0.0000    0.0006    0.0000    0.0000    0.0000  22.00
  23.00    1.0674+108   -0.0000   -0.0001    0.0000   -0.0000    0.0000    0.0006    0.0000    0.0000    0.0000  23.00
  24.00    5.6071+107   -0.0002   -0.0004    0.0000   -0.0000    0.0000    0.0006    0.0000    0.0000    0.0000  24.00
  25.00    1.2470+107   -0.0004   -0.0007    0.0000   -0.0000   -0.0000    0.0006    0.0000    0.0000    0.0000  25.00
  26.00    1.4937+107    0.0004    0.0008    0.0000   -0.0000    0.0000    0.0006    0.0000    0.0000    0.0000  26.00
  27.00    5.5868+107    0.0002    0.0004    0.0000   -0.0000    0.0000    0.0006    0.0000    0.0000    0.0000  27.00
  28.00    9.1531+107    0.0001    0.0001    0.0000   -0.0000    0.0000    0.0006    0.0000    0.0000    0.0000  28.00
  29.00    8.6270+107   -0.0000   -0.0001    0.0000   -0.0000    0.0000    0.0006    0.0000    0.0000    0.0000  29.00
  30.00    4.6126+107   -0.0002   -0.0004    0.0000   -0.0000    0.0000    0.0006    0.0000    0.0000    0.0000  30.00
  31.00    1.0458+107   -0.0004   -0.0007    0.0000   -0.0000    0.0000    0.0006    0.0000    0.0000    0.0000  31.00
  32.00    1.2107+107    0.0004    0.0008    0.0000   -0.0000    0.0000    0.0006    0.0000    0.0000    0.0000  32.00
  33.00    4.6125+107    0.0002    0.0004    0.0000   -0.0000    0.0000    0.0006    0.0000    0.0000    0.0000  33.00
  34.00    7.6620+107    0.0001    0.0001    0.0000   -0.0000    0.0000    0.0006    0.0000    0.0000    0.0000  34.00
  35.00    7.3058+107   -0.0000   -0.0001    0.0000   -0.0000    0.0000    0.0006    0.0000    0.0000    0.0000  35.00
  36.00    3.9532+107   -0.0002   -0.0004    0.0000   -0.0000    0.0000    0.0006    0.0000    0.0000    0.0000  36.00
  37.00    9.0829+106   -0.0004   -0.0007    0.0000   -0.0000    0.0000    0.0006    0.0000    0.0000    0.0000  37.00
  38.00    1.0274+107    0.0004    0.0008    0.0000   -0.0000    0.0000    0.0006    0.0000    0.0000    0.0000  38.00
  39.00    3.9652+107    0.0002    0.0004    0.0000   -0.0000    0.0000    0.0006    0.0000    0.0000    0.0000  39.00
  40.00    6.6517+107    0.0001    0.0001    0.0000   -0.0000    0.0000    0.0006    0.0000    0.0000    0.0000  40.00
  41.00    6.3958+107   -0.0000   -0.0001    0.0000   -0.0000    0.0000    0.0006    0.0000    0.0000    0.0000  41.00
  42.00    3.4911+107   -0.0002   -0.0004    0.0000   -0.0000    0.0000    0.0006    0.0000    0.0000    0.0000  42.00
  43.00    8.1005+106   -0.0004   -0.0007    0.0000   -0.0000    0.0000    0.0006    0.0000    0.0000    0.0000  43.00
  44.00    9.0121+106    0.0004    0.0008    0.0000   -0.0000    0.0000    0.0006    0.0000    0.0000    0.0000  44.00
  45.00    3.5115+107    0.0002    0.0004    0.0000   -0.0000    0.0000    0.0006    0.0000    0.0000    0.0000  45.00
  46.00    5.9345+107    0.0001    0.0001    0.0000   -0.0000    0.0000    0.0006    0.0000    0.0000    0.0000  46.00
  47.00    5.7428+107   -0.0000   -0.0001    0.0000   -0.0000    0.0000    0.0006    0.0000    0.0000    0.0000  47.00
  48.00    3.1558+107   -0.0002   -0.0004    0.0000   -0.0000    0.0000    0.0006    0.0000    0.0000    0.0000  48.00
  49.00    7.3785+106   -0.0004   -0.0007    0.0000   -0.0000    0.0000    0.0006    0.0000    0.0000    0.0000  49.00
  50.00    8.1077+106    0.0004    0.0008    0.0000   -0.0000    0.0000    0.0006    0.0000    0.0000    0.0000  50.00
  51.00    3.1828+107    0.0002    0.0004    0.0000   -0.0000    0.0000    0.0006    0.0000    0.0000    0.0000  51.00
  52.00    5.4105+107    0.0001    0.0001    0.0000   -0.0000    0.0000    0.0006    0.0000    0.0000    0.0000  52.00
  53.00    5.2627+107   -0.0000   -0.0001    0.0000   -0.0000    0.0000    0.0006    0.0000    0.0000    0.0000  53.00
  54.00    2.9075+107   -0.0002   -0.0004    0.0000   -0.0000   -0.0000    0.0006    0.0000    0.0000    0.0000  54.00
  55.00    6.8399+106   -0.0004   -0.0007    0.0000   -0.0000    0.0000    0.0006    0.0000    0.0000    0.0000  55.00
  56.00    7.4450+106    0.0004    0.0008    0.0000   -0.0000    0.0000    0.0006    0.0000    0.0000    0.0000  56.00
  57.00    2.9403+107    0.0002    0.0004    0.0000   -0.0000    0.0000    0.0006    0.0000    0.0000    0.0000  57.00
  58.00    5.0223+107    0.0001    0.0001    0.0000   -0.0000    0.0000    0.0006    0.0000    0.0000    0.0000  58.00
  59.00    4.9058+107   -0.0000   -0.0001    0.0000   -0.0000   -0.0000    0.0006    0.0000    0.0000    0.0000  59.00
  60.00    2.7225+107   -0.0002   -0.0004    0.0000   -0.0000   -0.0000    0.0006    0.0000    0.0000    0.0000  60.00
0Tot-sig   4.7507+108
1Inelastic  10Be(d,p)11Be Ex=1.00 QG UNB LMAX30 RMAX30 V7                  0/00/00
    THETA 106                              107                              108                              109   THETA cos(theta)
     0.00  |++++++++++++++++++++++++++++++++|++++++++++++++++++++++++++++++++|++++*+++++++++++++++++++++++++++|+    0.00    1.0000
     1.00  +                                                                               *                   +    1.00    0.9998
     2.00  +                                                                                         *         +    2.00    0.9994
     3.00  +                                                                                             *     +    3.00    0.9986
     4.00  +                                                                                             *     +    4.00    0.9976
     5.00  +                                                                                       *           +    5.00    0.9962
     6.00  +                                                                          *                        +    6.00    0.9945
     7.00  +                                                 *                                                 +    7.00    0.9925
     8.00  +                                                          *                                        +    8.00    0.9903
     9.00  +                                                                         *                         +    9.00    0.9877
    10.00  +                                                                              *                    +   10.00    0.9848
    11.00  +                                                                            *                      +   11.00    0.9816
    12.00  +                                                                  *                                +   12.00    0.9781
    13.00  +                                           *                                                       +   13.00    0.9744
    14.00  +                                                *                                                  +   14.00    0.9703
    15.00  +                                                                 *                                 +   15.00    0.9659
    16.00  +                                                                        *                          +   16.00    0.9613
    17.00  +                                                                      *                            +   17.00    0.9563
    18.00  +                                                            *                                      +   18.00    0.9511
    19.00  +                                      *                                                            +   19.00    0.9455
    20.00  +                                          *                                                        +   20.00    0.9397
    21.00  +                                                            *                                      +   21.00    0.9336
    22.00  +                                                                   *                               +   22.00    0.9272
    23.00  +                                                                  *                                +   23.00    0.9205
    24.00  +                                                         *                                         +   24.00    0.9135
    25.00  +                                   *                                                               +   25.00    0.9063
    26.00  +                                      *                                                            +   26.00    0.8988
    27.00  +                                                         *                                         +   27.00    0.8910
    28.00  +                                                                *                                  +   28.00    0.8829
    29.00  +                                                               *                                   +   29.00    0.8746
    30.00  +                                                      *                                            +   30.00    0.8660
    31.00  +                                 *                                                                 +   31.00    0.8572
    32.00  +                                   *                                                               +   32.00    0.8480
    33.00  +                                                      *                                            +   33.00    0.8387
    34.00  +                                                             *                                     +   34.00    0.8290
    35.00  +                                                             *                                     +   35.00    0.8192
    36.00  +                                                    *                                              +   36.00    0.8090
    37.00  +                               *                                                                   +   37.00    0.7986
    38.00  +                                *                                                                  +   38.00    0.7880
    39.00  +                                                    *                                              +   39.00    0.7771
    40.00  +                                                           *                                       +   40.00    0.7660
    41.00  +                                                           *                                       +   41.00    0.7547
    42.00  +                                                  *                                                +   42.00    0.7431
    43.00  +                             *                                                                     +   43.00    0.7314
    44.00  +                               *                                                                   +   44.00    0.7193
    45.00  +                                                  *                                                +   45.00    0.7071
    46.00  +                                                          *                                        +   46.00    0.6947
    47.00  +                                                         *                                         +   47.00    0.6820
    48.00  +                                                *                                                  +   48.00    0.6691
    49.00  +                            *                                                                      +   49.00    0.6561
    50.00  +                             *                                                                     +   50.00    0.6428
    51.00  +                                                 *                                                 +   51.00    0.6293
    52.00  +                                                        *                                          +   52.00    0.6157
    53.00  +                                                        *                                          +   53.00    0.6018
    54.00  +                                               *                                                   +   54.00    0.5878
    55.00  +                           *                                                                       +   55.00    0.5736
    56.00  +                            *                                                                      +   56.00    0.5592
    57.00  +                                               *                                                   +   57.00    0.5446
    58.00  +                                                       *                                           +   58.00    0.5299
    59.00  +                                                       *                                           +   59.00    0.5150
    60.00  |++++++++++++++++++++++++++++++++|+++++++++++++*++++++++++++++++++|++++++++++++++++++++++++++++++++|+   60.00    0.5000
    THETA 106                              107                              108                              109   THETA cos(theta)
1DWUCK4-DISTORTED WAVES U.COLORADO- PC-VERSION  12/Jan /1995
 Elapsed time in seconds =   0.00
 Elapsed time in seconds =   0.00
0CONTROL INTEGERS
  1 2 3 4 5 6 7 8 9 A B C D E F G H I J K    RUN IDENTIFICATION                                             0/00/00   0.00.00
  1 0 1 1 0 0 0 0 3 0 0 0 0 0 0 0 0 0 0 0    10Be(d,p)11Be Ex=1.20 QG UNB LMAX30 RMAX30 V7               
 10Be(d,p)11Be Ex=1.20 QG UNB LMAX30 RMAX30 V7               
 Adwck4 entered
0ANGLE DATA          THETN=  61.0000   THET1=   0.0000   DTHET=   1.0000   A-ANG=   0.0000   B-ANG=   0.0000
0CARD SET 3 DATA     LMAX =  30          LTR=   1
                     NLTR =   1        2*JTR=   3
0CARD SET 4 DATA     DRF  =   0.1000   RZ   =   0.0000   RMAX = -30.0000   VCE  =   0.0000   FNRNG=   0.0000
                     AMASS=   0.8000
 PARTICLE DATA 
0PARTICLE 1*******************************************************************************************************************
 INPUT DATA          ELAB =  17.4000   RC0  =   1.3030   AC   =   0.0000   2*STR=   2.0000
                     MASSP=   2.0000   MASST=  10.0000   Q    =   0.0000
                     ZP   =   1.0000   ZT   =   4.0000   PNLOC=   2.0000
 
 DERIVED DATA        ECM  =  14.5000   RC   =   2.8072   RHO  =   3.0186
                     K    =   1.0753   ETA  =   0.2136   DR   =   0.0080
0POTENTIAL PARAMETERS
 NX=1 VOLUME  W-S    V RL = -88.7440   R0RL =   1.1480   A RL =   0.7460   R RL =   2.4733   VSOR =   0.0000
                     V IM =  -2.1860   R0IM =   1.3510   A IM =   0.6400   R IM =   2.9106   VSOI =   0.0000   POWR =   0.0000
 NX=2 SURFACE W-S    V RL =   0.0000   R0RL =   0.0000   A RL =   0.0000   R RL =   0.0000   VSOR =   0.0000
                     V IM =  27.3930   R0IM =   1.4050   A IM =   0.6650   R IM =   3.0270   VSOI =   0.0000   POWR =   0.0000
 NX=4 L*S VOLUME     V RL = -14.2280   R0RL =   0.9720   A RL =   1.0110   R RL =   2.0941   VSOR =   0.0000
                     V IM =   0.0000   R0IM =   0.0000   A IM =   0.0000   R IM =   0.0000   VSOI =   0.0000   POWR =   0.0000
0PARTICLE 2*******************************************************************************************************************
 INPUT DATA          ELAB =  12.6316   RC0  =   1.5780   AC   =   0.0000   2*STR=   1.0000
                     MASSP=   1.0000   MASST=  11.0000   Q    =  -2.9210
                     ZP   =   1.0000   ZT   =   4.0000   PNLOC=   1.0000
 
 DERIVED DATA        ECM  =  11.5790   RC   =   3.5094   RHO  =   2.5009
                     K    =   0.7126   ETA  =   0.1772   DR   =   0.0073
0POTENTIAL PARAMETERS
 NX=1 VOLUME  W-S    V RL = -56.2800   R0RL =   1.1220   A RL =   0.6760   R RL =   2.4953   VSOR =   0.0000
                     V IM =  -1.1170   R0IM =   1.1220   A IM =   0.6760   R IM =   2.4953   VSOI =   0.0000   POWR =   0.0000
 NX=2 SURFACE W-S    V RL =   0.0000   R0RL =   0.0000   A RL =   0.0000   R RL =   0.0000   VSOR =   0.0000
                     V IM =  20.7710   R0IM =   1.3070   A IM =   0.5240   R IM =   2.9067   VSOI =   0.0000   POWR =   0.0000
 NX=4 L*S VOLUME     V RL = -21.8760   R0RL =   0.8940   A RL =   0.5900   R RL =   1.9882   VSOR =   0.0000
                     V IM =   0.8640   R0IM =   0.8940   A IM =   0.5900   R IM =   1.9882   VSOI =   0.0000   POWR =   0.0000
110Be(d,p)11Be Ex=1.20 QG UNB LMAX30 RMAX30 V7                  0/ 0/ 0
0FORM FACTOR DATA 
0PARTICLE 3*******************************************************************************************************************
 INPUT DATA          ELAB =   0.6960   RC0  =   1.3000   AC   =   0.0000   2*STR=   1.0000
                     MASSP=   1.0000   MASST=  10.0000   Q    =   0.6960
                     ZP   =   0.0000   ZT   =   4.0000   PNLOC=   1.0000
 
 DERIVED DATA        ECM  =   0.6960   RC   =   2.8008   RHO  =   0.4873
                     K    =   0.1740   ETA  =   0.0000   DR   =   0.0080
0POTENTIAL PARAMETERS
 NX=1 VOLUME  W-S    V RL =   1.0000   R0RL =   1.2500   A RL =   0.6500   R RL =   2.6930   VSOR =  24.0000
                     V IM =   1.1000   R0IM =   0.6500   A IM =   0.0000   R IM =   1.4004   VSOI =   0.0000   POWR =   0.0000
 
                     NODES=   0.0000   L    =   1.0000   2*J  =   3.0000   2*S  =   1.0000   FISW =   2.0000
 
                     COSD =  9.9998E-01               SIND = -5.4965E-03
                     V    =  28.3480   DET  =   0.0000   NODES=   0.0000   RM   =   2.6930   E    =   0.6960   ITER.=   0
0Non-locality correction is applied, parameter =   2.000
0Non-locality correction is applied, parameter =   1.000
0*****  Warning *****  LMAX too large for reliable calculation of unbound stripping or coulomb excitation cases.  Increase RMAX 
0                    LMAX =  30        NSTEP= 300        NLTR =   1
 Bdwck4 entered
   Subroutine INTEG  entered
0REACSIG 1   2.04884E+01                                             REACSIG 2   8.86931E+00
   Subroutine RADINT entered
110Be(d,p)11Be Ex=1.20 QG UNB LMAX30 RMAX30 V7                  0/00/00
0BASIC DATA          DR   =   0.1000   RMIN =   0.0000   RMAX =  30.0000   COUEX=   0.0000     IS1=   1.0000
                     FNRNG=   0.0000   PNLC1=   2.0000   PNLC2=   1.0000   PNLC3=   1.0000     IS2=   0.5000
 ANG MOM TRANSFER    LTR  =   1.       2*JTR=   3.       2*STR=   1.       Q    =  -2.9210
   Subroutine INSIG  entered
0 Theta Inelsig,fm**2      Polz       Asy       Ayy       A22       A21       A20       T22       T21       T20  Theta
   0.00    1.2090+110    0.0000    0.0000    0.0000    0.0000    0.0000    0.0006    0.0000    0.0000    0.0000   0.00
   1.00    2.1587+110    0.0004    0.0007    0.0000   -0.0000    0.0000    0.0006    0.0000    0.0000    0.0000   1.00
   2.00    4.2530+110    0.0003    0.0005    0.0000   -0.0000    0.0000    0.0006    0.0000    0.0000    0.0000   2.00
   3.00    5.8315+110    0.0001    0.0003    0.0000   -0.0000    0.0000    0.0006    0.0000    0.0000    0.0000   3.00
   4.00    5.6393+110    0.0001    0.0001    0.0000   -0.0000    0.0000    0.0006    0.0000    0.0000    0.0000   4.00
   5.00    3.7724+110   -0.0000   -0.0001    0.0000   -0.0000    0.0000    0.0006    0.0000    0.0000    0.0000   5.00
   6.00    1.5167+110   -0.0002   -0.0004    0.0000   -0.0000    0.0000    0.0006    0.0000    0.0000    0.0000   6.00
   7.00    2.7208+109   -0.0003   -0.0006    0.0000   -0.0000    0.0000    0.0006    0.0000    0.0000    0.0000   7.00
   8.00    4.8859+109    0.0003    0.0007    0.0000   -0.0000    0.0000    0.0006    0.0000    0.0000    0.0000   8.00
   9.00    1.4639+110    0.0002    0.0003    0.0000   -0.0000    0.0000    0.0006    0.0000    0.0000    0.0000   9.00
  10.00    2.0768+110    0.0001    0.0001    0.0000   -0.0000    0.0000    0.0006    0.0000    0.0000    0.0000  10.00
  11.00    1.7537+110   -0.0000   -0.0001    0.0000   -0.0000    0.0000    0.0006    0.0000    0.0000    0.0000  11.00
  12.00    8.4562+109   -0.0002   -0.0004    0.0000   -0.0000    0.0000    0.0006    0.0000    0.0000    0.0000  12.00
  13.00    1.7481+109   -0.0003   -0.0007    0.0000   -0.0000    0.0000    0.0006    0.0000    0.0000    0.0000  13.00
  14.00    2.4392+109    0.0004    0.0007    0.0000   -0.0000    0.0000    0.0006    0.0000    0.0000    0.0000  14.00
  15.00    8.3192+109    0.0002    0.0003    0.0000   -0.0000    0.0000    0.0006    0.0000    0.0000    0.0000  15.00
  16.00    1.2837+110    0.0001    0.0001    0.0000   -0.0000    0.0000    0.0006    0.0000    0.0000    0.0000  16.00
  17.00    1.1543+110   -0.0000   -0.0001    0.0000   -0.0000    0.0000    0.0006    0.0000    0.0000    0.0000  17.00
  18.00    5.9003+109   -0.0002   -0.0004    0.0000   -0.0000    0.0000    0.0006    0.0000    0.0000    0.0000  18.00
  19.00    1.2903+109   -0.0003   -0.0007    0.0000   -0.0000   -0.0000    0.0006    0.0000    0.0000    0.0000  19.00
  20.00    1.6272+109    0.0004    0.0007    0.0000   -0.0000    0.0000    0.0006    0.0000    0.0000    0.0000  20.00
  21.00    5.8503+109    0.0002    0.0003    0.0000   -0.0000    0.0000    0.0006    0.0000    0.0000    0.0000  21.00
  22.00    9.3690+109    0.0001    0.0001    0.0000   -0.0000    0.0000    0.0006    0.0000    0.0000    0.0000  22.00
  23.00    8.6778+109   -0.0000   -0.0001    0.0000   -0.0000    0.0000    0.0006    0.0000    0.0000    0.0000  23.00
  24.00    4.5665+109   -0.0002   -0.0004    0.0000   -0.0000    0.0000    0.0006    0.0000    0.0000    0.0000  24.00
  25.00    1.0292+109   -0.0003   -0.0007    0.0000   -0.0000   -0.0000    0.0006    0.0000    0.0000    0.0000  25.00
  26.00    1.2296+109    0.0004    0.0007    0.0000   -0.0000    0.0000    0.0006    0.0000    0.0000    0.0000  26.00
  27.00    4.5498+109    0.0002    0.0003    0.0000   -0.0000    0.0000    0.0006    0.0000    0.0000    0.0000  27.00
  28.00    7.4420+109    0.0001    0.0001    0.0000   -0.0000    0.0000    0.0006    0.0000    0.0000    0.0000  28.00
  29.00    7.0139+109   -0.0000   -0.0001    0.0000   -0.0000    0.0000    0.0006    0.0000    0.0000    0.0000  29.00
  30.00    3.7565+109   -0.0002   -0.0004    0.0000   -0.0000    0.0000    0.0006    0.0000    0.0000    0.0000  30.00
  31.00    8.6288+108   -0.0003   -0.0007    0.0000   -0.0000    0.0000    0.0006    0.0000    0.0000    0.0000  31.00
  32.00    9.9686+108    0.0004    0.0007    0.0000   -0.0000    0.0000    0.0006    0.0000    0.0000    0.0000  32.00
  33.00    3.7565+109    0.0002    0.0003    0.0000   -0.0000    0.0000    0.0006    0.0000    0.0000    0.0000  33.00
  34.00    6.2297+109    0.0001    0.0001    0.0000   -0.0000    0.0000    0.0006    0.0000    0.0000    0.0000  34.00
  35.00    5.9398+109   -0.0000   -0.0001    0.0000   -0.0000    0.0000    0.0006    0.0000    0.0000    0.0000  35.00
  36.00    3.2194+109   -0.0002   -0.0004    0.0000   -0.0000    0.0000    0.0006    0.0000    0.0000    0.0000  36.00
  37.00    7.4926+108   -0.0003   -0.0007    0.0000   -0.0000    0.0000    0.0006    0.0000    0.0000    0.0000  37.00
  38.00    8.4616+108    0.0004    0.0007    0.0000   -0.0000    0.0000    0.0006    0.0000    0.0000    0.0000  38.00
  39.00    3.2294+109    0.0002    0.0004    0.0000   -0.0000    0.0000    0.0006    0.0000    0.0000    0.0000  39.00
  40.00    5.4083+109    0.0001    0.0001    0.0000   -0.0000    0.0000    0.0006    0.0000    0.0000    0.0000  40.00
  41.00    5.2000+109   -0.0000   -0.0001    0.0000   -0.0000    0.0000    0.0006    0.0000    0.0000    0.0000  41.00
  42.00    2.8431+109   -0.0002   -0.0004    0.0000   -0.0000    0.0000    0.0006    0.0000    0.0000    0.0000  42.00
  43.00    6.6811+108   -0.0003   -0.0007    0.0000   -0.0000    0.0000    0.0006    0.0000    0.0000    0.0000  43.00
  44.00    7.4232+108    0.0004    0.0007    0.0000   -0.0000    0.0000    0.0006    0.0000    0.0000    0.0000  44.00
  45.00    2.8600+109    0.0002    0.0004    0.0000   -0.0000    0.0000    0.0006    0.0000    0.0000    0.0000  45.00
  46.00    4.8252+109    0.0001    0.0001    0.0000   -0.0000    0.0000    0.0006    0.0000    0.0000    0.0000  46.00
  47.00    4.6691+109   -0.0000   -0.0001    0.0000   -0.0000    0.0000    0.0006    0.0000    0.0000    0.0000  47.00
  48.00    2.5700+109   -0.0002   -0.0003    0.0000   -0.0000    0.0000    0.0006    0.0000    0.0000    0.0000  48.00
  49.00    6.0849+108   -0.0003   -0.0007    0.0000   -0.0000    0.0000    0.0006    0.0000    0.0000    0.0000  49.00
  50.00    6.6791+108    0.0004    0.0007    0.0000   -0.0000    0.0000    0.0006    0.0000    0.0000    0.0000  50.00
  51.00    2.5923+109    0.0002    0.0004    0.0000   -0.0000    0.0000    0.0006    0.0000    0.0000    0.0000  51.00
  52.00    4.3992+109    0.0001    0.0001    0.0000   -0.0000    0.0000    0.0006    0.0000    0.0000    0.0000  52.00
  53.00    4.2788+109   -0.0000   -0.0001    0.0000   -0.0000    0.0000    0.0006    0.0000    0.0000    0.0000  53.00
  54.00    2.3678+109   -0.0002   -0.0003    0.0000   -0.0000   -0.0000    0.0006    0.0000    0.0000    0.0000  54.00
  55.00    5.6402+108   -0.0003   -0.0007    0.0000   -0.0000    0.0000    0.0006    0.0000    0.0000    0.0000  55.00
  56.00    6.1338+108    0.0004    0.0007    0.0000   -0.0000    0.0000    0.0006    0.0000    0.0000    0.0000  56.00
  57.00    2.3948+109    0.0002    0.0004    0.0000   -0.0000    0.0000    0.0006    0.0000    0.0000    0.0000  57.00
  58.00    4.0836+109    0.0001    0.0001    0.0000   -0.0000    0.0000    0.0006    0.0000    0.0000    0.0000  58.00
  59.00    3.9886+109   -0.0000   -0.0001    0.0000   -0.0000   -0.0000    0.0006    0.0000    0.0000    0.0000  59.00
  60.00    2.2171+109   -0.0002   -0.0003    0.0000   -0.0000   -0.0000    0.0006    0.0000    0.0000    0.0000  60.00
0Tot-sig   3.8694+110
1Inelastic  10Be(d,p)11Be Ex=1.20 QG UNB LMAX30 RMAX30 V7                  0/00/00
    THETA 108                              109                              110                              111   THETA cos(theta)
     0.00  |++++++++++++++++++++++++++++++++|++++++++++++++++++++++++++++++++|++*+++++++++++++++++++++++++++++|+    0.00    1.0000
     1.00  +                                                                            *                      +    1.00    0.9998
     2.00  +                                                                                      *            +    2.00    0.9994
     3.00  +                                                                                          *        +    3.00    0.9986
     4.00  +                                                                                          *        +    4.00    0.9976
     5.00  +                                                                                    *              +    5.00    0.9962
     6.00  +                                                                       *                           +    6.00    0.9945
     7.00  +                                              *                                                    +    7.00    0.9925
     8.00  +                                                       *                                           +    8.00    0.9903
     9.00  +                                                                      *                            +    9.00    0.9877
    10.00  +                                                                           *                       +   10.00    0.9848
    11.00  +                                                                         *                         +   11.00    0.9816
    12.00  +                                                               *                                   +   12.00    0.9781
    13.00  +                                        *                                                          +   13.00    0.9744
    14.00  +                                             *                                                     +   14.00    0.9703
    15.00  +                                                              *                                    +   15.00    0.9659
    16.00  +                                                                     *                             +   16.00    0.9613
    17.00  +                                                                   *                               +   17.00    0.9563
    18.00  +                                                         *                                         +   18.00    0.9511
    19.00  +                                    *                                                              +   19.00    0.9455
    20.00  +                                       *                                                           +   20.00    0.9397
    21.00  +                                                         *                                         +   21.00    0.9336
    22.00  +                                                                *                                  +   22.00    0.9272
    23.00  +                                                               *                                   +   23.00    0.9205
    24.00  +                                                      *                                            +   24.00    0.9135
    25.00  +                                *                                                                  +   25.00    0.9063
    26.00  +                                   *                                                               +   26.00    0.8988
    27.00  +                                                      *                                            +   27.00    0.8910
    28.00  +                                                             *                                     +   28.00    0.8829
    29.00  +                                                            *                                      +   29.00    0.8746
    30.00  +                                                   *                                               +   30.00    0.8660
    31.00  +                              *                                                                    +   31.00    0.8572
    32.00  +                                *                                                                  +   32.00    0.8480
    33.00  +                                                   *                                               +   33.00    0.8387
    34.00  +                                                          *                                        +   34.00    0.8290
    35.00  +                                                          *                                        +   35.00    0.8192
    36.00  +                                                 *                                                 +   36.00    0.8090
    37.00  +                            *                                                                      +   37.00    0.7986
    38.00  +                              *                                                                    +   38.00    0.7880
    39.00  +                                                 *                                                 +   39.00    0.7771
    40.00  +                                                        *                                          +   40.00    0.7660
    41.00  +                                                        *                                          +   41.00    0.7547
    42.00  +                                               *                                                   +   42.00    0.7431
    43.00  +                          *                                                                        +   43.00    0.7314
    44.00  +                            *                                                                      +   44.00    0.7193
    45.00  +                                               *                                                   +   45.00    0.7071
    46.00  +                                                       *                                           +   46.00    0.6947
    47.00  +                                                      *                                            +   47.00    0.6820
    48.00  +                                              *                                                    +   48.00    0.6691
    49.00  +                         *                                                                         +   49.00    0.6561
    50.00  +                          *                                                                        +   50.00    0.6428
    51.00  +                                              *                                                    +   51.00    0.6293
    52.00  +                                                     *                                             +   52.00    0.6157
    53.00  +                                                     *                                             +   53.00    0.6018
    54.00  +                                            *                                                      +   54.00    0.5878
    55.00  +                        *                                                                          +   55.00    0.5736
    56.00  +                         *                                                                         +   56.00    0.5592
    57.00  +                                             *                                                     +   57.00    0.5446
    58.00  +                                                    *                                              +   58.00    0.5299
    59.00  +                                                    *                                              +   59.00    0.5150
    60.00  |++++++++++++++++++++++++++++++++|++++++++++*+++++++++++++++++++++|++++++++++++++++++++++++++++++++|+   60.00    0.5000
    THETA 108                              109                              110                              111   THETA cos(theta)
1DWUCK4-DISTORTED WAVES U.COLORADO- PC-VERSION  12/Jan /1995
 Elapsed time in seconds =   0.00
 Elapsed time in seconds =   0.00
0CONTROL INTEGERS
  1 2 3 4 5 6 7 8 9 A B C D E F G H I J K    RUN IDENTIFICATION                                             0/00/00   0.00.00
  1 0 1 1 0 0 0 0 3 0 0 0 0 0 0 0 0 0 0 0    10Be(d,p)11Be Ex=1.40 QG UNB LMAX30 RMAX30 V7               
 10Be(d,p)11Be Ex=1.40 QG UNB LMAX30 RMAX30 V7               
 Adwck4 entered
0ANGLE DATA          THETN=  61.0000   THET1=   0.0000   DTHET=   1.0000   A-ANG=   0.0000   B-ANG=   0.0000
0CARD SET 3 DATA     LMAX =  30          LTR=   1
                     NLTR =   1        2*JTR=   3
0CARD SET 4 DATA     DRF  =   0.1000   RZ   =   0.0000   RMAX = -30.0000   VCE  =   0.0000   FNRNG=   0.0000
                     AMASS=   0.8000
 PARTICLE DATA 
0PARTICLE 1*******************************************************************************************************************
 INPUT DATA          ELAB =  17.4000   RC0  =   1.3030   AC   =   0.0000   2*STR=   2.0000
                     MASSP=   2.0000   MASST=  10.0000   Q    =   0.0000
                     ZP   =   1.0000   ZT   =   4.0000   PNLOC=   2.0000
 
 DERIVED DATA        ECM  =  14.5000   RC   =   2.8072   RHO  =   3.0186
                     K    =   1.0753   ETA  =   0.2136   DR   =   0.0080
0POTENTIAL PARAMETERS
 NX=1 VOLUME  W-S    V RL = -88.7440   R0RL =   1.1480   A RL =   0.7460   R RL =   2.4733   VSOR =   0.0000
                     V IM =  -2.1860   R0IM =   1.3510   A IM =   0.6400   R IM =   2.9106   VSOI =   0.0000   POWR =   0.0000
 NX=2 SURFACE W-S    V RL =   0.0000   R0RL =   0.0000   A RL =   0.0000   R RL =   0.0000   VSOR =   0.0000
                     V IM =  27.3930   R0IM =   1.4050   A IM =   0.6650   R IM =   3.0270   VSOI =   0.0000   POWR =   0.0000
 NX=4 L*S VOLUME     V RL = -14.2280   R0RL =   0.9720   A RL =   1.0110   R RL =   2.0941   VSOR =   0.0000
                     V IM =   0.0000   R0IM =   0.0000   A IM =   0.0000   R IM =   0.0000   VSOI =   0.0000   POWR =   0.0000
0PARTICLE 2*******************************************************************************************************************
 INPUT DATA          ELAB =  12.4135   RC0  =   1.5780   AC   =   0.0000   2*STR=   1.0000
                     MASSP=   1.0000   MASST=  11.0000   Q    =  -3.1210
                     ZP   =   1.0000   ZT   =   4.0000   PNLOC=   1.0000
 
 DERIVED DATA        ECM  =  11.3790   RC   =   3.5094   RHO  =   2.4792
                     K    =   0.7064   ETA  =   0.1788   DR   =   0.0073
0POTENTIAL PARAMETERS
 NX=1 VOLUME  W-S    V RL = -56.2800   R0RL =   1.1220   A RL =   0.6760   R RL =   2.4953   VSOR =   0.0000
                     V IM =  -1.1170   R0IM =   1.1220   A IM =   0.6760   R IM =   2.4953   VSOI =   0.0000   POWR =   0.0000
 NX=2 SURFACE W-S    V RL =   0.0000   R0RL =   0.0000   A RL =   0.0000   R RL =   0.0000   VSOR =   0.0000
                     V IM =  20.7710   R0IM =   1.3070   A IM =   0.5240   R IM =   2.9067   VSOI =   0.0000   POWR =   0.0000
 NX=4 L*S VOLUME     V RL = -21.8760   R0RL =   0.8940   A RL =   0.5900   R RL =   1.9882   VSOR =   0.0000
                     V IM =   0.8640   R0IM =   0.8940   A IM =   0.5900   R IM =   1.9882   VSOI =   0.0000   POWR =   0.0000
110Be(d,p)11Be Ex=1.40 QG UNB LMAX30 RMAX30 V7                  0/ 0/ 0
0FORM FACTOR DATA 
0PARTICLE 3*******************************************************************************************************************
 INPUT DATA          ELAB =   0.8960   RC0  =   1.3000   AC   =   0.0000   2*STR=   1.0000
                     MASSP=   1.0000   MASST=  10.0000   Q    =   0.8960
                     ZP   =   0.0000   ZT   =   4.0000   PNLOC=   1.0000
 
 DERIVED DATA        ECM  =   0.8960   RC   =   2.8008   RHO  =   0.5529
                     K    =   0.1974   ETA  =   0.0000   DR   =   0.0080
0POTENTIAL PARAMETERS
 NX=1 VOLUME  W-S    V RL =   1.0000   R0RL =   1.2500   A RL =   0.6500   R RL =   2.6930   VSOR =  24.0000
                     V IM =   1.1000   R0IM =   0.6500   A IM =   0.0000   R IM =   1.4004   VSOI =   0.0000   POWR =   0.0000
 
                     NODES=   0.0000   L    =   1.0000   2*J  =   3.0000   2*S  =   1.0000   FISW =   2.0000
 
                     COSD =  9.9997E-01               SIND = -7.9322E-03
                     V    =  28.3480   DET  =   0.0000   NODES=   0.0000   RM   =   2.6930   E    =   0.8960   ITER.=   0
0Non-locality correction is applied, parameter =   2.000
0Non-locality correction is applied, parameter =   1.000
0*****  Warning *****  LMAX too large for reliable calculation of unbound stripping or coulomb excitation cases.  Increase RMAX 
0                    LMAX =  30        NSTEP= 300        NLTR =   1
 Bdwck4 entered
   Subroutine INTEG  entered
0REACSIG 1   2.04884E+01                                             REACSIG 2   9.09162E+00
   Subroutine RADINT entered
110Be(d,p)11Be Ex=1.40 QG UNB LMAX30 RMAX30 V7                  0/00/00
0BASIC DATA          DR   =   0.1000   RMIN =   0.0000   RMAX =  30.0000   COUEX=   0.0000     IS1=   1.0000
                     FNRNG=   0.0000   PNLC1=   2.0000   PNLC2=   1.0000   PNLC3=   1.0000     IS2=   0.5000
 ANG MOM TRANSFER    LTR  =   1.       2*JTR=   3.       2*STR=   1.       Q    =  -3.1210
   Subroutine INSIG  entered
0 Theta Inelsig,fm**2      Polz       Asy       Ayy       A22       A21       A20       T22       T21       T20  Theta
   0.00    4.7080+110    0.0000    0.0000    0.0000    0.0000    0.0000    0.0006    0.0000    0.0000    0.0000   0.00
   1.00    8.2801+110    0.0003    0.0007    0.0000   -0.0000    0.0000    0.0006    0.0000    0.0000    0.0000   1.00
   2.00    1.6154+111    0.0002    0.0005    0.0000   -0.0000    0.0000    0.0006    0.0000    0.0000    0.0000   2.00
   3.00    2.2076+111    0.0001    0.0003    0.0000   -0.0000    0.0000    0.0006    0.0000    0.0000    0.0000   3.00
   4.00    2.1323+111    0.0001    0.0001    0.0000   -0.0000    0.0000    0.0006    0.0000    0.0000    0.0000   4.00
   5.00    1.4263+111   -0.0000   -0.0001    0.0000   -0.0000    0.0000    0.0006    0.0000    0.0000    0.0000   5.00
   6.00    5.7464+110   -0.0002   -0.0004    0.0000   -0.0000    0.0000    0.0006    0.0000    0.0000    0.0000   6.00
   7.00    1.0502+110   -0.0003   -0.0006    0.0000   -0.0000    0.0000    0.0006    0.0000    0.0000    0.0000   7.00
   8.00    1.8668+110    0.0003    0.0006    0.0000   -0.0000    0.0000    0.0006    0.0000    0.0000    0.0000   8.00
   9.00    5.5442+110    0.0002    0.0003    0.0000   -0.0000    0.0000    0.0006    0.0000    0.0000    0.0000   9.00
  10.00    7.8526+110    0.0001    0.0001    0.0000   -0.0000    0.0000    0.0006    0.0000    0.0000    0.0000  10.00
  11.00    6.6307+110   -0.0000   -0.0001    0.0000   -0.0000    0.0000    0.0006    0.0000    0.0000    0.0000  11.00
  12.00    3.2034+110   -0.0002   -0.0003    0.0000   -0.0000    0.0000    0.0006    0.0000    0.0000    0.0000  12.00
  13.00    6.7276+109   -0.0003   -0.0006    0.0000   -0.0000    0.0000    0.0006    0.0000    0.0000    0.0000  13.00
  14.00    9.3348+109    0.0003    0.0007    0.0000   -0.0000    0.0000    0.0006    0.0000    0.0000    0.0000  14.00
  15.00    3.1509+110    0.0002    0.0003    0.0000   -0.0000    0.0000    0.0006    0.0000    0.0000    0.0000  15.00
  16.00    4.8538+110    0.0001    0.0001    0.0000   -0.0000    0.0000    0.0006    0.0000    0.0000    0.0000  16.00
  17.00    4.3644+110   -0.0000   -0.0001    0.0000   -0.0000    0.0000    0.0006    0.0000    0.0000    0.0000  17.00
  18.00    2.2350+110   -0.0002   -0.0003    0.0000   -0.0000    0.0000    0.0006    0.0000    0.0000    0.0000  18.00
  19.00    4.9604+109   -0.0003   -0.0007    0.0000   -0.0000   -0.0000    0.0006    0.0000    0.0000    0.0000  19.00
  20.00    6.2320+109    0.0003    0.0007    0.0000   -0.0000    0.0000    0.0006    0.0000    0.0000    0.0000  20.00
  21.00    2.2159+110    0.0002    0.0003    0.0000   -0.0000    0.0000    0.0006    0.0000    0.0000    0.0000  21.00
  22.00    3.5425+110    0.0000    0.0001    0.0000   -0.0000    0.0000    0.0006    0.0000    0.0000    0.0000  22.00
  23.00    3.2810+110   -0.0000   -0.0001    0.0000   -0.0000    0.0000    0.0006    0.0000    0.0000    0.0000  23.00
  24.00    1.7297+110   -0.0002   -0.0003    0.0000   -0.0000    0.0000    0.0006    0.0000    0.0000    0.0000  24.00
  25.00    3.9545+109   -0.0003   -0.0007    0.0000   -0.0000   -0.0000    0.0006    0.0000    0.0000    0.0000  25.00
  26.00    4.7113+109    0.0003    0.0007    0.0000   -0.0000    0.0000    0.0006    0.0000    0.0000    0.0000  26.00
  27.00    1.7234+110    0.0002    0.0003    0.0000   -0.0000    0.0000    0.0006    0.0000    0.0000    0.0000  27.00
  28.00    2.8139+110    0.0000    0.0001    0.0000   -0.0000    0.0000    0.0006    0.0000    0.0000    0.0000  28.00
  29.00    2.6519+110   -0.0000   -0.0001    0.0000   -0.0000    0.0000    0.0006    0.0000    0.0000    0.0000  29.00
  30.00    1.4229+110   -0.0002   -0.0003    0.0000   -0.0000    0.0000    0.0006    0.0000    0.0000    0.0000  30.00
  31.00    3.3141+109   -0.0003   -0.0007    0.0000   -0.0000    0.0000    0.0006    0.0000    0.0000    0.0000  31.00
  32.00    3.8206+109    0.0003    0.0007    0.0000   -0.0000    0.0000    0.0006    0.0000    0.0000    0.0000  32.00
  33.00    1.4230+110    0.0002    0.0003    0.0000   -0.0000    0.0000    0.0006    0.0000    0.0000    0.0000  33.00
  34.00    2.3555+110    0.0000    0.0001    0.0000   -0.0000    0.0000    0.0006    0.0000    0.0000    0.0000  34.00
  35.00    2.2458+110   -0.0000   -0.0001    0.0000   -0.0000    0.0000    0.0006    0.0000    0.0000    0.0000  35.00
  36.00    1.2194+110   -0.0002   -0.0003    0.0000   -0.0000    0.0000    0.0006    0.0000    0.0000    0.0000  36.00
  37.00    2.8771+109   -0.0003   -0.0007    0.0000   -0.0000    0.0000    0.0006    0.0000    0.0000    0.0000  37.00
  38.00    3.2437+109    0.0003    0.0007    0.0000   -0.0000    0.0000    0.0006    0.0000    0.0000    0.0000  38.00
  39.00    1.2233+110    0.0002    0.0003    0.0000   -0.0000    0.0000    0.0006    0.0000    0.0000    0.0000  39.00
  40.00    2.0450+110    0.0000    0.0001    0.0000   -0.0000    0.0000    0.0006    0.0000    0.0000    0.0000  40.00
  41.00    1.9661+110   -0.0000   -0.0001    0.0000   -0.0000    0.0000    0.0006    0.0000    0.0000    0.0000  41.00
  42.00    1.0769+110   -0.0002   -0.0003    0.0000   -0.0000    0.0000    0.0006    0.0000    0.0000    0.0000  42.00
  43.00    2.5650+109   -0.0003   -0.0007    0.0000   -0.0000    0.0000    0.0006    0.0000    0.0000    0.0000  43.00
  44.00    2.8461+109    0.0003    0.0007    0.0000   -0.0000    0.0000    0.0006    0.0000    0.0000    0.0000  44.00
  45.00    1.0834+110    0.0002    0.0003    0.0000   -0.0000    0.0000    0.0006    0.0000    0.0000    0.0000  45.00
  46.00    1.8245+110    0.0000    0.0001    0.0000   -0.0000    0.0000    0.0006    0.0000    0.0000    0.0000  46.00
  47.00    1.7654+110   -0.0000   -0.0001    0.0000   -0.0000    0.0000    0.0006    0.0000    0.0000    0.0000  47.00
  48.00    9.7345+109   -0.0002   -0.0003    0.0000   -0.0000    0.0000    0.0006    0.0000    0.0000    0.0000  48.00
  49.00    2.3359+109   -0.0003   -0.0007    0.0000   -0.0000    0.0000    0.0006    0.0000    0.0000    0.0000  49.00
  50.00    2.5612+109    0.0003    0.0007    0.0000   -0.0000    0.0000    0.0006    0.0000    0.0000    0.0000  50.00
  51.00    9.8205+109    0.0002    0.0003    0.0000   -0.0000    0.0000    0.0006    0.0000    0.0000    0.0000  51.00
  52.00    1.6635+110    0.0001    0.0001    0.0000   -0.0000    0.0000    0.0006    0.0000    0.0000    0.0000  52.00
  53.00    1.6178+110   -0.0000   -0.0001    0.0000   -0.0000    0.0000    0.0006    0.0000    0.0000    0.0000  53.00
  54.00    8.9687+109   -0.0002   -0.0003    0.0000   -0.0000   -0.0000    0.0006    0.0000    0.0000    0.0000  54.00
  55.00    2.1649+109   -0.0003   -0.0007    0.0000   -0.0000    0.0000    0.0006    0.0000    0.0000    0.0000  55.00
  56.00    2.3523+109    0.0003    0.0007    0.0000   -0.0000    0.0000    0.0006    0.0000    0.0000    0.0000  56.00
  57.00    9.0726+109    0.0002    0.0003    0.0000   -0.0000    0.0000    0.0006    0.0000    0.0000    0.0000  57.00
  58.00    1.5442+110    0.0001    0.0001    0.0000   -0.0000    0.0000    0.0006    0.0000    0.0000    0.0000  58.00
  59.00    1.5081+110   -0.0000   -0.0001    0.0000   -0.0000   -0.0000    0.0006    0.0000    0.0000    0.0000  59.00
  60.00    8.3979+109   -0.0002   -0.0003    0.0000   -0.0000   -0.0000    0.0006    0.0000    0.0000    0.0000  60.00
0Tot-sig   1.4659+111
1Inelastic  10Be(d,p)11Be Ex=1.40 QG UNB LMAX30 RMAX30 V7                  0/00/00
    THETA 109                              110                              111                              112   THETA cos(theta)
     0.00  |++++++++++++++++++++++++++++++++|+++++++++++++++++++++*++++++++++|++++++++++++++++++++++++++++++++|+    0.00    1.0000
     1.00  +                                                              *                                    +    1.00    0.9998
     2.00  +                                                                        *                          +    2.00    0.9994
     3.00  +                                                                            *                      +    3.00    0.9986
     4.00  +                                                                            *                      +    4.00    0.9976
     5.00  +                                                                      *                            +    5.00    0.9962
     6.00  +                                                         *                                         +    6.00    0.9945
     7.00  +                                 *                                                                 +    7.00    0.9925
     8.00  +                                         *                                                         +    8.00    0.9903
     9.00  +                                                         *                                         +    9.00    0.9877
    10.00  +                                                              *                                    +   10.00    0.9848
    11.00  +                                                           *                                       +   11.00    0.9816
    12.00  +                                                 *                                                 +   12.00    0.9781
    13.00  +                          *                                                                        +   13.00    0.9744
    14.00  +                               *                                                                   +   14.00    0.9703
    15.00  +                                                *                                                  +   15.00    0.9659
    16.00  +                                                       *                                           +   16.00    0.9613
    17.00  +                                                     *                                             +   17.00    0.9563
    18.00  +                                            *                                                      +   18.00    0.9511
    19.00  +                      *                                                                            +   19.00    0.9455
    20.00  +                         *                                                                         +   20.00    0.9397
    21.00  +                                           *                                                       +   21.00    0.9336
    22.00  +                                                  *                                                +   22.00    0.9272
    23.00  +                                                 *                                                 +   23.00    0.9205
    24.00  +                                        *                                                          +   24.00    0.9135
    25.00  +                   *                                                                               +   25.00    0.9063
    26.00  +                     *                                                                             +   26.00    0.8988
    27.00  +                                        *                                                          +   27.00    0.8910
    28.00  +                                               *                                                   +   28.00    0.8829
    29.00  +                                              *                                                    +   29.00    0.8746
    30.00  +                                     *                                                             +   30.00    0.8660
    31.00  +                *                                                                                  +   31.00    0.8572
    32.00  +                  *                                                                                +   32.00    0.8480
    33.00  +                                     *                                                             +   33.00    0.8387
    34.00  +                                            *                                                      +   34.00    0.8290
    35.00  +                                            *                                                      +   35.00    0.8192
    36.00  +                                   *                                                               +   36.00    0.8090
    37.00  +              *                                                                                    +   37.00    0.7986
    38.00  +                *                                                                                  +   38.00    0.7880
    39.00  +                                   *                                                               +   39.00    0.7771
    40.00  +                                          *                                                        +   40.00    0.7660
    41.00  +                                          *                                                        +   41.00    0.7547
    42.00  +                                 *                                                                 +   42.00    0.7431
    43.00  +             *                                                                                     +   43.00    0.7314
    44.00  +              *                                                                                    +   44.00    0.7193
    45.00  +                                 *                                                                 +   45.00    0.7071
    46.00  +                                         *                                                         +   46.00    0.6947
    47.00  +                                        *                                                          +   47.00    0.6820
    48.00  +                                *                                                                  +   48.00    0.6691
    49.00  +           *                                                                                       +   49.00    0.6561
    50.00  +            *                                                                                      +   50.00    0.6428
    51.00  +                                *                                                                  +   51.00    0.6293
    52.00  +                                       *                                                           +   52.00    0.6157
    53.00  +                                       *                                                           +   53.00    0.6018
    54.00  +                              *                                                                    +   54.00    0.5878
    55.00  +          *                                                                                        +   55.00    0.5736
    56.00  +           *                                                                                       +   56.00    0.5592
    57.00  +                               *                                                                   +   57.00    0.5446
    58.00  +                                      *                                                            +   58.00    0.5299
    59.00  +                                      *                                                            +   59.00    0.5150
    60.00  |+++++++++++++++++++++++++++++*++|++++++++++++++++++++++++++++++++|++++++++++++++++++++++++++++++++|+   60.00    0.5000
    THETA 109                              110                              111                              112   THETA cos(theta)
1DWUCK4-DISTORTED WAVES U.COLORADO- PC-VERSION  12/Jan /1995
 Elapsed time in seconds =   0.00
 Elapsed time in seconds =   0.00
0CONTROL INTEGERS
  1 2 3 4 5 6 7 8 9 A B C D E F G H I J K    RUN IDENTIFICATION                                             0/00/00   0.00.00
  1 0 1 1 0 0 0 0 3 0 0 0 0 0 0 0 0 0 0 0    10Be(d,p)11Be Ex=1.60 QG UNB LMAX30 RMAX30 V7               
 10Be(d,p)11Be Ex=1.60 QG UNB LMAX30 RMAX30 V7               
 Adwck4 entered
0ANGLE DATA          THETN=  61.0000   THET1=   0.0000   DTHET=   1.0000   A-ANG=   0.0000   B-ANG=   0.0000
0CARD SET 3 DATA     LMAX =  30          LTR=   1
                     NLTR =   1        2*JTR=   3
0CARD SET 4 DATA     DRF  =   0.1000   RZ   =   0.0000   RMAX = -30.0000   VCE  =   0.0000   FNRNG=   0.0000
                     AMASS=   0.8000
 PARTICLE DATA 
0PARTICLE 1*******************************************************************************************************************
 INPUT DATA          ELAB =  17.4000   RC0  =   1.3030   AC   =   0.0000   2*STR=   2.0000
                     MASSP=   2.0000   MASST=  10.0000   Q    =   0.0000
                     ZP   =   1.0000   ZT   =   4.0000   PNLOC=   2.0000
 
 DERIVED DATA        ECM  =  14.5000   RC   =   2.8072   RHO  =   3.0186
                     K    =   1.0753   ETA  =   0.2136   DR   =   0.0080
0POTENTIAL PARAMETERS
 NX=1 VOLUME  W-S    V RL = -88.7440   R0RL =   1.1480   A RL =   0.7460   R RL =   2.4733   VSOR =   0.0000
                     V IM =  -2.1860   R0IM =   1.3510   A IM =   0.6400   R IM =   2.9106   VSOI =   0.0000   POWR =   0.0000
 NX=2 SURFACE W-S    V RL =   0.0000   R0RL =   0.0000   A RL =   0.0000   R RL =   0.0000   VSOR =   0.0000
                     V IM =  27.3930   R0IM =   1.4050   A IM =   0.6650   R IM =   3.0270   VSOI =   0.0000   POWR =   0.0000
 NX=4 L*S VOLUME     V RL = -14.2280   R0RL =   0.9720   A RL =   1.0110   R RL =   2.0941   VSOR =   0.0000
                     V IM =   0.0000   R0IM =   0.0000   A IM =   0.0000   R IM =   0.0000   VSOI =   0.0000   POWR =   0.0000
0PARTICLE 2*******************************************************************************************************************
 INPUT DATA          ELAB =  12.1953   RC0  =   1.5780   AC   =   0.0000   2*STR=   1.0000
                     MASSP=   1.0000   MASST=  11.0000   Q    =  -3.3210
                     ZP   =   1.0000   ZT   =   4.0000   PNLOC=   1.0000
 
 DERIVED DATA        ECM  =  11.1790   RC   =   3.5094   RHO  =   2.4573
                     K    =   0.7002   ETA  =   0.1804   DR   =   0.0073
0POTENTIAL PARAMETERS
 NX=1 VOLUME  W-S    V RL = -56.2800   R0RL =   1.1220   A RL =   0.6760   R RL =   2.4953   VSOR =   0.0000
                     V IM =  -1.1170   R0IM =   1.1220   A IM =   0.6760   R IM =   2.4953   VSOI =   0.0000   POWR =   0.0000
 NX=2 SURFACE W-S    V RL =   0.0000   R0RL =   0.0000   A RL =   0.0000   R RL =   0.0000   VSOR =   0.0000
                     V IM =  20.7710   R0IM =   1.3070   A IM =   0.5240   R IM =   2.9067   VSOI =   0.0000   POWR =   0.0000
 NX=4 L*S VOLUME     V RL = -21.8760   R0RL =   0.8940   A RL =   0.5900   R RL =   1.9882   VSOR =   0.0000
                     V IM =   0.8640   R0IM =   0.8940   A IM =   0.5900   R IM =   1.9882   VSOI =   0.0000   POWR =   0.0000
110Be(d,p)11Be Ex=1.60 QG UNB LMAX30 RMAX30 V7                  0/ 0/ 0
0FORM FACTOR DATA 
0PARTICLE 3*******************************************************************************************************************
 INPUT DATA          ELAB =   1.0960   RC0  =   1.3000   AC   =   0.0000   2*STR=   1.0000
                     MASSP=   1.0000   MASST=  10.0000   Q    =   1.0960
                     ZP   =   0.0000   ZT   =   4.0000   PNLOC=   1.0000
 
 DERIVED DATA        ECM  =   1.0960   RC   =   2.8008   RHO  =   0.6115
                     K    =   0.2183   ETA  =   0.0000   DR   =   0.0080
0POTENTIAL PARAMETERS
 NX=1 VOLUME  W-S    V RL =   1.0000   R0RL =   1.2500   A RL =   0.6500   R RL =   2.6930   VSOR =  24.0000
                     V IM =   1.1000   R0IM =   0.6500   A IM =   0.0000   R IM =   1.4004   VSOI =   0.0000   POWR =   0.0000
 
                     NODES=   0.0000   L    =   1.0000   2*J  =   3.0000   2*S  =   1.0000   FISW =   2.0000
 
                     COSD =  9.9994E-01               SIND = -1.0604E-02
                     V    =  28.3480   DET  =   0.0000   NODES=   0.0000   RM   =   2.6930   E    =   1.0960   ITER.=   0
0Non-locality correction is applied, parameter =   2.000
0Non-locality correction is applied, parameter =   1.000
0*****  Warning *****  LMAX too large for reliable calculation of unbound stripping or coulomb excitation cases.  Increase RMAX 
0                    LMAX =  30        NSTEP= 300        NLTR =   1
 Bdwck4 entered
   Subroutine INTEG  entered
0REACSIG 1   2.04884E+01                                             REACSIG 2   9.32777E+00
   Subroutine RADINT entered
110Be(d,p)11Be Ex=1.60 QG UNB LMAX30 RMAX30 V7                  0/00/00
0BASIC DATA          DR   =   0.1000   RMIN =   0.0000   RMAX =  30.0000   COUEX=   0.0000     IS1=   1.0000
                     FNRNG=   0.0000   PNLC1=   2.0000   PNLC2=   1.0000   PNLC3=   1.0000     IS2=   0.5000
 ANG MOM TRANSFER    LTR  =   1.       2*JTR=   3.       2*STR=   1.       Q    =  -3.3210
   Subroutine INSIG  entered
0 Theta Inelsig,fm**2      Polz       Asy       Ayy       A22       A21       A20       T22       T21       T20  Theta
   0.00    3.8355+110    0.0000    0.0000    0.0000    0.0000    0.0000    0.0006    0.0000    0.0000    0.0000   0.00
   1.00    6.6420+110    0.0003    0.0006    0.0000   -0.0000    0.0000    0.0006    0.0000    0.0000    0.0000   1.00
   2.00    1.2825+111    0.0002    0.0005    0.0000   -0.0000    0.0000    0.0006    0.0000    0.0000    0.0000   2.00
   3.00    1.7464+111    0.0001    0.0003    0.0000   -0.0000    0.0000    0.0006    0.0000    0.0000    0.0000   3.00
   4.00    1.6847+111    0.0001    0.0001    0.0000   -0.0000    0.0000    0.0006    0.0000    0.0000    0.0000   4.00
   5.00    1.1268+111   -0.0000   -0.0001    0.0000   -0.0000    0.0000    0.0006    0.0000    0.0000    0.0000   5.00
   6.00    4.5501+110   -0.0002   -0.0003    0.0000   -0.0000    0.0000    0.0006    0.0000    0.0000    0.0000   6.00
   7.00    8.4807+109   -0.0003   -0.0006    0.0000   -0.0000    0.0000    0.0006    0.0000    0.0000    0.0000   7.00
   8.00    1.4913+110    0.0003    0.0006    0.0000   -0.0000    0.0000    0.0006    0.0000    0.0000    0.0000   8.00
   9.00    4.3876+110    0.0002    0.0003    0.0000   -0.0000    0.0000    0.0006    0.0000    0.0000    0.0000   9.00
  10.00    6.2039+110    0.0000    0.0001    0.0000   -0.0000    0.0000    0.0006    0.0000    0.0000    0.0000  10.00
  11.00    5.2384+110   -0.0000   -0.0001    0.0000   -0.0000    0.0000    0.0006    0.0000    0.0000    0.0000  11.00
  12.00    2.5362+110   -0.0002   -0.0003    0.0000   -0.0000    0.0000    0.0006    0.0000    0.0000    0.0000  12.00
  13.00    5.4160+109   -0.0003   -0.0006    0.0000   -0.0000    0.0000    0.0006    0.0000    0.0000    0.0000  13.00
  14.00    7.4690+109    0.0003    0.0006    0.0000   -0.0000    0.0000    0.0006    0.0000    0.0000    0.0000  14.00
  15.00    2.4937+110    0.0002    0.0003    0.0000   -0.0000    0.0000    0.0006    0.0000    0.0000    0.0000  15.00
  16.00    3.8347+110    0.0000    0.0001    0.0000   -0.0000    0.0000    0.0006    0.0000    0.0000    0.0000  16.00
  17.00    3.4481+110   -0.0000   -0.0001    0.0000   -0.0000    0.0000    0.0006    0.0000    0.0000    0.0000  17.00
  18.00    1.7695+110   -0.0002   -0.0003    0.0000   -0.0000    0.0000    0.0006    0.0000    0.0000    0.0000  18.00
  19.00    3.9891+109   -0.0003   -0.0006    0.0000   -0.0000   -0.0000    0.0006    0.0000    0.0000    0.0000  19.00
  20.00    4.9899+109    0.0003    0.0006    0.0000   -0.0000    0.0000    0.0006    0.0000    0.0000    0.0000  20.00
  21.00    1.7538+110    0.0002    0.0003    0.0000   -0.0000    0.0000    0.0006    0.0000    0.0000    0.0000  21.00
  22.00    2.7987+110    0.0000    0.0001    0.0000   -0.0000    0.0000    0.0006    0.0000    0.0000    0.0000  22.00
  23.00    2.5921+110   -0.0000   -0.0001    0.0000   -0.0000    0.0000    0.0006    0.0000    0.0000    0.0000  23.00
  24.00    1.3694+110   -0.0002   -0.0003    0.0000   -0.0000    0.0000    0.0006    0.0000    0.0000    0.0000  24.00
  25.00    3.1785+109   -0.0003   -0.0006    0.0000   -0.0000   -0.0000    0.0006    0.0000    0.0000    0.0000  25.00
  26.00    3.7737+109    0.0003    0.0006    0.0000   -0.0000    0.0000    0.0006    0.0000    0.0000    0.0000  26.00
  27.00    1.3640+110    0.0002    0.0003    0.0000   -0.0000    0.0000    0.0006    0.0000    0.0000    0.0000  27.00
  28.00    2.2230+110    0.0000    0.0001    0.0000   -0.0000    0.0000    0.0006    0.0000    0.0000    0.0000  28.00
  29.00    2.0951+110   -0.0000   -0.0001    0.0000   -0.0000    0.0000    0.0006    0.0000    0.0000    0.0000  29.00
  30.00    1.1265+110   -0.0002   -0.0003    0.0000   -0.0000    0.0000    0.0006    0.0000    0.0000    0.0000  30.00
  31.00    2.6629+109   -0.0003   -0.0006    0.0000   -0.0000    0.0000    0.0006    0.0000    0.0000    0.0000  31.00
  32.00    3.0610+109    0.0003    0.0006    0.0000   -0.0000    0.0000    0.0006    0.0000    0.0000    0.0000  32.00
  33.00    1.1262+110    0.0002    0.0003    0.0000   -0.0000    0.0000    0.0006    0.0000    0.0000    0.0000  33.00
  34.00    1.8609+110    0.0000    0.0001    0.0000   -0.0000    0.0000    0.0006    0.0000    0.0000    0.0000  34.00
  35.00    1.7743+110   -0.0000   -0.0001    0.0000   -0.0000    0.0000    0.0006    0.0000    0.0000    0.0000  35.00
  36.00    9.6540+109   -0.0002   -0.0003    0.0000   -0.0000    0.0000    0.0006    0.0000    0.0000    0.0000  36.00
  37.00    2.3113+109   -0.0003   -0.0006    0.0000   -0.0000    0.0000    0.0006    0.0000    0.0000    0.0000  37.00
  38.00    2.5991+109    0.0003    0.0006    0.0000   -0.0000    0.0000    0.0006    0.0000    0.0000    0.0000  38.00
  39.00    9.6815+109    0.0002    0.0003    0.0000   -0.0000    0.0000    0.0006    0.0000    0.0000    0.0000  39.00
  40.00    1.6155+110    0.0000    0.0001    0.0000   -0.0000    0.0000    0.0006    0.0000    0.0000    0.0000  40.00
  41.00    1.5533+110   -0.0000   -0.0001    0.0000   -0.0000    0.0000    0.0006    0.0000    0.0000    0.0000  41.00
  42.00    8.5253+109   -0.0002   -0.0003    0.0000   -0.0000    0.0000    0.0006    0.0000    0.0000    0.0000  42.00
  43.00    2.0603+109   -0.0003   -0.0006    0.0000   -0.0000    0.0000    0.0006    0.0000    0.0000    0.0000  43.00
  44.00    2.2808+109    0.0003    0.0006    0.0000   -0.0000    0.0000    0.0006    0.0000    0.0000    0.0000  44.00
  45.00    8.5740+109    0.0002    0.0003    0.0000   -0.0000    0.0000    0.0006    0.0000    0.0000    0.0000  45.00
  46.00    1.4413+110    0.0000    0.0001    0.0000   -0.0000    0.0000    0.0006    0.0000    0.0000    0.0000  46.00
  47.00    1.3947+110   -0.0000   -0.0001    0.0000   -0.0000    0.0000    0.0006    0.0000    0.0000    0.0000  47.00
  48.00    7.7064+109   -0.0002   -0.0003    0.0000   -0.0000    0.0000    0.0006    0.0000    0.0000    0.0000  48.00
  49.00    1.8760+109   -0.0003   -0.0006    0.0000   -0.0000    0.0000    0.0006    0.0000    0.0000    0.0000  49.00
  50.00    2.0525+109    0.0003    0.0006    0.0000   -0.0000    0.0000    0.0006    0.0000    0.0000    0.0000  50.00
  51.00    7.7715+109    0.0002    0.0003    0.0000   -0.0000    0.0000    0.0006    0.0000    0.0000    0.0000  51.00
  52.00    1.3140+110    0.0000    0.0001    0.0000   -0.0000    0.0000    0.0006    0.0000    0.0000    0.0000  52.00
  53.00    1.2781+110   -0.0000   -0.0001    0.0000   -0.0000    0.0000    0.0006    0.0000    0.0000    0.0000  53.00
  54.00    7.1001+109   -0.0002   -0.0003    0.0000   -0.0000   -0.0000    0.0006    0.0000    0.0000    0.0000  54.00
  55.00    1.7386+109   -0.0003   -0.0006    0.0000   -0.0000    0.0000    0.0006    0.0000    0.0000    0.0000  55.00
  56.00    1.8852+109    0.0003    0.0006    0.0000   -0.0000    0.0000    0.0006    0.0000    0.0000    0.0000  56.00
  57.00    7.1795+109    0.0002    0.0003    0.0000   -0.0000    0.0000    0.0006    0.0000    0.0000    0.0000  57.00
  58.00    1.2198+110    0.0000    0.0001    0.0000   -0.0000    0.0000    0.0006    0.0000    0.0000    0.0000  58.00
  59.00    1.1914+110   -0.0000   -0.0001    0.0000   -0.0000   -0.0000    0.0006    0.0000    0.0000    0.0000  59.00
  60.00    6.6481+109   -0.0002   -0.0003    0.0000   -0.0000   -0.0000    0.0006    0.0000    0.0000    0.0000  60.00
0Tot-sig   1.1601+111
1Inelastic  10Be(d,p)11Be Ex=1.60 QG UNB LMAX30 RMAX30 V7                  0/00/00
    THETA 109                              110                              111                              112   THETA cos(theta)
     0.00  |++++++++++++++++++++++++++++++++|++++++++++++++++++*+++++++++++++|++++++++++++++++++++++++++++++++|+    0.00    1.0000
     1.00  +                                                           *                                       +    1.00    0.9998
     2.00  +                                                                     *                             +    2.00    0.9994
     3.00  +                                                                         *                         +    3.00    0.9986
     4.00  +                                                                        *                          +    4.00    0.9976
     5.00  +                                                                   *                               +    5.00    0.9962
     6.00  +                                                      *                                            +    6.00    0.9945
     7.00  +                              *                                                                    +    7.00    0.9925
     8.00  +                                      *                                                            +    8.00    0.9903
     9.00  +                                                     *                                             +    9.00    0.9877
    10.00  +                                                          *                                        +   10.00    0.9848
    11.00  +                                                        *                                          +   11.00    0.9816
    12.00  +                                             *                                                     +   12.00    0.9781
    13.00  +                       *                                                                           +   13.00    0.9744
    14.00  +                            *                                                                      +   14.00    0.9703
    15.00  +                                             *                                                     +   15.00    0.9659
    16.00  +                                                   *                                               +   16.00    0.9613
    17.00  +                                                  *                                                +   17.00    0.9563
    18.00  +                                        *                                                          +   18.00    0.9511
    19.00  +                   *                                                                               +   19.00    0.9455
    20.00  +                      *                                                                            +   20.00    0.9397
    21.00  +                                        *                                                          +   21.00    0.9336
    22.00  +                                               *                                                   +   22.00    0.9272
    23.00  +                                              *                                                    +   23.00    0.9205
    24.00  +                                     *                                                             +   24.00    0.9135
    25.00  +                *                                                                                  +   25.00    0.9063
    26.00  +                  *                                                                                +   26.00    0.8988
    27.00  +                                    *                                                              +   27.00    0.8910
    28.00  +                                           *                                                       +   28.00    0.8829
    29.00  +                                           *                                                       +   29.00    0.8746
    30.00  +                                  *                                                                +   30.00    0.8660
    31.00  +             *                                                                                     +   31.00    0.8572
    32.00  +               *                                                                                   +   32.00    0.8480
    33.00  +                                  *                                                                +   33.00    0.8387
    34.00  +                                         *                                                         +   34.00    0.8290
    35.00  +                                        *                                                          +   35.00    0.8192
    36.00  +                               *                                                                   +   36.00    0.8090
    37.00  +           *                                                                                       +   37.00    0.7986
    38.00  +             *                                                                                     +   38.00    0.7880
    39.00  +                                *                                                                  +   39.00    0.7771
    40.00  +                                       *                                                           +   40.00    0.7660
    41.00  +                                      *                                                            +   41.00    0.7547
    42.00  +                              *                                                                    +   42.00    0.7431
    43.00  +         *                                                                                         +   43.00    0.7314
    44.00  +           *                                                                                       +   44.00    0.7193
    45.00  +                              *                                                                    +   45.00    0.7071
    46.00  +                                     *                                                             +   46.00    0.6947
    47.00  +                                     *                                                             +   47.00    0.6820
    48.00  +                            *                                                                      +   48.00    0.6691
    49.00  +        *                                                                                          +   49.00    0.6561
    50.00  +         *                                                                                         +   50.00    0.6428
    51.00  +                            *                                                                      +   51.00    0.6293
    52.00  +                                    *                                                              +   52.00    0.6157
    53.00  +                                    *                                                              +   53.00    0.6018
    54.00  +                           *                                                                       +   54.00    0.5878
    55.00  +       *                                                                                           +   55.00    0.5736
    56.00  +        *                                                                                          +   56.00    0.5592
    57.00  +                           *                                                                       +   57.00    0.5446
    58.00  +                                   *                                                               +   58.00    0.5299
    59.00  +                                   *                                                               +   59.00    0.5150
    60.00  |++++++++++++++++++++++++++*+++++|++++++++++++++++++++++++++++++++|++++++++++++++++++++++++++++++++|+   60.00    0.5000
    THETA 109                              110                              111                              112   THETA cos(theta)
1DWUCK4-DISTORTED WAVES U.COLORADO- PC-VERSION  12/Jan /1995
 Elapsed time in seconds =   0.00
 Elapsed time in seconds =   0.00
0CONTROL INTEGERS
  1 2 3 4 5 6 7 8 9 A B C D E F G H I J K    RUN IDENTIFICATION                                             0/00/00   0.00.00
  1 0 1 1 0 0 0 0 3 0 0 0 0 0 0 0 0 0 0 0    10Be(d,p)11Be Ex=1.80 QG UNB LMAX30 RMAX30 V7               
 10Be(d,p)11Be Ex=1.80 QG UNB LMAX30 RMAX30 V7               
 Adwck4 entered
0ANGLE DATA          THETN=  61.0000   THET1=   0.0000   DTHET=   1.0000   A-ANG=   0.0000   B-ANG=   0.0000
0CARD SET 3 DATA     LMAX =  30          LTR=   1
                     NLTR =   1        2*JTR=   3
0CARD SET 4 DATA     DRF  =   0.1000   RZ   =   0.0000   RMAX = -30.0000   VCE  =   0.0000   FNRNG=   0.0000
                     AMASS=   0.8000
 PARTICLE DATA 
0PARTICLE 1*******************************************************************************************************************
 INPUT DATA          ELAB =  17.4000   RC0  =   1.3030   AC   =   0.0000   2*STR=   2.0000
                     MASSP=   2.0000   MASST=  10.0000   Q    =   0.0000
                     ZP   =   1.0000   ZT   =   4.0000   PNLOC=   2.0000
 
 DERIVED DATA        ECM  =  14.5000   RC   =   2.8072   RHO  =   3.0186
                     K    =   1.0753   ETA  =   0.2136   DR   =   0.0080
0POTENTIAL PARAMETERS
 NX=1 VOLUME  W-S    V RL = -88.7440   R0RL =   1.1480   A RL =   0.7460   R RL =   2.4733   VSOR =   0.0000
                     V IM =  -2.1860   R0IM =   1.3510   A IM =   0.6400   R IM =   2.9106   VSOI =   0.0000   POWR =   0.0000
 NX=2 SURFACE W-S    V RL =   0.0000   R0RL =   0.0000   A RL =   0.0000   R RL =   0.0000   VSOR =   0.0000
                     V IM =  27.3930   R0IM =   1.4050   A IM =   0.6650   R IM =   3.0270   VSOI =   0.0000   POWR =   0.0000
 NX=4 L*S VOLUME     V RL = -14.2280   R0RL =   0.9720   A RL =   1.0110   R RL =   2.0941   VSOR =   0.0000
                     V IM =   0.0000   R0IM =   0.0000   A IM =   0.0000   R IM =   0.0000   VSOI =   0.0000   POWR =   0.0000
0PARTICLE 2*******************************************************************************************************************
 INPUT DATA          ELAB =  11.9771   RC0  =   1.5780   AC   =   0.0000   2*STR=   1.0000
                     MASSP=   1.0000   MASST=  11.0000   Q    =  -3.5210
                     ZP   =   1.0000   ZT   =   4.0000   PNLOC=   1.0000
 
 DERIVED DATA        ECM  =  10.9790   RC   =   3.5094   RHO  =   2.4353
                     K    =   0.6939   ETA  =   0.1820   DR   =   0.0073
0POTENTIAL PARAMETERS
 NX=1 VOLUME  W-S    V RL = -56.2800   R0RL =   1.1220   A RL =   0.6760   R RL =   2.4953   VSOR =   0.0000
                     V IM =  -1.1170   R0IM =   1.1220   A IM =   0.6760   R IM =   2.4953   VSOI =   0.0000   POWR =   0.0000
 NX=2 SURFACE W-S    V RL =   0.0000   R0RL =   0.0000   A RL =   0.0000   R RL =   0.0000   VSOR =   0.0000
                     V IM =  20.7710   R0IM =   1.3070   A IM =   0.5240   R IM =   2.9067   VSOI =   0.0000   POWR =   0.0000
 NX=4 L*S VOLUME     V RL = -21.8760   R0RL =   0.8940   A RL =   0.5900   R RL =   1.9882   VSOR =   0.0000
                     V IM =   0.8640   R0IM =   0.8940   A IM =   0.5900   R IM =   1.9882   VSOI =   0.0000   POWR =   0.0000
110Be(d,p)11Be Ex=1.80 QG UNB LMAX30 RMAX30 V7                  0/ 0/ 0
0FORM FACTOR DATA 
0PARTICLE 3*******************************************************************************************************************
 INPUT DATA          ELAB =   1.2960   RC0  =   1.3000   AC   =   0.0000   2*STR=   1.0000
                     MASSP=   1.0000   MASST=  10.0000   Q    =   1.2960
                     ZP   =   0.0000   ZT   =   4.0000   PNLOC=   1.0000
 
 DERIVED DATA        ECM  =   1.2960   RC   =   2.8008   RHO  =   0.6650
                     K    =   0.2374   ETA  =   0.0000   DR   =   0.0080
0POTENTIAL PARAMETERS
 NX=1 VOLUME  W-S    V RL =   1.0000   R0RL =   1.2500   A RL =   0.6500   R RL =   2.6930   VSOR =  24.0000
                     V IM =   1.1000   R0IM =   0.6500   A IM =   0.0000   R IM =   1.4004   VSOI =   0.0000   POWR =   0.0000
 
                     NODES=   0.0000   L    =   1.0000   2*J  =   3.0000   2*S  =   1.0000   FISW =   2.0000
 
                     COSD =  9.9991E-01               SIND = -1.3476E-02
                     V    =  28.3480   DET  =   0.0000   NODES=   0.0000   RM   =   2.6930   E    =   1.2960   ITER.=   0
0Non-locality correction is applied, parameter =   2.000
0Non-locality correction is applied, parameter =   1.000
0*****  Warning *****  LMAX too large for reliable calculation of unbound stripping or coulomb excitation cases.  Increase RMAX 
0                    LMAX =  30        NSTEP= 300        NLTR =   1
 Bdwck4 entered
   Subroutine INTEG  entered
0REACSIG 1   2.04884E+01                                             REACSIG 2   9.57866E+00
   Subroutine RADINT entered
110Be(d,p)11Be Ex=1.80 QG UNB LMAX30 RMAX30 V7                  0/00/00
0BASIC DATA          DR   =   0.1000   RMIN =   0.0000   RMAX =  30.0000   COUEX=   0.0000     IS1=   1.0000
                     FNRNG=   0.0000   PNLC1=   2.0000   PNLC2=   1.0000   PNLC3=   1.0000     IS2=   0.5000
 ANG MOM TRANSFER    LTR  =   1.       2*JTR=   3.       2*STR=   1.       Q    =  -3.5210
   Subroutine INSIG  entered
0 Theta Inelsig,fm**2      Polz       Asy       Ayy       A22       A21       A20       T22       T21       T20  Theta
   0.00    5.8544+110    0.0000    0.0000    0.0000    0.0000    0.0000    0.0006    0.0000    0.0000    0.0000   0.00
   1.00    9.9753+110    0.0003    0.0006    0.0000   -0.0000    0.0000    0.0006    0.0000    0.0000    0.0000   1.00
   2.00    1.9048+111    0.0002    0.0004    0.0000   -0.0000    0.0000    0.0006    0.0000    0.0000    0.0000   2.00
   3.00    2.5839+111    0.0001    0.0003    0.0000   -0.0000    0.0000    0.0006    0.0000    0.0000    0.0000   3.00
   4.00    2.4890+111    0.0000    0.0001    0.0000   -0.0000    0.0000    0.0006    0.0000    0.0000    0.0000   4.00
   5.00    1.6647+111   -0.0000   -0.0001    0.0000   -0.0000    0.0000    0.0006    0.0000    0.0000    0.0000   5.00
   6.00    6.7393+110   -0.0002   -0.0003    0.0000   -0.0000    0.0000    0.0006    0.0000    0.0000    0.0000   6.00
   7.00    1.2828+110   -0.0003   -0.0005    0.0000   -0.0000    0.0000    0.0006    0.0000    0.0000    0.0000   7.00
   8.00    2.2295+110    0.0003    0.0006    0.0000   -0.0000    0.0000    0.0006    0.0000    0.0000    0.0000   8.00
   9.00    6.4938+110    0.0001    0.0003    0.0000   -0.0000    0.0000    0.0006    0.0000    0.0000    0.0000   9.00
  10.00    9.1657+110    0.0000    0.0001    0.0000   -0.0000    0.0000    0.0006    0.0000    0.0000    0.0000  10.00
  11.00    7.7394+110   -0.0000   -0.0001    0.0000   -0.0000    0.0000    0.0006    0.0000    0.0000    0.0000  11.00
  12.00    3.7561+110   -0.0002   -0.0003    0.0000   -0.0000    0.0000    0.0006    0.0000    0.0000    0.0000  12.00
  13.00    8.1665+109   -0.0003   -0.0006    0.0000   -0.0000    0.0000    0.0006    0.0000    0.0000    0.0000  13.00
  14.00    1.1185+110    0.0003    0.0006    0.0000   -0.0000    0.0000    0.0006    0.0000    0.0000    0.0000  14.00
  15.00    3.6909+110    0.0001    0.0003    0.0000   -0.0000    0.0000    0.0006    0.0000    0.0000    0.0000  15.00
  16.00    5.6651+110    0.0000    0.0001    0.0000   -0.0000    0.0000    0.0006    0.0000    0.0000    0.0000  16.00
  17.00    5.0943+110   -0.0000   -0.0001    0.0000   -0.0000    0.0000    0.0006    0.0000    0.0000    0.0000  17.00
  18.00    2.6206+110   -0.0002   -0.0003    0.0000   -0.0000    0.0000    0.0006    0.0000    0.0000    0.0000  18.00
  19.00    6.0087+109   -0.0003   -0.0006    0.0000   -0.0000   -0.0000    0.0006    0.0000    0.0000    0.0000  19.00
  20.00    7.4769+109    0.0003    0.0006    0.0000   -0.0000    0.0000    0.0006    0.0000    0.0000    0.0000  20.00
  21.00    2.5956+110    0.0001    0.0003    0.0000   -0.0000    0.0000    0.0006    0.0000    0.0000    0.0000  21.00
  22.00    4.1343+110    0.0000    0.0001    0.0000   -0.0000    0.0000    0.0006    0.0000    0.0000    0.0000  22.00
  23.00    3.8297+110   -0.0000   -0.0001    0.0000   -0.0000    0.0000    0.0006    0.0000    0.0000    0.0000  23.00
  24.00    2.0281+110   -0.0002   -0.0003    0.0000   -0.0000    0.0000    0.0006    0.0000    0.0000    0.0000  24.00
  25.00    4.7853+109   -0.0003   -0.0006    0.0000   -0.0000   -0.0000    0.0006    0.0000    0.0000    0.0000  25.00
  26.00    5.6561+109    0.0003    0.0006    0.0000   -0.0000    0.0000    0.0006    0.0000    0.0000    0.0000  26.00
  27.00    2.0185+110    0.0001    0.0003    0.0000   -0.0000    0.0000    0.0006    0.0000    0.0000    0.0000  27.00
  28.00    3.2837+110    0.0000    0.0001    0.0000   -0.0000    0.0000    0.0006    0.0000    0.0000    0.0000  28.00
  29.00    3.0953+110   -0.0000   -0.0001    0.0000   -0.0000    0.0000    0.0006    0.0000    0.0000    0.0000  29.00
  30.00    1.6683+110   -0.0002   -0.0003    0.0000   -0.0000    0.0000    0.0006    0.0000    0.0000    0.0000  30.00
  31.00    4.0081+109   -0.0003   -0.0006    0.0000   -0.0000    0.0000    0.0006    0.0000    0.0000    0.0000  31.00
  32.00    4.5884+109    0.0003    0.0006    0.0000   -0.0000    0.0000    0.0006    0.0000    0.0000    0.0000  32.00
  33.00    1.6664+110    0.0002    0.0003    0.0000   -0.0000    0.0000    0.0006    0.0000    0.0000    0.0000  33.00
  34.00    2.7486+110    0.0000    0.0001    0.0000   -0.0000    0.0000    0.0006    0.0000    0.0000    0.0000  34.00
  35.00    2.6212+110   -0.0000   -0.0001    0.0000   -0.0000    0.0000    0.0006    0.0000    0.0000    0.0000  35.00
  36.00    1.4298+110   -0.0001   -0.0003    0.0000   -0.0000    0.0000    0.0006    0.0000    0.0000    0.0000  36.00
  37.00    3.4782+109   -0.0003   -0.0006    0.0000   -0.0000    0.0000    0.0006    0.0000    0.0000    0.0000  37.00
  38.00    3.8963+109    0.0003    0.0006    0.0000   -0.0000    0.0000    0.0006    0.0000    0.0000    0.0000  38.00
  39.00    1.4325+110    0.0002    0.0003    0.0000   -0.0000    0.0000    0.0006    0.0000    0.0000    0.0000  39.00
  40.00    2.3860+110    0.0000    0.0001    0.0000   -0.0000    0.0000    0.0006    0.0000    0.0000    0.0000  40.00
  41.00    2.2946+110   -0.0000   -0.0001    0.0000   -0.0000    0.0000    0.0006    0.0000    0.0000    0.0000  41.00
  42.00    1.2626+110   -0.0001   -0.0003    0.0000   -0.0000    0.0000    0.0006    0.0000    0.0000    0.0000  42.00
  43.00    3.1001+109   -0.0003   -0.0006    0.0000   -0.0000    0.0000    0.0006    0.0000    0.0000    0.0000  43.00
  44.00    3.4190+109    0.0003    0.0006    0.0000   -0.0000    0.0000    0.0006    0.0000    0.0000    0.0000  44.00
  45.00    1.2685+110    0.0002    0.0003    0.0000   -0.0000    0.0000    0.0006    0.0000    0.0000    0.0000  45.00
  46.00    2.1286+110    0.0000    0.0001    0.0000   -0.0000    0.0000    0.0006    0.0000    0.0000    0.0000  46.00
  47.00    2.0603+110   -0.0000   -0.0001    0.0000   -0.0000    0.0000    0.0006    0.0000    0.0000    0.0000  47.00
  48.00    1.1413+110   -0.0001   -0.0003    0.0000   -0.0000    0.0000    0.0006    0.0000    0.0000    0.0000  48.00
  49.00    2.8225+109   -0.0003   -0.0006    0.0000   -0.0000    0.0000    0.0006    0.0000    0.0000    0.0000  49.00
  50.00    3.0767+109    0.0003    0.0006    0.0000   -0.0000    0.0000    0.0006    0.0000    0.0000    0.0000  50.00
  51.00    1.1496+110    0.0002    0.0003    0.0000   -0.0000    0.0000    0.0006    0.0000    0.0000    0.0000  51.00
  52.00    1.9405+110    0.0000    0.0001    0.0000   -0.0000    0.0000    0.0006    0.0000    0.0000    0.0000  52.00
  53.00    1.8879+110   -0.0000   -0.0001    0.0000   -0.0000    0.0000    0.0006    0.0000    0.0000    0.0000  53.00
  54.00    1.0515+110   -0.0001   -0.0003    0.0000   -0.0000   -0.0000    0.0006    0.0000    0.0000    0.0000  54.00
  55.00    2.6156+109   -0.0003   -0.0006    0.0000   -0.0000    0.0000    0.0006    0.0000    0.0000    0.0000  55.00
  56.00    2.8258+109    0.0003    0.0006    0.0000   -0.0000    0.0000    0.0006    0.0000    0.0000    0.0000  56.00
  57.00    1.0619+110    0.0002    0.0003    0.0000   -0.0000    0.0000    0.0006    0.0000    0.0000    0.0000  57.00
  58.00    1.8011+110    0.0000    0.0001    0.0000   -0.0000    0.0000    0.0006    0.0000    0.0000    0.0000  58.00
  59.00    1.7598+110   -0.0000   -0.0001    0.0000   -0.0000   -0.0000    0.0006    0.0000    0.0000    0.0000  59.00
  60.00    9.8450+109   -0.0001   -0.0003    0.0000   -0.0000   -0.0000    0.0006    0.0000    0.0000    0.0000  60.00
0Tot-sig   1.7161+111
1Inelastic  10Be(d,p)11Be Ex=1.80 QG UNB LMAX30 RMAX30 V7                  0/00/00
    THETA 109                              110                              111                              112   THETA cos(theta)
     0.00  |++++++++++++++++++++++++++++++++|++++++++++++++++++++++++*+++++++|++++++++++++++++++++++++++++++++|+    0.00    1.0000
     1.00  +                                                                 *                                 +    1.00    0.9998
     2.00  +                                                                          *                        +    2.00    0.9994
     3.00  +                                                                               *                   +    3.00    0.9986
     4.00  +                                                                              *                    +    4.00    0.9976
     5.00  +                                                                        *                          +    5.00    0.9962
     6.00  +                                                           *                                       +    6.00    0.9945
     7.00  +                                    *                                                              +    7.00    0.9925
     8.00  +                                           *                                                       +    8.00    0.9903
     9.00  +                                                           *                                       +    9.00    0.9877
    10.00  +                                                                *                                  +   10.00    0.9848
    11.00  +                                                             *                                     +   11.00    0.9816
    12.00  +                                                   *                                               +   12.00    0.9781
    13.00  +                             *                                                                     +   13.00    0.9744
    14.00  +                                  *                                                                +   14.00    0.9703
    15.00  +                                                   *                                               +   15.00    0.9659
    16.00  +                                                         *                                         +   16.00    0.9613
    17.00  +                                                       *                                           +   17.00    0.9563
    18.00  +                                              *                                                    +   18.00    0.9511
    19.00  +                         *                                                                         +   19.00    0.9455
    20.00  +                            *                                                                      +   20.00    0.9397
    21.00  +                                              *                                                    +   21.00    0.9336
    22.00  +                                                    *                                              +   22.00    0.9272
    23.00  +                                                   *                                               +   23.00    0.9205
    24.00  +                                          *                                                        +   24.00    0.9135
    25.00  +                     *                                                                             +   25.00    0.9063
    26.00  +                        *                                                                          +   26.00    0.8988
    27.00  +                                          *                                                        +   27.00    0.8910
    28.00  +                                                 *                                                 +   28.00    0.8829
    29.00  +                                                *                                                  +   29.00    0.8746
    30.00  +                                       *                                                           +   30.00    0.8660
    31.00  +                   *                                                                               +   31.00    0.8572
    32.00  +                     *                                                                             +   32.00    0.8480
    33.00  +                                       *                                                           +   33.00    0.8387
    34.00  +                                              *                                                    +   34.00    0.8290
    35.00  +                                              *                                                    +   35.00    0.8192
    36.00  +                                     *                                                             +   36.00    0.8090
    37.00  +                 *                                                                                 +   37.00    0.7986
    38.00  +                  *                                                                                +   38.00    0.7880
    39.00  +                                     *                                                             +   39.00    0.7771
    40.00  +                                            *                                                      +   40.00    0.7660
    41.00  +                                            *                                                      +   41.00    0.7547
    42.00  +                                   *                                                               +   42.00    0.7431
    43.00  +               *                                                                                   +   43.00    0.7314
    44.00  +                 *                                                                                 +   44.00    0.7193
    45.00  +                                   *                                                               +   45.00    0.7071
    46.00  +                                           *                                                       +   46.00    0.6947
    47.00  +                                          *                                                        +   47.00    0.6820
    48.00  +                                  *                                                                +   48.00    0.6691
    49.00  +              *                                                                                    +   49.00    0.6561
    50.00  +               *                                                                                   +   50.00    0.6428
    51.00  +                                  *                                                                +   51.00    0.6293
    52.00  +                                          *                                                        +   52.00    0.6157
    53.00  +                                         *                                                         +   53.00    0.6018
    54.00  +                                 *                                                                 +   54.00    0.5878
    55.00  +             *                                                                                     +   55.00    0.5736
    56.00  +              *                                                                                    +   56.00    0.5592
    57.00  +                                 *                                                                 +   57.00    0.5446
    58.00  +                                        *                                                          +   58.00    0.5299
    59.00  +                                        *                                                          +   59.00    0.5150
    60.00  |++++++++++++++++++++++++++++++++*++++++++++++++++++++++++++++++++|++++++++++++++++++++++++++++++++|+   60.00    0.5000
    THETA 109                              110                              111                              112   THETA cos(theta)
1DWUCK4-DISTORTED WAVES U.COLORADO- PC-VERSION  12/Jan /1995
 Elapsed time in seconds =   0.00
 Elapsed time in seconds =   0.00
0CONTROL INTEGERS
  1 2 3 4 5 6 7 8 9 A B C D E F G H I J K    RUN IDENTIFICATION                                             0/00/00   0.00.00
  1 0 1 1 0 0 0 0 3 0 0 0 0 0 0 0 0 0 0 0    10Be(d,p)11Be Ex=2.00 QG UNB LMAX30 RMAX30 V7               
 10Be(d,p)11Be Ex=2.00 QG UNB LMAX30 RMAX30 V7               
 Adwck4 entered
0ANGLE DATA          THETN=  61.0000   THET1=   0.0000   DTHET=   1.0000   A-ANG=   0.0000   B-ANG=   0.0000
0CARD SET 3 DATA     LMAX =  30          LTR=   1
                     NLTR =   1        2*JTR=   3
0CARD SET 4 DATA     DRF  =   0.1000   RZ   =   0.0000   RMAX = -30.0000   VCE  =   0.0000   FNRNG=   0.0000
                     AMASS=   0.8000
 PARTICLE DATA 
0PARTICLE 1*******************************************************************************************************************
 INPUT DATA          ELAB =  17.4000   RC0  =   1.3030   AC   =   0.0000   2*STR=   2.0000
                     MASSP=   2.0000   MASST=  10.0000   Q    =   0.0000
                     ZP   =   1.0000   ZT   =   4.0000   PNLOC=   2.0000
 
 DERIVED DATA        ECM  =  14.5000   RC   =   2.8072   RHO  =   3.0186
                     K    =   1.0753   ETA  =   0.2136   DR   =   0.0080
0POTENTIAL PARAMETERS
 NX=1 VOLUME  W-S    V RL = -88.7440   R0RL =   1.1480   A RL =   0.7460   R RL =   2.4733   VSOR =   0.0000
                     V IM =  -2.1860   R0IM =   1.3510   A IM =   0.6400   R IM =   2.9106   VSOI =   0.0000   POWR =   0.0000
 NX=2 SURFACE W-S    V RL =   0.0000   R0RL =   0.0000   A RL =   0.0000   R RL =   0.0000   VSOR =   0.0000
                     V IM =  27.3930   R0IM =   1.4050   A IM =   0.6650   R IM =   3.0270   VSOI =   0.0000   POWR =   0.0000
 NX=4 L*S VOLUME     V RL = -14.2280   R0RL =   0.9720   A RL =   1.0110   R RL =   2.0941   VSOR =   0.0000
                     V IM =   0.0000   R0IM =   0.0000   A IM =   0.0000   R IM =   0.0000   VSOI =   0.0000   POWR =   0.0000
0PARTICLE 2*******************************************************************************************************************
 INPUT DATA          ELAB =  11.7589   RC0  =   1.5780   AC   =   0.0000   2*STR=   1.0000
                     MASSP=   1.0000   MASST=  11.0000   Q    =  -3.7210
                     ZP   =   1.0000   ZT   =   4.0000   PNLOC=   1.0000
 
 DERIVED DATA        ECM  =  10.7790   RC   =   3.5094   RHO  =   2.4130
                     K    =   0.6876   ETA  =   0.1837   DR   =   0.0073
0POTENTIAL PARAMETERS
 NX=1 VOLUME  W-S    V RL = -56.2800   R0RL =   1.1220   A RL =   0.6760   R RL =   2.4953   VSOR =   0.0000
                     V IM =  -1.1170   R0IM =   1.1220   A IM =   0.6760   R IM =   2.4953   VSOI =   0.0000   POWR =   0.0000
 NX=2 SURFACE W-S    V RL =   0.0000   R0RL =   0.0000   A RL =   0.0000   R RL =   0.0000   VSOR =   0.0000
                     V IM =  20.7710   R0IM =   1.3070   A IM =   0.5240   R IM =   2.9067   VSOI =   0.0000   POWR =   0.0000
 NX=4 L*S VOLUME     V RL = -21.8760   R0RL =   0.8940   A RL =   0.5900   R RL =   1.9882   VSOR =   0.0000
                     V IM =   0.8640   R0IM =   0.8940   A IM =   0.5900   R IM =   1.9882   VSOI =   0.0000   POWR =   0.0000
110Be(d,p)11Be Ex=2.00 QG UNB LMAX30 RMAX30 V7                  0/ 0/ 0
0FORM FACTOR DATA 
0PARTICLE 3*******************************************************************************************************************
 INPUT DATA          ELAB =   1.4960   RC0  =   1.3000   AC   =   0.0000   2*STR=   1.0000
                     MASSP=   1.0000   MASST=  10.0000   Q    =   1.4960
                     ZP   =   0.0000   ZT   =   4.0000   PNLOC=   1.0000
 
 DERIVED DATA        ECM  =   1.4960   RC   =   2.8008   RHO  =   0.7144
                     K    =   0.2551   ETA  =   0.0000   DR   =   0.0080
0POTENTIAL PARAMETERS
 NX=1 VOLUME  W-S    V RL =   1.0000   R0RL =   1.2500   A RL =   0.6500   R RL =   2.6930   VSOR =  24.0000
                     V IM =   1.1000   R0IM =   0.6500   A IM =   0.0000   R IM =   1.4004   VSOI =   0.0000   POWR =   0.0000
 
                     NODES=   0.0000   L    =   1.0000   2*J  =   3.0000   2*S  =   1.0000   FISW =   2.0000
 
                     COSD =  9.9986E-01               SIND = -1.6521E-02
                     V    =  28.3480   DET  =   0.0000   NODES=   0.0000   RM   =   2.6930   E    =   1.4960   ITER.=   0
0Non-locality correction is applied, parameter =   2.000
0Non-locality correction is applied, parameter =   1.000
0*****  Warning *****  LMAX too large for reliable calculation of unbound stripping or coulomb excitation cases.  Increase RMAX 
0                    LMAX =  30        NSTEP= 300        NLTR =   1
 Bdwck4 entered
   Subroutine INTEG  entered
0REACSIG 1   2.04884E+01                                             REACSIG 2   9.84526E+00
   Subroutine RADINT entered
110Be(d,p)11Be Ex=2.00 QG UNB LMAX30 RMAX30 V7                  0/00/00
0BASIC DATA          DR   =   0.1000   RMIN =   0.0000   RMAX =  30.0000   COUEX=   0.0000     IS1=   1.0000
                     FNRNG=   0.0000   PNLC1=   2.0000   PNLC2=   1.0000   PNLC3=   1.0000     IS2=   0.5000
 ANG MOM TRANSFER    LTR  =   1.       2*JTR=   3.       2*STR=   1.       Q    =  -3.7210
   Subroutine INSIG  entered
0 Theta Inelsig,fm**2      Polz       Asy       Ayy       A22       A21       A20       T22       T21       T20  Theta
   0.00    1.3772+109    0.0000    0.0000    0.0000    0.0000    0.0000    0.0006    0.0000    0.0000    0.0000   0.00
   1.00    2.3746+109    0.0003    0.0006    0.0000   -0.0000    0.0000    0.0006    0.0000    0.0000    0.0000   1.00
   2.00    4.5712+109    0.0002    0.0004    0.0000   -0.0000    0.0000    0.0006    0.0000    0.0000    0.0000   2.00
   3.00    6.2168+109    0.0001    0.0002    0.0000   -0.0000    0.0000    0.0006    0.0000    0.0000    0.0000   3.00
   4.00    5.9918+109    0.0000    0.0001    0.0000   -0.0000    0.0000    0.0006    0.0000    0.0000    0.0000   4.00
   5.00    4.0041+109   -0.0000   -0.0001    0.0000   -0.0000    0.0000    0.0006    0.0000    0.0000    0.0000   5.00
   6.00    1.6153+109   -0.0002   -0.0003    0.0000   -0.0000    0.0000    0.0006    0.0000    0.0000    0.0000   6.00
   7.00    3.0238+108   -0.0003   -0.0005    0.0000   -0.0000    0.0000    0.0006    0.0000    0.0000    0.0000   7.00
   8.00    5.3503+108    0.0003    0.0005    0.0000   -0.0000    0.0000    0.0006    0.0000    0.0000    0.0000   8.00
   9.00    1.5657+109    0.0001    0.0003    0.0000   -0.0000    0.0000    0.0006    0.0000    0.0000    0.0000   9.00
  10.00    2.2085+109    0.0000    0.0001    0.0000   -0.0000    0.0000    0.0006    0.0000    0.0000    0.0000  10.00
  11.00    1.8611+109   -0.0000   -0.0001    0.0000   -0.0000    0.0000    0.0006    0.0000    0.0000    0.0000  11.00
  12.00    8.9878+108   -0.0002   -0.0003    0.0000   -0.0000    0.0000    0.0006    0.0000    0.0000    0.0000  12.00
  13.00    1.9217+108   -0.0003   -0.0006    0.0000   -0.0000    0.0000    0.0006    0.0000    0.0000    0.0000  13.00
  14.00    2.6936+108    0.0003    0.0005    0.0000   -0.0000    0.0000    0.0006    0.0000    0.0000    0.0000  14.00
  15.00    8.9224+108    0.0001    0.0003    0.0000   -0.0000    0.0000    0.0006    0.0000    0.0000    0.0000  15.00
  16.00    1.3667+109    0.0000    0.0001    0.0000   -0.0000    0.0000    0.0006    0.0000    0.0000    0.0000  16.00
  17.00    1.2250+109   -0.0000   -0.0001    0.0000   -0.0000    0.0000    0.0006    0.0000    0.0000    0.0000  17.00
  18.00    6.2618+108   -0.0002   -0.0003    0.0000   -0.0000    0.0000    0.0006    0.0000    0.0000    0.0000  18.00
  19.00    1.4102+108   -0.0003   -0.0006    0.0000   -0.0000   -0.0000    0.0006    0.0000    0.0000    0.0000  19.00
  20.00    1.8085+108    0.0002    0.0005    0.0000   -0.0000    0.0000    0.0006    0.0000    0.0000    0.0000  20.00
  21.00    6.2923+108    0.0001    0.0003    0.0000   -0.0000    0.0000    0.0006    0.0000    0.0000    0.0000  21.00
  22.00    9.9882+108    0.0000    0.0001    0.0000   -0.0000    0.0000    0.0006    0.0000    0.0000    0.0000  22.00
  23.00    9.2117+108   -0.0000   -0.0001    0.0000   -0.0000    0.0000    0.0006    0.0000    0.0000    0.0000  23.00
  24.00    4.8408+108   -0.0002   -0.0003    0.0000   -0.0000    0.0000    0.0006    0.0000    0.0000    0.0000  24.00
  25.00    1.1202+108   -0.0003   -0.0006    0.0000   -0.0000   -0.0000    0.0006    0.0000    0.0000    0.0000  25.00
  26.00    1.3745+108    0.0002    0.0005    0.0000   -0.0000    0.0000    0.0006    0.0000    0.0000    0.0000  26.00
  27.00    4.9081+108    0.0001    0.0003    0.0000   -0.0000    0.0000    0.0006    0.0000    0.0000    0.0000  27.00
  28.00    7.9463+108    0.0000    0.0001    0.0000   -0.0000    0.0000    0.0006    0.0000    0.0000    0.0000  28.00
  29.00    7.4495+108   -0.0000   -0.0001    0.0000   -0.0000    0.0000    0.0006    0.0000    0.0000    0.0000  29.00
  30.00    3.9790+108   -0.0002   -0.0003    0.0000   -0.0000    0.0000    0.0006    0.0000    0.0000    0.0000  30.00
  31.00    9.3605+107   -0.0003   -0.0007    0.0000   -0.0000    0.0000    0.0006    0.0000    0.0000    0.0000  31.00
  32.00    1.1204+108    0.0002    0.0005    0.0000   -0.0000    0.0000    0.0006    0.0000    0.0000    0.0000  32.00
  33.00    4.0648+108    0.0001    0.0003    0.0000   -0.0000    0.0000    0.0006    0.0000    0.0000    0.0000  33.00
  34.00    6.6637+108    0.0000    0.0001    0.0000   -0.0000    0.0000    0.0006    0.0000    0.0000    0.0000  34.00
  35.00    6.3137+108   -0.0000   -0.0001    0.0000   -0.0000    0.0000    0.0006    0.0000    0.0000    0.0000  35.00
  36.00    3.4086+108   -0.0002   -0.0003    0.0000   -0.0000    0.0000    0.0006    0.0000    0.0000    0.0000  36.00
  37.00    8.1075+107   -0.0003   -0.0007    0.0000   -0.0000    0.0000    0.0006    0.0000    0.0000    0.0000  37.00
  38.00    9.5597+107    0.0002    0.0004    0.0000   -0.0000    0.0000    0.0006    0.0000    0.0000    0.0000  38.00
  39.00    3.5055+108    0.0001    0.0002    0.0000   -0.0000    0.0000    0.0006    0.0000    0.0000    0.0000  39.00
  40.00    5.7964+108    0.0000    0.0001    0.0000   -0.0000    0.0000    0.0006    0.0000    0.0000    0.0000  40.00
  41.00    5.5331+108   -0.0001   -0.0001    0.0000   -0.0000    0.0000    0.0006    0.0000    0.0000    0.0000  41.00
  42.00    3.0099+108   -0.0002   -0.0003    0.0000   -0.0000    0.0000    0.0006    0.0000    0.0000    0.0000  42.00
  43.00    7.2157+107   -0.0003   -0.0007    0.0000   -0.0000    0.0000    0.0006    0.0000    0.0000    0.0000  43.00
  44.00    8.4289+107    0.0002    0.0004    0.0000   -0.0000    0.0000    0.0006    0.0000    0.0000    0.0000  44.00
  45.00    3.1144+108    0.0001    0.0002    0.0000   -0.0000    0.0000    0.0006    0.0000    0.0000    0.0000  45.00
  46.00    5.1823+108    0.0000    0.0001    0.0000   -0.0000    0.0000    0.0006    0.0000    0.0000    0.0000  46.00
  47.00    4.9746+108   -0.0001   -0.0001    0.0000   -0.0000    0.0000    0.0006    0.0000    0.0000    0.0000  47.00
  48.00    2.7215+108   -0.0002   -0.0003    0.0000   -0.0000    0.0000    0.0006    0.0000    0.0000    0.0000  48.00
  49.00    6.5632+107   -0.0004   -0.0007    0.0000   -0.0000    0.0000    0.0006    0.0000    0.0000    0.0000  49.00
  50.00    7.6208+107    0.0002    0.0004    0.0000   -0.0000    0.0000    0.0006    0.0000    0.0000    0.0000  50.00
  51.00    2.8320+108    0.0001    0.0002    0.0000   -0.0000    0.0000    0.0006    0.0000    0.0000    0.0000  51.00
  52.00    4.7354+108    0.0000    0.0001    0.0000   -0.0000    0.0000    0.0006    0.0000    0.0000    0.0000  52.00
  53.00    4.5655+108   -0.0001   -0.0001    0.0000   -0.0000    0.0000    0.0006    0.0000    0.0000    0.0000  53.00
  54.00    2.5089+108   -0.0002   -0.0003    0.0000   -0.0000   -0.0000    0.0006    0.0000    0.0000    0.0000  54.00
  55.00    6.0790+107   -0.0004   -0.0007    0.0000   -0.0000    0.0000    0.0006    0.0000    0.0000    0.0000  55.00
  56.00    7.0310+107    0.0002    0.0004    0.0000   -0.0000    0.0000    0.0006    0.0000    0.0000    0.0000  56.00
  57.00    2.6247+108    0.0001    0.0002    0.0000   -0.0000    0.0000    0.0006    0.0000    0.0000    0.0000  57.00
  58.00    4.4060+108    0.0000    0.0001    0.0000   -0.0000    0.0000    0.0006    0.0000    0.0000    0.0000  58.00
  59.00    4.2632+108   -0.0001   -0.0001    0.0000   -0.0000   -0.0000    0.0006    0.0000    0.0000    0.0000  59.00
  60.00    2.3514+108   -0.0002   -0.0003    0.0000   -0.0000   -0.0000    0.0006    0.0000    0.0000    0.0000  60.00
0Tot-sig   4.2258+109
1Inelastic  10Be(d,p)11Be Ex=2.00 QG UNB LMAX30 RMAX30 V7                  0/00/00
    THETA 107                              108                              109                              110   THETA cos(theta)
     0.00  |++++++++++++++++++++++++++++++++|++++++++++++++++++++++++++++++++|++++*+++++++++++++++++++++++++++|+    0.00    1.0000
     1.00  +                                                                             *                     +    1.00    0.9998
     2.00  +                                                                                       *           +    2.00    0.9994
     3.00  +                                                                                           *       +    3.00    0.9986
     4.00  +                                                                                           *       +    4.00    0.9976
     5.00  +                                                                                     *             +    5.00    0.9962
     6.00  +                                                                        *                          +    6.00    0.9945
     7.00  +                                                *                                                  +    7.00    0.9925
     8.00  +                                                        *                                          +    8.00    0.9903
     9.00  +                                                                       *                           +    9.00    0.9877
    10.00  +                                                                            *                      +   10.00    0.9848
    11.00  +                                                                          *                        +   11.00    0.9816
    12.00  +                                                               *                                   +   12.00    0.9781
    13.00  +                                         *                                                         +   13.00    0.9744
    14.00  +                                              *                                                    +   14.00    0.9703
    15.00  +                                                               *                                   +   15.00    0.9659
    16.00  +                                                                     *                             +   16.00    0.9613
    17.00  +                                                                    *                              +   17.00    0.9563
    18.00  +                                                          *                                        +   18.00    0.9511
    19.00  +                                     *                                                             +   19.00    0.9455
    20.00  +                                        *                                                          +   20.00    0.9397
    21.00  +                                                          *                                        +   21.00    0.9336
    22.00  +                                                                 *                                 +   22.00    0.9272
    23.00  +                                                                *                                  +   23.00    0.9205
    24.00  +                                                       *                                           +   24.00    0.9135
    25.00  +                                  *                                                                +   25.00    0.9063
    26.00  +                                     *                                                             +   26.00    0.8988
    27.00  +                                                       *                                           +   27.00    0.8910
    28.00  +                                                              *                                    +   28.00    0.8829
    29.00  +                                                             *                                     +   29.00    0.8746
    30.00  +                                                    *                                              +   30.00    0.8660
    31.00  +                               *                                                                   +   31.00    0.8572
    32.00  +                                  *                                                                +   32.00    0.8480
    33.00  +                                                    *                                              +   33.00    0.8387
    34.00  +                                                           *                                       +   34.00    0.8290
    35.00  +                                                          *                                        +   35.00    0.8192
    36.00  +                                                  *                                                +   36.00    0.8090
    37.00  +                             *                                                                     +   37.00    0.7986
    38.00  +                               *                                                                   +   38.00    0.7880
    39.00  +                                                  *                                                +   39.00    0.7771
    40.00  +                                                         *                                         +   40.00    0.7660
    41.00  +                                                         *                                         +   41.00    0.7547
    42.00  +                                                *                                                  +   42.00    0.7431
    43.00  +                           *                                                                       +   43.00    0.7314
    44.00  +                              *                                                                    +   44.00    0.7193
    45.00  +                                                *                                                  +   45.00    0.7071
    46.00  +                                                        *                                          +   46.00    0.6947
    47.00  +                                                       *                                           +   47.00    0.6820
    48.00  +                                              *                                                    +   48.00    0.6691
    49.00  +                          *                                                                        +   49.00    0.6561
    50.00  +                            *                                                                      +   50.00    0.6428
    51.00  +                                               *                                                   +   51.00    0.6293
    52.00  +                                                      *                                            +   52.00    0.6157
    53.00  +                                                      *                                            +   53.00    0.6018
    54.00  +                                             *                                                     +   54.00    0.5878
    55.00  +                         *                                                                         +   55.00    0.5736
    56.00  +                           *                                                                       +   56.00    0.5592
    57.00  +                                              *                                                    +   57.00    0.5446
    58.00  +                                                     *                                             +   58.00    0.5299
    59.00  +                                                     *                                             +   59.00    0.5150
    60.00  |++++++++++++++++++++++++++++++++|+++++++++++*++++++++++++++++++++|++++++++++++++++++++++++++++++++|+   60.00    0.5000
    THETA 107                              108                              109                              110   THETA cos(theta)
1DWUCK4-DISTORTED WAVES U.COLORADO- PC-VERSION  12/Jan /1995
 Elapsed time in seconds =   0.00
 Elapsed time in seconds =   0.00
0CONTROL INTEGERS
  1 2 3 4 5 6 7 8 9 A B C D E F G H I J K    RUN IDENTIFICATION                                             0/00/00   0.00.00
  1 0 1 1 0 0 0 0 3 0 0 0 0 0 0 0 0 0 0 0    10Be(d,p)11Be Ex=2.20 QG UNB LMAX30 RMAX30 V7               
 10Be(d,p)11Be Ex=2.20 QG UNB LMAX30 RMAX30 V7               
 Adwck4 entered
0ANGLE DATA          THETN=  61.0000   THET1=   0.0000   DTHET=   1.0000   A-ANG=   0.0000   B-ANG=   0.0000
0CARD SET 3 DATA     LMAX =  30          LTR=   1
                     NLTR =   1        2*JTR=   3
0CARD SET 4 DATA     DRF  =   0.1000   RZ   =   0.0000   RMAX = -30.0000   VCE  =   0.0000   FNRNG=   0.0000
                     AMASS=   0.8000
 PARTICLE DATA 
0PARTICLE 1*******************************************************************************************************************
 INPUT DATA          ELAB =  17.4000   RC0  =   1.3030   AC   =   0.0000   2*STR=   2.0000
                     MASSP=   2.0000   MASST=  10.0000   Q    =   0.0000
                     ZP   =   1.0000   ZT   =   4.0000   PNLOC=   2.0000
 
 DERIVED DATA        ECM  =  14.5000   RC   =   2.8072   RHO  =   3.0186
                     K    =   1.0753   ETA  =   0.2136   DR   =   0.0080
0POTENTIAL PARAMETERS
 NX=1 VOLUME  W-S    V RL = -88.7440   R0RL =   1.1480   A RL =   0.7460   R RL =   2.4733   VSOR =   0.0000
                     V IM =  -2.1860   R0IM =   1.3510   A IM =   0.6400   R IM =   2.9106   VSOI =   0.0000   POWR =   0.0000
 NX=2 SURFACE W-S    V RL =   0.0000   R0RL =   0.0000   A RL =   0.0000   R RL =   0.0000   VSOR =   0.0000
                     V IM =  27.3930   R0IM =   1.4050   A IM =   0.6650   R IM =   3.0270   VSOI =   0.0000   POWR =   0.0000
 NX=4 L*S VOLUME     V RL = -14.2280   R0RL =   0.9720   A RL =   1.0110   R RL =   2.0941   VSOR =   0.0000
                     V IM =   0.0000   R0IM =   0.0000   A IM =   0.0000   R IM =   0.0000   VSOI =   0.0000   POWR =   0.0000
0PARTICLE 2*******************************************************************************************************************
 INPUT DATA          ELAB =  11.5407   RC0  =   1.5780   AC   =   0.0000   2*STR=   1.0000
                     MASSP=   1.0000   MASST=  11.0000   Q    =  -3.9210
                     ZP   =   1.0000   ZT   =   4.0000   PNLOC=   1.0000
 
 DERIVED DATA        ECM  =  10.5790   RC   =   3.5094   RHO  =   2.3905
                     K    =   0.6812   ETA  =   0.1854   DR   =   0.0073
0POTENTIAL PARAMETERS
 NX=1 VOLUME  W-S    V RL = -56.2800   R0RL =   1.1220   A RL =   0.6760   R RL =   2.4953   VSOR =   0.0000
                     V IM =  -1.1170   R0IM =   1.1220   A IM =   0.6760   R IM =   2.4953   VSOI =   0.0000   POWR =   0.0000
 NX=2 SURFACE W-S    V RL =   0.0000   R0RL =   0.0000   A RL =   0.0000   R RL =   0.0000   VSOR =   0.0000
                     V IM =  20.7710   R0IM =   1.3070   A IM =   0.5240   R IM =   2.9067   VSOI =   0.0000   POWR =   0.0000
 NX=4 L*S VOLUME     V RL = -21.8760   R0RL =   0.8940   A RL =   0.5900   R RL =   1.9882   VSOR =   0.0000
                     V IM =   0.8640   R0IM =   0.8940   A IM =   0.5900   R IM =   1.9882   VSOI =   0.0000   POWR =   0.0000
110Be(d,p)11Be Ex=2.20 QG UNB LMAX30 RMAX30 V7                  0/ 0/ 0
0FORM FACTOR DATA 
0PARTICLE 3*******************************************************************************************************************
 INPUT DATA          ELAB =   1.6960   RC0  =   1.3000   AC   =   0.0000   2*STR=   1.0000
                     MASSP=   1.0000   MASST=  10.0000   Q    =   1.6960
                     ZP   =   0.0000   ZT   =   4.0000   PNLOC=   1.0000
 
 DERIVED DATA        ECM  =   1.6960   RC   =   2.8008   RHO  =   0.7607
                     K    =   0.2716   ETA  =   0.0000   DR   =   0.0080
0POTENTIAL PARAMETERS
 NX=1 VOLUME  W-S    V RL =   1.0000   R0RL =   1.2500   A RL =   0.6500   R RL =   2.6930   VSOR =  24.0000
                     V IM =   1.1000   R0IM =   0.6500   A IM =   0.0000   R IM =   1.4004   VSOI =   0.0000   POWR =   0.0000
 
                     NODES=   0.0000   L    =   1.0000   2*J  =   3.0000   2*S  =   1.0000   FISW =   2.0000
 
                     COSD =  9.9981E-01               SIND = -1.9715E-02
                     V    =  28.3480   DET  =   0.0000   NODES=   0.0000   RM   =   2.6930   E    =   1.6960   ITER.=   0
0Non-locality correction is applied, parameter =   2.000
0Non-locality correction is applied, parameter =   1.000
0*****  Warning *****  LMAX too large for reliable calculation of unbound stripping or coulomb excitation cases.  Increase RMAX 
0                    LMAX =  30        NSTEP= 300        NLTR =   1
 Bdwck4 entered
   Subroutine INTEG  entered
0REACSIG 1   2.04884E+01                                             REACSIG 2   1.01286E+01
   Subroutine RADINT entered
110Be(d,p)11Be Ex=2.20 QG UNB LMAX30 RMAX30 V7                  0/00/00
0BASIC DATA          DR   =   0.1000   RMIN =   0.0000   RMAX =  30.0000   COUEX=   0.0000     IS1=   1.0000
                     FNRNG=   0.0000   PNLC1=   2.0000   PNLC2=   1.0000   PNLC3=   1.0000     IS2=   0.5000
 ANG MOM TRANSFER    LTR  =   1.       2*JTR=   3.       2*STR=   1.       Q    =  -3.9210
   Subroutine INSIG  entered
0 Theta Inelsig,fm**2      Polz       Asy       Ayy       A22       A21       A20       T22       T21       T20  Theta
   0.00    4.7261+111    0.0000    0.0000    0.0000    0.0000    0.0000    0.0006    0.0000    0.0000    0.0000   0.00
   1.00    7.8432+111    0.0003    0.0005    0.0000   -0.0000    0.0000    0.0006    0.0000    0.0000    0.0000   1.00
   2.00    1.4699+112    0.0002    0.0004    0.0000   -0.0000    0.0000    0.0006    0.0000    0.0000    0.0000   2.00
   3.00    1.9806+112    0.0001    0.0002    0.0000   -0.0000    0.0000    0.0006    0.0000    0.0000    0.0000   3.00
   4.00    1.9031+112    0.0000    0.0001    0.0000   -0.0000    0.0000    0.0006    0.0000    0.0000    0.0000   4.00
   5.00    1.2725+112   -0.0000   -0.0001    0.0000   -0.0000    0.0000    0.0006    0.0000    0.0000    0.0000   5.00
   6.00    5.1730+111   -0.0001   -0.0003    0.0000   -0.0000    0.0000    0.0006    0.0000    0.0000    0.0000   6.00
   7.00    1.0198+111   -0.0002   -0.0004    0.0000   -0.0000    0.0000    0.0006    0.0000    0.0000    0.0000   7.00
   8.00    1.7409+111    0.0002    0.0005    0.0000   -0.0000    0.0000    0.0006    0.0000    0.0000    0.0000   8.00
   9.00    4.9824+111    0.0001    0.0003    0.0000   -0.0000    0.0000    0.0006    0.0000    0.0000    0.0000   9.00
  10.00    7.0083+111    0.0000    0.0001    0.0000   -0.0000    0.0000    0.0006    0.0000    0.0000    0.0000  10.00
  11.00    5.9163+111   -0.0000   -0.0001    0.0000   -0.0000    0.0000    0.0006    0.0000    0.0000    0.0000  11.00
  12.00    2.8820+111   -0.0001   -0.0003    0.0000   -0.0000    0.0000    0.0006    0.0000    0.0000    0.0000  12.00
  13.00    6.4557+110   -0.0002   -0.0005    0.0000   -0.0000    0.0000    0.0006    0.0000    0.0000    0.0000  13.00
  14.00    8.7631+110    0.0003    0.0005    0.0000   -0.0000    0.0000    0.0006    0.0000    0.0000    0.0000  14.00
  15.00    2.8329+111    0.0001    0.0003    0.0000   -0.0000    0.0000    0.0006    0.0000    0.0000    0.0000  15.00
  16.00    4.3321+111    0.0000    0.0001    0.0000   -0.0000    0.0000    0.0006    0.0000    0.0000    0.0000  16.00
  17.00    3.8943+111   -0.0000   -0.0001    0.0000   -0.0000    0.0000    0.0006    0.0000    0.0000    0.0000  17.00
  18.00    2.0103+111   -0.0001   -0.0003    0.0000   -0.0000    0.0000    0.0006    0.0000    0.0000    0.0000  18.00
  19.00    4.7395+110   -0.0002   -0.0005    0.0000   -0.0000   -0.0000    0.0006    0.0000    0.0000    0.0000  19.00
  20.00    5.8683+110    0.0003    0.0005    0.0000   -0.0000    0.0000    0.0006    0.0000    0.0000    0.0000  20.00
  21.00    1.9929+111    0.0001    0.0003    0.0000   -0.0000    0.0000    0.0006    0.0000    0.0000    0.0000  21.00
  22.00    3.1619+111    0.0000    0.0001    0.0000   -0.0000    0.0000    0.0006    0.0000    0.0000    0.0000  22.00
  23.00    2.9276+111   -0.0000   -0.0001    0.0000   -0.0000    0.0000    0.0006    0.0000    0.0000    0.0000  23.00
  24.00    1.5556+111   -0.0001   -0.0003    0.0000   -0.0000    0.0000    0.0006    0.0000    0.0000    0.0000  24.00
  25.00    3.7698+110   -0.0002   -0.0005    0.0000   -0.0000   -0.0000    0.0006    0.0000    0.0000    0.0000  25.00
  26.00    4.4445+110    0.0003    0.0005    0.0000   -0.0000    0.0000    0.0006    0.0000    0.0000    0.0000  26.00
  27.00    1.5502+111    0.0001    0.0003    0.0000   -0.0000    0.0000    0.0006    0.0000    0.0000    0.0000  27.00
  28.00    2.5117+111    0.0000    0.0001    0.0000   -0.0000    0.0000    0.0006    0.0000    0.0000    0.0000  28.00
  29.00    2.3664+111   -0.0000   -0.0001    0.0000   -0.0000    0.0000    0.0006    0.0000    0.0000    0.0000  29.00
  30.00    1.2795+111   -0.0001   -0.0003    0.0000   -0.0000    0.0000    0.0006    0.0000    0.0000    0.0000  30.00
  31.00    3.1550+110   -0.0002   -0.0005    0.0000   -0.0000    0.0000    0.0006    0.0000    0.0000    0.0000  31.00
  32.00    3.6088+110    0.0003    0.0005    0.0000   -0.0000    0.0000    0.0006    0.0000    0.0000    0.0000  32.00
  33.00    1.2802+111    0.0001    0.0003    0.0000   -0.0000    0.0000    0.0006    0.0000    0.0000    0.0000  33.00
  34.00    2.1027+111    0.0000    0.0001    0.0000   -0.0000    0.0000    0.0006    0.0000    0.0000    0.0000  34.00
  35.00    2.0041+111   -0.0000   -0.0001    0.0000   -0.0000    0.0000    0.0006    0.0000    0.0000    0.0000  35.00
  36.00    1.0965+111   -0.0001   -0.0003    0.0000   -0.0000    0.0000    0.0006    0.0000    0.0000    0.0000  36.00
  37.00    2.7363+110   -0.0002   -0.0005    0.0000   -0.0000    0.0000    0.0006    0.0000    0.0000    0.0000  37.00
  38.00    3.0668+110    0.0003    0.0005    0.0000   -0.0000    0.0000    0.0006    0.0000    0.0000    0.0000  38.00
  39.00    1.1008+111    0.0001    0.0003    0.0000   -0.0000    0.0000    0.0006    0.0000    0.0000    0.0000  39.00
  40.00    1.8256+111    0.0000    0.0001    0.0000   -0.0000    0.0000    0.0006    0.0000    0.0000    0.0000  40.00
  41.00    1.7546+111   -0.0000   -0.0001    0.0000   -0.0000    0.0000    0.0006    0.0000    0.0000    0.0000  41.00
  42.00    9.6826+110   -0.0001   -0.0003    0.0000   -0.0000    0.0000    0.0006    0.0000    0.0000    0.0000  42.00
  43.00    2.4378+110   -0.0002   -0.0005    0.0000   -0.0000    0.0000    0.0006    0.0000    0.0000    0.0000  43.00
  44.00    2.6928+110    0.0003    0.0005    0.0000   -0.0000    0.0000    0.0006    0.0000    0.0000    0.0000  44.00
  45.00    9.7508+110    0.0001    0.0003    0.0000   -0.0000    0.0000    0.0006    0.0000    0.0000    0.0000  45.00
  46.00    1.6290+111    0.0000    0.0001    0.0000   -0.0000    0.0000    0.0006    0.0000    0.0000    0.0000  46.00
  47.00    1.5755+111   -0.0000   -0.0001    0.0000   -0.0000    0.0000    0.0006    0.0000    0.0000    0.0000  47.00
  48.00    8.7524+110   -0.0001   -0.0003    0.0000   -0.0000    0.0000    0.0006    0.0000    0.0000    0.0000  48.00
  49.00    2.2189+110   -0.0002   -0.0005    0.0000   -0.0000    0.0000    0.0006    0.0000    0.0000    0.0000  49.00
  50.00    2.4247+110    0.0003    0.0005    0.0000   -0.0000    0.0000    0.0006    0.0000    0.0000    0.0000  50.00
  51.00    8.8399+110    0.0001    0.0003    0.0000   -0.0000    0.0000    0.0006    0.0000    0.0000    0.0000  51.00
  52.00    1.4853+111    0.0000    0.0001    0.0000   -0.0000    0.0000    0.0006    0.0000    0.0000    0.0000  52.00
  53.00    1.4439+111   -0.0000   -0.0001    0.0000   -0.0000    0.0000    0.0006    0.0000    0.0000    0.0000  53.00
  54.00    8.0639+110   -0.0001   -0.0003    0.0000   -0.0000   -0.0000    0.0006    0.0000    0.0000    0.0000  54.00
  55.00    2.0557+110   -0.0002   -0.0005    0.0000   -0.0000    0.0000    0.0006    0.0000    0.0000    0.0000  55.00
  56.00    2.2281+110    0.0003    0.0005    0.0000   -0.0000    0.0000    0.0006    0.0000    0.0000    0.0000  56.00
  57.00    8.1680+110    0.0001    0.0003    0.0000   -0.0000    0.0000    0.0006    0.0000    0.0000    0.0000  57.00
  58.00    1.3789+111    0.0000    0.0001    0.0000   -0.0000    0.0000    0.0006    0.0000    0.0000    0.0000  58.00
  59.00    1.3461+111   -0.0000   -0.0001    0.0000   -0.0000   -0.0000    0.0006    0.0000    0.0000    0.0000  59.00
  60.00    7.5508+110   -0.0001   -0.0003    0.0000   -0.0000   -0.0000    0.0006    0.0000    0.0000    0.0000  60.00
0Tot-sig   1.3196+112
1Inelastic  10Be(d,p)11Be Ex=2.20 QG UNB LMAX30 RMAX30 V7                  0/00/00
    THETA 110                              111                              112                              113   THETA cos(theta)
     0.00  |++++++++++++++++++++++++++++++++|+++++++++++++++++++++*++++++++++|++++++++++++++++++++++++++++++++|+    0.00    1.0000
     1.00  +                                                              *                                    +    1.00    0.9998
     2.00  +                                                                       *                           +    2.00    0.9994
     3.00  +                                                                           *                       +    3.00    0.9986
     4.00  +                                                                          *                        +    4.00    0.9976
     5.00  +                                                                    *                              +    5.00    0.9962
     6.00  +                                                        *                                          +    6.00    0.9945
     7.00  +                                *                                                                  +    7.00    0.9925
     8.00  +                                        *                                                          +    8.00    0.9903
     9.00  +                                                       *                                           +    9.00    0.9877
    10.00  +                                                            *                                      +   10.00    0.9848
    11.00  +                                                         *                                         +   11.00    0.9816
    12.00  +                                               *                                                   +   12.00    0.9781
    13.00  +                          *                                                                        +   13.00    0.9744
    14.00  +                              *                                                                    +   14.00    0.9703
    15.00  +                                               *                                                   +   15.00    0.9659
    16.00  +                                                     *                                             +   16.00    0.9613
    17.00  +                                                   *                                               +   17.00    0.9563
    18.00  +                                          *                                                        +   18.00    0.9511
    19.00  +                     *                                                                             +   19.00    0.9455
    20.00  +                        *                                                                          +   20.00    0.9397
    21.00  +                                          *                                                        +   21.00    0.9336
    22.00  +                                                *                                                  +   22.00    0.9272
    23.00  +                                               *                                                   +   23.00    0.9205
    24.00  +                                      *                                                            +   24.00    0.9135
    25.00  +                  *                                                                                +   25.00    0.9063
    26.00  +                    *                                                                              +   26.00    0.8988
    27.00  +                                      *                                                            +   27.00    0.8910
    28.00  +                                             *                                                     +   28.00    0.8829
    29.00  +                                            *                                                      +   29.00    0.8746
    30.00  +                                    *                                                              +   30.00    0.8660
    31.00  +               *                                                                                   +   31.00    0.8572
    32.00  +                 *                                                                                 +   32.00    0.8480
    33.00  +                                    *                                                              +   33.00    0.8387
    34.00  +                                           *                                                       +   34.00    0.8290
    35.00  +                                          *                                                        +   35.00    0.8192
    36.00  +                                 *                                                                 +   36.00    0.8090
    37.00  +             *                                                                                     +   37.00    0.7986
    38.00  +               *                                                                                   +   38.00    0.7880
    39.00  +                                 *                                                                 +   39.00    0.7771
    40.00  +                                         *                                                         +   40.00    0.7660
    41.00  +                                        *                                                          +   41.00    0.7547
    42.00  +                                *                                                                  +   42.00    0.7431
    43.00  +            *                                                                                      +   43.00    0.7314
    44.00  +             *                                                                                     +   44.00    0.7193
    45.00  +                                *                                                                  +   45.00    0.7071
    46.00  +                                       *                                                           +   46.00    0.6947
    47.00  +                                       *                                                           +   47.00    0.6820
    48.00  +                              *                                                                    +   48.00    0.6691
    49.00  +          *                                                                                        +   49.00    0.6561
    50.00  +            *                                                                                      +   50.00    0.6428
    51.00  +                              *                                                                    +   51.00    0.6293
    52.00  +                                      *                                                            +   52.00    0.6157
    53.00  +                                     *                                                             +   53.00    0.6018
    54.00  +                             *                                                                     +   54.00    0.5878
    55.00  +         *                                                                                         +   55.00    0.5736
    56.00  +          *                                                                                        +   56.00    0.5592
    57.00  +                             *                                                                     +   57.00    0.5446
    58.00  +                                     *                                                             +   58.00    0.5299
    59.00  +                                    *                                                              +   59.00    0.5150
    60.00  |++++++++++++++++++++++++++++*+++|++++++++++++++++++++++++++++++++|++++++++++++++++++++++++++++++++|+   60.00    0.5000
    THETA 110                              111                              112                              113   THETA cos(theta)
1DWUCK4-DISTORTED WAVES U.COLORADO- PC-VERSION  12/Jan /1995
 Elapsed time in seconds =   0.00
 Elapsed time in seconds =   0.00
0CONTROL INTEGERS
  1 2 3 4 5 6 7 8 9 A B C D E F G H I J K    RUN IDENTIFICATION                                             0/00/00   0.00.00
  1 0 1 1 0 0 0 0 3 0 0 0 0 0 0 0 0 0 0 0    10Be(d,p)11Be Ex=2.40 QG UNB LMAX30 RMAX30 V7               
 10Be(d,p)11Be Ex=2.40 QG UNB LMAX30 RMAX30 V7               
 Adwck4 entered
0ANGLE DATA          THETN=  61.0000   THET1=   0.0000   DTHET=   1.0000   A-ANG=   0.0000   B-ANG=   0.0000
0CARD SET 3 DATA     LMAX =  30          LTR=   1
                     NLTR =   1        2*JTR=   3
0CARD SET 4 DATA     DRF  =   0.1000   RZ   =   0.0000   RMAX = -30.0000   VCE  =   0.0000   FNRNG=   0.0000
                     AMASS=   0.8000
 PARTICLE DATA 
0PARTICLE 1*******************************************************************************************************************
 INPUT DATA          ELAB =  17.4000   RC0  =   1.3030   AC   =   0.0000   2*STR=   2.0000
                     MASSP=   2.0000   MASST=  10.0000   Q    =   0.0000
                     ZP   =   1.0000   ZT   =   4.0000   PNLOC=   2.0000
 
 DERIVED DATA        ECM  =  14.5000   RC   =   2.8072   RHO  =   3.0186
                     K    =   1.0753   ETA  =   0.2136   DR   =   0.0080
0POTENTIAL PARAMETERS
 NX=1 VOLUME  W-S    V RL = -88.7440   R0RL =   1.1480   A RL =   0.7460   R RL =   2.4733   VSOR =   0.0000
                     V IM =  -2.1860   R0IM =   1.3510   A IM =   0.6400   R IM =   2.9106   VSOI =   0.0000   POWR =   0.0000
 NX=2 SURFACE W-S    V RL =   0.0000   R0RL =   0.0000   A RL =   0.0000   R RL =   0.0000   VSOR =   0.0000
                     V IM =  27.3930   R0IM =   1.4050   A IM =   0.6650   R IM =   3.0270   VSOI =   0.0000   POWR =   0.0000
 NX=4 L*S VOLUME     V RL = -14.2280   R0RL =   0.9720   A RL =   1.0110   R RL =   2.0941   VSOR =   0.0000
                     V IM =   0.0000   R0IM =   0.0000   A IM =   0.0000   R IM =   0.0000   VSOI =   0.0000   POWR =   0.0000
0PARTICLE 2*******************************************************************************************************************
 INPUT DATA          ELAB =  11.3225   RC0  =   1.5780   AC   =   0.0000   2*STR=   1.0000
                     MASSP=   1.0000   MASST=  11.0000   Q    =  -4.1210
                     ZP   =   1.0000   ZT   =   4.0000   PNLOC=   1.0000
 
 DERIVED DATA        ECM  =  10.3790   RC   =   3.5094   RHO  =   2.3678
                     K    =   0.6747   ETA  =   0.1872   DR   =   0.0073
0POTENTIAL PARAMETERS
 NX=1 VOLUME  W-S    V RL = -56.2800   R0RL =   1.1220   A RL =   0.6760   R RL =   2.4953   VSOR =   0.0000
                     V IM =  -1.1170   R0IM =   1.1220   A IM =   0.6760   R IM =   2.4953   VSOI =   0.0000   POWR =   0.0000
 NX=2 SURFACE W-S    V RL =   0.0000   R0RL =   0.0000   A RL =   0.0000   R RL =   0.0000   VSOR =   0.0000
                     V IM =  20.7710   R0IM =   1.3070   A IM =   0.5240   R IM =   2.9067   VSOI =   0.0000   POWR =   0.0000
 NX=4 L*S VOLUME     V RL = -21.8760   R0RL =   0.8940   A RL =   0.5900   R RL =   1.9882   VSOR =   0.0000
                     V IM =   0.8640   R0IM =   0.8940   A IM =   0.5900   R IM =   1.9882   VSOI =   0.0000   POWR =   0.0000
110Be(d,p)11Be Ex=2.40 QG UNB LMAX30 RMAX30 V7                  0/ 0/ 0
0FORM FACTOR DATA 
0PARTICLE 3*******************************************************************************************************************
 INPUT DATA          ELAB =   1.8960   RC0  =   1.3000   AC   =   0.0000   2*STR=   1.0000
                     MASSP=   1.0000   MASST=  10.0000   Q    =   1.8960
                     ZP   =   0.0000   ZT   =   4.0000   PNLOC=   1.0000
 
 DERIVED DATA        ECM  =   1.8960   RC   =   2.8008   RHO  =   0.8043
                     K    =   0.2872   ETA  =   0.0000   DR   =   0.0080
0POTENTIAL PARAMETERS
 NX=1 VOLUME  W-S    V RL =   1.0000   R0RL =   1.2500   A RL =   0.6500   R RL =   2.6930   VSOR =  24.0000
                     V IM =   1.1000   R0IM =   0.6500   A IM =   0.0000   R IM =   1.4004   VSOI =   0.0000   POWR =   0.0000
 
                     NODES=   0.0000   L    =   1.0000   2*J  =   3.0000   2*S  =   1.0000   FISW =   2.0000
 
                     COSD =  9.9973E-01               SIND = -2.3042E-02
                     V    =  28.3480   DET  =   0.0000   NODES=   0.0000   RM   =   2.6930   E    =   1.8960   ITER.=   0
0Non-locality correction is applied, parameter =   2.000
0Non-locality correction is applied, parameter =   1.000
0*****  Warning *****  LMAX too large for reliable calculation of unbound stripping or coulomb excitation cases.  Increase RMAX 
0                    LMAX =  30        NSTEP= 300        NLTR =   1
 Bdwck4 entered
   Subroutine INTEG  entered
0REACSIG 1   2.04884E+01                                             REACSIG 2   1.04298E+01
   Subroutine RADINT entered
110Be(d,p)11Be Ex=2.40 QG UNB LMAX30 RMAX30 V7                  0/00/00
0BASIC DATA          DR   =   0.1000   RMIN =   0.0000   RMAX =  30.0000   COUEX=   0.0000     IS1=   1.0000
                     FNRNG=   0.0000   PNLC1=   2.0000   PNLC2=   1.0000   PNLC3=   1.0000     IS2=   0.5000
 ANG MOM TRANSFER    LTR  =   1.       2*JTR=   3.       2*STR=   1.       Q    =  -4.1210
   Subroutine INSIG  entered
0 Theta Inelsig,fm**2      Polz       Asy       Ayy       A22       A21       A20       T22       T21       T20  Theta
   0.00    1.2876+113    0.0000    0.0000    0.0000    0.0000    0.0000    0.0006    0.0000    0.0000    0.0000   0.00
   1.00    2.1024+113    0.0002    0.0005    0.0000   -0.0000    0.0000    0.0006    0.0000    0.0000    0.0000   1.00
   2.00    3.8930+113    0.0002    0.0004    0.0000   -0.0000    0.0000    0.0006    0.0000    0.0000    0.0000   2.00
   3.00    5.2228+113    0.0001    0.0002    0.0000   -0.0000    0.0000    0.0006    0.0000    0.0000    0.0000   3.00
   4.00    5.0106+113    0.0000    0.0001    0.0000   -0.0000    0.0000    0.0006    0.0000    0.0000    0.0000   4.00
   5.00    3.3500+113   -0.0000   -0.0001    0.0000   -0.0000    0.0000    0.0006    0.0000    0.0000    0.0000   5.00
   6.00    1.3658+113   -0.0001   -0.0003    0.0000   -0.0000    0.0000    0.0006    0.0000    0.0000    0.0000   6.00
   7.00    2.7536+112   -0.0002   -0.0004    0.0000   -0.0000    0.0000    0.0006    0.0000    0.0000    0.0000   7.00
   8.00    4.6441+112    0.0002    0.0005    0.0000   -0.0000    0.0000    0.0006    0.0000    0.0000    0.0000   8.00
   9.00    1.3144+113    0.0001    0.0002    0.0000   -0.0000    0.0000    0.0006    0.0000    0.0000    0.0000   9.00
  10.00    1.8451+113    0.0000    0.0001    0.0000   -0.0000    0.0000    0.0006    0.0000    0.0000    0.0000  10.00
  11.00    1.5576+113   -0.0000   -0.0001    0.0000   -0.0000    0.0000    0.0006    0.0000    0.0000    0.0000  11.00
  12.00    7.6083+112   -0.0001   -0.0003    0.0000   -0.0000    0.0000    0.0006    0.0000    0.0000    0.0000  12.00
  13.00    1.7376+112   -0.0002   -0.0004    0.0000   -0.0000    0.0000    0.0006    0.0000    0.0000    0.0000  13.00
  14.00    2.3418+112    0.0002    0.0005    0.0000   -0.0000    0.0000    0.0006    0.0000    0.0000    0.0000  14.00
  15.00    7.4739+112    0.0001    0.0002    0.0000   -0.0000    0.0000    0.0006    0.0000    0.0000    0.0000  15.00
  16.00    1.1404+113    0.0000    0.0001    0.0000   -0.0000    0.0000    0.0006    0.0000    0.0000    0.0000  16.00
  17.00    1.0253+113   -0.0000   -0.0001    0.0000   -0.0000    0.0000    0.0006    0.0000    0.0000    0.0000  17.00
  18.00    5.3070+112   -0.0001   -0.0003    0.0000   -0.0000    0.0000    0.0006    0.0000    0.0000    0.0000  18.00
  19.00    1.2743+112   -0.0002   -0.0004    0.0000   -0.0000   -0.0000    0.0006    0.0000    0.0000    0.0000  19.00
  20.00    1.5693+112    0.0002    0.0005    0.0000   -0.0000    0.0000    0.0006    0.0000    0.0000    0.0000  20.00
  21.00    5.2573+112    0.0001    0.0002    0.0000   -0.0000    0.0000    0.0006    0.0000    0.0000    0.0000  21.00
  22.00    8.3234+112    0.0000    0.0001    0.0000   -0.0000    0.0000    0.0006    0.0000    0.0000    0.0000  22.00
  23.00    7.7077+112   -0.0000   -0.0001    0.0000   -0.0000    0.0000    0.0006    0.0000    0.0000    0.0000  23.00
  24.00    4.1066+112   -0.0001   -0.0002    0.0000   -0.0000    0.0000    0.0006    0.0000    0.0000    0.0000  24.00
  25.00    1.0130+112   -0.0002   -0.0004    0.0000   -0.0000   -0.0000    0.0006    0.0000    0.0000    0.0000  25.00
  26.00    1.1889+112    0.0002    0.0005    0.0000   -0.0000    0.0000    0.0006    0.0000    0.0000    0.0000  26.00
  27.00    4.0894+112    0.0001    0.0002    0.0000   -0.0000    0.0000    0.0006    0.0000    0.0000    0.0000  27.00
  28.00    6.6115+112    0.0000    0.0001    0.0000   -0.0000    0.0000    0.0006    0.0000    0.0000    0.0000  28.00
  29.00    6.2300+112   -0.0000   -0.0001    0.0000   -0.0000    0.0000    0.0006    0.0000    0.0000    0.0000  29.00
  30.00    3.3778+112   -0.0001   -0.0002    0.0000   -0.0000    0.0000    0.0006    0.0000    0.0000    0.0000  30.00
  31.00    8.4757+111   -0.0002   -0.0004    0.0000   -0.0000    0.0000    0.0006    0.0000    0.0000    0.0000  31.00
  32.00    9.6551+111    0.0002    0.0005    0.0000   -0.0000    0.0000    0.0006    0.0000    0.0000    0.0000  32.00
  33.00    3.3768+112    0.0001    0.0002    0.0000   -0.0000    0.0000    0.0006    0.0000    0.0000    0.0000  33.00
  34.00    5.5346+112    0.0000    0.0001    0.0000   -0.0000    0.0000    0.0006    0.0000    0.0000    0.0000  34.00
  35.00    5.2760+112   -0.0000   -0.0001    0.0000   -0.0000    0.0000    0.0006    0.0000    0.0000    0.0000  35.00
  36.00    2.8946+112   -0.0001   -0.0002    0.0000   -0.0000    0.0000    0.0006    0.0000    0.0000    0.0000  36.00
  37.00    7.3495+111   -0.0002   -0.0004    0.0000   -0.0000    0.0000    0.0006    0.0000    0.0000    0.0000  37.00
  38.00    8.2054+111    0.0002    0.0005    0.0000   -0.0000    0.0000    0.0006    0.0000    0.0000    0.0000  38.00
  39.00    2.9033+112    0.0001    0.0002    0.0000   -0.0000    0.0000    0.0006    0.0000    0.0000    0.0000  39.00
  40.00    4.8050+112    0.0000    0.0001    0.0000   -0.0000    0.0000    0.0006    0.0000    0.0000    0.0000  40.00
  41.00    4.6189+112   -0.0000   -0.0001    0.0000   -0.0000    0.0000    0.0006    0.0000    0.0000    0.0000  41.00
  42.00    2.5561+112   -0.0001   -0.0002    0.0000   -0.0000    0.0000    0.0006    0.0000    0.0000    0.0000  42.00
  43.00    6.5470+111   -0.0002   -0.0004    0.0000   -0.0000    0.0000    0.0006    0.0000    0.0000    0.0000  43.00
  44.00    7.2049+111    0.0002    0.0005    0.0000   -0.0000    0.0000    0.0006    0.0000    0.0000    0.0000  44.00
  45.00    2.5715+112    0.0001    0.0002    0.0000   -0.0000    0.0000    0.0006    0.0000    0.0000    0.0000  45.00
  46.00    4.2871+112    0.0000    0.0001    0.0000   -0.0000    0.0000    0.0006    0.0000    0.0000    0.0000  46.00
  47.00    4.1475+112   -0.0000   -0.0001    0.0000   -0.0000    0.0000    0.0006    0.0000    0.0000    0.0000  47.00
  48.00    2.3105+112   -0.0001   -0.0002    0.0000   -0.0000    0.0000    0.0006    0.0000    0.0000    0.0000  48.00
  49.00    5.9583+111   -0.0002   -0.0004    0.0000   -0.0000    0.0000    0.0006    0.0000    0.0000    0.0000  49.00
  50.00    6.4874+111    0.0002    0.0005    0.0000   -0.0000    0.0000    0.0006    0.0000    0.0000    0.0000  50.00
  51.00    2.3310+112    0.0001    0.0002    0.0000   -0.0000    0.0000    0.0006    0.0000    0.0000    0.0000  51.00
  52.00    3.9087+112    0.0000    0.0001    0.0000   -0.0000    0.0000    0.0006    0.0000    0.0000    0.0000  52.00
  53.00    3.8008+112   -0.0000   -0.0001    0.0000   -0.0000    0.0000    0.0006    0.0000    0.0000    0.0000  53.00
  54.00    2.1287+112   -0.0001   -0.0002    0.0000   -0.0000   -0.0000    0.0006    0.0000    0.0000    0.0000  54.00
  55.00    5.5197+111   -0.0002   -0.0004    0.0000   -0.0000    0.0000    0.0006    0.0000    0.0000    0.0000  55.00
  56.00    5.9611+111    0.0002    0.0005    0.0000   -0.0000    0.0000    0.0006    0.0000    0.0000    0.0000  56.00
  57.00    2.1536+112    0.0001    0.0003    0.0000   -0.0000    0.0000    0.0006    0.0000    0.0000    0.0000  57.00
  58.00    3.6284+112    0.0000    0.0001    0.0000   -0.0000    0.0000    0.0006    0.0000    0.0000    0.0000  58.00
  59.00    3.5432+112   -0.0000   -0.0001    0.0000   -0.0000   -0.0000    0.0006    0.0000    0.0000    0.0000  59.00
  60.00    1.9932+112   -0.0001   -0.0002    0.0000   -0.0000   -0.0000    0.0006    0.0000    0.0000    0.0000  60.00
0Tot-sig   3.4798+113
1Inelastic  10Be(d,p)11Be Ex=2.40 QG UNB LMAX30 RMAX30 V7                  0/00/00
    THETA 111                              112                              113                              114   THETA cos(theta)
     0.00  |++++++++++++++++++++++++++++++++|++++++++++++++++++++++++++++++++|+++*++++++++++++++++++++++++++++|+    0.00    1.0000
     1.00  +                                                                            *                      +    1.00    0.9998
     2.00  +                                                                                    *              +    2.00    0.9994
     3.00  +                                                                                         *         +    3.00    0.9986
     4.00  +                                                                                        *          +    4.00    0.9976
     5.00  +                                                                                  *                +    5.00    0.9962
     6.00  +                                                                     *                             +    6.00    0.9945
     7.00  +                                               *                                                   +    7.00    0.9925
     8.00  +                                                      *                                            +    8.00    0.9903
     9.00  +                                                                     *                             +    9.00    0.9877
    10.00  +                                                                          *                        +   10.00    0.9848
    11.00  +                                                                       *                           +   11.00    0.9816
    12.00  +                                                             *                                     +   12.00    0.9781
    13.00  +                                        *                                                          +   13.00    0.9744
    14.00  +                                            *                                                      +   14.00    0.9703
    15.00  +                                                             *                                     +   15.00    0.9659
    16.00  +                                                                   *                               +   16.00    0.9613
    17.00  +                                                                 *                                 +   17.00    0.9563
    18.00  +                                                        *                                          +   18.00    0.9511
    19.00  +                                   *                                                               +   19.00    0.9455
    20.00  +                                      *                                                            +   20.00    0.9397
    21.00  +                                                        *                                          +   21.00    0.9336
    22.00  +                                                              *                                    +   22.00    0.9272
    23.00  +                                                             *                                     +   23.00    0.9205
    24.00  +                                                    *                                              +   24.00    0.9135
    25.00  +                                *                                                                  +   25.00    0.9063
    26.00  +                                  *                                                                +   26.00    0.8988
    27.00  +                                                    *                                              +   27.00    0.8910
    28.00  +                                                           *                                       +   28.00    0.8829
    29.00  +                                                          *                                        +   29.00    0.8746
    30.00  +                                                 *                                                 +   30.00    0.8660
    31.00  +                              *                                                                    +   31.00    0.8572
    32.00  +                               *                                                                   +   32.00    0.8480
    33.00  +                                                 *                                                 +   33.00    0.8387
    34.00  +                                                         *                                         +   34.00    0.8290
    35.00  +                                                        *                                          +   35.00    0.8192
    36.00  +                                               *                                                   +   36.00    0.8090
    37.00  +                            *                                                                      +   37.00    0.7986
    38.00  +                             *                                                                     +   38.00    0.7880
    39.00  +                                               *                                                   +   39.00    0.7771
    40.00  +                                                      *                                            +   40.00    0.7660
    41.00  +                                                      *                                            +   41.00    0.7547
    42.00  +                                             *                                                     +   42.00    0.7431
    43.00  +                          *                                                                        +   43.00    0.7314
    44.00  +                           *                                                                       +   44.00    0.7193
    45.00  +                                              *                                                    +   45.00    0.7071
    46.00  +                                                     *                                             +   46.00    0.6947
    47.00  +                                                    *                                              +   47.00    0.6820
    48.00  +                                            *                                                      +   48.00    0.6691
    49.00  +                         *                                                                         +   49.00    0.6561
    50.00  +                          *                                                                        +   50.00    0.6428
    51.00  +                                            *                                                      +   51.00    0.6293
    52.00  +                                                    *                                              +   52.00    0.6157
    53.00  +                                                   *                                               +   53.00    0.6018
    54.00  +                                           *                                                       +   54.00    0.5878
    55.00  +                       *                                                                           +   55.00    0.5736
    56.00  +                         *                                                                         +   56.00    0.5592
    57.00  +                                           *                                                       +   57.00    0.5446
    58.00  +                                                  *                                                +   58.00    0.5299
    59.00  +                                                  *                                                +   59.00    0.5150
    60.00  |++++++++++++++++++++++++++++++++|+++++++++*++++++++++++++++++++++|++++++++++++++++++++++++++++++++|+   60.00    0.5000
    THETA 111                              112                              113                              114   THETA cos(theta)
1DWUCK4-DISTORTED WAVES U.COLORADO- PC-VERSION  12/Jan /1995
 Elapsed time in seconds =   0.00
 Elapsed time in seconds =   0.00
0CONTROL INTEGERS
  1 2 3 4 5 6 7 8 9 A B C D E F G H I J K    RUN IDENTIFICATION                                             0/00/00   0.00.00
  1 0 1 1 0 0 0 0 3 0 0 0 0 0 0 0 0 0 0 0    10Be(d,p)11Be Ex=2.60 QG UNB LMAX30 RMAX30 V7               
 10Be(d,p)11Be Ex=2.60 QG UNB LMAX30 RMAX30 V7               
 Adwck4 entered
0ANGLE DATA          THETN=  61.0000   THET1=   0.0000   DTHET=   1.0000   A-ANG=   0.0000   B-ANG=   0.0000
0CARD SET 3 DATA     LMAX =  30          LTR=   1
                     NLTR =   1        2*JTR=   3
0CARD SET 4 DATA     DRF  =   0.1000   RZ   =   0.0000   RMAX = -30.0000   VCE  =   0.0000   FNRNG=   0.0000
                     AMASS=   0.8000
 PARTICLE DATA 
0PARTICLE 1*******************************************************************************************************************
 INPUT DATA          ELAB =  17.4000   RC0  =   1.3030   AC   =   0.0000   2*STR=   2.0000
                     MASSP=   2.0000   MASST=  10.0000   Q    =   0.0000
                     ZP   =   1.0000   ZT   =   4.0000   PNLOC=   2.0000
 
 DERIVED DATA        ECM  =  14.5000   RC   =   2.8072   RHO  =   3.0186
                     K    =   1.0753   ETA  =   0.2136   DR   =   0.0080
0POTENTIAL PARAMETERS
 NX=1 VOLUME  W-S    V RL = -88.7440   R0RL =   1.1480   A RL =   0.7460   R RL =   2.4733   VSOR =   0.0000
                     V IM =  -2.1860   R0IM =   1.3510   A IM =   0.6400   R IM =   2.9106   VSOI =   0.0000   POWR =   0.0000
 NX=2 SURFACE W-S    V RL =   0.0000   R0RL =   0.0000   A RL =   0.0000   R RL =   0.0000   VSOR =   0.0000
                     V IM =  27.3930   R0IM =   1.4050   A IM =   0.6650   R IM =   3.0270   VSOI =   0.0000   POWR =   0.0000
 NX=4 L*S VOLUME     V RL = -14.2280   R0RL =   0.9720   A RL =   1.0110   R RL =   2.0941   VSOR =   0.0000
                     V IM =   0.0000   R0IM =   0.0000   A IM =   0.0000   R IM =   0.0000   VSOI =   0.0000   POWR =   0.0000
0PARTICLE 2*******************************************************************************************************************
 INPUT DATA          ELAB =  11.1044   RC0  =   1.5780   AC   =   0.0000   2*STR=   1.0000
                     MASSP=   1.0000   MASST=  11.0000   Q    =  -4.3210
                     ZP   =   1.0000   ZT   =   4.0000   PNLOC=   1.0000
 
 DERIVED DATA        ECM  =  10.1790   RC   =   3.5094   RHO  =   2.3448
                     K    =   0.6682   ETA  =   0.1890   DR   =   0.0073
0POTENTIAL PARAMETERS
 NX=1 VOLUME  W-S    V RL = -56.2800   R0RL =   1.1220   A RL =   0.6760   R RL =   2.4953   VSOR =   0.0000
                     V IM =  -1.1170   R0IM =   1.1220   A IM =   0.6760   R IM =   2.4953   VSOI =   0.0000   POWR =   0.0000
 NX=2 SURFACE W-S    V RL =   0.0000   R0RL =   0.0000   A RL =   0.0000   R RL =   0.0000   VSOR =   0.0000
                     V IM =  20.7710   R0IM =   1.3070   A IM =   0.5240   R IM =   2.9067   VSOI =   0.0000   POWR =   0.0000
 NX=4 L*S VOLUME     V RL = -21.8760   R0RL =   0.8940   A RL =   0.5900   R RL =   1.9882   VSOR =   0.0000
                     V IM =   0.8640   R0IM =   0.8940   A IM =   0.5900   R IM =   1.9882   VSOI =   0.0000   POWR =   0.0000
110Be(d,p)11Be Ex=2.60 QG UNB LMAX30 RMAX30 V7                  0/ 0/ 0
0FORM FACTOR DATA 
0PARTICLE 3*******************************************************************************************************************
 INPUT DATA          ELAB =   2.0960   RC0  =   1.3000   AC   =   0.0000   2*STR=   1.0000
                     MASSP=   1.0000   MASST=  10.0000   Q    =   2.0960
                     ZP   =   0.0000   ZT   =   4.0000   PNLOC=   1.0000
 
 DERIVED DATA        ECM  =   2.0960   RC   =   2.8008   RHO  =   0.8457
                     K    =   0.3019   ETA  =   0.0000   DR   =   0.0080
0POTENTIAL PARAMETERS
 NX=1 VOLUME  W-S    V RL =   1.0000   R0RL =   1.2500   A RL =   0.6500   R RL =   2.6930   VSOR =  24.0000
                     V IM =   1.1000   R0IM =   0.6500   A IM =   0.0000   R IM =   1.4004   VSOI =   0.0000   POWR =   0.0000
 
                     NODES=   0.0000   L    =   1.0000   2*J  =   3.0000   2*S  =   1.0000   FISW =   2.0000
 
                     COSD =  9.9965E-01               SIND = -2.6485E-02
                     V    =  28.3480   DET  =   0.0000   NODES=   0.0000   RM   =   2.6930   E    =   2.0960   ITER.=   0
0Non-locality correction is applied, parameter =   2.000
0Non-locality correction is applied, parameter =   1.000
0*****  Warning *****  LMAX too large for reliable calculation of unbound stripping or coulomb excitation cases.  Increase RMAX 
0                    LMAX =  30        NSTEP= 300        NLTR =   1
 Bdwck4 entered
   Subroutine INTEG  entered
0REACSIG 1   2.04884E+01                                             REACSIG 2   1.07502E+01
   Subroutine RADINT entered
110Be(d,p)11Be Ex=2.60 QG UNB LMAX30 RMAX30 V7                  0/00/00
0BASIC DATA          DR   =   0.1000   RMIN =   0.0000   RMAX =  30.0000   COUEX=   0.0000     IS1=   1.0000
                     FNRNG=   0.0000   PNLC1=   2.0000   PNLC2=   1.0000   PNLC3=   1.0000     IS2=   0.5000
 ANG MOM TRANSFER    LTR  =   1.       2*JTR=   3.       2*STR=   1.       Q    =  -4.3210
   Subroutine INSIG  entered
0 Theta Inelsig,fm**2      Polz       Asy       Ayy       A22       A21       A20       T22       T21       T20  Theta
   0.00    4.0027+112    0.0000    0.0000    0.0000    0.0000    0.0000    0.0006    0.0000    0.0000    0.0000   0.00
   1.00    6.4459+112    0.0002    0.0004    0.0000   -0.0000    0.0000    0.0006    0.0000    0.0000    0.0000   1.00
   2.00    1.1812+113    0.0002    0.0003    0.0000   -0.0000    0.0000    0.0006    0.0000    0.0000    0.0000   2.00
   3.00    1.5786+113    0.0001    0.0002    0.0000   -0.0000    0.0000    0.0006    0.0000    0.0000    0.0000   3.00
   4.00    1.5123+113    0.0000    0.0001    0.0000   -0.0000    0.0000    0.0006    0.0000    0.0000    0.0000   4.00
   5.00    1.0110+113   -0.0000   -0.0001    0.0000   -0.0000    0.0000    0.0006    0.0000    0.0000    0.0000   5.00
   6.00    4.1323+112   -0.0001   -0.0002    0.0000   -0.0000    0.0000    0.0006    0.0000    0.0000    0.0000   6.00
   7.00    8.4950+111   -0.0002   -0.0004    0.0000   -0.0000    0.0000    0.0006    0.0000    0.0000    0.0000   7.00
   8.00    1.4181+112    0.0002    0.0004    0.0000   -0.0000    0.0000    0.0006    0.0000    0.0000    0.0000   8.00
   9.00    3.9744+112    0.0001    0.0002    0.0000   -0.0000    0.0000    0.0006    0.0000    0.0000    0.0000   9.00
  10.00    5.5685+112    0.0000    0.0001    0.0000   -0.0000    0.0000    0.0006    0.0000    0.0000    0.0000  10.00
  11.00    4.7008+112   -0.0000   -0.0001    0.0000   -0.0000    0.0000    0.0006    0.0000    0.0000    0.0000  11.00
  12.00    2.3017+112   -0.0001   -0.0002    0.0000   -0.0000    0.0000    0.0006    0.0000    0.0000    0.0000  12.00
  13.00    5.3458+111   -0.0002   -0.0004    0.0000   -0.0000    0.0000    0.0006    0.0000    0.0000    0.0000  13.00
  14.00    7.1618+111    0.0002    0.0004    0.0000   -0.0000    0.0000    0.0006    0.0000    0.0000    0.0000  14.00
  15.00    2.2600+112    0.0001    0.0002    0.0000   -0.0000    0.0000    0.0006    0.0000    0.0000    0.0000  15.00
  16.00    3.4418+112    0.0000    0.0001    0.0000   -0.0000    0.0000    0.0006    0.0000    0.0000    0.0000  16.00
  17.00    3.0943+112   -0.0000   -0.0001    0.0000   -0.0000    0.0000    0.0006    0.0000    0.0000    0.0000  17.00
  18.00    1.6054+112   -0.0001   -0.0002    0.0000   -0.0000    0.0000    0.0006    0.0000    0.0000    0.0000  18.00
  19.00    3.9166+111   -0.0002   -0.0004    0.0000   -0.0000   -0.0000    0.0006    0.0000    0.0000    0.0000  19.00
  20.00    4.8025+111    0.0002    0.0004    0.0000   -0.0000    0.0000    0.0006    0.0000    0.0000    0.0000  20.00
  21.00    1.5897+112    0.0001    0.0002    0.0000   -0.0000    0.0000    0.0006    0.0000    0.0000    0.0000  21.00
  22.00    2.5119+112    0.0000    0.0001    0.0000   -0.0000    0.0000    0.0006    0.0000    0.0000    0.0000  22.00
  23.00    2.3262+112   -0.0000   -0.0001    0.0000   -0.0000    0.0000    0.0006    0.0000    0.0000    0.0000  23.00
  24.00    1.2423+112   -0.0001   -0.0002    0.0000   -0.0000    0.0000    0.0006    0.0000    0.0000    0.0000  24.00
  25.00    3.1122+111   -0.0002   -0.0004    0.0000   -0.0000   -0.0000    0.0006    0.0000    0.0000    0.0000  25.00
  26.00    3.6396+111    0.0002    0.0004    0.0000   -0.0000    0.0000    0.0006    0.0000    0.0000    0.0000  26.00
  27.00    1.2365+112    0.0001    0.0002    0.0000   -0.0000    0.0000    0.0006    0.0000    0.0000    0.0000  27.00
  28.00    1.9952+112    0.0000    0.0001    0.0000   -0.0000    0.0000    0.0006    0.0000    0.0000    0.0000  28.00
  29.00    1.8802+112   -0.0000   -0.0001    0.0000   -0.0000    0.0000    0.0006    0.0000    0.0000    0.0000  29.00
  30.00    1.0218+112   -0.0001   -0.0002    0.0000   -0.0000    0.0000    0.0006    0.0000    0.0000    0.0000  30.00
  31.00    2.6031+111   -0.0002   -0.0004    0.0000   -0.0000    0.0000    0.0006    0.0000    0.0000    0.0000  31.00
  32.00    2.9562+111    0.0002    0.0004    0.0000   -0.0000    0.0000    0.0006    0.0000    0.0000    0.0000  32.00
  33.00    1.0210+112    0.0001    0.0002    0.0000   -0.0000    0.0000    0.0006    0.0000    0.0000    0.0000  33.00
  34.00    1.6702+112    0.0000    0.0001    0.0000   -0.0000    0.0000    0.0006    0.0000    0.0000    0.0000  34.00
  35.00    1.5923+112   -0.0000   -0.0001    0.0000   -0.0000    0.0000    0.0006    0.0000    0.0000    0.0000  35.00
  36.00    8.7565+111   -0.0001   -0.0002    0.0000   -0.0000    0.0000    0.0006    0.0000    0.0000    0.0000  36.00
  37.00    2.2568+111   -0.0002   -0.0004    0.0000   -0.0000    0.0000    0.0006    0.0000    0.0000    0.0000  37.00
  38.00    2.5126+111    0.0002    0.0004    0.0000   -0.0000    0.0000    0.0006    0.0000    0.0000    0.0000  38.00
  39.00    8.7781+111    0.0001    0.0002    0.0000   -0.0000    0.0000    0.0006    0.0000    0.0000    0.0000  39.00
  40.00    1.4499+112    0.0000    0.0001    0.0000   -0.0000    0.0000    0.0006    0.0000    0.0000    0.0000  40.00
  41.00    1.3939+112   -0.0000   -0.0001    0.0000   -0.0000    0.0000    0.0006    0.0000    0.0000    0.0000  41.00
  42.00    7.7323+111   -0.0001   -0.0002    0.0000   -0.0000    0.0000    0.0006    0.0000    0.0000    0.0000  42.00
  43.00    2.0101+111   -0.0002   -0.0004    0.0000   -0.0000    0.0000    0.0006    0.0000    0.0000    0.0000  43.00
  44.00    2.2064+111    0.0002    0.0004    0.0000   -0.0000    0.0000    0.0006    0.0000    0.0000    0.0000  44.00
  45.00    7.7743+111    0.0001    0.0002    0.0000   -0.0000    0.0000    0.0006    0.0000    0.0000    0.0000  45.00
  46.00    1.2936+112    0.0000    0.0001    0.0000   -0.0000    0.0000    0.0006    0.0000    0.0000    0.0000  46.00
  47.00    1.2516+112   -0.0000   -0.0001    0.0000   -0.0000    0.0000    0.0006    0.0000    0.0000    0.0000  47.00
  48.00    6.9893+111   -0.0001   -0.0002    0.0000   -0.0000    0.0000    0.0006    0.0000    0.0000    0.0000  48.00
  49.00    1.8292+111   -0.0002   -0.0004    0.0000   -0.0000    0.0000    0.0006    0.0000    0.0000    0.0000  49.00
  50.00    1.9867+111    0.0002    0.0004    0.0000   -0.0000    0.0000    0.0006    0.0000    0.0000    0.0000  50.00
  51.00    7.0469+111    0.0001    0.0002    0.0000   -0.0000    0.0000    0.0006    0.0000    0.0000    0.0000  51.00
  52.00    1.1794+112    0.0000    0.0001    0.0000   -0.0000    0.0000    0.0006    0.0000    0.0000    0.0000  52.00
  53.00    1.1470+112   -0.0000   -0.0001    0.0000   -0.0000    0.0000    0.0006    0.0000    0.0000    0.0000  53.00
  54.00    6.4392+111   -0.0001   -0.0002    0.0000   -0.0000   -0.0000    0.0006    0.0000    0.0000    0.0000  54.00
  55.00    1.6944+111   -0.0002   -0.0004    0.0000   -0.0000    0.0000    0.0006    0.0000    0.0000    0.0000  55.00
  56.00    1.8255+111    0.0002    0.0004    0.0000   -0.0000    0.0000    0.0006    0.0000    0.0000    0.0000  56.00
  57.00    6.5103+111    0.0001    0.0002    0.0000   -0.0000    0.0000    0.0006    0.0000    0.0000    0.0000  57.00
  58.00    1.0948+112    0.0000    0.0001    0.0000   -0.0000    0.0000    0.0006    0.0000    0.0000    0.0000  58.00
  59.00    1.0692+112   -0.0000   -0.0001    0.0000   -0.0000   -0.0000    0.0006    0.0000    0.0000    0.0000  59.00
  60.00    6.0291+111   -0.0001   -0.0002    0.0000   -0.0000   -0.0000    0.0006    0.0000    0.0000    0.0000  60.00
0Tot-sig   1.0520+113
1Inelastic  10Be(d,p)11Be Ex=2.60 QG UNB LMAX30 RMAX30 V7                  0/00/00
    THETA 111                              112                              113                              114   THETA cos(theta)
     0.00  |++++++++++++++++++++++++++++++++|+++++++++++++++++++*++++++++++++|++++++++++++++++++++++++++++++++|+    0.00    1.0000
     1.00  +                                                           *                                       +    1.00    0.9998
     2.00  +                                                                   *                               +    2.00    0.9994
     3.00  +                                                                        *                          +    3.00    0.9986
     4.00  +                                                                       *                           +    4.00    0.9976
     5.00  +                                                                 *                                 +    5.00    0.9962
     6.00  +                                                    *                                              +    6.00    0.9945
     7.00  +                              *                                                                    +    7.00    0.9925
     8.00  +                                     *                                                             +    8.00    0.9903
     9.00  +                                                    *                                              +    9.00    0.9877
    10.00  +                                                         *                                         +   10.00    0.9848
    11.00  +                                                      *                                            +   11.00    0.9816
    12.00  +                                            *                                                      +   12.00    0.9781
    13.00  +                       *                                                                           +   13.00    0.9744
    14.00  +                           *                                                                       +   14.00    0.9703
    15.00  +                                            *                                                      +   15.00    0.9659
    16.00  +                                                  *                                                +   16.00    0.9613
    17.00  +                                                *                                                  +   17.00    0.9563
    18.00  +                                       *                                                           +   18.00    0.9511
    19.00  +                   *                                                                               +   19.00    0.9455
    20.00  +                     *                                                                             +   20.00    0.9397
    21.00  +                                       *                                                           +   21.00    0.9336
    22.00  +                                             *                                                     +   22.00    0.9272
    23.00  +                                            *                                                      +   23.00    0.9205
    24.00  +                                   *                                                               +   24.00    0.9135
    25.00  +               *                                                                                   +   25.00    0.9063
    26.00  +                  *                                                                                +   26.00    0.8988
    27.00  +                                   *                                                               +   27.00    0.8910
    28.00  +                                          *                                                        +   28.00    0.8829
    29.00  +                                         *                                                         +   29.00    0.8746
    30.00  +                                *                                                                  +   30.00    0.8660
    31.00  +             *                                                                                     +   31.00    0.8572
    32.00  +               *                                                                                   +   32.00    0.8480
    33.00  +                                *                                                                  +   33.00    0.8387
    34.00  +                                       *                                                           +   34.00    0.8290
    35.00  +                                       *                                                           +   35.00    0.8192
    36.00  +                              *                                                                    +   36.00    0.8090
    37.00  +           *                                                                                       +   37.00    0.7986
    38.00  +            *                                                                                      +   38.00    0.7880
    39.00  +                              *                                                                    +   39.00    0.7771
    40.00  +                                     *                                                             +   40.00    0.7660
    41.00  +                                     *                                                             +   41.00    0.7547
    42.00  +                            *                                                                      +   42.00    0.7431
    43.00  +         *                                                                                         +   43.00    0.7314
    44.00  +          *                                                                                        +   44.00    0.7193
    45.00  +                            *                                                                      +   45.00    0.7071
    46.00  +                                    *                                                              +   46.00    0.6947
    47.00  +                                   *                                                               +   47.00    0.6820
    48.00  +                           *                                                                       +   48.00    0.6691
    49.00  +        *                                                                                          +   49.00    0.6561
    50.00  +         *                                                                                         +   50.00    0.6428
    51.00  +                           *                                                                       +   51.00    0.6293
    52.00  +                                  *                                                                +   52.00    0.6157
    53.00  +                                  *                                                                +   53.00    0.6018
    54.00  +                          *                                                                        +   54.00    0.5878
    55.00  +       *                                                                                           +   55.00    0.5736
    56.00  +        *                                                                                          +   56.00    0.5592
    57.00  +                          *                                                                        +   57.00    0.5446
    58.00  +                                 *                                                                 +   58.00    0.5299
    59.00  +                                 *                                                                 +   59.00    0.5150
    60.00  |+++++++++++++++++++++++++*++++++|++++++++++++++++++++++++++++++++|++++++++++++++++++++++++++++++++|+   60.00    0.5000
    THETA 111                              112                              113                              114   THETA cos(theta)
1DWUCK4-DISTORTED WAVES U.COLORADO- PC-VERSION  12/Jan /1995
 Elapsed time in seconds =   0.00
 Elapsed time in seconds =   0.00
0CONTROL INTEGERS
  1 2 3 4 5 6 7 8 9 A B C D E F G H I J K    RUN IDENTIFICATION                                             0/00/00   0.00.00
  1 0 1 1 0 0 0 0 3 0 0 0 0 0 0 0 0 0 0 0    10Be(d,p)11Be Ex=2.80 QG UNB LMAX30 RMAX30 V7               
 10Be(d,p)11Be Ex=2.80 QG UNB LMAX30 RMAX30 V7               
 Adwck4 entered
0ANGLE DATA          THETN=  61.0000   THET1=   0.0000   DTHET=   1.0000   A-ANG=   0.0000   B-ANG=   0.0000
0CARD SET 3 DATA     LMAX =  30          LTR=   1
                     NLTR =   1        2*JTR=   3
0CARD SET 4 DATA     DRF  =   0.1000   RZ   =   0.0000   RMAX = -30.0000   VCE  =   0.0000   FNRNG=   0.0000
                     AMASS=   0.8000
 PARTICLE DATA 
0PARTICLE 1*******************************************************************************************************************
 INPUT DATA          ELAB =  17.4000   RC0  =   1.3030   AC   =   0.0000   2*STR=   2.0000
                     MASSP=   2.0000   MASST=  10.0000   Q    =   0.0000
                     ZP   =   1.0000   ZT   =   4.0000   PNLOC=   2.0000
 
 DERIVED DATA        ECM  =  14.5000   RC   =   2.8072   RHO  =   3.0186
                     K    =   1.0753   ETA  =   0.2136   DR   =   0.0080
0POTENTIAL PARAMETERS
 NX=1 VOLUME  W-S    V RL = -88.7440   R0RL =   1.1480   A RL =   0.7460   R RL =   2.4733   VSOR =   0.0000
                     V IM =  -2.1860   R0IM =   1.3510   A IM =   0.6400   R IM =   2.9106   VSOI =   0.0000   POWR =   0.0000
 NX=2 SURFACE W-S    V RL =   0.0000   R0RL =   0.0000   A RL =   0.0000   R RL =   0.0000   VSOR =   0.0000
                     V IM =  27.3930   R0IM =   1.4050   A IM =   0.6650   R IM =   3.0270   VSOI =   0.0000   POWR =   0.0000
 NX=4 L*S VOLUME     V RL = -14.2280   R0RL =   0.9720   A RL =   1.0110   R RL =   2.0941   VSOR =   0.0000
                     V IM =   0.0000   R0IM =   0.0000   A IM =   0.0000   R IM =   0.0000   VSOI =   0.0000   POWR =   0.0000
0PARTICLE 2*******************************************************************************************************************
 INPUT DATA          ELAB =  10.8862   RC0  =   1.5780   AC   =   0.0000   2*STR=   1.0000
                     MASSP=   1.0000   MASST=  11.0000   Q    =  -4.5210
                     ZP   =   1.0000   ZT   =   4.0000   PNLOC=   1.0000
 
 DERIVED DATA        ECM  =   9.9790   RC   =   3.5094   RHO  =   2.3217
                     K    =   0.6616   ETA  =   0.1909   DR   =   0.0073
0POTENTIAL PARAMETERS
 NX=1 VOLUME  W-S    V RL = -56.2800   R0RL =   1.1220   A RL =   0.6760   R RL =   2.4953   VSOR =   0.0000
                     V IM =  -1.1170   R0IM =   1.1220   A IM =   0.6760   R IM =   2.4953   VSOI =   0.0000   POWR =   0.0000
 NX=2 SURFACE W-S    V RL =   0.0000   R0RL =   0.0000   A RL =   0.0000   R RL =   0.0000   VSOR =   0.0000
                     V IM =  20.7710   R0IM =   1.3070   A IM =   0.5240   R IM =   2.9067   VSOI =   0.0000   POWR =   0.0000
 NX=4 L*S VOLUME     V RL = -21.8760   R0RL =   0.8940   A RL =   0.5900   R RL =   1.9882   VSOR =   0.0000
                     V IM =   0.8640   R0IM =   0.8940   A IM =   0.5900   R IM =   1.9882   VSOI =   0.0000   POWR =   0.0000
110Be(d,p)11Be Ex=2.80 QG UNB LMAX30 RMAX30 V7                  0/ 0/ 0
0FORM FACTOR DATA 
0PARTICLE 3*******************************************************************************************************************
 INPUT DATA          ELAB =   2.2960   RC0  =   1.3000   AC   =   0.0000   2*STR=   1.0000
                     MASSP=   1.0000   MASST=  10.0000   Q    =   2.2960
                     ZP   =   0.0000   ZT   =   4.0000   PNLOC=   1.0000
 
 DERIVED DATA        ECM  =   2.2960   RC   =   2.8008   RHO  =   0.8851
                     K    =   0.3160   ETA  =   0.0000   DR   =   0.0080
0POTENTIAL PARAMETERS
 NX=1 VOLUME  W-S    V RL =   1.0000   R0RL =   1.2500   A RL =   0.6500   R RL =   2.6930   VSOR =  24.0000
                     V IM =   1.1000   R0IM =   0.6500   A IM =   0.0000   R IM =   1.4004   VSOI =   0.0000   POWR =   0.0000
 
                     NODES=   0.0000   L    =   1.0000   2*J  =   3.0000   2*S  =   1.0000   FISW =   2.0000
 
                     COSD =  9.9955E-01               SIND = -3.0032E-02
                     V    =  28.3480   DET  =   0.0000   NODES=   0.0000   RM   =   2.6930   E    =   2.2960   ITER.=   0
0Non-locality correction is applied, parameter =   2.000
0Non-locality correction is applied, parameter =   1.000
0*****  Warning *****  LMAX too large for reliable calculation of unbound stripping or coulomb excitation cases.  Increase RMAX 
0                    LMAX =  30        NSTEP= 300        NLTR =   1
 Bdwck4 entered
   Subroutine INTEG  entered
0REACSIG 1   2.04884E+01                                             REACSIG 2   1.10908E+01
   Subroutine RADINT entered
110Be(d,p)11Be Ex=2.80 QG UNB LMAX30 RMAX30 V7                  0/00/00
0BASIC DATA          DR   =   0.1000   RMIN =   0.0000   RMAX =  30.0000   COUEX=   0.0000     IS1=   1.0000
                     FNRNG=   0.0000   PNLC1=   2.0000   PNLC2=   1.0000   PNLC3=   1.0000     IS2=   0.5000
 ANG MOM TRANSFER    LTR  =   1.       2*JTR=   3.       2*STR=   1.       Q    =  -4.5210
   Subroutine INSIG  entered
0 Theta Inelsig,fm**2      Polz       Asy       Ayy       A22       A21       A20       T22       T21       T20  Theta
   0.00    4.8625+113    0.0000    0.0000    0.0000    0.0000    0.0000    0.0006    0.0000    0.0000    0.0000   0.00
   1.00    7.7194+113    0.0002    0.0004    0.0000   -0.0000    0.0000    0.0006    0.0000    0.0000    0.0000   1.00
   2.00    1.3989+114    0.0002    0.0003    0.0000   -0.0000    0.0000    0.0006    0.0000    0.0000    0.0000   2.00
   3.00    1.8618+114    0.0001    0.0002    0.0000   -0.0000    0.0000    0.0006    0.0000    0.0000    0.0000   3.00
   4.00    1.7808+114    0.0000    0.0001    0.0000   -0.0000    0.0000    0.0006    0.0000    0.0000    0.0000   4.00
   5.00    1.1904+114   -0.0000   -0.0001    0.0000   -0.0000    0.0000    0.0006    0.0000    0.0000    0.0000   5.00
   6.00    4.8791+113   -0.0001   -0.0002    0.0000   -0.0000    0.0000    0.0006    0.0000    0.0000    0.0000   6.00
   7.00    1.0239+113   -0.0002   -0.0003    0.0000   -0.0000    0.0000    0.0006    0.0000    0.0000    0.0000   7.00
   8.00    1.6909+113    0.0002    0.0004    0.0000   -0.0000    0.0000    0.0006    0.0000    0.0000    0.0000   8.00
   9.00    4.6895+113    0.0001    0.0002    0.0000   -0.0000    0.0000    0.0006    0.0000    0.0000    0.0000   9.00
  10.00    6.5573+113    0.0000    0.0001    0.0000   -0.0000    0.0000    0.0006    0.0000    0.0000    0.0000  10.00
  11.00    5.5354+113   -0.0000   -0.0001    0.0000   -0.0000    0.0000    0.0006    0.0000    0.0000    0.0000  11.00
  12.00    2.7173+113   -0.0001   -0.0002    0.0000   -0.0000    0.0000    0.0006    0.0000    0.0000    0.0000  12.00
  13.00    6.4248+112   -0.0002   -0.0004    0.0000   -0.0000    0.0000    0.0006    0.0000    0.0000    0.0000  13.00
  14.00    8.5543+112    0.0002    0.0004    0.0000   -0.0000    0.0000    0.0006    0.0000    0.0000    0.0000  14.00
  15.00    2.6668+113    0.0001    0.0002    0.0000   -0.0000    0.0000    0.0006    0.0000    0.0000    0.0000  15.00
  16.00    4.0529+113    0.0000    0.0001    0.0000   -0.0000    0.0000    0.0006    0.0000    0.0000    0.0000  16.00
  17.00    3.6437+113   -0.0000   -0.0001    0.0000   -0.0000    0.0000    0.0006    0.0000    0.0000    0.0000  17.00
  18.00    1.8953+113   -0.0001   -0.0002    0.0000   -0.0000    0.0000    0.0006    0.0000    0.0000    0.0000  18.00
  19.00    4.7022+112   -0.0002   -0.0004    0.0000   -0.0000   -0.0000    0.0006    0.0000    0.0000    0.0000  19.00
  20.00    5.7403+112    0.0002    0.0004    0.0000   -0.0000    0.0000    0.0006    0.0000    0.0000    0.0000  20.00
  21.00    1.8759+113    0.0001    0.0002    0.0000   -0.0000    0.0000    0.0006    0.0000    0.0000    0.0000  21.00
  22.00    2.9578+113    0.0000    0.0001    0.0000   -0.0000    0.0000    0.0006    0.0000    0.0000    0.0000  22.00
  23.00    2.7392+113   -0.0000   -0.0001    0.0000   -0.0000    0.0000    0.0006    0.0000    0.0000    0.0000  23.00
  24.00    1.4665+113   -0.0001   -0.0002    0.0000   -0.0000    0.0000    0.0006    0.0000    0.0000    0.0000  24.00
  25.00    3.7345+112   -0.0002   -0.0004    0.0000   -0.0000   -0.0000    0.0006    0.0000    0.0000    0.0000  25.00
  26.00    4.3520+112    0.0002    0.0004    0.0000   -0.0000    0.0000    0.0006    0.0000    0.0000    0.0000  26.00
  27.00    1.4591+113    0.0001    0.0002    0.0000   -0.0000    0.0000    0.0006    0.0000    0.0000    0.0000  27.00
  28.00    2.3493+113    0.0000    0.0001    0.0000   -0.0000    0.0000    0.0006    0.0000    0.0000    0.0000  28.00
  29.00    2.2140+113   -0.0000   -0.0001    0.0000   -0.0000    0.0000    0.0006    0.0000    0.0000    0.0000  29.00
  30.00    1.2062+113   -0.0001   -0.0002    0.0000   -0.0000    0.0000    0.0006    0.0000    0.0000    0.0000  30.00
  31.00    3.1227+112   -0.0002   -0.0004    0.0000   -0.0000    0.0000    0.0006    0.0000    0.0000    0.0000  31.00
  32.00    3.5356+112    0.0002    0.0004    0.0000   -0.0000    0.0000    0.0006    0.0000    0.0000    0.0000  32.00
  33.00    1.2048+113    0.0001    0.0002    0.0000   -0.0000    0.0000    0.0006    0.0000    0.0000    0.0000  33.00
  34.00    1.9665+113    0.0000    0.0001    0.0000   -0.0000    0.0000    0.0006    0.0000    0.0000    0.0000  34.00
  35.00    1.8749+113   -0.0000   -0.0001    0.0000   -0.0000    0.0000    0.0006    0.0000    0.0000    0.0000  35.00
  36.00    1.0337+113   -0.0001   -0.0002    0.0000   -0.0000    0.0000    0.0006    0.0000    0.0000    0.0000  36.00
  37.00    2.7067+112   -0.0002   -0.0004    0.0000   -0.0000    0.0000    0.0006    0.0000    0.0000    0.0000  37.00
  38.00    3.0054+112    0.0002    0.0004    0.0000   -0.0000    0.0000    0.0006    0.0000    0.0000    0.0000  38.00
  39.00    1.0358+113    0.0001    0.0002    0.0000   -0.0000    0.0000    0.0006    0.0000    0.0000    0.0000  39.00
  40.00    1.7072+113    0.0000    0.0001    0.0000   -0.0000    0.0000    0.0006    0.0000    0.0000    0.0000  40.00
  41.00    1.6414+113   -0.0000   -0.0001    0.0000   -0.0000    0.0000    0.0006    0.0000    0.0000    0.0000  41.00
  42.00    9.1278+112   -0.0001   -0.0002    0.0000   -0.0000    0.0000    0.0006    0.0000    0.0000    0.0000  42.00
  43.00    2.4105+112   -0.0002   -0.0004    0.0000   -0.0000    0.0000    0.0006    0.0000    0.0000    0.0000  43.00
  44.00    2.6393+112    0.0002    0.0004    0.0000   -0.0000    0.0000    0.0006    0.0000    0.0000    0.0000  44.00
  45.00    9.1730+112    0.0001    0.0002    0.0000   -0.0000    0.0000    0.0006    0.0000    0.0000    0.0000  45.00
  46.00    1.5231+113    0.0000    0.0001    0.0000   -0.0000    0.0000    0.0006    0.0000    0.0000    0.0000  46.00
  47.00    1.4738+113   -0.0000   -0.0001    0.0000   -0.0000    0.0000    0.0006    0.0000    0.0000    0.0000  47.00
  48.00    8.2505+112   -0.0001   -0.0002    0.0000   -0.0000    0.0000    0.0006    0.0000    0.0000    0.0000  48.00
  49.00    2.1933+112   -0.0002   -0.0004    0.0000   -0.0000    0.0000    0.0006    0.0000    0.0000    0.0000  49.00
  50.00    2.3767+112    0.0002    0.0004    0.0000   -0.0000    0.0000    0.0006    0.0000    0.0000    0.0000  50.00
  51.00    8.3145+112    0.0001    0.0002    0.0000   -0.0000    0.0000    0.0006    0.0000    0.0000    0.0000  51.00
  52.00    1.3885+113    0.0000    0.0001    0.0000   -0.0000    0.0000    0.0006    0.0000    0.0000    0.0000  52.00
  53.00    1.3505+113   -0.0000   -0.0001    0.0000   -0.0000    0.0000    0.0006    0.0000    0.0000    0.0000  53.00
  54.00    7.6010+112   -0.0001   -0.0002    0.0000   -0.0000   -0.0000    0.0006    0.0000    0.0000    0.0000  54.00
  55.00    2.0315+112   -0.0002   -0.0004    0.0000   -0.0000    0.0000    0.0006    0.0000    0.0000    0.0000  55.00
  56.00    2.1839+112    0.0002    0.0004    0.0000   -0.0000    0.0000    0.0006    0.0000    0.0000    0.0000  56.00
  57.00    7.6810+112    0.0001    0.0002    0.0000   -0.0000    0.0000    0.0006    0.0000    0.0000    0.0000  57.00
  58.00    1.2889+113    0.0000    0.0001    0.0000   -0.0000    0.0000    0.0006    0.0000    0.0000    0.0000  58.00
  59.00    1.2589+113   -0.0000   -0.0001    0.0000   -0.0000   -0.0000    0.0006    0.0000    0.0000    0.0000  59.00
  60.00    7.1168+112   -0.0001   -0.0002    0.0000   -0.0000   -0.0000    0.0006    0.0000    0.0000    0.0000  60.00
0Tot-sig   1.2413+114
1Inelastic  10Be(d,p)11Be Ex=2.80 QG UNB LMAX30 RMAX30 V7                  0/00/00
    THETA 112                              113                              114                              115   THETA cos(theta)
     0.00  |++++++++++++++++++++++++++++++++|++++++++++++++++++++++*+++++++++|++++++++++++++++++++++++++++++++|+    0.00    1.0000
     1.00  +                                                             *                                     +    1.00    0.9998
     2.00  +                                                                      *                            +    2.00    0.9994
     3.00  +                                                                          *                        +    3.00    0.9986
     4.00  +                                                                         *                         +    4.00    0.9976
     5.00  +                                                                   *                               +    5.00    0.9962
     6.00  +                                                       *                                           +    6.00    0.9945
     7.00  +                                *                                                                  +    7.00    0.9925
     8.00  +                                        *                                                          +    8.00    0.9903
     9.00  +                                                      *                                            +    9.00    0.9877
    10.00  +                                                           *                                       +   10.00    0.9848
    11.00  +                                                         *                                         +   11.00    0.9816
    12.00  +                                              *                                                    +   12.00    0.9781
    13.00  +                          *                                                                        +   13.00    0.9744
    14.00  +                              *                                                                    +   14.00    0.9703
    15.00  +                                              *                                                    +   15.00    0.9659
    16.00  +                                                    *                                              +   16.00    0.9613
    17.00  +                                                   *                                               +   17.00    0.9563
    18.00  +                                         *                                                         +   18.00    0.9511
    19.00  +                     *                                                                             +   19.00    0.9455
    20.00  +                        *                                                                          +   20.00    0.9397
    21.00  +                                         *                                                         +   21.00    0.9336
    22.00  +                                                *                                                  +   22.00    0.9272
    23.00  +                                              *                                                    +   23.00    0.9205
    24.00  +                                     *                                                             +   24.00    0.9135
    25.00  +                  *                                                                                +   25.00    0.9063
    26.00  +                    *                                                                              +   26.00    0.8988
    27.00  +                                     *                                                             +   27.00    0.8910
    28.00  +                                            *                                                      +   28.00    0.8829
    29.00  +                                           *                                                       +   29.00    0.8746
    30.00  +                                   *                                                               +   30.00    0.8660
    31.00  +               *                                                                                   +   31.00    0.8572
    32.00  +                 *                                                                                 +   32.00    0.8480
    33.00  +                                   *                                                               +   33.00    0.8387
    34.00  +                                          *                                                        +   34.00    0.8290
    35.00  +                                         *                                                         +   35.00    0.8192
    36.00  +                                *                                                                  +   36.00    0.8090
    37.00  +             *                                                                                     +   37.00    0.7986
    38.00  +               *                                                                                   +   38.00    0.7880
    39.00  +                                 *                                                                 +   39.00    0.7771
    40.00  +                                        *                                                          +   40.00    0.7660
    41.00  +                                       *                                                           +   41.00    0.7547
    42.00  +                               *                                                                   +   42.00    0.7431
    43.00  +            *                                                                                      +   43.00    0.7314
    44.00  +             *                                                                                     +   44.00    0.7193
    45.00  +                               *                                                                   +   45.00    0.7071
    46.00  +                                      *                                                            +   46.00    0.6947
    47.00  +                                      *                                                            +   47.00    0.6820
    48.00  +                             *                                                                     +   48.00    0.6691
    49.00  +          *                                                                                        +   49.00    0.6561
    50.00  +           *                                                                                       +   50.00    0.6428
    51.00  +                             *                                                                     +   51.00    0.6293
    52.00  +                                     *                                                             +   52.00    0.6157
    53.00  +                                    *                                                              +   53.00    0.6018
    54.00  +                            *                                                                      +   54.00    0.5878
    55.00  +         *                                                                                         +   55.00    0.5736
    56.00  +          *                                                                                        +   56.00    0.5592
    57.00  +                            *                                                                      +   57.00    0.5446
    58.00  +                                    *                                                              +   58.00    0.5299
    59.00  +                                   *                                                               +   59.00    0.5150
    60.00  |+++++++++++++++++++++++++++*++++|++++++++++++++++++++++++++++++++|++++++++++++++++++++++++++++++++|+   60.00    0.5000
    THETA 112                              113                              114                              115   THETA cos(theta)
1DWUCK4-DISTORTED WAVES U.COLORADO- PC-VERSION  12/Jan /1995
 Elapsed time in seconds =   0.00
 Elapsed time in seconds =   0.00
0CONTROL INTEGERS
  1 2 3 4 5 6 7 8 9 A B C D E F G H I J K    RUN IDENTIFICATION                                             0/00/00   0.00.00
  1 0 1 1 0 0 0 0 3 0 0 0 0 0 0 0 0 0 0 0    10Be(d,p)11Be Ex=3.00 QG UNB LMAX30 RMAX30 V7               
 10Be(d,p)11Be Ex=3.00 QG UNB LMAX30 RMAX30 V7               
 Adwck4 entered
0ANGLE DATA          THETN=  61.0000   THET1=   0.0000   DTHET=   1.0000   A-ANG=   0.0000   B-ANG=   0.0000
0CARD SET 3 DATA     LMAX =  30          LTR=   1
                     NLTR =   1        2*JTR=   3
0CARD SET 4 DATA     DRF  =   0.1000   RZ   =   0.0000   RMAX = -30.0000   VCE  =   0.0000   FNRNG=   0.0000
                     AMASS=   0.8000
 PARTICLE DATA 
0PARTICLE 1*******************************************************************************************************************
 INPUT DATA          ELAB =  17.4000   RC0  =   1.3030   AC   =   0.0000   2*STR=   2.0000
                     MASSP=   2.0000   MASST=  10.0000   Q    =   0.0000
                     ZP   =   1.0000   ZT   =   4.0000   PNLOC=   2.0000
 
 DERIVED DATA        ECM  =  14.5000   RC   =   2.8072   RHO  =   3.0186
                     K    =   1.0753   ETA  =   0.2136   DR   =   0.0080
0POTENTIAL PARAMETERS
 NX=1 VOLUME  W-S    V RL = -88.7440   R0RL =   1.1480   A RL =   0.7460   R RL =   2.4733   VSOR =   0.0000
                     V IM =  -2.1860   R0IM =   1.3510   A IM =   0.6400   R IM =   2.9106   VSOI =   0.0000   POWR =   0.0000
 NX=2 SURFACE W-S    V RL =   0.0000   R0RL =   0.0000   A RL =   0.0000   R RL =   0.0000   VSOR =   0.0000
                     V IM =  27.3930   R0IM =   1.4050   A IM =   0.6650   R IM =   3.0270   VSOI =   0.0000   POWR =   0.0000
 NX=4 L*S VOLUME     V RL = -14.2280   R0RL =   0.9720   A RL =   1.0110   R RL =   2.0941   VSOR =   0.0000
                     V IM =   0.0000   R0IM =   0.0000   A IM =   0.0000   R IM =   0.0000   VSOI =   0.0000   POWR =   0.0000
0PARTICLE 2*******************************************************************************************************************
 INPUT DATA          ELAB =  10.6680   RC0  =   1.5780   AC   =   0.0000   2*STR=   1.0000
                     MASSP=   1.0000   MASST=  11.0000   Q    =  -4.7210
                     ZP   =   1.0000   ZT   =   4.0000   PNLOC=   1.0000
 
 DERIVED DATA        ECM  =   9.7790   RC   =   3.5094   RHO  =   2.2983
                     K    =   0.6549   ETA  =   0.1929   DR   =   0.0073
0POTENTIAL PARAMETERS
 NX=1 VOLUME  W-S    V RL = -56.2800   R0RL =   1.1220   A RL =   0.6760   R RL =   2.4953   VSOR =   0.0000
                     V IM =  -1.1170   R0IM =   1.1220   A IM =   0.6760   R IM =   2.4953   VSOI =   0.0000   POWR =   0.0000
 NX=2 SURFACE W-S    V RL =   0.0000   R0RL =   0.0000   A RL =   0.0000   R RL =   0.0000   VSOR =   0.0000
                     V IM =  20.7710   R0IM =   1.3070   A IM =   0.5240   R IM =   2.9067   VSOI =   0.0000   POWR =   0.0000
 NX=4 L*S VOLUME     V RL = -21.8760   R0RL =   0.8940   A RL =   0.5900   R RL =   1.9882   VSOR =   0.0000
                     V IM =   0.8640   R0IM =   0.8940   A IM =   0.5900   R IM =   1.9882   VSOI =   0.0000   POWR =   0.0000
110Be(d,p)11Be Ex=3.00 QG UNB LMAX30 RMAX30 V7                  0/ 0/ 0
0FORM FACTOR DATA 
0PARTICLE 3*******************************************************************************************************************
 INPUT DATA          ELAB =   2.4960   RC0  =   1.3000   AC   =   0.0000   2*STR=   1.0000
                     MASSP=   1.0000   MASST=  10.0000   Q    =   2.4960
                     ZP   =   0.0000   ZT   =   4.0000   PNLOC=   1.0000
 
 DERIVED DATA        ECM  =   2.4960   RC   =   2.8008   RHO  =   0.9228
                     K    =   0.3295   ETA  =   0.0000   DR   =   0.0080
0POTENTIAL PARAMETERS
 NX=1 VOLUME  W-S    V RL =   1.0000   R0RL =   1.2500   A RL =   0.6500   R RL =   2.6930   VSOR =  24.0000
                     V IM =   1.1000   R0IM =   0.6500   A IM =   0.0000   R IM =   1.4004   VSOI =   0.0000   POWR =   0.0000
 
                     NODES=   0.0000   L    =   1.0000   2*J  =   3.0000   2*S  =   1.0000   FISW =   2.0000
 
                     COSD =  9.9943E-01               SIND = -3.3672E-02
                     V    =  28.3480   DET  =   0.0000   NODES=   0.0000   RM   =   2.6930   E    =   2.4960   ITER.=   0
0Non-locality correction is applied, parameter =   2.000
0Non-locality correction is applied, parameter =   1.000
0*****  Warning *****  LMAX too large for reliable calculation of unbound stripping or coulomb excitation cases.  Increase RMAX 
0                    LMAX =  30        NSTEP= 300        NLTR =   1
 Bdwck4 entered
   Subroutine INTEG  entered
0REACSIG 1   2.04884E+01                                             REACSIG 2   1.14533E+01
   Subroutine RADINT entered
110Be(d,p)11Be Ex=3.00 QG UNB LMAX30 RMAX30 V7                  0/00/00
0BASIC DATA          DR   =   0.1000   RMIN =   0.0000   RMAX =  30.0000   COUEX=   0.0000     IS1=   1.0000
                     FNRNG=   0.0000   PNLC1=   2.0000   PNLC2=   1.0000   PNLC3=   1.0000     IS2=   0.5000
 ANG MOM TRANSFER    LTR  =   1.       2*JTR=   3.       2*STR=   1.       Q    =  -4.7210
   Subroutine INSIG  entered
0 Theta Inelsig,fm**2      Polz       Asy       Ayy       A22       A21       A20       T22       T21       T20  Theta
   0.00    1.3755+113    0.0000    0.0000    0.0000    0.0000    0.0000    0.0006    0.0000    0.0000    0.0000   0.00
   1.00    2.1551+113    0.0002    0.0003    0.0000   -0.0000    0.0000    0.0006    0.0000    0.0000    0.0000   1.00
   2.00    3.8648+113    0.0001    0.0003    0.0000   -0.0000    0.0000    0.0006    0.0000    0.0000    0.0000   2.00
   3.00    5.1232+113    0.0001    0.0002    0.0000   -0.0000    0.0000    0.0006    0.0000    0.0000    0.0000   3.00
   4.00    4.8931+113    0.0000    0.0001    0.0000   -0.0000    0.0000    0.0006    0.0000    0.0000    0.0000   4.00
   5.00    3.2706+113   -0.0000   -0.0000    0.0000   -0.0000    0.0000    0.0006    0.0000    0.0000    0.0000   5.00
   6.00    1.3440+113   -0.0001   -0.0002    0.0000   -0.0000    0.0000    0.0006    0.0000    0.0000    0.0000   6.00
   7.00    2.8757+112   -0.0001   -0.0003    0.0000   -0.0000    0.0000    0.0006    0.0000    0.0000    0.0000   7.00
   8.00    4.7016+112    0.0002    0.0003    0.0000   -0.0000    0.0000    0.0006    0.0000    0.0000    0.0000   8.00
   9.00    1.2910+113    0.0001    0.0002    0.0000   -0.0000    0.0000    0.0006    0.0000    0.0000    0.0000   9.00
  10.00    1.8016+113    0.0000    0.0001    0.0000   -0.0000    0.0000    0.0006    0.0000    0.0000    0.0000  10.00
  11.00    1.5208+113   -0.0000   -0.0001    0.0000   -0.0000    0.0000    0.0006    0.0000    0.0000    0.0000  11.00
  12.00    7.4842+112   -0.0001   -0.0002    0.0000   -0.0000    0.0000    0.0006    0.0000    0.0000    0.0000  12.00
  13.00    1.7996+112   -0.0002   -0.0003    0.0000   -0.0000    0.0000    0.0006    0.0000    0.0000    0.0000  13.00
  14.00    2.3823+112    0.0002    0.0003    0.0000   -0.0000    0.0000    0.0006    0.0000    0.0000    0.0000  14.00
  15.00    7.3420+112    0.0001    0.0002    0.0000   -0.0000    0.0000    0.0006    0.0000    0.0000    0.0000  15.00
  16.00    1.1135+113    0.0000    0.0001    0.0000   -0.0000    0.0000    0.0006    0.0000    0.0000    0.0000  16.00
  17.00    1.0011+113   -0.0000   -0.0001    0.0000   -0.0000    0.0000    0.0006    0.0000    0.0000    0.0000  17.00
  18.00    5.2198+112   -0.0001   -0.0002    0.0000   -0.0000    0.0000    0.0006    0.0000    0.0000    0.0000  18.00
  19.00    1.3158+112   -0.0002   -0.0003    0.0000   -0.0000   -0.0000    0.0006    0.0000    0.0000    0.0000  19.00
  20.00    1.5997+112    0.0002    0.0004    0.0000   -0.0000    0.0000    0.0006    0.0000    0.0000    0.0000  20.00
  21.00    5.1646+112    0.0001    0.0002    0.0000   -0.0000    0.0000    0.0006    0.0000    0.0000    0.0000  21.00
  22.00    8.1261+112    0.0000    0.0001    0.0000   -0.0000    0.0000    0.0006    0.0000    0.0000    0.0000  22.00
  23.00    7.5259+112   -0.0000   -0.0001    0.0000   -0.0000    0.0000    0.0006    0.0000    0.0000    0.0000  23.00
  24.00    4.0390+112   -0.0001   -0.0002    0.0000   -0.0000    0.0000    0.0006    0.0000    0.0000    0.0000  24.00
  25.00    1.0446+112   -0.0002   -0.0003    0.0000   -0.0000   -0.0000    0.0006    0.0000    0.0000    0.0000  25.00
  26.00    1.2132+112    0.0002    0.0004    0.0000   -0.0000    0.0000    0.0006    0.0000    0.0000    0.0000  26.00
  27.00    4.0170+112    0.0001    0.0002    0.0000   -0.0000    0.0000    0.0006    0.0000    0.0000    0.0000  27.00
  28.00    6.4543+112    0.0000    0.0001    0.0000   -0.0000    0.0000    0.0006    0.0000    0.0000    0.0000  28.00
  29.00    6.0829+112   -0.0000   -0.0001    0.0000   -0.0000    0.0000    0.0006    0.0000    0.0000    0.0000  29.00
  30.00    3.3221+112   -0.0001   -0.0002    0.0000   -0.0000    0.0000    0.0006    0.0000    0.0000    0.0000  30.00
  31.00    8.7317+111   -0.0002   -0.0003    0.0000   -0.0000    0.0000    0.0006    0.0000    0.0000    0.0000  31.00
  32.00    9.8583+111    0.0002    0.0004    0.0000   -0.0000    0.0000    0.0006    0.0000    0.0000    0.0000  32.00
  33.00    3.3168+112    0.0001    0.0002    0.0000   -0.0000    0.0000    0.0006    0.0000    0.0000    0.0000  33.00
  34.00    5.4025+112    0.0000    0.0001    0.0000   -0.0000    0.0000    0.0006    0.0000    0.0000    0.0000  34.00
  35.00    5.1512+112   -0.0000   -0.0001    0.0000   -0.0000    0.0000    0.0006    0.0000    0.0000    0.0000  35.00
  36.00    2.8468+112   -0.0001   -0.0002    0.0000   -0.0000    0.0000    0.0006    0.0000    0.0000    0.0000  36.00
  37.00    7.5672+111   -0.0002   -0.0003    0.0000   -0.0000    0.0000    0.0006    0.0000    0.0000    0.0000  37.00
  38.00    8.3811+111    0.0002    0.0004    0.0000   -0.0000    0.0000    0.0006    0.0000    0.0000    0.0000  38.00
  39.00    2.8514+112    0.0001    0.0002    0.0000   -0.0000    0.0000    0.0006    0.0000    0.0000    0.0000  39.00
  40.00    4.6899+112    0.0000    0.0001    0.0000   -0.0000    0.0000    0.0006    0.0000    0.0000    0.0000  40.00
  41.00    4.5095+112   -0.0000   -0.0001    0.0000   -0.0000    0.0000    0.0006    0.0000    0.0000    0.0000  41.00
  42.00    2.5138+112   -0.0001   -0.0002    0.0000   -0.0000    0.0000    0.0006    0.0000    0.0000    0.0000  42.00
  43.00    6.7381+111   -0.0002   -0.0003    0.0000   -0.0000    0.0000    0.0006    0.0000    0.0000    0.0000  43.00
  44.00    7.3608+111    0.0002    0.0004    0.0000   -0.0000    0.0000    0.0006    0.0000    0.0000    0.0000  44.00
  45.00    2.5251+112    0.0001    0.0002    0.0000   -0.0000    0.0000    0.0006    0.0000    0.0000    0.0000  45.00
  46.00    4.1839+112    0.0000    0.0001    0.0000   -0.0000    0.0000    0.0006    0.0000    0.0000    0.0000  46.00
  47.00    4.0490+112   -0.0000   -0.0001    0.0000   -0.0000    0.0000    0.0006    0.0000    0.0000    0.0000  47.00
  48.00    2.2722+112   -0.0001   -0.0002    0.0000   -0.0000    0.0000    0.0006    0.0000    0.0000    0.0000  48.00
  49.00    6.1303+111   -0.0002   -0.0003    0.0000   -0.0000    0.0000    0.0006    0.0000    0.0000    0.0000  49.00
  50.00    6.6285+111    0.0002    0.0004    0.0000   -0.0000    0.0000    0.0006    0.0000    0.0000    0.0000  50.00
  51.00    2.2887+112    0.0001    0.0002    0.0000   -0.0000    0.0000    0.0006    0.0000    0.0000    0.0000  51.00
  52.00    3.8143+112    0.0000    0.0001    0.0000   -0.0000    0.0000    0.0006    0.0000    0.0000    0.0000  52.00
  53.00    3.7103+112   -0.0000   -0.0001    0.0000   -0.0000    0.0000    0.0006    0.0000    0.0000    0.0000  53.00
  54.00    2.0933+112   -0.0001   -0.0002    0.0000   -0.0000   -0.0000    0.0006    0.0000    0.0000    0.0000  54.00
  55.00    5.6775+111   -0.0002   -0.0003    0.0000   -0.0000    0.0000    0.0006    0.0000    0.0000    0.0000  55.00
  56.00    6.0911+111    0.0002    0.0004    0.0000   -0.0000    0.0000    0.0006    0.0000    0.0000    0.0000  56.00
  57.00    2.1143+112    0.0001    0.0002    0.0000   -0.0000    0.0000    0.0006    0.0000    0.0000    0.0000  57.00
  58.00    3.5404+112    0.0000    0.0001    0.0000   -0.0000    0.0000    0.0006    0.0000    0.0000    0.0000  58.00
  59.00    3.4585+112   -0.0000   -0.0001    0.0000   -0.0000   -0.0000    0.0006    0.0000    0.0000    0.0000  59.00
  60.00    1.9599+112   -0.0001   -0.0002    0.0000   -0.0000   -0.0000    0.0006    0.0000    0.0000    0.0000  60.00
0Tot-sig   3.4169+113
1Inelastic  10Be(d,p)11Be Ex=3.00 QG UNB LMAX30 RMAX30 V7                  0/00/00
    THETA 111                              112                              113                              114   THETA cos(theta)
     0.00  |++++++++++++++++++++++++++++++++|++++++++++++++++++++++++++++++++|++++*+++++++++++++++++++++++++++|+    0.00    1.0000
     1.00  +                                                                            *                      +    1.00    0.9998
     2.00  +                                                                                    *              +    2.00    0.9994
     3.00  +                                                                                        *          +    3.00    0.9986
     4.00  +                                                                                        *          +    4.00    0.9976
     5.00  +                                                                                  *                +    5.00    0.9962
     6.00  +                                                                     *                             +    6.00    0.9945
     7.00  +                                               *                                                   +    7.00    0.9925
     8.00  +                                                      *                                            +    8.00    0.9903
     9.00  +                                                                     *                             +    9.00    0.9877
    10.00  +                                                                         *                         +   10.00    0.9848
    11.00  +                                                                       *                           +   11.00    0.9816
    12.00  +                                                             *                                     +   12.00    0.9781
    13.00  +                                        *                                                          +   13.00    0.9744
    14.00  +                                            *                                                      +   14.00    0.9703
    15.00  +                                                             *                                     +   15.00    0.9659
    16.00  +                                                                   *                               +   16.00    0.9613
    17.00  +                                                                 *                                 +   17.00    0.9563
    18.00  +                                                        *                                          +   18.00    0.9511
    19.00  +                                    *                                                              +   19.00    0.9455
    20.00  +                                       *                                                           +   20.00    0.9397
    21.00  +                                                        *                                          +   21.00    0.9336
    22.00  +                                                              *                                    +   22.00    0.9272
    23.00  +                                                             *                                     +   23.00    0.9205
    24.00  +                                                    *                                              +   24.00    0.9135
    25.00  +                                 *                                                                 +   25.00    0.9063
    26.00  +                                   *                                                               +   26.00    0.8988
    27.00  +                                                    *                                              +   27.00    0.8910
    28.00  +                                                           *                                       +   28.00    0.8829
    29.00  +                                                          *                                        +   29.00    0.8746
    30.00  +                                                 *                                                 +   30.00    0.8660
    31.00  +                              *                                                                    +   31.00    0.8572
    32.00  +                                *                                                                  +   32.00    0.8480
    33.00  +                                                 *                                                 +   33.00    0.8387
    34.00  +                                                        *                                          +   34.00    0.8290
    35.00  +                                                       *                                           +   35.00    0.8192
    36.00  +                                               *                                                   +   36.00    0.8090
    37.00  +                            *                                                                      +   37.00    0.7986
    38.00  +                             *                                                                     +   38.00    0.7880
    39.00  +                                               *                                                   +   39.00    0.7771
    40.00  +                                                      *                                            +   40.00    0.7660
    41.00  +                                                      *                                            +   41.00    0.7547
    42.00  +                                             *                                                     +   42.00    0.7431
    43.00  +                          *                                                                        +   43.00    0.7314
    44.00  +                            *                                                                      +   44.00    0.7193
    45.00  +                                             *                                                     +   45.00    0.7071
    46.00  +                                                     *                                             +   46.00    0.6947
    47.00  +                                                    *                                              +   47.00    0.6820
    48.00  +                                            *                                                      +   48.00    0.6691
    49.00  +                         *                                                                         +   49.00    0.6561
    50.00  +                          *                                                                        +   50.00    0.6428
    51.00  +                                            *                                                      +   51.00    0.6293
    52.00  +                                                   *                                               +   52.00    0.6157
    53.00  +                                                   *                                               +   53.00    0.6018
    54.00  +                                           *                                                       +   54.00    0.5878
    55.00  +                        *                                                                          +   55.00    0.5736
    56.00  +                         *                                                                         +   56.00    0.5592
    57.00  +                                           *                                                       +   57.00    0.5446
    58.00  +                                                  *                                                +   58.00    0.5299
    59.00  +                                                  *                                                +   59.00    0.5150
    60.00  |++++++++++++++++++++++++++++++++|+++++++++*++++++++++++++++++++++|++++++++++++++++++++++++++++++++|+   60.00    0.5000
    THETA 111                              112                              113                              114   THETA cos(theta)
1DWUCK4-DISTORTED WAVES U.COLORADO- PC-VERSION  12/Jan /1995
 Elapsed time in seconds =   0.00
 Elapsed time in seconds =   0.00
0CONTROL INTEGERS
  1 2 3 4 5 6 7 8 9 A B C D E F G H I J K    RUN IDENTIFICATION                                             0/00/00   0.00.00
  9 0 0 0 0 0 0 0 0 0 0 0 0 0 0 0 0 0 0 0    END OF DATA for DWUCK4                                      
