1********************DWUCK4 AT YOUR SERVICE********************

 installed         Mon May 21 11:05:50 1990                
 today is          Sat Feb 28 12:39:30 2026




















                    *******************************************************
                    *                                                     *
                    * User     : calemhoffman                             *
                    * Directory: <- /Users/calemhoffman/Documents/GitHub/ *
                    * Input    : Standard Input                           *
                    * Output   : Standard Output                          *
                    *                                                     *
                    *******************************************************
1
0DWUCK4-DISTORTED WAVES U.COLORADO- PC-VERSION  12/Jan /1995
 Elapsed time in seconds =   0.00
 Elapsed time in seconds =   0.00
0CONTROL INTEGERS
  1 2 3 4 5 6 7 8 9 A B C D E F G H I J K    RUN IDENTIFICATION                                             0/00/00   0.00.00
  1 0 1 1 0 0 0 0 3 0 0 0 0 0 0 0 0 0 0 0    10Be(d,p)11Be  600 keV  1780 keV  0d5/2                     
 10Be(d,p)11Be  600 keV  1780 keV  0d5/2                     
 Adwck4 entered
0ANGLE DATA          THETN=  61.0000   THET1=   0.0000   DTHET=   1.0000   A-ANG=   0.0000   B-ANG=   0.0000
0CARD SET 3 DATA     LMAX =  15          LTR=   2
                     NLTR =   1        2*JTR=   5
0CARD SET 4 DATA     DRF  =   0.1000   RZ   =   0.0000   RMAX = -15.0000   VCE  =   0.0000   FNRNG=   0.0000
 PARTICLE DATA 
0PARTICLE 1*******************************************************************************************************************
 INPUT DATA          ELAB =  17.4000   RC0  =   1.3030   AC   =   0.0000   2*STR=   0.0000
                     MASSP=   2.0000   MASST=  10.0000   Q    =   0.0000
                     ZP   =   1.0000   ZT   =   4.0000   PNLOC=   2.0000
 
 DERIVED DATA        ECM  =  14.5000   RC   =   2.8072   RHO  =   3.0186
                     K    =   1.0753   ETA  =   0.2136   DR   =   0.1000
0POTENTIAL PARAMETERS
 NX=1 VOLUME  W-S    V RL = -88.7440   R0RL =   1.1480   A RL =   0.7460   R RL =   2.4733   VSOR =   0.0000
                     V IM =  -2.1860   R0IM =   1.3510   A IM =   0.6400   R IM =   2.9106   VSOI =   0.0000   POWR =   0.0000
 NX=2 SURFACE W-S    V RL =   0.0000   R0RL =   0.0000   A RL =   0.0000   R RL =   0.0000   VSOR =   0.0000
                     V IM =  27.3930   R0IM =   1.4050   A IM =   0.6650   R IM =   3.0270   VSOI =   0.0000   POWR =   0.0000
 NX=4 L*S VOLUME     V RL = -14.2280   R0RL =   0.9720   A RL =   1.0110   R RL =   2.0941   VSOR =   0.0000
                     V IM =   0.0000   R0IM =   0.0000   A IM =   0.0000   R IM =   0.0000   VSOI =   0.0000   POWR =   0.0000
0PARTICLE 2*******************************************************************************************************************
 INPUT DATA          ELAB =  13.2862   RC0  =   1.5780   AC   =   0.0000   2*STR=   0.0000
                     MASSP=   1.0000   MASST=  11.0000   Q    =  -2.3210
                     ZP   =   1.0000   ZT   =   4.0000   PNLOC=   1.0000
 
 DERIVED DATA        ECM  =  12.1790   RC   =   3.5094   RHO  =   2.5649
                     K    =   0.7309   ETA  =   0.1728   DR   =   0.0909
0POTENTIAL PARAMETERS
 NX=1 VOLUME  W-S    V RL = -55.9170   R0RL =   1.1220   A RL =   0.6760   R RL =   2.4953   VSOR =   0.0000
                     V IM =  -1.2020   R0IM =   1.1220   A IM =   0.6760   R IM =   2.4953   VSOI =   0.0000   POWR =   0.0000
 NX=2 SURFACE W-S    V RL =   0.0000   R0RL =   0.0000   A RL =   0.0000   R RL =   0.0000   VSOR =   0.0000
                     V IM =  20.7420   R0IM =   1.3070   A IM =   0.5240   R IM =   2.9067   VSOI =   0.0000   POWR =   0.0000
 NX=4 L*S VOLUME     V RL = -21.8000   R0RL =   0.8940   A RL =   0.5900   R RL =   1.9882   VSOR =   0.0000
                     V IM =   0.2320   R0IM =   0.8940   A IM =   0.5900   R IM =   1.9882   VSOI =   0.0000   POWR =   0.0000
110Be(d,p)11Be  600 keV  1780 keV  0d5/2                        0/ 0/ 0
0FORM FACTOR DATA 
0PARTICLE 3*******************************************************************************************************************
 INPUT DATA          ELAB =   0.0960   RC0  =   1.3000   AC   =   0.0000   2*STR=   0.0000
                     MASSP=   1.0000   MASST=  10.0000   Q    =   0.0960
                     ZP   =   0.0000   ZT   =   4.0000   PNLOC=   1.0000
 
 DERIVED DATA        ECM  =   0.0960   RC   =   2.8008   RHO  =   0.1810
                     K    =   0.0646   ETA  =   0.0000   DR   =   0.1000
0POTENTIAL PARAMETERS
 NX=1 VOLUME  W-S    V RL =  -1.0000   R0RL =   1.2500   A RL =   0.6500   R RL =   2.6930   VSOR =   0.0000
                     V IM =   0.0000   R0IM =   0.0000   A IM =   0.0000   R IM =   0.0000   VSOI =   0.0000   POWR =   0.0000
 NX=4 L*S VOLUME     V RL =  -6.0000   R0RL =   1.1000   A RL =   0.6500   R RL =   2.3699   VSOR =   0.0000
                     V IM =   0.0000   R0IM =   0.0000   A IM =   0.0000   R IM =   0.0000   VSOI =   0.0000   POWR =   0.0000
 
                     NODES=   0.0000   L    =   2.0000   2*J  =   5.0000   2*S  =   1.0000   FISW =   0.0000
 
0SINGLE PARTICLE WIDTH = 3.5840E -4  MEV     VOLUME TERM =  8.2066E+03     SURFACE TERM =  8.3887E+01
                     V    =  26.9722   DET  =   0.0000   NODES=   0.0000   RM   =   3.8500   E    =   0.0960   ITER.=   5
0Non-locality correction is applied, parameter =   2.000
0Non-locality correction is applied, parameter =   1.000
0*****  Warning  *****  CLASSICAL TURNING POINT FOR BOUNDSTATE = 37.9068  IS GREATER THAN RMAX =-15.0000
0                    LMAX =  15        NSTEP= 150        NLTR =   1
 Bdwck4 entered
   Subroutine INTEG  entered
0REACSIG 1   9.04890E+01                                             REACSIG 2   5.72493E+01
   Subroutine RADINT entered
110Be(d,p)11Be  600 keV  1780 keV  0d5/2                        0/00/00
0BASIC DATA          DR   =   0.1000   RMIN =   0.0000   RMAX =  15.0000   COUEX=   0.0000     IS1=   0.0000
                     FNRNG=   0.0000   PNLC1=   2.0000   PNLC2=   1.0000   PNLC3=   1.0000     IS2=   0.0000
 ANG MOM TRANSFER    LTR  =   2.       2*JTR=   4.       2*STR=   0.       Q    =  -2.3210
   Subroutine INSIG  entered
0 Theta Inelsig,fm**2      Polz       Asy       Ayy       A22       A21       A20       T22       T21       T20  Theta
   0.00    1.2007E+01    0.0000    0.0000    0.0000    0.0000    0.0000    0.0000    0.0000    0.0000    0.0000   0.00
   1.00    1.1995E+01    0.0000    0.0000    0.0000    0.0000    0.0000    0.0000    0.0000    0.0000    0.0000   1.00
   2.00    1.1959E+01    0.0000    0.0000    0.0000    0.0000    0.0000    0.0000    0.0000    0.0000    0.0000   2.00
   3.00    1.1898E+01    0.0000    0.0000    0.0000    0.0000    0.0000    0.0000    0.0000    0.0000    0.0000   3.00
   4.00    1.1813E+01    0.0000    0.0000    0.0000    0.0000    0.0000    0.0000    0.0000    0.0000    0.0000   4.00
   5.00    1.1704E+01    0.0000    0.0000    0.0000    0.0000    0.0000    0.0000    0.0000    0.0000    0.0000   5.00
   6.00    1.1569E+01    0.0000    0.0000    0.0000    0.0000    0.0000    0.0000    0.0000    0.0000    0.0000   6.00
   7.00    1.1410E+01    0.0000    0.0000    0.0000    0.0000    0.0000    0.0000    0.0000    0.0000    0.0000   7.00
   8.00    1.1225E+01    0.0000    0.0000    0.0000    0.0000    0.0000    0.0000    0.0000    0.0000    0.0000   8.00
   9.00    1.1015E+01    0.0000    0.0000    0.0000    0.0000    0.0000    0.0000    0.0000    0.0000    0.0000   9.00
  10.00    1.0781E+01    0.0000    0.0000    0.0000    0.0000    0.0000    0.0000    0.0000    0.0000    0.0000  10.00
  11.00    1.0523E+01    0.0000    0.0000    0.0000    0.0000    0.0000    0.0000    0.0000    0.0000    0.0000  11.00
  12.00    1.0243E+01    0.0000    0.0000    0.0000    0.0000    0.0000    0.0000    0.0000    0.0000    0.0000  12.00
  13.00    9.9400E+00    0.0000    0.0000    0.0000    0.0000    0.0000    0.0000    0.0000    0.0000    0.0000  13.00
  14.00    9.6175E+00    0.0000    0.0000    0.0000    0.0000    0.0000    0.0000    0.0000    0.0000    0.0000  14.00
  15.00    9.2768E+00    0.0000    0.0000    0.0000    0.0000    0.0000    0.0000    0.0000    0.0000    0.0000  15.00
  16.00    8.9203E+00    0.0000    0.0000    0.0000    0.0000    0.0000    0.0000    0.0000    0.0000    0.0000  16.00
  17.00    8.5503E+00    0.0000    0.0000    0.0000    0.0000    0.0000    0.0000    0.0000    0.0000    0.0000  17.00
  18.00    8.1694E+00    0.0000    0.0000    0.0000    0.0000    0.0000    0.0000    0.0000    0.0000    0.0000  18.00
  19.00    7.7804E+00    0.0000    0.0000    0.0000    0.0000    0.0000    0.0000    0.0000    0.0000    0.0000  19.00
  20.00    7.3863E+00    0.0000    0.0000    0.0000    0.0000    0.0000    0.0000    0.0000    0.0000    0.0000  20.00
  21.00    6.9897E+00    0.0000    0.0000    0.0000    0.0000    0.0000    0.0000    0.0000    0.0000    0.0000  21.00
  22.00    6.5935E+00    0.0000    0.0000    0.0000    0.0000    0.0000    0.0000    0.0000    0.0000    0.0000  22.00
  23.00    6.2003E+00    0.0000    0.0000    0.0000    0.0000    0.0000    0.0000    0.0000    0.0000    0.0000  23.00
  24.00    5.8127E+00    0.0000    0.0000    0.0000    0.0000    0.0000    0.0000    0.0000    0.0000    0.0000  24.00
  25.00    5.4329E+00    0.0000    0.0000    0.0000    0.0000    0.0000    0.0000    0.0000    0.0000    0.0000  25.00
  26.00    5.0629E+00    0.0000    0.0000    0.0000    0.0000    0.0000    0.0000    0.0000    0.0000    0.0000  26.00
  27.00    4.7045E+00    0.0000    0.0000    0.0000    0.0000    0.0000    0.0000    0.0000    0.0000    0.0000  27.00
  28.00    4.3592E+00    0.0000    0.0000    0.0000    0.0000    0.0000    0.0000    0.0000    0.0000    0.0000  28.00
  29.00    4.0281E+00    0.0000    0.0000    0.0000    0.0000    0.0000    0.0000    0.0000    0.0000    0.0000  29.00
  30.00    3.7123E+00    0.0000    0.0000    0.0000    0.0000    0.0000    0.0000    0.0000    0.0000    0.0000  30.00
  31.00    3.4125E+00    0.0000    0.0000    0.0000    0.0000    0.0000    0.0000    0.0000    0.0000    0.0000  31.00
  32.00    3.1290E+00    0.0000    0.0000    0.0000    0.0000    0.0000    0.0000    0.0000    0.0000    0.0000  32.00
  33.00    2.8621E+00    0.0000    0.0000    0.0000    0.0000    0.0000    0.0000    0.0000    0.0000    0.0000  33.00
  34.00    2.6121E+00    0.0000    0.0000    0.0000    0.0000    0.0000    0.0000    0.0000    0.0000    0.0000  34.00
  35.00    2.3787E+00    0.0000    0.0000    0.0000    0.0000    0.0000    0.0000    0.0000    0.0000    0.0000  35.00
  36.00    2.1619E+00    0.0000    0.0000    0.0000    0.0000    0.0000    0.0000    0.0000    0.0000    0.0000  36.00
  37.00    1.9613E+00    0.0000    0.0000    0.0000    0.0000    0.0000    0.0000    0.0000    0.0000    0.0000  37.00
  38.00    1.7767E+00    0.0000    0.0000    0.0000    0.0000    0.0000    0.0000    0.0000    0.0000    0.0000  38.00
  39.00    1.6076E+00    0.0000    0.0000    0.0000    0.0000    0.0000    0.0000    0.0000    0.0000    0.0000  39.00
  40.00    1.4536E+00    0.0000    0.0000    0.0000    0.0000    0.0000    0.0000    0.0000    0.0000    0.0000  40.00
  41.00    1.3142E+00    0.0000    0.0000    0.0000    0.0000    0.0000    0.0000    0.0000    0.0000    0.0000  41.00
  42.00    1.1888E+00    0.0000    0.0000    0.0000    0.0000    0.0000    0.0000    0.0000    0.0000    0.0000  42.00
  43.00    1.0769E+00    0.0000    0.0000    0.0000    0.0000    0.0000    0.0000    0.0000    0.0000    0.0000  43.00
  44.00    9.7793E-01    0.0000    0.0000    0.0000    0.0000    0.0000    0.0000    0.0000    0.0000    0.0000  44.00
  45.00    8.9119E-01    0.0000    0.0000    0.0000    0.0000    0.0000    0.0000    0.0000    0.0000    0.0000  45.00
  46.00    8.1603E-01    0.0000    0.0000    0.0000    0.0000    0.0000    0.0000    0.0000    0.0000    0.0000  46.00
  47.00    7.5178E-01    0.0000    0.0000    0.0000    0.0000    0.0000    0.0000    0.0000    0.0000    0.0000  47.00
  48.00    6.9770E-01    0.0000    0.0000    0.0000    0.0000    0.0000    0.0000    0.0000    0.0000    0.0000  48.00
  49.00    6.5304E-01    0.0000    0.0000    0.0000    0.0000    0.0000    0.0000    0.0000    0.0000    0.0000  49.00
  50.00    6.1705E-01    0.0000    0.0000    0.0000    0.0000    0.0000    0.0000    0.0000    0.0000    0.0000  50.00
  51.00    5.8894E-01    0.0000    0.0000    0.0000    0.0000    0.0000    0.0000    0.0000    0.0000    0.0000  51.00
  52.00    5.6794E-01    0.0000    0.0000    0.0000    0.0000    0.0000    0.0000    0.0000    0.0000    0.0000  52.00
  53.00    5.5325E-01    0.0000    0.0000    0.0000    0.0000    0.0000    0.0000    0.0000    0.0000    0.0000  53.00
  54.00    5.4411E-01    0.0000    0.0000    0.0000    0.0000    0.0000    0.0000    0.0000    0.0000    0.0000  54.00
  55.00    5.3978E-01    0.0000    0.0000    0.0000    0.0000    0.0000    0.0000    0.0000    0.0000    0.0000  55.00
  56.00    5.3954E-01    0.0000    0.0000    0.0000    0.0000    0.0000    0.0000    0.0000    0.0000    0.0000  56.00
  57.00    5.4270E-01    0.0000    0.0000    0.0000    0.0000    0.0000    0.0000    0.0000    0.0000    0.0000  57.00
  58.00    5.4865E-01    0.0000    0.0000    0.0000    0.0000    0.0000    0.0000    0.0000    0.0000    0.0000  58.00
  59.00    5.5677E-01    0.0000    0.0000    0.0000    0.0000    0.0000    0.0000    0.0000    0.0000    0.0000  59.00
  60.00    5.6653E-01    0.0000    0.0000    0.0000    0.0000    0.0000    0.0000    0.0000    0.0000    0.0000  60.00
0Tot-sig   1.2991E+01
1Inelastic  10Be(d,p)11Be  600 keV  1780 keV  0d5/2                        0/00/00
    THETA  -1                                0                                1                                2   THETA cos(theta)
     0.00  |++++++++++++++++++++++++++++++++|++++++++++++++++++++++++++++++++|++*+++++++++++++++++++++++++++++|+    0.00    1.0000
     1.00  +                                                                    *                              +    1.00    0.9998
     2.00  +                                                                    *                              +    2.00    0.9994
     3.00  +                                                                   *                               +    3.00    0.9986
     4.00  +                                                                   *                               +    4.00    0.9976
     5.00  +                                                                   *                               +    5.00    0.9962
     6.00  +                                                                   *                               +    6.00    0.9945
     7.00  +                                                                   *                               +    7.00    0.9925
     8.00  +                                                                   *                               +    8.00    0.9903
     9.00  +                                                                  *                                +    9.00    0.9877
    10.00  +                                                                  *                                +   10.00    0.9848
    11.00  +                                                                  *                                +   11.00    0.9816
    12.00  +                                                                 *                                 +   12.00    0.9781
    13.00  +                                                                 *                                 +   13.00    0.9744
    14.00  +                                                                *                                  +   14.00    0.9703
    15.00  +                                                                *                                  +   15.00    0.9659
    16.00  +                                                               *                                   +   16.00    0.9613
    17.00  +                                                               *                                   +   17.00    0.9563
    18.00  +                                                              *                                    +   18.00    0.9511
    19.00  +                                                             *                                     +   19.00    0.9455
    20.00  +                                                             *                                     +   20.00    0.9397
    21.00  +                                                            *                                      +   21.00    0.9336
    22.00  +                                                           *                                       +   22.00    0.9272
    23.00  +                                                          *                                        +   23.00    0.9205
    24.00  +                                                         *                                         +   24.00    0.9135
    25.00  +                                                        *                                          +   25.00    0.9063
    26.00  +                                                       *                                           +   26.00    0.8988
    27.00  +                                                      *                                            +   27.00    0.8910
    28.00  +                                                     *                                             +   28.00    0.8829
    29.00  +                                                    *                                              +   29.00    0.8746
    30.00  +                                                   *                                               +   30.00    0.8660
    31.00  +                                                  *                                                +   31.00    0.8572
    32.00  +                                                *                                                  +   32.00    0.8480
    33.00  +                                               *                                                   +   33.00    0.8387
    34.00  +                                              *                                                    +   34.00    0.8290
    35.00  +                                            *                                                      +   35.00    0.8192
    36.00  +                                           *                                                       +   36.00    0.8090
    37.00  +                                          *                                                        +   37.00    0.7986
    38.00  +                                        *                                                          +   38.00    0.7880
    39.00  +                                       *                                                           +   39.00    0.7771
    40.00  +                                     *                                                             +   40.00    0.7660
    41.00  +                                    *                                                              +   41.00    0.7547
    42.00  +                                  *                                                                +   42.00    0.7431
    43.00  +                                 *                                                                 +   43.00    0.7314
    44.00  +                                *                                                                  +   44.00    0.7193
    45.00  +                              *                                                                    +   45.00    0.7071
    46.00  +                             *                                                                     +   46.00    0.6947
    47.00  +                            *                                                                      +   47.00    0.6820
    48.00  +                           *                                                                       +   48.00    0.6691
    49.00  +                          *                                                                        +   49.00    0.6561
    50.00  +                         *                                                                         +   50.00    0.6428
    51.00  +                        *                                                                          +   51.00    0.6293
    52.00  +                        *                                                                          +   52.00    0.6157
    53.00  +                        *                                                                          +   53.00    0.6018
    54.00  +                       *                                                                           +   54.00    0.5878
    55.00  +                       *                                                                           +   55.00    0.5736
    56.00  +                       *                                                                           +   56.00    0.5592
    57.00  +                       *                                                                           +   57.00    0.5446
    58.00  +                       *                                                                           +   58.00    0.5299
    59.00  +                        *                                                                          +   59.00    0.5150
    60.00  |++++++++++++++++++++++++*+++++++|++++++++++++++++++++++++++++++++|++++++++++++++++++++++++++++++++|+   60.00    0.5000
    THETA  -1                                0                                1                                2   THETA cos(theta)
1DWUCK4-DISTORTED WAVES U.COLORADO- PC-VERSION  12/Jan /1995
 Elapsed time in seconds =   0.00
 Elapsed time in seconds =   0.00
0CONTROL INTEGERS
  1 2 3 4 5 6 7 8 9 A B C D E F G H I J K    RUN IDENTIFICATION                                             0/00/00   0.00.00
  1 0 1 1 0 0 0 0 3 0 0 0 0 0 0 0 0 0 0 0    10Be(d,p)11Be  800 keV  1780 keV  0d5/2                     
 10Be(d,p)11Be  800 keV  1780 keV  0d5/2                     
 Adwck4 entered
0ANGLE DATA          THETN=  61.0000   THET1=   0.0000   DTHET=   1.0000   A-ANG=   0.0000   B-ANG=   0.0000
0CARD SET 3 DATA     LMAX =  15          LTR=   2
                     NLTR =   1        2*JTR=   5
0CARD SET 4 DATA     DRF  =   0.1000   RZ   =   0.0000   RMAX = -15.0000   VCE  =   0.0000   FNRNG=   0.0000
 PARTICLE DATA 
0PARTICLE 1*******************************************************************************************************************
 INPUT DATA          ELAB =  17.4000   RC0  =   1.3030   AC   =   0.0000   2*STR=   0.0000
                     MASSP=   2.0000   MASST=  10.0000   Q    =   0.0000
                     ZP   =   1.0000   ZT   =   4.0000   PNLOC=   2.0000
 
 DERIVED DATA        ECM  =  14.5000   RC   =   2.8072   RHO  =   3.0186
                     K    =   1.0753   ETA  =   0.2136   DR   =   0.1000
0POTENTIAL PARAMETERS
 NX=1 VOLUME  W-S    V RL = -88.7440   R0RL =   1.1480   A RL =   0.7460   R RL =   2.4733   VSOR =   0.0000
                     V IM =  -2.1860   R0IM =   1.3510   A IM =   0.6400   R IM =   2.9106   VSOI =   0.0000   POWR =   0.0000
 NX=2 SURFACE W-S    V RL =   0.0000   R0RL =   0.0000   A RL =   0.0000   R RL =   0.0000   VSOR =   0.0000
                     V IM =  27.3930   R0IM =   1.4050   A IM =   0.6650   R IM =   3.0270   VSOI =   0.0000   POWR =   0.0000
 NX=4 L*S VOLUME     V RL = -14.2280   R0RL =   0.9720   A RL =   1.0110   R RL =   2.0941   VSOR =   0.0000
                     V IM =   0.0000   R0IM =   0.0000   A IM =   0.0000   R IM =   0.0000   VSOI =   0.0000   POWR =   0.0000
0PARTICLE 2*******************************************************************************************************************
 INPUT DATA          ELAB =  13.0680   RC0  =   1.5780   AC   =   0.0000   2*STR=   0.0000
                     MASSP=   1.0000   MASST=  11.0000   Q    =  -2.5210
                     ZP   =   1.0000   ZT   =   4.0000   PNLOC=   1.0000
 
 DERIVED DATA        ECM  =  11.9790   RC   =   3.5094   RHO  =   2.5437
                     K    =   0.7248   ETA  =   0.1743   DR   =   0.0909
0POTENTIAL PARAMETERS
 NX=1 VOLUME  W-S    V RL = -55.9170   R0RL =   1.1220   A RL =   0.6760   R RL =   2.4953   VSOR =   0.0000
                     V IM =  -1.2020   R0IM =   1.1220   A IM =   0.6760   R IM =   2.4953   VSOI =   0.0000   POWR =   0.0000
 NX=2 SURFACE W-S    V RL =   0.0000   R0RL =   0.0000   A RL =   0.0000   R RL =   0.0000   VSOR =   0.0000
                     V IM =  20.7420   R0IM =   1.3070   A IM =   0.5240   R IM =   2.9067   VSOI =   0.0000   POWR =   0.0000
 NX=4 L*S VOLUME     V RL = -21.8000   R0RL =   0.8940   A RL =   0.5900   R RL =   1.9882   VSOR =   0.0000
                     V IM =   0.2320   R0IM =   0.8940   A IM =   0.5900   R IM =   1.9882   VSOI =   0.0000   POWR =   0.0000
110Be(d,p)11Be  800 keV  1780 keV  0d5/2                        0/ 0/ 0
0FORM FACTOR DATA 
0PARTICLE 3*******************************************************************************************************************
 INPUT DATA          ELAB =   0.2960   RC0  =   1.3000   AC   =   0.0000   2*STR=   0.0000
                     MASSP=   1.0000   MASST=  10.0000   Q    =   0.2960
                     ZP   =   0.0000   ZT   =   4.0000   PNLOC=   1.0000
 
 DERIVED DATA        ECM  =   0.2960   RC   =   2.8008   RHO  =   0.3178
                     K    =   0.1135   ETA  =   0.0000   DR   =   0.1000
0POTENTIAL PARAMETERS
 NX=1 VOLUME  W-S    V RL =  -1.0000   R0RL =   1.2500   A RL =   0.6500   R RL =   2.6930   VSOR =   0.0000
                     V IM =   0.0000   R0IM =   0.0000   A IM =   0.0000   R IM =   0.0000   VSOI =   0.0000   POWR =   0.0000
 NX=4 L*S VOLUME     V RL =  -6.0000   R0RL =   1.1000   A RL =   0.6500   R RL =   2.3699   VSOR =   0.0000
                     V IM =   0.0000   R0IM =   0.0000   A IM =   0.0000   R IM =   0.0000   VSOI =   0.0000   POWR =   0.0000
 
                     NODES=   0.0000   L    =   2.0000   2*J  =   5.0000   2*S  =   1.0000   FISW =   0.0000
 
0SINGLE PARTICLE WIDTH = 5.6651E -3  MEV     VOLUME TERM =  9.1491E+02     SURFACE TERM =  6.0642E+00
                     V    =  26.7139   DET  =   0.0000   NODES=   0.0000   RM   =   3.8500   E    =   0.2960   ITER.=   6
0Non-locality correction is applied, parameter =   2.000
0Non-locality correction is applied, parameter =   1.000
0*****  Warning  *****  CLASSICAL TURNING POINT FOR BOUNDSTATE = 21.5877  IS GREATER THAN RMAX =-15.0000
0                    LMAX =  15        NSTEP= 150        NLTR =   1
 Bdwck4 entered
   Subroutine INTEG  entered
0REACSIG 1   9.04890E+01                                             REACSIG 2   5.76307E+01
   Subroutine RADINT entered
110Be(d,p)11Be  800 keV  1780 keV  0d5/2                        0/00/00
0BASIC DATA          DR   =   0.1000   RMIN =   0.0000   RMAX =  15.0000   COUEX=   0.0000     IS1=   0.0000
                     FNRNG=   0.0000   PNLC1=   2.0000   PNLC2=   1.0000   PNLC3=   1.0000     IS2=   0.0000
 ANG MOM TRANSFER    LTR  =   2.       2*JTR=   4.       2*STR=   0.       Q    =  -2.5210
   Subroutine INSIG  entered
0 Theta Inelsig,fm**2      Polz       Asy       Ayy       A22       A21       A20       T22       T21       T20  Theta
   0.00    1.2449E+01    0.0000    0.0000    0.0000    0.0000    0.0000    0.0000    0.0000    0.0000    0.0000   0.00
   1.00    1.2435E+01    0.0000    0.0000    0.0000    0.0000    0.0000    0.0000    0.0000    0.0000    0.0000   1.00
   2.00    1.2393E+01    0.0000    0.0000    0.0000    0.0000    0.0000    0.0000    0.0000    0.0000    0.0000   2.00
   3.00    1.2323E+01    0.0000    0.0000    0.0000    0.0000    0.0000    0.0000    0.0000    0.0000    0.0000   3.00
   4.00    1.2225E+01    0.0000    0.0000    0.0000    0.0000    0.0000    0.0000    0.0000    0.0000    0.0000   4.00
   5.00    1.2098E+01    0.0000    0.0000    0.0000    0.0000    0.0000    0.0000    0.0000    0.0000    0.0000   5.00
   6.00    1.1944E+01    0.0000    0.0000    0.0000    0.0000    0.0000    0.0000    0.0000    0.0000    0.0000   6.00
   7.00    1.1762E+01    0.0000    0.0000    0.0000    0.0000    0.0000    0.0000    0.0000    0.0000    0.0000   7.00
   8.00    1.1553E+01    0.0000    0.0000    0.0000    0.0000    0.0000    0.0000    0.0000    0.0000    0.0000   8.00
   9.00    1.1318E+01    0.0000    0.0000    0.0000    0.0000    0.0000    0.0000    0.0000    0.0000    0.0000   9.00
  10.00    1.1056E+01    0.0000    0.0000    0.0000    0.0000    0.0000    0.0000    0.0000    0.0000    0.0000  10.00
  11.00    1.0771E+01    0.0000    0.0000    0.0000    0.0000    0.0000    0.0000    0.0000    0.0000    0.0000  11.00
  12.00    1.0462E+01    0.0000    0.0000    0.0000    0.0000    0.0000    0.0000    0.0000    0.0000    0.0000  12.00
  13.00    1.0132E+01    0.0000    0.0000    0.0000    0.0000    0.0000    0.0000    0.0000    0.0000    0.0000  13.00
  14.00    9.7823E+00    0.0000    0.0000    0.0000    0.0000    0.0000    0.0000    0.0000    0.0000    0.0000  14.00
  15.00    9.4159E+00    0.0000    0.0000    0.0000    0.0000    0.0000    0.0000    0.0000    0.0000    0.0000  15.00
  16.00    9.0349E+00    0.0000    0.0000    0.0000    0.0000    0.0000    0.0000    0.0000    0.0000    0.0000  16.00
  17.00    8.6422E+00    0.0000    0.0000    0.0000    0.0000    0.0000    0.0000    0.0000    0.0000    0.0000  17.00
  18.00    8.2405E+00    0.0000    0.0000    0.0000    0.0000    0.0000    0.0000    0.0000    0.0000    0.0000  18.00
  19.00    7.8327E+00    0.0000    0.0000    0.0000    0.0000    0.0000    0.0000    0.0000    0.0000    0.0000  19.00
  20.00    7.4218E+00    0.0000    0.0000    0.0000    0.0000    0.0000    0.0000    0.0000    0.0000    0.0000  20.00
  21.00    7.0106E+00    0.0000    0.0000    0.0000    0.0000    0.0000    0.0000    0.0000    0.0000    0.0000  21.00
  22.00    6.6019E+00    0.0000    0.0000    0.0000    0.0000    0.0000    0.0000    0.0000    0.0000    0.0000  22.00
  23.00    6.1983E+00    0.0000    0.0000    0.0000    0.0000    0.0000    0.0000    0.0000    0.0000    0.0000  23.00
  24.00    5.8022E+00    0.0000    0.0000    0.0000    0.0000    0.0000    0.0000    0.0000    0.0000    0.0000  24.00
  25.00    5.4158E+00    0.0000    0.0000    0.0000    0.0000    0.0000    0.0000    0.0000    0.0000    0.0000  25.00
  26.00    5.0409E+00    0.0000    0.0000    0.0000    0.0000    0.0000    0.0000    0.0000    0.0000    0.0000  26.00
  27.00    4.6791E+00    0.0000    0.0000    0.0000    0.0000    0.0000    0.0000    0.0000    0.0000    0.0000  27.00
  28.00    4.3317E+00    0.0000    0.0000    0.0000    0.0000    0.0000    0.0000    0.0000    0.0000    0.0000  28.00
  29.00    3.9999E+00    0.0000    0.0000    0.0000    0.0000    0.0000    0.0000    0.0000    0.0000    0.0000  29.00
  30.00    3.6843E+00    0.0000    0.0000    0.0000    0.0000    0.0000    0.0000    0.0000    0.0000    0.0000  30.00
  31.00    3.3855E+00    0.0000    0.0000    0.0000    0.0000    0.0000    0.0000    0.0000    0.0000    0.0000  31.00
  32.00    3.1038E+00    0.0000    0.0000    0.0000    0.0000    0.0000    0.0000    0.0000    0.0000    0.0000  32.00
  33.00    2.8393E+00    0.0000    0.0000    0.0000    0.0000    0.0000    0.0000    0.0000    0.0000    0.0000  33.00
  34.00    2.5919E+00    0.0000    0.0000    0.0000    0.0000    0.0000    0.0000    0.0000    0.0000    0.0000  34.00
  35.00    2.3616E+00    0.0000    0.0000    0.0000    0.0000    0.0000    0.0000    0.0000    0.0000    0.0000  35.00
  36.00    2.1480E+00    0.0000    0.0000    0.0000    0.0000    0.0000    0.0000    0.0000    0.0000    0.0000  36.00
  37.00    1.9507E+00    0.0000    0.0000    0.0000    0.0000    0.0000    0.0000    0.0000    0.0000    0.0000  37.00
  38.00    1.7693E+00    0.0000    0.0000    0.0000    0.0000    0.0000    0.0000    0.0000    0.0000    0.0000  38.00
  39.00    1.6033E+00    0.0000    0.0000    0.0000    0.0000    0.0000    0.0000    0.0000    0.0000    0.0000  39.00
  40.00    1.4523E+00    0.0000    0.0000    0.0000    0.0000    0.0000    0.0000    0.0000    0.0000    0.0000  40.00
  41.00    1.3156E+00    0.0000    0.0000    0.0000    0.0000    0.0000    0.0000    0.0000    0.0000    0.0000  41.00
  42.00    1.1927E+00    0.0000    0.0000    0.0000    0.0000    0.0000    0.0000    0.0000    0.0000    0.0000  42.00
  43.00    1.0830E+00    0.0000    0.0000    0.0000    0.0000    0.0000    0.0000    0.0000    0.0000    0.0000  43.00
  44.00    9.8586E-01    0.0000    0.0000    0.0000    0.0000    0.0000    0.0000    0.0000    0.0000    0.0000  44.00
  45.00    9.0063E-01    0.0000    0.0000    0.0000    0.0000    0.0000    0.0000    0.0000    0.0000    0.0000  45.00
  46.00    8.2664E-01    0.0000    0.0000    0.0000    0.0000    0.0000    0.0000    0.0000    0.0000    0.0000  46.00
  47.00    7.6320E-01    0.0000    0.0000    0.0000    0.0000    0.0000    0.0000    0.0000    0.0000    0.0000  47.00
  48.00    7.0959E-01    0.0000    0.0000    0.0000    0.0000    0.0000    0.0000    0.0000    0.0000    0.0000  48.00
  49.00    6.6508E-01    0.0000    0.0000    0.0000    0.0000    0.0000    0.0000    0.0000    0.0000    0.0000  49.00
  50.00    6.2891E-01    0.0000    0.0000    0.0000    0.0000    0.0000    0.0000    0.0000    0.0000    0.0000  50.00
  51.00    6.0034E-01    0.0000    0.0000    0.0000    0.0000    0.0000    0.0000    0.0000    0.0000    0.0000  51.00
  52.00    5.7859E-01    0.0000    0.0000    0.0000    0.0000    0.0000    0.0000    0.0000    0.0000    0.0000  52.00
  53.00    5.6293E-01    0.0000    0.0000    0.0000    0.0000    0.0000    0.0000    0.0000    0.0000    0.0000  53.00
  54.00    5.5260E-01    0.0000    0.0000    0.0000    0.0000    0.0000    0.0000    0.0000    0.0000    0.0000  54.00
  55.00    5.4689E-01    0.0000    0.0000    0.0000    0.0000    0.0000    0.0000    0.0000    0.0000    0.0000  55.00
  56.00    5.4512E-01    0.0000    0.0000    0.0000    0.0000    0.0000    0.0000    0.0000    0.0000    0.0000  56.00
  57.00    5.4664E-01    0.0000    0.0000    0.0000    0.0000    0.0000    0.0000    0.0000    0.0000    0.0000  57.00
  58.00    5.5084E-01    0.0000    0.0000    0.0000    0.0000    0.0000    0.0000    0.0000    0.0000    0.0000  58.00
  59.00    5.5716E-01    0.0000    0.0000    0.0000    0.0000    0.0000    0.0000    0.0000    0.0000    0.0000  59.00
  60.00    5.6508E-01    0.0000    0.0000    0.0000    0.0000    0.0000    0.0000    0.0000    0.0000    0.0000  60.00
0Tot-sig   1.2911E+01
1Inelastic  10Be(d,p)11Be  800 keV  1780 keV  0d5/2                        0/00/00
    THETA  -1                                0                                1                                2   THETA cos(theta)
     0.00  |++++++++++++++++++++++++++++++++|++++++++++++++++++++++++++++++++|++*+++++++++++++++++++++++++++++|+    0.00    1.0000
     1.00  +                                                                    *                              +    1.00    0.9998
     2.00  +                                                                    *                              +    2.00    0.9994
     3.00  +                                                                    *                              +    3.00    0.9986
     4.00  +                                                                    *                              +    4.00    0.9976
     5.00  +                                                                    *                              +    5.00    0.9962
     6.00  +                                                                    *                              +    6.00    0.9945
     7.00  +                                                                   *                               +    7.00    0.9925
     8.00  +                                                                   *                               +    8.00    0.9903
     9.00  +                                                                   *                               +    9.00    0.9877
    10.00  +                                                                  *                                +   10.00    0.9848
    11.00  +                                                                  *                                +   11.00    0.9816
    12.00  +                                                                  *                                +   12.00    0.9781
    13.00  +                                                                 *                                 +   13.00    0.9744
    14.00  +                                                                 *                                 +   14.00    0.9703
    15.00  +                                                                *                                  +   15.00    0.9659
    16.00  +                                                                *                                  +   16.00    0.9613
    17.00  +                                                               *                                   +   17.00    0.9563
    18.00  +                                                              *                                    +   18.00    0.9511
    19.00  +                                                             *                                     +   19.00    0.9455
    20.00  +                                                             *                                     +   20.00    0.9397
    21.00  +                                                            *                                      +   21.00    0.9336
    22.00  +                                                           *                                       +   22.00    0.9272
    23.00  +                                                          *                                        +   23.00    0.9205
    24.00  +                                                         *                                         +   24.00    0.9135
    25.00  +                                                        *                                          +   25.00    0.9063
    26.00  +                                                       *                                           +   26.00    0.8988
    27.00  +                                                      *                                            +   27.00    0.8910
    28.00  +                                                     *                                             +   28.00    0.8829
    29.00  +                                                    *                                              +   29.00    0.8746
    30.00  +                                                   *                                               +   30.00    0.8660
    31.00  +                                                 *                                                 +   31.00    0.8572
    32.00  +                                                *                                                  +   32.00    0.8480
    33.00  +                                               *                                                   +   33.00    0.8387
    34.00  +                                              *                                                    +   34.00    0.8290
    35.00  +                                            *                                                      +   35.00    0.8192
    36.00  +                                           *                                                       +   36.00    0.8090
    37.00  +                                          *                                                        +   37.00    0.7986
    38.00  +                                        *                                                          +   38.00    0.7880
    39.00  +                                       *                                                           +   39.00    0.7771
    40.00  +                                     *                                                             +   40.00    0.7660
    41.00  +                                    *                                                              +   41.00    0.7547
    42.00  +                                   *                                                               +   42.00    0.7431
    43.00  +                                 *                                                                 +   43.00    0.7314
    44.00  +                                *                                                                  +   44.00    0.7193
    45.00  +                               *                                                                   +   45.00    0.7071
    46.00  +                             *                                                                     +   46.00    0.6947
    47.00  +                            *                                                                      +   47.00    0.6820
    48.00  +                           *                                                                       +   48.00    0.6691
    49.00  +                          *                                                                        +   49.00    0.6561
    50.00  +                         *                                                                         +   50.00    0.6428
    51.00  +                         *                                                                         +   51.00    0.6293
    52.00  +                        *                                                                          +   52.00    0.6157
    53.00  +                        *                                                                          +   53.00    0.6018
    54.00  +                       *                                                                           +   54.00    0.5878
    55.00  +                       *                                                                           +   55.00    0.5736
    56.00  +                       *                                                                           +   56.00    0.5592
    57.00  +                       *                                                                           +   57.00    0.5446
    58.00  +                       *                                                                           +   58.00    0.5299
    59.00  +                        *                                                                          +   59.00    0.5150
    60.00  |++++++++++++++++++++++++*+++++++|++++++++++++++++++++++++++++++++|++++++++++++++++++++++++++++++++|+   60.00    0.5000
    THETA  -1                                0                                1                                2   THETA cos(theta)
1DWUCK4-DISTORTED WAVES U.COLORADO- PC-VERSION  12/Jan /1995
 Elapsed time in seconds =   0.00
 Elapsed time in seconds =   0.00
0CONTROL INTEGERS
  1 2 3 4 5 6 7 8 9 A B C D E F G H I J K    RUN IDENTIFICATION                                             0/00/00   0.00.00
  1 0 1 1 0 0 0 0 3 0 0 0 0 0 0 0 0 0 0 0    10Be(d,p)11Be 1000 keV  1780 keV  0d5/2                     
 10Be(d,p)11Be 1000 keV  1780 keV  0d5/2                     
 Adwck4 entered
0ANGLE DATA          THETN=  61.0000   THET1=   0.0000   DTHET=   1.0000   A-ANG=   0.0000   B-ANG=   0.0000
0CARD SET 3 DATA     LMAX =  15          LTR=   2
                     NLTR =   1        2*JTR=   5
0CARD SET 4 DATA     DRF  =   0.1000   RZ   =   0.0000   RMAX = -15.0000   VCE  =   0.0000   FNRNG=   0.0000
 PARTICLE DATA 
0PARTICLE 1*******************************************************************************************************************
 INPUT DATA          ELAB =  17.4000   RC0  =   1.3030   AC   =   0.0000   2*STR=   0.0000
                     MASSP=   2.0000   MASST=  10.0000   Q    =   0.0000
                     ZP   =   1.0000   ZT   =   4.0000   PNLOC=   2.0000
 
 DERIVED DATA        ECM  =  14.5000   RC   =   2.8072   RHO  =   3.0186
                     K    =   1.0753   ETA  =   0.2136   DR   =   0.1000
0POTENTIAL PARAMETERS
 NX=1 VOLUME  W-S    V RL = -88.7440   R0RL =   1.1480   A RL =   0.7460   R RL =   2.4733   VSOR =   0.0000
                     V IM =  -2.1860   R0IM =   1.3510   A IM =   0.6400   R IM =   2.9106   VSOI =   0.0000   POWR =   0.0000
 NX=2 SURFACE W-S    V RL =   0.0000   R0RL =   0.0000   A RL =   0.0000   R RL =   0.0000   VSOR =   0.0000
                     V IM =  27.3930   R0IM =   1.4050   A IM =   0.6650   R IM =   3.0270   VSOI =   0.0000   POWR =   0.0000
 NX=4 L*S VOLUME     V RL = -14.2280   R0RL =   0.9720   A RL =   1.0110   R RL =   2.0941   VSOR =   0.0000
                     V IM =   0.0000   R0IM =   0.0000   A IM =   0.0000   R IM =   0.0000   VSOI =   0.0000   POWR =   0.0000
0PARTICLE 2*******************************************************************************************************************
 INPUT DATA          ELAB =  12.8498   RC0  =   1.5780   AC   =   0.0000   2*STR=   0.0000
                     MASSP=   1.0000   MASST=  11.0000   Q    =  -2.7210
                     ZP   =   1.0000   ZT   =   4.0000   PNLOC=   1.0000
 
 DERIVED DATA        ECM  =  11.7790   RC   =   3.5094   RHO  =   2.5224
                     K    =   0.7188   ETA  =   0.1757   DR   =   0.0909
0POTENTIAL PARAMETERS
 NX=1 VOLUME  W-S    V RL = -55.9170   R0RL =   1.1220   A RL =   0.6760   R RL =   2.4953   VSOR =   0.0000
                     V IM =  -1.2020   R0IM =   1.1220   A IM =   0.6760   R IM =   2.4953   VSOI =   0.0000   POWR =   0.0000
 NX=2 SURFACE W-S    V RL =   0.0000   R0RL =   0.0000   A RL =   0.0000   R RL =   0.0000   VSOR =   0.0000
                     V IM =  20.7420   R0IM =   1.3070   A IM =   0.5240   R IM =   2.9067   VSOI =   0.0000   POWR =   0.0000
 NX=4 L*S VOLUME     V RL = -21.8000   R0RL =   0.8940   A RL =   0.5900   R RL =   1.9882   VSOR =   0.0000
                     V IM =   0.2320   R0IM =   0.8940   A IM =   0.5900   R IM =   1.9882   VSOI =   0.0000   POWR =   0.0000
110Be(d,p)11Be 1000 keV  1780 keV  0d5/2                        0/ 0/ 0
0FORM FACTOR DATA 
0PARTICLE 3*******************************************************************************************************************
 INPUT DATA          ELAB =   0.4960   RC0  =   1.3000   AC   =   0.0000   2*STR=   0.0000
                     MASSP=   1.0000   MASST=  10.0000   Q    =   0.4960
                     ZP   =   0.0000   ZT   =   4.0000   PNLOC=   1.0000
 
 DERIVED DATA        ECM  =   0.4960   RC   =   2.8008   RHO  =   0.4114
                     K    =   0.1469   ETA  =   0.0000   DR   =   0.1000
0POTENTIAL PARAMETERS
 NX=1 VOLUME  W-S    V RL =  -1.0000   R0RL =   1.2500   A RL =   0.6500   R RL =   2.6930   VSOR =   0.0000
                     V IM =   0.0000   R0IM =   0.0000   A IM =   0.0000   R IM =   0.0000   VSOI =   0.0000   POWR =   0.0000
 NX=4 L*S VOLUME     V RL =  -6.0000   R0RL =   1.1000   A RL =   0.6500   R RL =   2.3699   VSOR =   0.0000
                     V IM =   0.0000   R0IM =   0.0000   A IM =   0.0000   R IM =   0.0000   VSOI =   0.0000   POWR =   0.0000
 
                     NODES=   0.0000   L    =   2.0000   2*J  =   5.0000   2*S  =   1.0000   FISW =   0.0000
 
0SINGLE PARTICLE WIDTH = 1.9617E -2  MEV     VOLUME TERM =  3.4747E+02     SURFACE TERM = -3.1905E+00
                     V    =  26.4479   DET  =   0.0000   NODES=   0.0000   RM   =   3.8500   E    =   0.4960   ITER.=   6
0Non-locality correction is applied, parameter =   2.000
0Non-locality correction is applied, parameter =   1.000
0*****  Warning  *****  CLASSICAL TURNING POINT FOR BOUNDSTATE = 16.6768  IS GREATER THAN RMAX =-15.0000
0                    LMAX =  15        NSTEP= 150        NLTR =   1
 Bdwck4 entered
   Subroutine INTEG  entered
0REACSIG 1   9.04890E+01                                             REACSIG 2   5.80351E+01
   Subroutine RADINT entered
110Be(d,p)11Be 1000 keV  1780 keV  0d5/2                        0/00/00
0BASIC DATA          DR   =   0.1000   RMIN =   0.0000   RMAX =  15.0000   COUEX=   0.0000     IS1=   0.0000
                     FNRNG=   0.0000   PNLC1=   2.0000   PNLC2=   1.0000   PNLC3=   1.0000     IS2=   0.0000
 ANG MOM TRANSFER    LTR  =   2.       2*JTR=   4.       2*STR=   0.       Q    =  -2.7210
   Subroutine INSIG  entered
0 Theta Inelsig,fm**2      Polz       Asy       Ayy       A22       A21       A20       T22       T21       T20  Theta
   0.00    1.2982E+01    0.0000    0.0000    0.0000    0.0000    0.0000    0.0000    0.0000    0.0000    0.0000   0.00
   1.00    1.2966E+01    0.0000    0.0000    0.0000    0.0000    0.0000    0.0000    0.0000    0.0000    0.0000   1.00
   2.00    1.2916E+01    0.0000    0.0000    0.0000    0.0000    0.0000    0.0000    0.0000    0.0000    0.0000   2.00
   3.00    1.2835E+01    0.0000    0.0000    0.0000    0.0000    0.0000    0.0000    0.0000    0.0000    0.0000   3.00
   4.00    1.2720E+01    0.0000    0.0000    0.0000    0.0000    0.0000    0.0000    0.0000    0.0000    0.0000   4.00
   5.00    1.2574E+01    0.0000    0.0000    0.0000    0.0000    0.0000    0.0000    0.0000    0.0000    0.0000   5.00
   6.00    1.2397E+01    0.0000    0.0000    0.0000    0.0000    0.0000    0.0000    0.0000    0.0000    0.0000   6.00
   7.00    1.2189E+01    0.0000    0.0000    0.0000    0.0000    0.0000    0.0000    0.0000    0.0000    0.0000   7.00
   8.00    1.1952E+01    0.0000    0.0000    0.0000    0.0000    0.0000    0.0000    0.0000    0.0000    0.0000   8.00
   9.00    1.1686E+01    0.0000    0.0000    0.0000    0.0000    0.0000    0.0000    0.0000    0.0000    0.0000   9.00
  10.00    1.1394E+01    0.0000    0.0000    0.0000    0.0000    0.0000    0.0000    0.0000    0.0000    0.0000  10.00
  11.00    1.1076E+01    0.0000    0.0000    0.0000    0.0000    0.0000    0.0000    0.0000    0.0000    0.0000  11.00
  12.00    1.0735E+01    0.0000    0.0000    0.0000    0.0000    0.0000    0.0000    0.0000    0.0000    0.0000  12.00
  13.00    1.0374E+01    0.0000    0.0000    0.0000    0.0000    0.0000    0.0000    0.0000    0.0000    0.0000  13.00
  14.00    9.9937E+00    0.0000    0.0000    0.0000    0.0000    0.0000    0.0000    0.0000    0.0000    0.0000  14.00
  15.00    9.5982E+00    0.0000    0.0000    0.0000    0.0000    0.0000    0.0000    0.0000    0.0000    0.0000  15.00
  16.00    9.1899E+00    0.0000    0.0000    0.0000    0.0000    0.0000    0.0000    0.0000    0.0000    0.0000  16.00
  17.00    8.7718E+00    0.0000    0.0000    0.0000    0.0000    0.0000    0.0000    0.0000    0.0000    0.0000  17.00
  18.00    8.3469E+00    0.0000    0.0000    0.0000    0.0000    0.0000    0.0000    0.0000    0.0000    0.0000  18.00
  19.00    7.9182E+00    0.0000    0.0000    0.0000    0.0000    0.0000    0.0000    0.0000    0.0000    0.0000  19.00
  20.00    7.4889E+00    0.0000    0.0000    0.0000    0.0000    0.0000    0.0000    0.0000    0.0000    0.0000  20.00
  21.00    7.0616E+00    0.0000    0.0000    0.0000    0.0000    0.0000    0.0000    0.0000    0.0000    0.0000  21.00
  22.00    6.6391E+00    0.0000    0.0000    0.0000    0.0000    0.0000    0.0000    0.0000    0.0000    0.0000  22.00
  23.00    6.2240E+00    0.0000    0.0000    0.0000    0.0000    0.0000    0.0000    0.0000    0.0000    0.0000  23.00
  24.00    5.8185E+00    0.0000    0.0000    0.0000    0.0000    0.0000    0.0000    0.0000    0.0000    0.0000  24.00
  25.00    5.4246E+00    0.0000    0.0000    0.0000    0.0000    0.0000    0.0000    0.0000    0.0000    0.0000  25.00
  26.00    5.0439E+00    0.0000    0.0000    0.0000    0.0000    0.0000    0.0000    0.0000    0.0000    0.0000  26.00
  27.00    4.6780E+00    0.0000    0.0000    0.0000    0.0000    0.0000    0.0000    0.0000    0.0000    0.0000  27.00
  28.00    4.3279E+00    0.0000    0.0000    0.0000    0.0000    0.0000    0.0000    0.0000    0.0000    0.0000  28.00
  29.00    3.9945E+00    0.0000    0.0000    0.0000    0.0000    0.0000    0.0000    0.0000    0.0000    0.0000  29.00
  30.00    3.6784E+00    0.0000    0.0000    0.0000    0.0000    0.0000    0.0000    0.0000    0.0000    0.0000  30.00
  31.00    3.3798E+00    0.0000    0.0000    0.0000    0.0000    0.0000    0.0000    0.0000    0.0000    0.0000  31.00
  32.00    3.0991E+00    0.0000    0.0000    0.0000    0.0000    0.0000    0.0000    0.0000    0.0000    0.0000  32.00
  33.00    2.8360E+00    0.0000    0.0000    0.0000    0.0000    0.0000    0.0000    0.0000    0.0000    0.0000  33.00
  34.00    2.5905E+00    0.0000    0.0000    0.0000    0.0000    0.0000    0.0000    0.0000    0.0000    0.0000  34.00
  35.00    2.3622E+00    0.0000    0.0000    0.0000    0.0000    0.0000    0.0000    0.0000    0.0000    0.0000  35.00
  36.00    2.1508E+00    0.0000    0.0000    0.0000    0.0000    0.0000    0.0000    0.0000    0.0000    0.0000  36.00
  37.00    1.9558E+00    0.0000    0.0000    0.0000    0.0000    0.0000    0.0000    0.0000    0.0000    0.0000  37.00
  38.00    1.7766E+00    0.0000    0.0000    0.0000    0.0000    0.0000    0.0000    0.0000    0.0000    0.0000  38.00
  39.00    1.6128E+00    0.0000    0.0000    0.0000    0.0000    0.0000    0.0000    0.0000    0.0000    0.0000  39.00
  40.00    1.4638E+00    0.0000    0.0000    0.0000    0.0000    0.0000    0.0000    0.0000    0.0000    0.0000  40.00
  41.00    1.3289E+00    0.0000    0.0000    0.0000    0.0000    0.0000    0.0000    0.0000    0.0000    0.0000  41.00
  42.00    1.2076E+00    0.0000    0.0000    0.0000    0.0000    0.0000    0.0000    0.0000    0.0000    0.0000  42.00
  43.00    1.0992E+00    0.0000    0.0000    0.0000    0.0000    0.0000    0.0000    0.0000    0.0000    0.0000  43.00
  44.00    1.0031E+00    0.0000    0.0000    0.0000    0.0000    0.0000    0.0000    0.0000    0.0000    0.0000  44.00
  45.00    9.1871E-01    0.0000    0.0000    0.0000    0.0000    0.0000    0.0000    0.0000    0.0000    0.0000  45.00
  46.00    8.4525E-01    0.0000    0.0000    0.0000    0.0000    0.0000    0.0000    0.0000    0.0000    0.0000  46.00
  47.00    7.8206E-01    0.0000    0.0000    0.0000    0.0000    0.0000    0.0000    0.0000    0.0000    0.0000  47.00
  48.00    7.2843E-01    0.0000    0.0000    0.0000    0.0000    0.0000    0.0000    0.0000    0.0000    0.0000  48.00
  49.00    6.8365E-01    0.0000    0.0000    0.0000    0.0000    0.0000    0.0000    0.0000    0.0000    0.0000  49.00
  50.00    6.4696E-01    0.0000    0.0000    0.0000    0.0000    0.0000    0.0000    0.0000    0.0000    0.0000  50.00
  51.00    6.1763E-01    0.0000    0.0000    0.0000    0.0000    0.0000    0.0000    0.0000    0.0000    0.0000  51.00
  52.00    5.9493E-01    0.0000    0.0000    0.0000    0.0000    0.0000    0.0000    0.0000    0.0000    0.0000  52.00
  53.00    5.7811E-01    0.0000    0.0000    0.0000    0.0000    0.0000    0.0000    0.0000    0.0000    0.0000  53.00
  54.00    5.6646E-01    0.0000    0.0000    0.0000    0.0000    0.0000    0.0000    0.0000    0.0000    0.0000  54.00
  55.00    5.5928E-01    0.0000    0.0000    0.0000    0.0000    0.0000    0.0000    0.0000    0.0000    0.0000  55.00
  56.00    5.5592E-01    0.0000    0.0000    0.0000    0.0000    0.0000    0.0000    0.0000    0.0000    0.0000  56.00
  57.00    5.5575E-01    0.0000    0.0000    0.0000    0.0000    0.0000    0.0000    0.0000    0.0000    0.0000  57.00
  58.00    5.5818E-01    0.0000    0.0000    0.0000    0.0000    0.0000    0.0000    0.0000    0.0000    0.0000  58.00
  59.00    5.6268E-01    0.0000    0.0000    0.0000    0.0000    0.0000    0.0000    0.0000    0.0000    0.0000  59.00
  60.00    5.6875E-01    0.0000    0.0000    0.0000    0.0000    0.0000    0.0000    0.0000    0.0000    0.0000  60.00
0Tot-sig   1.2909E+01
1Inelastic  10Be(d,p)11Be 1000 keV  1780 keV  0d5/2                        0/00/00
    THETA  -1                                0                                1                                2   THETA cos(theta)
     0.00  |++++++++++++++++++++++++++++++++|++++++++++++++++++++++++++++++++|+++*++++++++++++++++++++++++++++|+    0.00    1.0000
     1.00  +                                                                     *                             +    1.00    0.9998
     2.00  +                                                                     *                             +    2.00    0.9994
     3.00  +                                                                     *                             +    3.00    0.9986
     4.00  +                                                                    *                              +    4.00    0.9976
     5.00  +                                                                    *                              +    5.00    0.9962
     6.00  +                                                                    *                              +    6.00    0.9945
     7.00  +                                                                    *                              +    7.00    0.9925
     8.00  +                                                                    *                              +    8.00    0.9903
     9.00  +                                                                   *                               +    9.00    0.9877
    10.00  +                                                                   *                               +   10.00    0.9848
    11.00  +                                                                  *                                +   11.00    0.9816
    12.00  +                                                                  *                                +   12.00    0.9781
    13.00  +                                                                  *                                +   13.00    0.9744
    14.00  +                                                                 *                                 +   14.00    0.9703
    15.00  +                                                                *                                  +   15.00    0.9659
    16.00  +                                                                *                                  +   16.00    0.9613
    17.00  +                                                               *                                   +   17.00    0.9563
    18.00  +                                                              *                                    +   18.00    0.9511
    19.00  +                                                              *                                    +   19.00    0.9455
    20.00  +                                                             *                                     +   20.00    0.9397
    21.00  +                                                            *                                      +   21.00    0.9336
    22.00  +                                                           *                                       +   22.00    0.9272
    23.00  +                                                          *                                        +   23.00    0.9205
    24.00  +                                                         *                                         +   24.00    0.9135
    25.00  +                                                        *                                          +   25.00    0.9063
    26.00  +                                                       *                                           +   26.00    0.8988
    27.00  +                                                      *                                            +   27.00    0.8910
    28.00  +                                                     *                                             +   28.00    0.8829
    29.00  +                                                    *                                              +   29.00    0.8746
    30.00  +                                                   *                                               +   30.00    0.8660
    31.00  +                                                 *                                                 +   31.00    0.8572
    32.00  +                                                *                                                  +   32.00    0.8480
    33.00  +                                               *                                                   +   33.00    0.8387
    34.00  +                                              *                                                    +   34.00    0.8290
    35.00  +                                            *                                                      +   35.00    0.8192
    36.00  +                                           *                                                       +   36.00    0.8090
    37.00  +                                          *                                                        +   37.00    0.7986
    38.00  +                                        *                                                          +   38.00    0.7880
    39.00  +                                       *                                                           +   39.00    0.7771
    40.00  +                                     *                                                             +   40.00    0.7660
    41.00  +                                    *                                                              +   41.00    0.7547
    42.00  +                                   *                                                               +   42.00    0.7431
    43.00  +                                 *                                                                 +   43.00    0.7314
    44.00  +                                *                                                                  +   44.00    0.7193
    45.00  +                               *                                                                   +   45.00    0.7071
    46.00  +                              *                                                                    +   46.00    0.6947
    47.00  +                            *                                                                      +   47.00    0.6820
    48.00  +                           *                                                                       +   48.00    0.6691
    49.00  +                           *                                                                       +   49.00    0.6561
    50.00  +                          *                                                                        +   50.00    0.6428
    51.00  +                         *                                                                         +   51.00    0.6293
    52.00  +                         *                                                                         +   52.00    0.6157
    53.00  +                        *                                                                          +   53.00    0.6018
    54.00  +                        *                                                                          +   54.00    0.5878
    55.00  +                        *                                                                          +   55.00    0.5736
    56.00  +                        *                                                                          +   56.00    0.5592
    57.00  +                        *                                                                          +   57.00    0.5446
    58.00  +                        *                                                                          +   58.00    0.5299
    59.00  +                        *                                                                          +   59.00    0.5150
    60.00  |++++++++++++++++++++++++*+++++++|++++++++++++++++++++++++++++++++|++++++++++++++++++++++++++++++++|+   60.00    0.5000
    THETA  -1                                0                                1                                2   THETA cos(theta)
1DWUCK4-DISTORTED WAVES U.COLORADO- PC-VERSION  12/Jan /1995
 Elapsed time in seconds =   0.00
 Elapsed time in seconds =   0.00
0CONTROL INTEGERS
  1 2 3 4 5 6 7 8 9 A B C D E F G H I J K    RUN IDENTIFICATION                                             0/00/00   0.00.00
  1 0 1 1 0 0 0 0 3 0 0 0 0 0 0 0 0 0 0 0    10Be(d,p)11Be 1200 keV  1780 keV  0d5/2                     
 10Be(d,p)11Be 1200 keV  1780 keV  0d5/2                     
 Adwck4 entered
0ANGLE DATA          THETN=  61.0000   THET1=   0.0000   DTHET=   1.0000   A-ANG=   0.0000   B-ANG=   0.0000
0CARD SET 3 DATA     LMAX =  15          LTR=   2
                     NLTR =   1        2*JTR=   5
0CARD SET 4 DATA     DRF  =   0.1000   RZ   =   0.0000   RMAX = -15.0000   VCE  =   0.0000   FNRNG=   0.0000
 PARTICLE DATA 
0PARTICLE 1*******************************************************************************************************************
 INPUT DATA          ELAB =  17.4000   RC0  =   1.3030   AC   =   0.0000   2*STR=   0.0000
                     MASSP=   2.0000   MASST=  10.0000   Q    =   0.0000
                     ZP   =   1.0000   ZT   =   4.0000   PNLOC=   2.0000
 
 DERIVED DATA        ECM  =  14.5000   RC   =   2.8072   RHO  =   3.0186
                     K    =   1.0753   ETA  =   0.2136   DR   =   0.1000
0POTENTIAL PARAMETERS
 NX=1 VOLUME  W-S    V RL = -88.7440   R0RL =   1.1480   A RL =   0.7460   R RL =   2.4733   VSOR =   0.0000
                     V IM =  -2.1860   R0IM =   1.3510   A IM =   0.6400   R IM =   2.9106   VSOI =   0.0000   POWR =   0.0000
 NX=2 SURFACE W-S    V RL =   0.0000   R0RL =   0.0000   A RL =   0.0000   R RL =   0.0000   VSOR =   0.0000
                     V IM =  27.3930   R0IM =   1.4050   A IM =   0.6650   R IM =   3.0270   VSOI =   0.0000   POWR =   0.0000
 NX=4 L*S VOLUME     V RL = -14.2280   R0RL =   0.9720   A RL =   1.0110   R RL =   2.0941   VSOR =   0.0000
                     V IM =   0.0000   R0IM =   0.0000   A IM =   0.0000   R IM =   0.0000   VSOI =   0.0000   POWR =   0.0000
0PARTICLE 2*******************************************************************************************************************
 INPUT DATA          ELAB =  12.6316   RC0  =   1.5780   AC   =   0.0000   2*STR=   0.0000
                     MASSP=   1.0000   MASST=  11.0000   Q    =  -2.9210
                     ZP   =   1.0000   ZT   =   4.0000   PNLOC=   1.0000
 
 DERIVED DATA        ECM  =  11.5790   RC   =   3.5094   RHO  =   2.5009
                     K    =   0.7126   ETA  =   0.1772   DR   =   0.0909
0POTENTIAL PARAMETERS
 NX=1 VOLUME  W-S    V RL = -55.9170   R0RL =   1.1220   A RL =   0.6760   R RL =   2.4953   VSOR =   0.0000
                     V IM =  -1.2020   R0IM =   1.1220   A IM =   0.6760   R IM =   2.4953   VSOI =   0.0000   POWR =   0.0000
 NX=2 SURFACE W-S    V RL =   0.0000   R0RL =   0.0000   A RL =   0.0000   R RL =   0.0000   VSOR =   0.0000
                     V IM =  20.7420   R0IM =   1.3070   A IM =   0.5240   R IM =   2.9067   VSOI =   0.0000   POWR =   0.0000
 NX=4 L*S VOLUME     V RL = -21.8000   R0RL =   0.8940   A RL =   0.5900   R RL =   1.9882   VSOR =   0.0000
                     V IM =   0.2320   R0IM =   0.8940   A IM =   0.5900   R IM =   1.9882   VSOI =   0.0000   POWR =   0.0000
110Be(d,p)11Be 1200 keV  1780 keV  0d5/2                        0/ 0/ 0
0FORM FACTOR DATA 
0PARTICLE 3*******************************************************************************************************************
 INPUT DATA          ELAB =   0.6960   RC0  =   1.3000   AC   =   0.0000   2*STR=   0.0000
                     MASSP=   1.0000   MASST=  10.0000   Q    =   0.6960
                     ZP   =   0.0000   ZT   =   4.0000   PNLOC=   1.0000
 
 DERIVED DATA        ECM  =   0.6960   RC   =   2.8008   RHO  =   0.4873
                     K    =   0.1740   ETA  =   0.0000   DR   =   0.1000
0POTENTIAL PARAMETERS
 NX=1 VOLUME  W-S    V RL =  -1.0000   R0RL =   1.2500   A RL =   0.6500   R RL =   2.6930   VSOR =   0.0000
                     V IM =   0.0000   R0IM =   0.0000   A IM =   0.0000   R IM =   0.0000   VSOI =   0.0000   POWR =   0.0000
 NX=4 L*S VOLUME     V RL =  -6.0000   R0RL =   1.1000   A RL =   0.6500   R RL =   2.3699   VSOR =   0.0000
                     V IM =   0.0000   R0IM =   0.0000   A IM =   0.0000   R IM =   0.0000   VSOI =   0.0000   POWR =   0.0000
 
                     NODES=   0.0000   L    =   2.0000   2*J  =   5.0000   2*S  =   1.0000   FISW =   0.0000
 
0SINGLE PARTICLE WIDTH = 4.3822E -2  MEV     VOLUME TERM =  1.8860E+02     SURFACE TERM = -6.0377E+00
                     V    =  26.1751   DET  =   0.0001   NODES=   0.0000   RM   =   3.9500   E    =   0.6960   ITER.=   6
0Non-locality correction is applied, parameter =   2.000
0Non-locality correction is applied, parameter =   1.000
0                    LMAX =  15        NSTEP= 150        NLTR =   1
 Bdwck4 entered
   Subroutine INTEG  entered
0REACSIG 1   9.04890E+01                                             REACSIG 2   5.84642E+01
   Subroutine RADINT entered
110Be(d,p)11Be 1200 keV  1780 keV  0d5/2                        0/00/00
0BASIC DATA          DR   =   0.1000   RMIN =   0.0000   RMAX =  15.0000   COUEX=   0.0000     IS1=   0.0000
                     FNRNG=   0.0000   PNLC1=   2.0000   PNLC2=   1.0000   PNLC3=   1.0000     IS2=   0.0000
 ANG MOM TRANSFER    LTR  =   2.       2*JTR=   4.       2*STR=   0.       Q    =  -2.9210
   Subroutine INSIG  entered
0 Theta Inelsig,fm**2      Polz       Asy       Ayy       A22       A21       A20       T22       T21       T20  Theta
   0.00    1.3610E+01    0.0000    0.0000    0.0000    0.0000    0.0000    0.0000    0.0000    0.0000    0.0000   0.00
   1.00    1.3591E+01    0.0000    0.0000    0.0000    0.0000    0.0000    0.0000    0.0000    0.0000    0.0000   1.00
   2.00    1.3534E+01    0.0000    0.0000    0.0000    0.0000    0.0000    0.0000    0.0000    0.0000    0.0000   2.00
   3.00    1.3438E+01    0.0000    0.0000    0.0000    0.0000    0.0000    0.0000    0.0000    0.0000    0.0000   3.00
   4.00    1.3305E+01    0.0000    0.0000    0.0000    0.0000    0.0000    0.0000    0.0000    0.0000    0.0000   4.00
   5.00    1.3136E+01    0.0000    0.0000    0.0000    0.0000    0.0000    0.0000    0.0000    0.0000    0.0000   5.00
   6.00    1.2932E+01    0.0000    0.0000    0.0000    0.0000    0.0000    0.0000    0.0000    0.0000    0.0000   6.00
   7.00    1.2693E+01    0.0000    0.0000    0.0000    0.0000    0.0000    0.0000    0.0000    0.0000    0.0000   7.00
   8.00    1.2422E+01    0.0000    0.0000    0.0000    0.0000    0.0000    0.0000    0.0000    0.0000    0.0000   8.00
   9.00    1.2122E+01    0.0000    0.0000    0.0000    0.0000    0.0000    0.0000    0.0000    0.0000    0.0000   9.00
  10.00    1.1793E+01    0.0000    0.0000    0.0000    0.0000    0.0000    0.0000    0.0000    0.0000    0.0000  10.00
  11.00    1.1438E+01    0.0000    0.0000    0.0000    0.0000    0.0000    0.0000    0.0000    0.0000    0.0000  11.00
  12.00    1.1061E+01    0.0000    0.0000    0.0000    0.0000    0.0000    0.0000    0.0000    0.0000    0.0000  12.00
  13.00    1.0663E+01    0.0000    0.0000    0.0000    0.0000    0.0000    0.0000    0.0000    0.0000    0.0000  13.00
  14.00    1.0248E+01    0.0000    0.0000    0.0000    0.0000    0.0000    0.0000    0.0000    0.0000    0.0000  14.00
  15.00    9.8199E+00    0.0000    0.0000    0.0000    0.0000    0.0000    0.0000    0.0000    0.0000    0.0000  15.00
  16.00    9.3808E+00    0.0000    0.0000    0.0000    0.0000    0.0000    0.0000    0.0000    0.0000    0.0000  16.00
  17.00    8.9342E+00    0.0000    0.0000    0.0000    0.0000    0.0000    0.0000    0.0000    0.0000    0.0000  17.00
  18.00    8.4835E+00    0.0000    0.0000    0.0000    0.0000    0.0000    0.0000    0.0000    0.0000    0.0000  18.00
  19.00    8.0317E+00    0.0000    0.0000    0.0000    0.0000    0.0000    0.0000    0.0000    0.0000    0.0000  19.00
  20.00    7.5820E+00    0.0000    0.0000    0.0000    0.0000    0.0000    0.0000    0.0000    0.0000    0.0000  20.00
  21.00    7.1370E+00    0.0000    0.0000    0.0000    0.0000    0.0000    0.0000    0.0000    0.0000    0.0000  21.00
  22.00    6.6995E+00    0.0000    0.0000    0.0000    0.0000    0.0000    0.0000    0.0000    0.0000    0.0000  22.00
  23.00    6.2718E+00    0.0000    0.0000    0.0000    0.0000    0.0000    0.0000    0.0000    0.0000    0.0000  23.00
  24.00    5.8560E+00    0.0000    0.0000    0.0000    0.0000    0.0000    0.0000    0.0000    0.0000    0.0000  24.00
  25.00    5.4538E+00    0.0000    0.0000    0.0000    0.0000    0.0000    0.0000    0.0000    0.0000    0.0000  25.00
  26.00    5.0669E+00    0.0000    0.0000    0.0000    0.0000    0.0000    0.0000    0.0000    0.0000    0.0000  26.00
  27.00    4.6962E+00    0.0000    0.0000    0.0000    0.0000    0.0000    0.0000    0.0000    0.0000    0.0000  27.00
  28.00    4.3429E+00    0.0000    0.0000    0.0000    0.0000    0.0000    0.0000    0.0000    0.0000    0.0000  28.00
  29.00    4.0074E+00    0.0000    0.0000    0.0000    0.0000    0.0000    0.0000    0.0000    0.0000    0.0000  29.00
  30.00    3.6903E+00    0.0000    0.0000    0.0000    0.0000    0.0000    0.0000    0.0000    0.0000    0.0000  30.00
  31.00    3.3915E+00    0.0000    0.0000    0.0000    0.0000    0.0000    0.0000    0.0000    0.0000    0.0000  31.00
  32.00    3.1111E+00    0.0000    0.0000    0.0000    0.0000    0.0000    0.0000    0.0000    0.0000    0.0000  32.00
  33.00    2.8489E+00    0.0000    0.0000    0.0000    0.0000    0.0000    0.0000    0.0000    0.0000    0.0000  33.00
  34.00    2.6046E+00    0.0000    0.0000    0.0000    0.0000    0.0000    0.0000    0.0000    0.0000    0.0000  34.00
  35.00    2.3778E+00    0.0000    0.0000    0.0000    0.0000    0.0000    0.0000    0.0000    0.0000    0.0000  35.00
  36.00    2.1679E+00    0.0000    0.0000    0.0000    0.0000    0.0000    0.0000    0.0000    0.0000    0.0000  36.00
  37.00    1.9744E+00    0.0000    0.0000    0.0000    0.0000    0.0000    0.0000    0.0000    0.0000    0.0000  37.00
  38.00    1.7968E+00    0.0000    0.0000    0.0000    0.0000    0.0000    0.0000    0.0000    0.0000    0.0000  38.00
  39.00    1.6344E+00    0.0000    0.0000    0.0000    0.0000    0.0000    0.0000    0.0000    0.0000    0.0000  39.00
  40.00    1.4866E+00    0.0000    0.0000    0.0000    0.0000    0.0000    0.0000    0.0000    0.0000    0.0000  40.00
  41.00    1.3528E+00    0.0000    0.0000    0.0000    0.0000    0.0000    0.0000    0.0000    0.0000    0.0000  41.00
  42.00    1.2324E+00    0.0000    0.0000    0.0000    0.0000    0.0000    0.0000    0.0000    0.0000    0.0000  42.00
  43.00    1.1246E+00    0.0000    0.0000    0.0000    0.0000    0.0000    0.0000    0.0000    0.0000    0.0000  43.00
  44.00    1.0290E+00    0.0000    0.0000    0.0000    0.0000    0.0000    0.0000    0.0000    0.0000    0.0000  44.00
  45.00    9.4477E-01    0.0000    0.0000    0.0000    0.0000    0.0000    0.0000    0.0000    0.0000    0.0000  45.00
  46.00    8.7128E-01    0.0000    0.0000    0.0000    0.0000    0.0000    0.0000    0.0000    0.0000    0.0000  46.00
  47.00    8.0785E-01    0.0000    0.0000    0.0000    0.0000    0.0000    0.0000    0.0000    0.0000    0.0000  47.00
  48.00    7.5377E-01    0.0000    0.0000    0.0000    0.0000    0.0000    0.0000    0.0000    0.0000    0.0000  48.00
  49.00    7.0832E-01    0.0000    0.0000    0.0000    0.0000    0.0000    0.0000    0.0000    0.0000    0.0000  49.00
  50.00    6.7079E-01    0.0000    0.0000    0.0000    0.0000    0.0000    0.0000    0.0000    0.0000    0.0000  50.00
  51.00    6.4044E-01    0.0000    0.0000    0.0000    0.0000    0.0000    0.0000    0.0000    0.0000    0.0000  51.00
  52.00    6.1655E-01    0.0000    0.0000    0.0000    0.0000    0.0000    0.0000    0.0000    0.0000    0.0000  52.00
  53.00    5.9839E-01    0.0000    0.0000    0.0000    0.0000    0.0000    0.0000    0.0000    0.0000    0.0000  53.00
  54.00    5.8528E-01    0.0000    0.0000    0.0000    0.0000    0.0000    0.0000    0.0000    0.0000    0.0000  54.00
  55.00    5.7653E-01    0.0000    0.0000    0.0000    0.0000    0.0000    0.0000    0.0000    0.0000    0.0000  55.00
  56.00    5.7150E-01    0.0000    0.0000    0.0000    0.0000    0.0000    0.0000    0.0000    0.0000    0.0000  56.00
  57.00    5.6958E-01    0.0000    0.0000    0.0000    0.0000    0.0000    0.0000    0.0000    0.0000    0.0000  57.00
  58.00    5.7020E-01    0.0000    0.0000    0.0000    0.0000    0.0000    0.0000    0.0000    0.0000    0.0000  58.00
  59.00    5.7286E-01    0.0000    0.0000    0.0000    0.0000    0.0000    0.0000    0.0000    0.0000    0.0000  59.00
  60.00    5.7706E-01    0.0000    0.0000    0.0000    0.0000    0.0000    0.0000    0.0000    0.0000    0.0000  60.00
0Tot-sig   1.2975E+01
1Inelastic  10Be(d,p)11Be 1200 keV  1780 keV  0d5/2                        0/00/00
    THETA  -1                                0                                1                                2   THETA cos(theta)
     0.00  |++++++++++++++++++++++++++++++++|++++++++++++++++++++++++++++++++|+++*++++++++++++++++++++++++++++|+    0.00    1.0000
     1.00  +                                                                     *                             +    1.00    0.9998
     2.00  +                                                                     *                             +    2.00    0.9994
     3.00  +                                                                     *                             +    3.00    0.9986
     4.00  +                                                                     *                             +    4.00    0.9976
     5.00  +                                                                     *                             +    5.00    0.9962
     6.00  +                                                                     *                             +    6.00    0.9945
     7.00  +                                                                    *                              +    7.00    0.9925
     8.00  +                                                                    *                              +    8.00    0.9903
     9.00  +                                                                    *                              +    9.00    0.9877
    10.00  +                                                                   *                               +   10.00    0.9848
    11.00  +                                                                   *                               +   11.00    0.9816
    12.00  +                                                                  *                                +   12.00    0.9781
    13.00  +                                                                  *                                +   13.00    0.9744
    14.00  +                                                                 *                                 +   14.00    0.9703
    15.00  +                                                                 *                                 +   15.00    0.9659
    16.00  +                                                                *                                  +   16.00    0.9613
    17.00  +                                                               *                                   +   17.00    0.9563
    18.00  +                                                               *                                   +   18.00    0.9511
    19.00  +                                                              *                                    +   19.00    0.9455
    20.00  +                                                             *                                     +   20.00    0.9397
    21.00  +                                                            *                                      +   21.00    0.9336
    22.00  +                                                           *                                       +   22.00    0.9272
    23.00  +                                                          *                                        +   23.00    0.9205
    24.00  +                                                         *                                         +   24.00    0.9135
    25.00  +                                                        *                                          +   25.00    0.9063
    26.00  +                                                       *                                           +   26.00    0.8988
    27.00  +                                                      *                                            +   27.00    0.8910
    28.00  +                                                     *                                             +   28.00    0.8829
    29.00  +                                                    *                                              +   29.00    0.8746
    30.00  +                                                   *                                               +   30.00    0.8660
    31.00  +                                                  *                                                +   31.00    0.8572
    32.00  +                                                *                                                  +   32.00    0.8480
    33.00  +                                               *                                                   +   33.00    0.8387
    34.00  +                                              *                                                    +   34.00    0.8290
    35.00  +                                            *                                                      +   35.00    0.8192
    36.00  +                                           *                                                       +   36.00    0.8090
    37.00  +                                          *                                                        +   37.00    0.7986
    38.00  +                                        *                                                          +   38.00    0.7880
    39.00  +                                       *                                                           +   39.00    0.7771
    40.00  +                                      *                                                            +   40.00    0.7660
    41.00  +                                    *                                                              +   41.00    0.7547
    42.00  +                                   *                                                               +   42.00    0.7431
    43.00  +                                  *                                                                +   43.00    0.7314
    44.00  +                                *                                                                  +   44.00    0.7193
    45.00  +                               *                                                                   +   45.00    0.7071
    46.00  +                              *                                                                    +   46.00    0.6947
    47.00  +                             *                                                                     +   47.00    0.6820
    48.00  +                            *                                                                      +   48.00    0.6691
    49.00  +                           *                                                                       +   49.00    0.6561
    50.00  +                          *                                                                        +   50.00    0.6428
    51.00  +                          *                                                                        +   51.00    0.6293
    52.00  +                         *                                                                         +   52.00    0.6157
    53.00  +                         *                                                                         +   53.00    0.6018
    54.00  +                        *                                                                          +   54.00    0.5878
    55.00  +                        *                                                                          +   55.00    0.5736
    56.00  +                        *                                                                          +   56.00    0.5592
    57.00  +                        *                                                                          +   57.00    0.5446
    58.00  +                        *                                                                          +   58.00    0.5299
    59.00  +                        *                                                                          +   59.00    0.5150
    60.00  |++++++++++++++++++++++++*+++++++|++++++++++++++++++++++++++++++++|++++++++++++++++++++++++++++++++|+   60.00    0.5000
    THETA  -1                                0                                1                                2   THETA cos(theta)
1DWUCK4-DISTORTED WAVES U.COLORADO- PC-VERSION  12/Jan /1995
 Elapsed time in seconds =   0.00
 Elapsed time in seconds =   0.00
0CONTROL INTEGERS
  1 2 3 4 5 6 7 8 9 A B C D E F G H I J K    RUN IDENTIFICATION                                             0/00/00   0.00.00
  1 0 1 1 0 0 0 0 3 0 0 0 0 0 0 0 0 0 0 0    10Be(d,p)11Be 1400 keV  1780 keV  0d5/2                     
 10Be(d,p)11Be 1400 keV  1780 keV  0d5/2                     
 Adwck4 entered
0ANGLE DATA          THETN=  61.0000   THET1=   0.0000   DTHET=   1.0000   A-ANG=   0.0000   B-ANG=   0.0000
0CARD SET 3 DATA     LMAX =  15          LTR=   2
                     NLTR =   1        2*JTR=   5
0CARD SET 4 DATA     DRF  =   0.1000   RZ   =   0.0000   RMAX = -15.0000   VCE  =   0.0000   FNRNG=   0.0000
 PARTICLE DATA 
0PARTICLE 1*******************************************************************************************************************
 INPUT DATA          ELAB =  17.4000   RC0  =   1.3030   AC   =   0.0000   2*STR=   0.0000
                     MASSP=   2.0000   MASST=  10.0000   Q    =   0.0000
                     ZP   =   1.0000   ZT   =   4.0000   PNLOC=   2.0000
 
 DERIVED DATA        ECM  =  14.5000   RC   =   2.8072   RHO  =   3.0186
                     K    =   1.0753   ETA  =   0.2136   DR   =   0.1000
0POTENTIAL PARAMETERS
 NX=1 VOLUME  W-S    V RL = -88.7440   R0RL =   1.1480   A RL =   0.7460   R RL =   2.4733   VSOR =   0.0000
                     V IM =  -2.1860   R0IM =   1.3510   A IM =   0.6400   R IM =   2.9106   VSOI =   0.0000   POWR =   0.0000
 NX=2 SURFACE W-S    V RL =   0.0000   R0RL =   0.0000   A RL =   0.0000   R RL =   0.0000   VSOR =   0.0000
                     V IM =  27.3930   R0IM =   1.4050   A IM =   0.6650   R IM =   3.0270   VSOI =   0.0000   POWR =   0.0000
 NX=4 L*S VOLUME     V RL = -14.2280   R0RL =   0.9720   A RL =   1.0110   R RL =   2.0941   VSOR =   0.0000
                     V IM =   0.0000   R0IM =   0.0000   A IM =   0.0000   R IM =   0.0000   VSOI =   0.0000   POWR =   0.0000
0PARTICLE 2*******************************************************************************************************************
 INPUT DATA          ELAB =  12.4135   RC0  =   1.5780   AC   =   0.0000   2*STR=   0.0000
                     MASSP=   1.0000   MASST=  11.0000   Q    =  -3.1210
                     ZP   =   1.0000   ZT   =   4.0000   PNLOC=   1.0000
 
 DERIVED DATA        ECM  =  11.3790   RC   =   3.5094   RHO  =   2.4792
                     K    =   0.7064   ETA  =   0.1788   DR   =   0.0909
0POTENTIAL PARAMETERS
 NX=1 VOLUME  W-S    V RL = -55.9170   R0RL =   1.1220   A RL =   0.6760   R RL =   2.4953   VSOR =   0.0000
                     V IM =  -1.2020   R0IM =   1.1220   A IM =   0.6760   R IM =   2.4953   VSOI =   0.0000   POWR =   0.0000
 NX=2 SURFACE W-S    V RL =   0.0000   R0RL =   0.0000   A RL =   0.0000   R RL =   0.0000   VSOR =   0.0000
                     V IM =  20.7420   R0IM =   1.3070   A IM =   0.5240   R IM =   2.9067   VSOI =   0.0000   POWR =   0.0000
 NX=4 L*S VOLUME     V RL = -21.8000   R0RL =   0.8940   A RL =   0.5900   R RL =   1.9882   VSOR =   0.0000
                     V IM =   0.2320   R0IM =   0.8940   A IM =   0.5900   R IM =   1.9882   VSOI =   0.0000   POWR =   0.0000
110Be(d,p)11Be 1400 keV  1780 keV  0d5/2                        0/ 0/ 0
0FORM FACTOR DATA 
0PARTICLE 3*******************************************************************************************************************
 INPUT DATA          ELAB =   0.8960   RC0  =   1.3000   AC   =   0.0000   2*STR=   0.0000
                     MASSP=   1.0000   MASST=  10.0000   Q    =   0.8960
                     ZP   =   0.0000   ZT   =   4.0000   PNLOC=   1.0000
 
 DERIVED DATA        ECM  =   0.8960   RC   =   2.8008   RHO  =   0.5529
                     K    =   0.1974   ETA  =   0.0000   DR   =   0.1000
0POTENTIAL PARAMETERS
 NX=1 VOLUME  W-S    V RL =  -1.0000   R0RL =   1.2500   A RL =   0.6500   R RL =   2.6930   VSOR =   0.0000
                     V IM =   0.0000   R0IM =   0.0000   A IM =   0.0000   R IM =   0.0000   VSOI =   0.0000   POWR =   0.0000
 NX=4 L*S VOLUME     V RL =  -6.0000   R0RL =   1.1000   A RL =   0.6500   R RL =   2.3699   VSOR =   0.0000
                     V IM =   0.0000   R0IM =   0.0000   A IM =   0.0000   R IM =   0.0000   VSOI =   0.0000   POWR =   0.0000
 
                     NODES=   0.0000   L    =   2.0000   2*J  =   5.0000   2*S  =   1.0000   FISW =   0.0000
 
0SINGLE PARTICLE WIDTH = 7.9284E -2  MEV     VOLUME TERM =  1.2143E+02     SURFACE TERM = -6.9331E+00
                     V    =  25.8970   DET  =   0.0001   NODES=   0.0000   RM   =   3.9500   E    =   0.8960   ITER.=   6
0Non-locality correction is applied, parameter =   2.000
0Non-locality correction is applied, parameter =   1.000
0                    LMAX =  15        NSTEP= 150        NLTR =   1
 Bdwck4 entered
   Subroutine INTEG  entered
0REACSIG 1   9.04890E+01                                             REACSIG 2   5.89199E+01
   Subroutine RADINT entered
110Be(d,p)11Be 1400 keV  1780 keV  0d5/2                        0/00/00
0BASIC DATA          DR   =   0.1000   RMIN =   0.0000   RMAX =  15.0000   COUEX=   0.0000     IS1=   0.0000
                     FNRNG=   0.0000   PNLC1=   2.0000   PNLC2=   1.0000   PNLC3=   1.0000     IS2=   0.0000
 ANG MOM TRANSFER    LTR  =   2.       2*JTR=   4.       2*STR=   0.       Q    =  -3.1210
   Subroutine INSIG  entered
0 Theta Inelsig,fm**2      Polz       Asy       Ayy       A22       A21       A20       T22       T21       T20  Theta
   0.00    1.4353E+01    0.0000    0.0000    0.0000    0.0000    0.0000    0.0000    0.0000    0.0000    0.0000   0.00
   1.00    1.4330E+01    0.0000    0.0000    0.0000    0.0000    0.0000    0.0000    0.0000    0.0000    0.0000   1.00
   2.00    1.4263E+01    0.0000    0.0000    0.0000    0.0000    0.0000    0.0000    0.0000    0.0000    0.0000   2.00
   3.00    1.4151E+01    0.0000    0.0000    0.0000    0.0000    0.0000    0.0000    0.0000    0.0000    0.0000   3.00
   4.00    1.3996E+01    0.0000    0.0000    0.0000    0.0000    0.0000    0.0000    0.0000    0.0000    0.0000   4.00
   5.00    1.3799E+01    0.0000    0.0000    0.0000    0.0000    0.0000    0.0000    0.0000    0.0000    0.0000   5.00
   6.00    1.3562E+01    0.0000    0.0000    0.0000    0.0000    0.0000    0.0000    0.0000    0.0000    0.0000   6.00
   7.00    1.3287E+01    0.0000    0.0000    0.0000    0.0000    0.0000    0.0000    0.0000    0.0000    0.0000   7.00
   8.00    1.2977E+01    0.0000    0.0000    0.0000    0.0000    0.0000    0.0000    0.0000    0.0000    0.0000   8.00
   9.00    1.2635E+01    0.0000    0.0000    0.0000    0.0000    0.0000    0.0000    0.0000    0.0000    0.0000   9.00
  10.00    1.2263E+01    0.0000    0.0000    0.0000    0.0000    0.0000    0.0000    0.0000    0.0000    0.0000  10.00
  11.00    1.1865E+01    0.0000    0.0000    0.0000    0.0000    0.0000    0.0000    0.0000    0.0000    0.0000  11.00
  12.00    1.1445E+01    0.0000    0.0000    0.0000    0.0000    0.0000    0.0000    0.0000    0.0000    0.0000  12.00
  13.00    1.1005E+01    0.0000    0.0000    0.0000    0.0000    0.0000    0.0000    0.0000    0.0000    0.0000  13.00
  14.00    1.0550E+01    0.0000    0.0000    0.0000    0.0000    0.0000    0.0000    0.0000    0.0000    0.0000  14.00
  15.00    1.0084E+01    0.0000    0.0000    0.0000    0.0000    0.0000    0.0000    0.0000    0.0000    0.0000  15.00
  16.00    9.6094E+00    0.0000    0.0000    0.0000    0.0000    0.0000    0.0000    0.0000    0.0000    0.0000  16.00
  17.00    9.1303E+00    0.0000    0.0000    0.0000    0.0000    0.0000    0.0000    0.0000    0.0000    0.0000  17.00
  18.00    8.6502E+00    0.0000    0.0000    0.0000    0.0000    0.0000    0.0000    0.0000    0.0000    0.0000  18.00
  19.00    8.1722E+00    0.0000    0.0000    0.0000    0.0000    0.0000    0.0000    0.0000    0.0000    0.0000  19.00
  20.00    7.6994E+00    0.0000    0.0000    0.0000    0.0000    0.0000    0.0000    0.0000    0.0000    0.0000  20.00
  21.00    7.2346E+00    0.0000    0.0000    0.0000    0.0000    0.0000    0.0000    0.0000    0.0000    0.0000  21.00
  22.00    6.7802E+00    0.0000    0.0000    0.0000    0.0000    0.0000    0.0000    0.0000    0.0000    0.0000  22.00
  23.00    6.3384E+00    0.0000    0.0000    0.0000    0.0000    0.0000    0.0000    0.0000    0.0000    0.0000  23.00
  24.00    5.9111E+00    0.0000    0.0000    0.0000    0.0000    0.0000    0.0000    0.0000    0.0000    0.0000  24.00
  25.00    5.4998E+00    0.0000    0.0000    0.0000    0.0000    0.0000    0.0000    0.0000    0.0000    0.0000  25.00
  26.00    5.1057E+00    0.0000    0.0000    0.0000    0.0000    0.0000    0.0000    0.0000    0.0000    0.0000  26.00
  27.00    4.7298E+00    0.0000    0.0000    0.0000    0.0000    0.0000    0.0000    0.0000    0.0000    0.0000  27.00
  28.00    4.3727E+00    0.0000    0.0000    0.0000    0.0000    0.0000    0.0000    0.0000    0.0000    0.0000  28.00
  29.00    4.0348E+00    0.0000    0.0000    0.0000    0.0000    0.0000    0.0000    0.0000    0.0000    0.0000  29.00
  30.00    3.7162E+00    0.0000    0.0000    0.0000    0.0000    0.0000    0.0000    0.0000    0.0000    0.0000  30.00
  31.00    3.4168E+00    0.0000    0.0000    0.0000    0.0000    0.0000    0.0000    0.0000    0.0000    0.0000  31.00
  32.00    3.1365E+00    0.0000    0.0000    0.0000    0.0000    0.0000    0.0000    0.0000    0.0000    0.0000  32.00
  33.00    2.8749E+00    0.0000    0.0000    0.0000    0.0000    0.0000    0.0000    0.0000    0.0000    0.0000  33.00
  34.00    2.6314E+00    0.0000    0.0000    0.0000    0.0000    0.0000    0.0000    0.0000    0.0000    0.0000  34.00
  35.00    2.4056E+00    0.0000    0.0000    0.0000    0.0000    0.0000    0.0000    0.0000    0.0000    0.0000  35.00
  36.00    2.1969E+00    0.0000    0.0000    0.0000    0.0000    0.0000    0.0000    0.0000    0.0000    0.0000  36.00
  37.00    2.0046E+00    0.0000    0.0000    0.0000    0.0000    0.0000    0.0000    0.0000    0.0000    0.0000  37.00
  38.00    1.8280E+00    0.0000    0.0000    0.0000    0.0000    0.0000    0.0000    0.0000    0.0000    0.0000  38.00
  39.00    1.6665E+00    0.0000    0.0000    0.0000    0.0000    0.0000    0.0000    0.0000    0.0000    0.0000  39.00
  40.00    1.5195E+00    0.0000    0.0000    0.0000    0.0000    0.0000    0.0000    0.0000    0.0000    0.0000  40.00
  41.00    1.3863E+00    0.0000    0.0000    0.0000    0.0000    0.0000    0.0000    0.0000    0.0000    0.0000  41.00
  42.00    1.2662E+00    0.0000    0.0000    0.0000    0.0000    0.0000    0.0000    0.0000    0.0000    0.0000  42.00
  43.00    1.1586E+00    0.0000    0.0000    0.0000    0.0000    0.0000    0.0000    0.0000    0.0000    0.0000  43.00
  44.00    1.0629E+00    0.0000    0.0000    0.0000    0.0000    0.0000    0.0000    0.0000    0.0000    0.0000  44.00
  45.00    9.7840E-01    0.0000    0.0000    0.0000    0.0000    0.0000    0.0000    0.0000    0.0000    0.0000  45.00
  46.00    9.0442E-01    0.0000    0.0000    0.0000    0.0000    0.0000    0.0000    0.0000    0.0000    0.0000  46.00
  47.00    8.4030E-01    0.0000    0.0000    0.0000    0.0000    0.0000    0.0000    0.0000    0.0000    0.0000  47.00
  48.00    7.8536E-01    0.0000    0.0000    0.0000    0.0000    0.0000    0.0000    0.0000    0.0000    0.0000  48.00
  49.00    7.3889E-01    0.0000    0.0000    0.0000    0.0000    0.0000    0.0000    0.0000    0.0000    0.0000  49.00
  50.00    7.0018E-01    0.0000    0.0000    0.0000    0.0000    0.0000    0.0000    0.0000    0.0000    0.0000  50.00
  51.00    6.6851E-01    0.0000    0.0000    0.0000    0.0000    0.0000    0.0000    0.0000    0.0000    0.0000  51.00
  52.00    6.4318E-01    0.0000    0.0000    0.0000    0.0000    0.0000    0.0000    0.0000    0.0000    0.0000  52.00
  53.00    6.2349E-01    0.0000    0.0000    0.0000    0.0000    0.0000    0.0000    0.0000    0.0000    0.0000  53.00
  54.00    6.0874E-01    0.0000    0.0000    0.0000    0.0000    0.0000    0.0000    0.0000    0.0000    0.0000  54.00
  55.00    5.9827E-01    0.0000    0.0000    0.0000    0.0000    0.0000    0.0000    0.0000    0.0000    0.0000  55.00
  56.00    5.9146E-01    0.0000    0.0000    0.0000    0.0000    0.0000    0.0000    0.0000    0.0000    0.0000  56.00
  57.00    5.8771E-01    0.0000    0.0000    0.0000    0.0000    0.0000    0.0000    0.0000    0.0000    0.0000  57.00
  58.00    5.8647E-01    0.0000    0.0000    0.0000    0.0000    0.0000    0.0000    0.0000    0.0000    0.0000  58.00
  59.00    5.8723E-01    0.0000    0.0000    0.0000    0.0000    0.0000    0.0000    0.0000    0.0000    0.0000  59.00
  60.00    5.8953E-01    0.0000    0.0000    0.0000    0.0000    0.0000    0.0000    0.0000    0.0000    0.0000  60.00
0Tot-sig   1.3105E+01
1Inelastic  10Be(d,p)11Be 1400 keV  1780 keV  0d5/2                        0/00/00
    THETA  -1                                0                                1                                2   THETA cos(theta)
     0.00  |++++++++++++++++++++++++++++++++|++++++++++++++++++++++++++++++++|++++*+++++++++++++++++++++++++++|+    0.00    1.0000
     1.00  +                                                                      *                            +    1.00    0.9998
     2.00  +                                                                      *                            +    2.00    0.9994
     3.00  +                                                                      *                            +    3.00    0.9986
     4.00  +                                                                      *                            +    4.00    0.9976
     5.00  +                                                                      *                            +    5.00    0.9962
     6.00  +                                                                     *                             +    6.00    0.9945
     7.00  +                                                                     *                             +    7.00    0.9925
     8.00  +                                                                     *                             +    8.00    0.9903
     9.00  +                                                                    *                              +    9.00    0.9877
    10.00  +                                                                    *                              +   10.00    0.9848
    11.00  +                                                                   *                               +   11.00    0.9816
    12.00  +                                                                   *                               +   12.00    0.9781
    13.00  +                                                                  *                                +   13.00    0.9744
    14.00  +                                                                  *                                +   14.00    0.9703
    15.00  +                                                                 *                                 +   15.00    0.9659
    16.00  +                                                                *                                  +   16.00    0.9613
    17.00  +                                                                *                                  +   17.00    0.9563
    18.00  +                                                               *                                   +   18.00    0.9511
    19.00  +                                                              *                                    +   19.00    0.9455
    20.00  +                                                             *                                     +   20.00    0.9397
    21.00  +                                                            *                                      +   21.00    0.9336
    22.00  +                                                           *                                       +   22.00    0.9272
    23.00  +                                                          *                                        +   23.00    0.9205
    24.00  +                                                         *                                         +   24.00    0.9135
    25.00  +                                                        *                                          +   25.00    0.9063
    26.00  +                                                       *                                           +   26.00    0.8988
    27.00  +                                                      *                                            +   27.00    0.8910
    28.00  +                                                     *                                             +   28.00    0.8829
    29.00  +                                                    *                                              +   29.00    0.8746
    30.00  +                                                   *                                               +   30.00    0.8660
    31.00  +                                                  *                                                +   31.00    0.8572
    32.00  +                                                *                                                  +   32.00    0.8480
    33.00  +                                               *                                                   +   33.00    0.8387
    34.00  +                                              *                                                    +   34.00    0.8290
    35.00  +                                             *                                                     +   35.00    0.8192
    36.00  +                                           *                                                       +   36.00    0.8090
    37.00  +                                          *                                                        +   37.00    0.7986
    38.00  +                                         *                                                         +   38.00    0.7880
    39.00  +                                       *                                                           +   39.00    0.7771
    40.00  +                                      *                                                            +   40.00    0.7660
    41.00  +                                     *                                                             +   41.00    0.7547
    42.00  +                                   *                                                               +   42.00    0.7431
    43.00  +                                  *                                                                +   43.00    0.7314
    44.00  +                                 *                                                                 +   44.00    0.7193
    45.00  +                                *                                                                  +   45.00    0.7071
    46.00  +                               *                                                                   +   46.00    0.6947
    47.00  +                              *                                                                    +   47.00    0.6820
    48.00  +                             *                                                                     +   48.00    0.6691
    49.00  +                            *                                                                      +   49.00    0.6561
    50.00  +                           *                                                                       +   50.00    0.6428
    51.00  +                          *                                                                        +   51.00    0.6293
    52.00  +                          *                                                                        +   52.00    0.6157
    53.00  +                         *                                                                         +   53.00    0.6018
    54.00  +                         *                                                                         +   54.00    0.5878
    55.00  +                         *                                                                         +   55.00    0.5736
    56.00  +                        *                                                                          +   56.00    0.5592
    57.00  +                        *                                                                          +   57.00    0.5446
    58.00  +                        *                                                                          +   58.00    0.5299
    59.00  +                        *                                                                          +   59.00    0.5150
    60.00  |++++++++++++++++++++++++*+++++++|++++++++++++++++++++++++++++++++|++++++++++++++++++++++++++++++++|+   60.00    0.5000
    THETA  -1                                0                                1                                2   THETA cos(theta)
1DWUCK4-DISTORTED WAVES U.COLORADO- PC-VERSION  12/Jan /1995
 Elapsed time in seconds =   0.00
 Elapsed time in seconds =   0.00
0CONTROL INTEGERS
  1 2 3 4 5 6 7 8 9 A B C D E F G H I J K    RUN IDENTIFICATION                                             0/00/00   0.00.00
  1 0 1 1 0 0 0 0 3 0 0 0 0 0 0 0 0 0 0 0    10Be(d,p)11Be 1600 keV  1780 keV  0d5/2                     
 10Be(d,p)11Be 1600 keV  1780 keV  0d5/2                     
 Adwck4 entered
0ANGLE DATA          THETN=  61.0000   THET1=   0.0000   DTHET=   1.0000   A-ANG=   0.0000   B-ANG=   0.0000
0CARD SET 3 DATA     LMAX =  15          LTR=   2
                     NLTR =   1        2*JTR=   5
0CARD SET 4 DATA     DRF  =   0.1000   RZ   =   0.0000   RMAX = -15.0000   VCE  =   0.0000   FNRNG=   0.0000
 PARTICLE DATA 
0PARTICLE 1*******************************************************************************************************************
 INPUT DATA          ELAB =  17.4000   RC0  =   1.3030   AC   =   0.0000   2*STR=   0.0000
                     MASSP=   2.0000   MASST=  10.0000   Q    =   0.0000
                     ZP   =   1.0000   ZT   =   4.0000   PNLOC=   2.0000
 
 DERIVED DATA        ECM  =  14.5000   RC   =   2.8072   RHO  =   3.0186
                     K    =   1.0753   ETA  =   0.2136   DR   =   0.1000
0POTENTIAL PARAMETERS
 NX=1 VOLUME  W-S    V RL = -88.7440   R0RL =   1.1480   A RL =   0.7460   R RL =   2.4733   VSOR =   0.0000
                     V IM =  -2.1860   R0IM =   1.3510   A IM =   0.6400   R IM =   2.9106   VSOI =   0.0000   POWR =   0.0000
 NX=2 SURFACE W-S    V RL =   0.0000   R0RL =   0.0000   A RL =   0.0000   R RL =   0.0000   VSOR =   0.0000
                     V IM =  27.3930   R0IM =   1.4050   A IM =   0.6650   R IM =   3.0270   VSOI =   0.0000   POWR =   0.0000
 NX=4 L*S VOLUME     V RL = -14.2280   R0RL =   0.9720   A RL =   1.0110   R RL =   2.0941   VSOR =   0.0000
                     V IM =   0.0000   R0IM =   0.0000   A IM =   0.0000   R IM =   0.0000   VSOI =   0.0000   POWR =   0.0000
0PARTICLE 2*******************************************************************************************************************
 INPUT DATA          ELAB =  12.1953   RC0  =   1.5780   AC   =   0.0000   2*STR=   0.0000
                     MASSP=   1.0000   MASST=  11.0000   Q    =  -3.3210
                     ZP   =   1.0000   ZT   =   4.0000   PNLOC=   1.0000
 
 DERIVED DATA        ECM  =  11.1790   RC   =   3.5094   RHO  =   2.4573
                     K    =   0.7002   ETA  =   0.1804   DR   =   0.0909
0POTENTIAL PARAMETERS
 NX=1 VOLUME  W-S    V RL = -55.9170   R0RL =   1.1220   A RL =   0.6760   R RL =   2.4953   VSOR =   0.0000
                     V IM =  -1.2020   R0IM =   1.1220   A IM =   0.6760   R IM =   2.4953   VSOI =   0.0000   POWR =   0.0000
 NX=2 SURFACE W-S    V RL =   0.0000   R0RL =   0.0000   A RL =   0.0000   R RL =   0.0000   VSOR =   0.0000
                     V IM =  20.7420   R0IM =   1.3070   A IM =   0.5240   R IM =   2.9067   VSOI =   0.0000   POWR =   0.0000
 NX=4 L*S VOLUME     V RL = -21.8000   R0RL =   0.8940   A RL =   0.5900   R RL =   1.9882   VSOR =   0.0000
                     V IM =   0.2320   R0IM =   0.8940   A IM =   0.5900   R IM =   1.9882   VSOI =   0.0000   POWR =   0.0000
110Be(d,p)11Be 1600 keV  1780 keV  0d5/2                        0/ 0/ 0
0FORM FACTOR DATA 
0PARTICLE 3*******************************************************************************************************************
 INPUT DATA          ELAB =   1.0960   RC0  =   1.3000   AC   =   0.0000   2*STR=   0.0000
                     MASSP=   1.0000   MASST=  10.0000   Q    =   1.0960
                     ZP   =   0.0000   ZT   =   4.0000   PNLOC=   1.0000
 
 DERIVED DATA        ECM  =   1.0960   RC   =   2.8008   RHO  =   0.6115
                     K    =   0.2183   ETA  =   0.0000   DR   =   0.1000
0POTENTIAL PARAMETERS
 NX=1 VOLUME  W-S    V RL =  -1.0000   R0RL =   1.2500   A RL =   0.6500   R RL =   2.6930   VSOR =   0.0000
                     V IM =   0.0000   R0IM =   0.0000   A IM =   0.0000   R IM =   0.0000   VSOI =   0.0000   POWR =   0.0000
 NX=4 L*S VOLUME     V RL =  -6.0000   R0RL =   1.1000   A RL =   0.6500   R RL =   2.3699   VSOR =   0.0000
                     V IM =   0.0000   R0IM =   0.0000   A IM =   0.0000   R IM =   0.0000   VSOI =   0.0000   POWR =   0.0000
 
                     NODES=   0.0000   L    =   2.0000   2*J  =   5.0000   2*S  =   1.0000   FISW =   0.0000
 
0SINGLE PARTICLE WIDTH = 1.2675E -1  MEV     VOLUME TERM =  8.6214E+01     SURFACE TERM = -7.0056E+00
                     V    =  25.6148   DET  =   0.0001   NODES=   0.0000   RM   =   3.9500   E    =   1.0960   ITER.=   6
0Non-locality correction is applied, parameter =   2.000
0Non-locality correction is applied, parameter =   1.000
0                    LMAX =  15        NSTEP= 150        NLTR =   1
 Bdwck4 entered
   Subroutine INTEG  entered
0REACSIG 1   9.04890E+01                                             REACSIG 2   5.94038E+01
   Subroutine RADINT entered
110Be(d,p)11Be 1600 keV  1780 keV  0d5/2                        0/00/00
0BASIC DATA          DR   =   0.1000   RMIN =   0.0000   RMAX =  15.0000   COUEX=   0.0000     IS1=   0.0000
                     FNRNG=   0.0000   PNLC1=   2.0000   PNLC2=   1.0000   PNLC3=   1.0000     IS2=   0.0000
 ANG MOM TRANSFER    LTR  =   2.       2*JTR=   4.       2*STR=   0.       Q    =  -3.3210
   Subroutine INSIG  entered
0 Theta Inelsig,fm**2      Polz       Asy       Ayy       A22       A21       A20       T22       T21       T20  Theta
   0.00    1.5240E+01    0.0000    0.0000    0.0000    0.0000    0.0000    0.0000    0.0000    0.0000    0.0000   0.00
   1.00    1.5213E+01    0.0000    0.0000    0.0000    0.0000    0.0000    0.0000    0.0000    0.0000    0.0000   1.00
   2.00    1.5134E+01    0.0000    0.0000    0.0000    0.0000    0.0000    0.0000    0.0000    0.0000    0.0000   2.00
   3.00    1.5002E+01    0.0000    0.0000    0.0000    0.0000    0.0000    0.0000    0.0000    0.0000    0.0000   3.00
   4.00    1.4820E+01    0.0000    0.0000    0.0000    0.0000    0.0000    0.0000    0.0000    0.0000    0.0000   4.00
   5.00    1.4590E+01    0.0000    0.0000    0.0000    0.0000    0.0000    0.0000    0.0000    0.0000    0.0000   5.00
   6.00    1.4314E+01    0.0000    0.0000    0.0000    0.0000    0.0000    0.0000    0.0000    0.0000    0.0000   6.00
   7.00    1.3995E+01    0.0000    0.0000    0.0000    0.0000    0.0000    0.0000    0.0000    0.0000    0.0000   7.00
   8.00    1.3638E+01    0.0000    0.0000    0.0000    0.0000    0.0000    0.0000    0.0000    0.0000    0.0000   8.00
   9.00    1.3246E+01    0.0000    0.0000    0.0000    0.0000    0.0000    0.0000    0.0000    0.0000    0.0000   9.00
  10.00    1.2823E+01    0.0000    0.0000    0.0000    0.0000    0.0000    0.0000    0.0000    0.0000    0.0000  10.00
  11.00    1.2373E+01    0.0000    0.0000    0.0000    0.0000    0.0000    0.0000    0.0000    0.0000    0.0000  11.00
  12.00    1.1902E+01    0.0000    0.0000    0.0000    0.0000    0.0000    0.0000    0.0000    0.0000    0.0000  12.00
  13.00    1.1413E+01    0.0000    0.0000    0.0000    0.0000    0.0000    0.0000    0.0000    0.0000    0.0000  13.00
  14.00    1.0910E+01    0.0000    0.0000    0.0000    0.0000    0.0000    0.0000    0.0000    0.0000    0.0000  14.00
  15.00    1.0399E+01    0.0000    0.0000    0.0000    0.0000    0.0000    0.0000    0.0000    0.0000    0.0000  15.00
  16.00    9.8827E+00    0.0000    0.0000    0.0000    0.0000    0.0000    0.0000    0.0000    0.0000    0.0000  16.00
  17.00    9.3655E+00    0.0000    0.0000    0.0000    0.0000    0.0000    0.0000    0.0000    0.0000    0.0000  17.00
  18.00    8.8509E+00    0.0000    0.0000    0.0000    0.0000    0.0000    0.0000    0.0000    0.0000    0.0000  18.00
  19.00    8.3424E+00    0.0000    0.0000    0.0000    0.0000    0.0000    0.0000    0.0000    0.0000    0.0000  19.00
  20.00    7.8428E+00    0.0000    0.0000    0.0000    0.0000    0.0000    0.0000    0.0000    0.0000    0.0000  20.00
  21.00    7.3549E+00    0.0000    0.0000    0.0000    0.0000    0.0000    0.0000    0.0000    0.0000    0.0000  21.00
  22.00    6.8809E+00    0.0000    0.0000    0.0000    0.0000    0.0000    0.0000    0.0000    0.0000    0.0000  22.00
  23.00    6.4228E+00    0.0000    0.0000    0.0000    0.0000    0.0000    0.0000    0.0000    0.0000    0.0000  23.00
  24.00    5.9822E+00    0.0000    0.0000    0.0000    0.0000    0.0000    0.0000    0.0000    0.0000    0.0000  24.00
  25.00    5.5602E+00    0.0000    0.0000    0.0000    0.0000    0.0000    0.0000    0.0000    0.0000    0.0000  25.00
  26.00    5.1579E+00    0.0000    0.0000    0.0000    0.0000    0.0000    0.0000    0.0000    0.0000    0.0000  26.00
  27.00    4.7758E+00    0.0000    0.0000    0.0000    0.0000    0.0000    0.0000    0.0000    0.0000    0.0000  27.00
  28.00    4.4142E+00    0.0000    0.0000    0.0000    0.0000    0.0000    0.0000    0.0000    0.0000    0.0000  28.00
  29.00    4.0733E+00    0.0000    0.0000    0.0000    0.0000    0.0000    0.0000    0.0000    0.0000    0.0000  29.00
  30.00    3.7529E+00    0.0000    0.0000    0.0000    0.0000    0.0000    0.0000    0.0000    0.0000    0.0000  30.00
  31.00    3.4527E+00    0.0000    0.0000    0.0000    0.0000    0.0000    0.0000    0.0000    0.0000    0.0000  31.00
  32.00    3.1723E+00    0.0000    0.0000    0.0000    0.0000    0.0000    0.0000    0.0000    0.0000    0.0000  32.00
  33.00    2.9110E+00    0.0000    0.0000    0.0000    0.0000    0.0000    0.0000    0.0000    0.0000    0.0000  33.00
  34.00    2.6683E+00    0.0000    0.0000    0.0000    0.0000    0.0000    0.0000    0.0000    0.0000    0.0000  34.00
  35.00    2.4434E+00    0.0000    0.0000    0.0000    0.0000    0.0000    0.0000    0.0000    0.0000    0.0000  35.00
  36.00    2.2357E+00    0.0000    0.0000    0.0000    0.0000    0.0000    0.0000    0.0000    0.0000    0.0000  36.00
  37.00    2.0444E+00    0.0000    0.0000    0.0000    0.0000    0.0000    0.0000    0.0000    0.0000    0.0000  37.00
  38.00    1.8687E+00    0.0000    0.0000    0.0000    0.0000    0.0000    0.0000    0.0000    0.0000    0.0000  38.00
  39.00    1.7079E+00    0.0000    0.0000    0.0000    0.0000    0.0000    0.0000    0.0000    0.0000    0.0000  39.00
  40.00    1.5614E+00    0.0000    0.0000    0.0000    0.0000    0.0000    0.0000    0.0000    0.0000    0.0000  40.00
  41.00    1.4285E+00    0.0000    0.0000    0.0000    0.0000    0.0000    0.0000    0.0000    0.0000    0.0000  41.00
  42.00    1.3085E+00    0.0000    0.0000    0.0000    0.0000    0.0000    0.0000    0.0000    0.0000    0.0000  42.00
  43.00    1.2007E+00    0.0000    0.0000    0.0000    0.0000    0.0000    0.0000    0.0000    0.0000    0.0000  43.00
  44.00    1.1046E+00    0.0000    0.0000    0.0000    0.0000    0.0000    0.0000    0.0000    0.0000    0.0000  44.00
  45.00    1.0194E+00    0.0000    0.0000    0.0000    0.0000    0.0000    0.0000    0.0000    0.0000    0.0000  45.00
  46.00    9.4454E-01    0.0000    0.0000    0.0000    0.0000    0.0000    0.0000    0.0000    0.0000    0.0000  46.00
  47.00    8.7935E-01    0.0000    0.0000    0.0000    0.0000    0.0000    0.0000    0.0000    0.0000    0.0000  47.00
  48.00    8.2315E-01    0.0000    0.0000    0.0000    0.0000    0.0000    0.0000    0.0000    0.0000    0.0000  48.00
  49.00    7.7527E-01    0.0000    0.0000    0.0000    0.0000    0.0000    0.0000    0.0000    0.0000    0.0000  49.00
  50.00    7.3503E-01    0.0000    0.0000    0.0000    0.0000    0.0000    0.0000    0.0000    0.0000    0.0000  50.00
  51.00    7.0172E-01    0.0000    0.0000    0.0000    0.0000    0.0000    0.0000    0.0000    0.0000    0.0000  51.00
  52.00    6.7466E-01    0.0000    0.0000    0.0000    0.0000    0.0000    0.0000    0.0000    0.0000    0.0000  52.00
  53.00    6.5315E-01    0.0000    0.0000    0.0000    0.0000    0.0000    0.0000    0.0000    0.0000    0.0000  53.00
  54.00    6.3654E-01    0.0000    0.0000    0.0000    0.0000    0.0000    0.0000    0.0000    0.0000    0.0000  54.00
  55.00    6.2416E-01    0.0000    0.0000    0.0000    0.0000    0.0000    0.0000    0.0000    0.0000    0.0000  55.00
  56.00    6.1542E-01    0.0000    0.0000    0.0000    0.0000    0.0000    0.0000    0.0000    0.0000    0.0000  56.00
  57.00    6.0971E-01    0.0000    0.0000    0.0000    0.0000    0.0000    0.0000    0.0000    0.0000    0.0000  57.00
  58.00    6.0651E-01    0.0000    0.0000    0.0000    0.0000    0.0000    0.0000    0.0000    0.0000    0.0000  58.00
  59.00    6.0531E-01    0.0000    0.0000    0.0000    0.0000    0.0000    0.0000    0.0000    0.0000    0.0000  59.00
  60.00    6.0568E-01    0.0000    0.0000    0.0000    0.0000    0.0000    0.0000    0.0000    0.0000    0.0000  60.00
0Tot-sig   1.3301E+01
1Inelastic  10Be(d,p)11Be 1600 keV  1780 keV  0d5/2                        0/00/00
    THETA  -1                                0                                1                                2   THETA cos(theta)
     0.00  |++++++++++++++++++++++++++++++++|++++++++++++++++++++++++++++++++|+++++*++++++++++++++++++++++++++|+    0.00    1.0000
     1.00  +                                                                       *                           +    1.00    0.9998
     2.00  +                                                                       *                           +    2.00    0.9994
     3.00  +                                                                       *                           +    3.00    0.9986
     4.00  +                                                                       *                           +    4.00    0.9976
     5.00  +                                                                      *                            +    5.00    0.9962
     6.00  +                                                                      *                            +    6.00    0.9945
     7.00  +                                                                      *                            +    7.00    0.9925
     8.00  +                                                                     *                             +    8.00    0.9903
     9.00  +                                                                     *                             +    9.00    0.9877
    10.00  +                                                                     *                             +   10.00    0.9848
    11.00  +                                                                    *                              +   11.00    0.9816
    12.00  +                                                                   *                               +   12.00    0.9781
    13.00  +                                                                   *                               +   13.00    0.9744
    14.00  +                                                                  *                                +   14.00    0.9703
    15.00  +                                                                  *                                +   15.00    0.9659
    16.00  +                                                                 *                                 +   16.00    0.9613
    17.00  +                                                                *                                  +   17.00    0.9563
    18.00  +                                                               *                                   +   18.00    0.9511
    19.00  +                                                              *                                    +   19.00    0.9455
    20.00  +                                                              *                                    +   20.00    0.9397
    21.00  +                                                             *                                     +   21.00    0.9336
    22.00  +                                                            *                                      +   22.00    0.9272
    23.00  +                                                           *                                       +   23.00    0.9205
    24.00  +                                                          *                                        +   24.00    0.9135
    25.00  +                                                         *                                         +   25.00    0.9063
    26.00  +                                                        *                                          +   26.00    0.8988
    27.00  +                                                      *                                            +   27.00    0.8910
    28.00  +                                                     *                                             +   28.00    0.8829
    29.00  +                                                    *                                              +   29.00    0.8746
    30.00  +                                                   *                                               +   30.00    0.8660
    31.00  +                                                  *                                                +   31.00    0.8572
    32.00  +                                                 *                                                 +   32.00    0.8480
    33.00  +                                               *                                                   +   33.00    0.8387
    34.00  +                                              *                                                    +   34.00    0.8290
    35.00  +                                             *                                                     +   35.00    0.8192
    36.00  +                                            *                                                      +   36.00    0.8090
    37.00  +                                          *                                                        +   37.00    0.7986
    38.00  +                                         *                                                         +   38.00    0.7880
    39.00  +                                        *                                                          +   39.00    0.7771
    40.00  +                                      *                                                            +   40.00    0.7660
    41.00  +                                     *                                                             +   41.00    0.7547
    42.00  +                                    *                                                              +   42.00    0.7431
    43.00  +                                   *                                                               +   43.00    0.7314
    44.00  +                                 *                                                                 +   44.00    0.7193
    45.00  +                                *                                                                  +   45.00    0.7071
    46.00  +                               *                                                                   +   46.00    0.6947
    47.00  +                              *                                                                    +   47.00    0.6820
    48.00  +                             *                                                                     +   48.00    0.6691
    49.00  +                            *                                                                      +   49.00    0.6561
    50.00  +                            *                                                                      +   50.00    0.6428
    51.00  +                           *                                                                       +   51.00    0.6293
    52.00  +                          *                                                                        +   52.00    0.6157
    53.00  +                          *                                                                        +   53.00    0.6018
    54.00  +                          *                                                                        +   54.00    0.5878
    55.00  +                         *                                                                         +   55.00    0.5736
    56.00  +                         *                                                                         +   56.00    0.5592
    57.00  +                         *                                                                         +   57.00    0.5446
    58.00  +                         *                                                                         +   58.00    0.5299
    59.00  +                         *                                                                         +   59.00    0.5150
    60.00  |+++++++++++++++++++++++++*++++++|++++++++++++++++++++++++++++++++|++++++++++++++++++++++++++++++++|+   60.00    0.5000
    THETA  -1                                0                                1                                2   THETA cos(theta)
1DWUCK4-DISTORTED WAVES U.COLORADO- PC-VERSION  12/Jan /1995
 Elapsed time in seconds =   0.00
 Elapsed time in seconds =   0.00
0CONTROL INTEGERS
  1 2 3 4 5 6 7 8 9 A B C D E F G H I J K    RUN IDENTIFICATION                                             0/00/00   0.00.00
  1 0 1 1 0 0 0 0 3 0 0 0 0 0 0 0 0 0 0 0    10Be(d,p)11Be 1800 keV  1780 keV  0d5/2                     
 10Be(d,p)11Be 1800 keV  1780 keV  0d5/2                     
 Adwck4 entered
0ANGLE DATA          THETN=  61.0000   THET1=   0.0000   DTHET=   1.0000   A-ANG=   0.0000   B-ANG=   0.0000
0CARD SET 3 DATA     LMAX =  15          LTR=   2
                     NLTR =   1        2*JTR=   5
0CARD SET 4 DATA     DRF  =   0.1000   RZ   =   0.0000   RMAX = -15.0000   VCE  =   0.0000   FNRNG=   0.0000
 PARTICLE DATA 
0PARTICLE 1*******************************************************************************************************************
 INPUT DATA          ELAB =  17.4000   RC0  =   1.3030   AC   =   0.0000   2*STR=   0.0000
                     MASSP=   2.0000   MASST=  10.0000   Q    =   0.0000
                     ZP   =   1.0000   ZT   =   4.0000   PNLOC=   2.0000
 
 DERIVED DATA        ECM  =  14.5000   RC   =   2.8072   RHO  =   3.0186
                     K    =   1.0753   ETA  =   0.2136   DR   =   0.1000
0POTENTIAL PARAMETERS
 NX=1 VOLUME  W-S    V RL = -88.7440   R0RL =   1.1480   A RL =   0.7460   R RL =   2.4733   VSOR =   0.0000
                     V IM =  -2.1860   R0IM =   1.3510   A IM =   0.6400   R IM =   2.9106   VSOI =   0.0000   POWR =   0.0000
 NX=2 SURFACE W-S    V RL =   0.0000   R0RL =   0.0000   A RL =   0.0000   R RL =   0.0000   VSOR =   0.0000
                     V IM =  27.3930   R0IM =   1.4050   A IM =   0.6650   R IM =   3.0270   VSOI =   0.0000   POWR =   0.0000
 NX=4 L*S VOLUME     V RL = -14.2280   R0RL =   0.9720   A RL =   1.0110   R RL =   2.0941   VSOR =   0.0000
                     V IM =   0.0000   R0IM =   0.0000   A IM =   0.0000   R IM =   0.0000   VSOI =   0.0000   POWR =   0.0000
0PARTICLE 2*******************************************************************************************************************
 INPUT DATA          ELAB =  11.9771   RC0  =   1.5780   AC   =   0.0000   2*STR=   0.0000
                     MASSP=   1.0000   MASST=  11.0000   Q    =  -3.5210
                     ZP   =   1.0000   ZT   =   4.0000   PNLOC=   1.0000
 
 DERIVED DATA        ECM  =  10.9790   RC   =   3.5094   RHO  =   2.4353
                     K    =   0.6939   ETA  =   0.1820   DR   =   0.0909
0POTENTIAL PARAMETERS
 NX=1 VOLUME  W-S    V RL = -55.9170   R0RL =   1.1220   A RL =   0.6760   R RL =   2.4953   VSOR =   0.0000
                     V IM =  -1.2020   R0IM =   1.1220   A IM =   0.6760   R IM =   2.4953   VSOI =   0.0000   POWR =   0.0000
 NX=2 SURFACE W-S    V RL =   0.0000   R0RL =   0.0000   A RL =   0.0000   R RL =   0.0000   VSOR =   0.0000
                     V IM =  20.7420   R0IM =   1.3070   A IM =   0.5240   R IM =   2.9067   VSOI =   0.0000   POWR =   0.0000
 NX=4 L*S VOLUME     V RL = -21.8000   R0RL =   0.8940   A RL =   0.5900   R RL =   1.9882   VSOR =   0.0000
                     V IM =   0.2320   R0IM =   0.8940   A IM =   0.5900   R IM =   1.9882   VSOI =   0.0000   POWR =   0.0000
110Be(d,p)11Be 1800 keV  1780 keV  0d5/2                        0/ 0/ 0
0FORM FACTOR DATA 
0PARTICLE 3*******************************************************************************************************************
 INPUT DATA          ELAB =   1.2960   RC0  =   1.3000   AC   =   0.0000   2*STR=   0.0000
                     MASSP=   1.0000   MASST=  10.0000   Q    =   1.2960
                     ZP   =   0.0000   ZT   =   4.0000   PNLOC=   1.0000
 
 DERIVED DATA        ECM  =   1.2960   RC   =   2.8008   RHO  =   0.6650
                     K    =   0.2374   ETA  =   0.0000   DR   =   0.1000
0POTENTIAL PARAMETERS
 NX=1 VOLUME  W-S    V RL =  -1.0000   R0RL =   1.2500   A RL =   0.6500   R RL =   2.6930   VSOR =   0.0000
                     V IM =   0.0000   R0IM =   0.0000   A IM =   0.0000   R IM =   0.0000   VSOI =   0.0000   POWR =   0.0000
 NX=4 L*S VOLUME     V RL =  -6.0000   R0RL =   1.1000   A RL =   0.6500   R RL =   2.3699   VSOR =   0.0000
                     V IM =   0.0000   R0IM =   0.0000   A IM =   0.0000   R IM =   0.0000   VSOI =   0.0000   POWR =   0.0000
 
                     NODES=   0.0000   L    =   2.0000   2*J  =   5.0000   2*S  =   1.0000   FISW =   0.0000
 
0SINGLE PARTICLE WIDTH = 1.8685E -1  MEV     VOLUME TERM =  6.5146E+01     SURFACE TERM = -6.7196E+00
                     V    =  25.3293   DET  =   0.0001   NODES=   0.0000   RM   =   3.9500   E    =   1.2960   ITER.=   6
0Non-locality correction is applied, parameter =   2.000
0Non-locality correction is applied, parameter =   1.000
0                    LMAX =  15        NSTEP= 150        NLTR =   1
 Bdwck4 entered
   Subroutine INTEG  entered
0REACSIG 1   9.04890E+01                                             REACSIG 2   5.99180E+01
   Subroutine RADINT entered
110Be(d,p)11Be 1800 keV  1780 keV  0d5/2                        0/00/00
0BASIC DATA          DR   =   0.1000   RMIN =   0.0000   RMAX =  15.0000   COUEX=   0.0000     IS1=   0.0000
                     FNRNG=   0.0000   PNLC1=   2.0000   PNLC2=   1.0000   PNLC3=   1.0000     IS2=   0.0000
 ANG MOM TRANSFER    LTR  =   2.       2*JTR=   4.       2*STR=   0.       Q    =  -3.5210
   Subroutine INSIG  entered
0 Theta Inelsig,fm**2      Polz       Asy       Ayy       A22       A21       A20       T22       T21       T20  Theta
   0.00    1.6316E+01    0.0000    0.0000    0.0000    0.0000    0.0000    0.0000    0.0000    0.0000    0.0000   0.00
   1.00    1.6285E+01    0.0000    0.0000    0.0000    0.0000    0.0000    0.0000    0.0000    0.0000    0.0000   1.00
   2.00    1.6190E+01    0.0000    0.0000    0.0000    0.0000    0.0000    0.0000    0.0000    0.0000    0.0000   2.00
   3.00    1.6034E+01    0.0000    0.0000    0.0000    0.0000    0.0000    0.0000    0.0000    0.0000    0.0000   3.00
   4.00    1.5819E+01    0.0000    0.0000    0.0000    0.0000    0.0000    0.0000    0.0000    0.0000    0.0000   4.00
   5.00    1.5548E+01    0.0000    0.0000    0.0000    0.0000    0.0000    0.0000    0.0000    0.0000    0.0000   5.00
   6.00    1.5224E+01    0.0000    0.0000    0.0000    0.0000    0.0000    0.0000    0.0000    0.0000    0.0000   6.00
   7.00    1.4852E+01    0.0000    0.0000    0.0000    0.0000    0.0000    0.0000    0.0000    0.0000    0.0000   7.00
   8.00    1.4437E+01    0.0000    0.0000    0.0000    0.0000    0.0000    0.0000    0.0000    0.0000    0.0000   8.00
   9.00    1.3985E+01    0.0000    0.0000    0.0000    0.0000    0.0000    0.0000    0.0000    0.0000    0.0000   9.00
  10.00    1.3499E+01    0.0000    0.0000    0.0000    0.0000    0.0000    0.0000    0.0000    0.0000    0.0000  10.00
  11.00    1.2987E+01    0.0000    0.0000    0.0000    0.0000    0.0000    0.0000    0.0000    0.0000    0.0000  11.00
  12.00    1.2454E+01    0.0000    0.0000    0.0000    0.0000    0.0000    0.0000    0.0000    0.0000    0.0000  12.00
  13.00    1.1904E+01    0.0000    0.0000    0.0000    0.0000    0.0000    0.0000    0.0000    0.0000    0.0000  13.00
  14.00    1.1344E+01    0.0000    0.0000    0.0000    0.0000    0.0000    0.0000    0.0000    0.0000    0.0000  14.00
  15.00    1.0779E+01    0.0000    0.0000    0.0000    0.0000    0.0000    0.0000    0.0000    0.0000    0.0000  15.00
  16.00    1.0212E+01    0.0000    0.0000    0.0000    0.0000    0.0000    0.0000    0.0000    0.0000    0.0000  16.00
  17.00    9.6494E+00    0.0000    0.0000    0.0000    0.0000    0.0000    0.0000    0.0000    0.0000    0.0000  17.00
  18.00    9.0936E+00    0.0000    0.0000    0.0000    0.0000    0.0000    0.0000    0.0000    0.0000    0.0000  18.00
  19.00    8.5484E+00    0.0000    0.0000    0.0000    0.0000    0.0000    0.0000    0.0000    0.0000    0.0000  19.00
  20.00    8.0167E+00    0.0000    0.0000    0.0000    0.0000    0.0000    0.0000    0.0000    0.0000    0.0000  20.00
  21.00    7.5011E+00    0.0000    0.0000    0.0000    0.0000    0.0000    0.0000    0.0000    0.0000    0.0000  21.00
  22.00    7.0037E+00    0.0000    0.0000    0.0000    0.0000    0.0000    0.0000    0.0000    0.0000    0.0000  22.00
  23.00    6.5260E+00    0.0000    0.0000    0.0000    0.0000    0.0000    0.0000    0.0000    0.0000    0.0000  23.00
  24.00    6.0693E+00    0.0000    0.0000    0.0000    0.0000    0.0000    0.0000    0.0000    0.0000    0.0000  24.00
  25.00    5.6345E+00    0.0000    0.0000    0.0000    0.0000    0.0000    0.0000    0.0000    0.0000    0.0000  25.00
  26.00    5.2222E+00    0.0000    0.0000    0.0000    0.0000    0.0000    0.0000    0.0000    0.0000    0.0000  26.00
  27.00    4.8325E+00    0.0000    0.0000    0.0000    0.0000    0.0000    0.0000    0.0000    0.0000    0.0000  27.00
  28.00    4.4655E+00    0.0000    0.0000    0.0000    0.0000    0.0000    0.0000    0.0000    0.0000    0.0000  28.00
  29.00    4.1209E+00    0.0000    0.0000    0.0000    0.0000    0.0000    0.0000    0.0000    0.0000    0.0000  29.00
  30.00    3.7982E+00    0.0000    0.0000    0.0000    0.0000    0.0000    0.0000    0.0000    0.0000    0.0000  30.00
  31.00    3.4968E+00    0.0000    0.0000    0.0000    0.0000    0.0000    0.0000    0.0000    0.0000    0.0000  31.00
  32.00    3.2161E+00    0.0000    0.0000    0.0000    0.0000    0.0000    0.0000    0.0000    0.0000    0.0000  32.00
  33.00    2.9551E+00    0.0000    0.0000    0.0000    0.0000    0.0000    0.0000    0.0000    0.0000    0.0000  33.00
  34.00    2.7132E+00    0.0000    0.0000    0.0000    0.0000    0.0000    0.0000    0.0000    0.0000    0.0000  34.00
  35.00    2.4893E+00    0.0000    0.0000    0.0000    0.0000    0.0000    0.0000    0.0000    0.0000    0.0000  35.00
  36.00    2.2827E+00    0.0000    0.0000    0.0000    0.0000    0.0000    0.0000    0.0000    0.0000    0.0000  36.00
  37.00    2.0924E+00    0.0000    0.0000    0.0000    0.0000    0.0000    0.0000    0.0000    0.0000    0.0000  37.00
  38.00    1.9177E+00    0.0000    0.0000    0.0000    0.0000    0.0000    0.0000    0.0000    0.0000    0.0000  38.00
  39.00    1.7577E+00    0.0000    0.0000    0.0000    0.0000    0.0000    0.0000    0.0000    0.0000    0.0000  39.00
  40.00    1.6117E+00    0.0000    0.0000    0.0000    0.0000    0.0000    0.0000    0.0000    0.0000    0.0000  40.00
  41.00    1.4790E+00    0.0000    0.0000    0.0000    0.0000    0.0000    0.0000    0.0000    0.0000    0.0000  41.00
  42.00    1.3589E+00    0.0000    0.0000    0.0000    0.0000    0.0000    0.0000    0.0000    0.0000    0.0000  42.00
  43.00    1.2508E+00    0.0000    0.0000    0.0000    0.0000    0.0000    0.0000    0.0000    0.0000    0.0000  43.00
  44.00    1.1540E+00    0.0000    0.0000    0.0000    0.0000    0.0000    0.0000    0.0000    0.0000    0.0000  44.00
  45.00    1.0678E+00    0.0000    0.0000    0.0000    0.0000    0.0000    0.0000    0.0000    0.0000    0.0000  45.00
  46.00    9.9174E-01    0.0000    0.0000    0.0000    0.0000    0.0000    0.0000    0.0000    0.0000    0.0000  46.00
  47.00    9.2510E-01    0.0000    0.0000    0.0000    0.0000    0.0000    0.0000    0.0000    0.0000    0.0000  47.00
  48.00    8.6726E-01    0.0000    0.0000    0.0000    0.0000    0.0000    0.0000    0.0000    0.0000    0.0000  48.00
  49.00    8.1757E-01    0.0000    0.0000    0.0000    0.0000    0.0000    0.0000    0.0000    0.0000    0.0000  49.00
  50.00    7.7539E-01    0.0000    0.0000    0.0000    0.0000    0.0000    0.0000    0.0000    0.0000    0.0000  50.00
  51.00    7.4005E-01    0.0000    0.0000    0.0000    0.0000    0.0000    0.0000    0.0000    0.0000    0.0000  51.00
  52.00    7.1089E-01    0.0000    0.0000    0.0000    0.0000    0.0000    0.0000    0.0000    0.0000    0.0000  52.00
  53.00    6.8724E-01    0.0000    0.0000    0.0000    0.0000    0.0000    0.0000    0.0000    0.0000    0.0000  53.00
  54.00    6.6845E-01    0.0000    0.0000    0.0000    0.0000    0.0000    0.0000    0.0000    0.0000    0.0000  54.00
  55.00    6.5391E-01    0.0000    0.0000    0.0000    0.0000    0.0000    0.0000    0.0000    0.0000    0.0000  55.00
  56.00    6.4301E-01    0.0000    0.0000    0.0000    0.0000    0.0000    0.0000    0.0000    0.0000    0.0000  56.00
  57.00    6.3517E-01    0.0000    0.0000    0.0000    0.0000    0.0000    0.0000    0.0000    0.0000    0.0000  57.00
  58.00    6.2988E-01    0.0000    0.0000    0.0000    0.0000    0.0000    0.0000    0.0000    0.0000    0.0000  58.00
  59.00    6.2664E-01    0.0000    0.0000    0.0000    0.0000    0.0000    0.0000    0.0000    0.0000    0.0000  59.00
  60.00    6.2501E-01    0.0000    0.0000    0.0000    0.0000    0.0000    0.0000    0.0000    0.0000    0.0000  60.00
0Tot-sig   1.3567E+01
1Inelastic  10Be(d,p)11Be 1800 keV  1780 keV  0d5/2                        0/00/00
    THETA  -1                                0                                1                                2   THETA cos(theta)
     0.00  |++++++++++++++++++++++++++++++++|++++++++++++++++++++++++++++++++|++++++*+++++++++++++++++++++++++|+    0.00    1.0000
     1.00  +                                                                        *                          +    1.00    0.9998
     2.00  +                                                                        *                          +    2.00    0.9994
     3.00  +                                                                        *                          +    3.00    0.9986
     4.00  +                                                                        *                          +    4.00    0.9976
     5.00  +                                                                       *                           +    5.00    0.9962
     6.00  +                                                                       *                           +    6.00    0.9945
     7.00  +                                                                       *                           +    7.00    0.9925
     8.00  +                                                                      *                            +    8.00    0.9903
     9.00  +                                                                      *                            +    9.00    0.9877
    10.00  +                                                                     *                             +   10.00    0.9848
    11.00  +                                                                     *                             +   11.00    0.9816
    12.00  +                                                                    *                              +   12.00    0.9781
    13.00  +                                                                   *                               +   13.00    0.9744
    14.00  +                                                                   *                               +   14.00    0.9703
    15.00  +                                                                  *                                +   15.00    0.9659
    16.00  +                                                                 *                                 +   16.00    0.9613
    17.00  +                                                                *                                  +   17.00    0.9563
    18.00  +                                                                *                                  +   18.00    0.9511
    19.00  +                                                               *                                   +   19.00    0.9455
    20.00  +                                                              *                                    +   20.00    0.9397
    21.00  +                                                             *                                     +   21.00    0.9336
    22.00  +                                                            *                                      +   22.00    0.9272
    23.00  +                                                           *                                       +   23.00    0.9205
    24.00  +                                                          *                                        +   24.00    0.9135
    25.00  +                                                         *                                         +   25.00    0.9063
    26.00  +                                                        *                                          +   26.00    0.8988
    27.00  +                                                       *                                           +   27.00    0.8910
    28.00  +                                                     *                                             +   28.00    0.8829
    29.00  +                                                    *                                              +   29.00    0.8746
    30.00  +                                                   *                                               +   30.00    0.8660
    31.00  +                                                  *                                                +   31.00    0.8572
    32.00  +                                                 *                                                 +   32.00    0.8480
    33.00  +                                                *                                                  +   33.00    0.8387
    34.00  +                                              *                                                    +   34.00    0.8290
    35.00  +                                             *                                                     +   35.00    0.8192
    36.00  +                                            *                                                      +   36.00    0.8090
    37.00  +                                           *                                                       +   37.00    0.7986
    38.00  +                                         *                                                         +   38.00    0.7880
    39.00  +                                        *                                                          +   39.00    0.7771
    40.00  +                                       *                                                           +   40.00    0.7660
    41.00  +                                      *                                                            +   41.00    0.7547
    42.00  +                                    *                                                              +   42.00    0.7431
    43.00  +                                   *                                                               +   43.00    0.7314
    44.00  +                                  *                                                                +   44.00    0.7193
    45.00  +                                 *                                                                 +   45.00    0.7071
    46.00  +                                *                                                                  +   46.00    0.6947
    47.00  +                               *                                                                   +   47.00    0.6820
    48.00  +                              *                                                                    +   48.00    0.6691
    49.00  +                             *                                                                     +   49.00    0.6561
    50.00  +                            *                                                                      +   50.00    0.6428
    51.00  +                            *                                                                      +   51.00    0.6293
    52.00  +                           *                                                                       +   52.00    0.6157
    53.00  +                           *                                                                       +   53.00    0.6018
    54.00  +                          *                                                                        +   54.00    0.5878
    55.00  +                          *                                                                        +   55.00    0.5736
    56.00  +                          *                                                                        +   56.00    0.5592
    57.00  +                         *                                                                         +   57.00    0.5446
    58.00  +                         *                                                                         +   58.00    0.5299
    59.00  +                         *                                                                         +   59.00    0.5150
    60.00  |+++++++++++++++++++++++++*++++++|++++++++++++++++++++++++++++++++|++++++++++++++++++++++++++++++++|+   60.00    0.5000
    THETA  -1                                0                                1                                2   THETA cos(theta)
1DWUCK4-DISTORTED WAVES U.COLORADO- PC-VERSION  12/Jan /1995
 Elapsed time in seconds =   0.00
 Elapsed time in seconds =   0.00
0CONTROL INTEGERS
  1 2 3 4 5 6 7 8 9 A B C D E F G H I J K    RUN IDENTIFICATION                                             0/00/00   0.00.00
  1 0 1 1 0 0 0 0 3 0 0 0 0 0 0 0 0 0 0 0    10Be(d,p)11Be 2000 keV  1780 keV  0d5/2                     
 10Be(d,p)11Be 2000 keV  1780 keV  0d5/2                     
 Adwck4 entered
0ANGLE DATA          THETN=  61.0000   THET1=   0.0000   DTHET=   1.0000   A-ANG=   0.0000   B-ANG=   0.0000
0CARD SET 3 DATA     LMAX =  15          LTR=   2
                     NLTR =   1        2*JTR=   5
0CARD SET 4 DATA     DRF  =   0.1000   RZ   =   0.0000   RMAX = -15.0000   VCE  =   0.0000   FNRNG=   0.0000
 PARTICLE DATA 
0PARTICLE 1*******************************************************************************************************************
 INPUT DATA          ELAB =  17.4000   RC0  =   1.3030   AC   =   0.0000   2*STR=   0.0000
                     MASSP=   2.0000   MASST=  10.0000   Q    =   0.0000
                     ZP   =   1.0000   ZT   =   4.0000   PNLOC=   2.0000
 
 DERIVED DATA        ECM  =  14.5000   RC   =   2.8072   RHO  =   3.0186
                     K    =   1.0753   ETA  =   0.2136   DR   =   0.1000
0POTENTIAL PARAMETERS
 NX=1 VOLUME  W-S    V RL = -88.7440   R0RL =   1.1480   A RL =   0.7460   R RL =   2.4733   VSOR =   0.0000
                     V IM =  -2.1860   R0IM =   1.3510   A IM =   0.6400   R IM =   2.9106   VSOI =   0.0000   POWR =   0.0000
 NX=2 SURFACE W-S    V RL =   0.0000   R0RL =   0.0000   A RL =   0.0000   R RL =   0.0000   VSOR =   0.0000
                     V IM =  27.3930   R0IM =   1.4050   A IM =   0.6650   R IM =   3.0270   VSOI =   0.0000   POWR =   0.0000
 NX=4 L*S VOLUME     V RL = -14.2280   R0RL =   0.9720   A RL =   1.0110   R RL =   2.0941   VSOR =   0.0000
                     V IM =   0.0000   R0IM =   0.0000   A IM =   0.0000   R IM =   0.0000   VSOI =   0.0000   POWR =   0.0000
0PARTICLE 2*******************************************************************************************************************
 INPUT DATA          ELAB =  11.7589   RC0  =   1.5780   AC   =   0.0000   2*STR=   0.0000
                     MASSP=   1.0000   MASST=  11.0000   Q    =  -3.7210
                     ZP   =   1.0000   ZT   =   4.0000   PNLOC=   1.0000
 
 DERIVED DATA        ECM  =  10.7790   RC   =   3.5094   RHO  =   2.4130
                     K    =   0.6876   ETA  =   0.1837   DR   =   0.0909
0POTENTIAL PARAMETERS
 NX=1 VOLUME  W-S    V RL = -55.9170   R0RL =   1.1220   A RL =   0.6760   R RL =   2.4953   VSOR =   0.0000
                     V IM =  -1.2020   R0IM =   1.1220   A IM =   0.6760   R IM =   2.4953   VSOI =   0.0000   POWR =   0.0000
 NX=2 SURFACE W-S    V RL =   0.0000   R0RL =   0.0000   A RL =   0.0000   R RL =   0.0000   VSOR =   0.0000
                     V IM =  20.7420   R0IM =   1.3070   A IM =   0.5240   R IM =   2.9067   VSOI =   0.0000   POWR =   0.0000
 NX=4 L*S VOLUME     V RL = -21.8000   R0RL =   0.8940   A RL =   0.5900   R RL =   1.9882   VSOR =   0.0000
                     V IM =   0.2320   R0IM =   0.8940   A IM =   0.5900   R IM =   1.9882   VSOI =   0.0000   POWR =   0.0000
110Be(d,p)11Be 2000 keV  1780 keV  0d5/2                        0/ 0/ 0
0FORM FACTOR DATA 
0PARTICLE 3*******************************************************************************************************************
 INPUT DATA          ELAB =   1.4960   RC0  =   1.3000   AC   =   0.0000   2*STR=   0.0000
                     MASSP=   1.0000   MASST=  10.0000   Q    =   1.4960
                     ZP   =   0.0000   ZT   =   4.0000   PNLOC=   1.0000
 
 DERIVED DATA        ECM  =   1.4960   RC   =   2.8008   RHO  =   0.7144
                     K    =   0.2551   ETA  =   0.0000   DR   =   0.1000
0POTENTIAL PARAMETERS
 NX=1 VOLUME  W-S    V RL =  -1.0000   R0RL =   1.2500   A RL =   0.6500   R RL =   2.6930   VSOR =   0.0000
                     V IM =   0.0000   R0IM =   0.0000   A IM =   0.0000   R IM =   0.0000   VSOI =   0.0000   POWR =   0.0000
 NX=4 L*S VOLUME     V RL =  -6.0000   R0RL =   1.1000   A RL =   0.6500   R RL =   2.3699   VSOR =   0.0000
                     V IM =   0.0000   R0IM =   0.0000   A IM =   0.0000   R IM =   0.0000   VSOI =   0.0000   POWR =   0.0000
 
                     NODES=   0.0000   L    =   2.0000   2*J  =   5.0000   2*S  =   1.0000   FISW =   0.0000
 
0SINGLE PARTICLE WIDTH = 2.6020E -1  MEV     VOLUME TERM =  5.1396E+01     SURFACE TERM = -6.3178E+00
                     V    =  25.0416   DET  =  -0.0000   NODES=   0.0000   RM   =   3.9500   E    =   1.4960   ITER.=   6
0Non-locality correction is applied, parameter =   2.000
0Non-locality correction is applied, parameter =   1.000
0                    LMAX =  15        NSTEP= 150        NLTR =   1
 Bdwck4 entered
   Subroutine INTEG  entered
0REACSIG 1   9.04890E+01                                             REACSIG 2   6.04641E+01
   Subroutine RADINT entered
110Be(d,p)11Be 2000 keV  1780 keV  0d5/2                        0/00/00
0BASIC DATA          DR   =   0.1000   RMIN =   0.0000   RMAX =  15.0000   COUEX=   0.0000     IS1=   0.0000
                     FNRNG=   0.0000   PNLC1=   2.0000   PNLC2=   1.0000   PNLC3=   1.0000     IS2=   0.0000
 ANG MOM TRANSFER    LTR  =   2.       2*JTR=   4.       2*STR=   0.       Q    =  -3.7210
   Subroutine INSIG  entered
0 Theta Inelsig,fm**2      Polz       Asy       Ayy       A22       A21       A20       T22       T21       T20  Theta
   0.00    1.7638E+01    0.0000    0.0000    0.0000    0.0000    0.0000    0.0000    0.0000    0.0000    0.0000   0.00
   1.00    1.7600E+01    0.0000    0.0000    0.0000    0.0000    0.0000    0.0000    0.0000    0.0000    0.0000   1.00
   2.00    1.7487E+01    0.0000    0.0000    0.0000    0.0000    0.0000    0.0000    0.0000    0.0000    0.0000   2.00
   3.00    1.7301E+01    0.0000    0.0000    0.0000    0.0000    0.0000    0.0000    0.0000    0.0000    0.0000   3.00
   4.00    1.7045E+01    0.0000    0.0000    0.0000    0.0000    0.0000    0.0000    0.0000    0.0000    0.0000   4.00
   5.00    1.6723E+01    0.0000    0.0000    0.0000    0.0000    0.0000    0.0000    0.0000    0.0000    0.0000   5.00
   6.00    1.6341E+01    0.0000    0.0000    0.0000    0.0000    0.0000    0.0000    0.0000    0.0000    0.0000   6.00
   7.00    1.5903E+01    0.0000    0.0000    0.0000    0.0000    0.0000    0.0000    0.0000    0.0000    0.0000   7.00
   8.00    1.5417E+01    0.0000    0.0000    0.0000    0.0000    0.0000    0.0000    0.0000    0.0000    0.0000   8.00
   9.00    1.4890E+01    0.0000    0.0000    0.0000    0.0000    0.0000    0.0000    0.0000    0.0000    0.0000   9.00
  10.00    1.4328E+01    0.0000    0.0000    0.0000    0.0000    0.0000    0.0000    0.0000    0.0000    0.0000  10.00
  11.00    1.3738E+01    0.0000    0.0000    0.0000    0.0000    0.0000    0.0000    0.0000    0.0000    0.0000  11.00
  12.00    1.3129E+01    0.0000    0.0000    0.0000    0.0000    0.0000    0.0000    0.0000    0.0000    0.0000  12.00
  13.00    1.2505E+01    0.0000    0.0000    0.0000    0.0000    0.0000    0.0000    0.0000    0.0000    0.0000  13.00
  14.00    1.1875E+01    0.0000    0.0000    0.0000    0.0000    0.0000    0.0000    0.0000    0.0000    0.0000  14.00
  15.00    1.1243E+01    0.0000    0.0000    0.0000    0.0000    0.0000    0.0000    0.0000    0.0000    0.0000  15.00
  16.00    1.0615E+01    0.0000    0.0000    0.0000    0.0000    0.0000    0.0000    0.0000    0.0000    0.0000  16.00
  17.00    9.9962E+00    0.0000    0.0000    0.0000    0.0000    0.0000    0.0000    0.0000    0.0000    0.0000  17.00
  18.00    9.3899E+00    0.0000    0.0000    0.0000    0.0000    0.0000    0.0000    0.0000    0.0000    0.0000  18.00
  19.00    8.7998E+00    0.0000    0.0000    0.0000    0.0000    0.0000    0.0000    0.0000    0.0000    0.0000  19.00
  20.00    8.2288E+00    0.0000    0.0000    0.0000    0.0000    0.0000    0.0000    0.0000    0.0000    0.0000  20.00
  21.00    7.6793E+00    0.0000    0.0000    0.0000    0.0000    0.0000    0.0000    0.0000    0.0000    0.0000  21.00
  22.00    7.1530E+00    0.0000    0.0000    0.0000    0.0000    0.0000    0.0000    0.0000    0.0000    0.0000  22.00
  23.00    6.6512E+00    0.0000    0.0000    0.0000    0.0000    0.0000    0.0000    0.0000    0.0000    0.0000  23.00
  24.00    6.1747E+00    0.0000    0.0000    0.0000    0.0000    0.0000    0.0000    0.0000    0.0000    0.0000  24.00
  25.00    5.7240E+00    0.0000    0.0000    0.0000    0.0000    0.0000    0.0000    0.0000    0.0000    0.0000  25.00
  26.00    5.2992E+00    0.0000    0.0000    0.0000    0.0000    0.0000    0.0000    0.0000    0.0000    0.0000  26.00
  27.00    4.9001E+00    0.0000    0.0000    0.0000    0.0000    0.0000    0.0000    0.0000    0.0000    0.0000  27.00
  28.00    4.5261E+00    0.0000    0.0000    0.0000    0.0000    0.0000    0.0000    0.0000    0.0000    0.0000  28.00
  29.00    4.1767E+00    0.0000    0.0000    0.0000    0.0000    0.0000    0.0000    0.0000    0.0000    0.0000  29.00
  30.00    3.8509E+00    0.0000    0.0000    0.0000    0.0000    0.0000    0.0000    0.0000    0.0000    0.0000  30.00
  31.00    3.5480E+00    0.0000    0.0000    0.0000    0.0000    0.0000    0.0000    0.0000    0.0000    0.0000  31.00
  32.00    3.2667E+00    0.0000    0.0000    0.0000    0.0000    0.0000    0.0000    0.0000    0.0000    0.0000  32.00
  33.00    3.0060E+00    0.0000    0.0000    0.0000    0.0000    0.0000    0.0000    0.0000    0.0000    0.0000  33.00
  34.00    2.7649E+00    0.0000    0.0000    0.0000    0.0000    0.0000    0.0000    0.0000    0.0000    0.0000  34.00
  35.00    2.5422E+00    0.0000    0.0000    0.0000    0.0000    0.0000    0.0000    0.0000    0.0000    0.0000  35.00
  36.00    2.3369E+00    0.0000    0.0000    0.0000    0.0000    0.0000    0.0000    0.0000    0.0000    0.0000  36.00
  37.00    2.1480E+00    0.0000    0.0000    0.0000    0.0000    0.0000    0.0000    0.0000    0.0000    0.0000  37.00
  38.00    1.9744E+00    0.0000    0.0000    0.0000    0.0000    0.0000    0.0000    0.0000    0.0000    0.0000  38.00
  39.00    1.8154E+00    0.0000    0.0000    0.0000    0.0000    0.0000    0.0000    0.0000    0.0000    0.0000  39.00
  40.00    1.6701E+00    0.0000    0.0000    0.0000    0.0000    0.0000    0.0000    0.0000    0.0000    0.0000  40.00
  41.00    1.5377E+00    0.0000    0.0000    0.0000    0.0000    0.0000    0.0000    0.0000    0.0000    0.0000  41.00
  42.00    1.4176E+00    0.0000    0.0000    0.0000    0.0000    0.0000    0.0000    0.0000    0.0000    0.0000  42.00
  43.00    1.3090E+00    0.0000    0.0000    0.0000    0.0000    0.0000    0.0000    0.0000    0.0000    0.0000  43.00
  44.00    1.2113E+00    0.0000    0.0000    0.0000    0.0000    0.0000    0.0000    0.0000    0.0000    0.0000  44.00
  45.00    1.1240E+00    0.0000    0.0000    0.0000    0.0000    0.0000    0.0000    0.0000    0.0000    0.0000  45.00
  46.00    1.0463E+00    0.0000    0.0000    0.0000    0.0000    0.0000    0.0000    0.0000    0.0000    0.0000  46.00
  47.00    9.7789E-01    0.0000    0.0000    0.0000    0.0000    0.0000    0.0000    0.0000    0.0000    0.0000  47.00
  48.00    9.1799E-01    0.0000    0.0000    0.0000    0.0000    0.0000    0.0000    0.0000    0.0000    0.0000  48.00
  49.00    8.6606E-01    0.0000    0.0000    0.0000    0.0000    0.0000    0.0000    0.0000    0.0000    0.0000  49.00
  50.00    8.2148E-01    0.0000    0.0000    0.0000    0.0000    0.0000    0.0000    0.0000    0.0000    0.0000  50.00
  51.00    7.8364E-01    0.0000    0.0000    0.0000    0.0000    0.0000    0.0000    0.0000    0.0000    0.0000  51.00
  52.00    7.5192E-01    0.0000    0.0000    0.0000    0.0000    0.0000    0.0000    0.0000    0.0000    0.0000  52.00
  53.00    7.2570E-01    0.0000    0.0000    0.0000    0.0000    0.0000    0.0000    0.0000    0.0000    0.0000  53.00
  54.00    7.0436E-01    0.0000    0.0000    0.0000    0.0000    0.0000    0.0000    0.0000    0.0000    0.0000  54.00
  55.00    6.8730E-01    0.0000    0.0000    0.0000    0.0000    0.0000    0.0000    0.0000    0.0000    0.0000  55.00
  56.00    6.7395E-01    0.0000    0.0000    0.0000    0.0000    0.0000    0.0000    0.0000    0.0000    0.0000  56.00
  57.00    6.6374E-01    0.0000    0.0000    0.0000    0.0000    0.0000    0.0000    0.0000    0.0000    0.0000  57.00
  58.00    6.5617E-01    0.0000    0.0000    0.0000    0.0000    0.0000    0.0000    0.0000    0.0000    0.0000  58.00
  59.00    6.5075E-01    0.0000    0.0000    0.0000    0.0000    0.0000    0.0000    0.0000    0.0000    0.0000  59.00
  60.00    6.4704E-01    0.0000    0.0000    0.0000    0.0000    0.0000    0.0000    0.0000    0.0000    0.0000  60.00
0Tot-sig   1.3912E+01
1Inelastic  10Be(d,p)11Be 2000 keV  1780 keV  0d5/2                        0/00/00
    THETA  -1                                0                                1                                2   THETA cos(theta)
     0.00  |++++++++++++++++++++++++++++++++|++++++++++++++++++++++++++++++++|+++++++*++++++++++++++++++++++++|+    0.00    1.0000
     1.00  +                                                                         *                         +    1.00    0.9998
     2.00  +                                                                         *                         +    2.00    0.9994
     3.00  +                                                                         *                         +    3.00    0.9986
     4.00  +                                                                         *                         +    4.00    0.9976
     5.00  +                                                                        *                          +    5.00    0.9962
     6.00  +                                                                        *                          +    6.00    0.9945
     7.00  +                                                                        *                          +    7.00    0.9925
     8.00  +                                                                       *                           +    8.00    0.9903
     9.00  +                                                                       *                           +    9.00    0.9877
    10.00  +                                                                      *                            +   10.00    0.9848
    11.00  +                                                                      *                            +   11.00    0.9816
    12.00  +                                                                     *                             +   12.00    0.9781
    13.00  +                                                                    *                              +   13.00    0.9744
    14.00  +                                                                   *                               +   14.00    0.9703
    15.00  +                                                                   *                               +   15.00    0.9659
    16.00  +                                                                  *                                +   16.00    0.9613
    17.00  +                                                                 *                                 +   17.00    0.9563
    18.00  +                                                                *                                  +   18.00    0.9511
    19.00  +                                                               *                                   +   19.00    0.9455
    20.00  +                                                              *                                    +   20.00    0.9397
    21.00  +                                                             *                                     +   21.00    0.9336
    22.00  +                                                            *                                      +   22.00    0.9272
    23.00  +                                                           *                                       +   23.00    0.9205
    24.00  +                                                          *                                        +   24.00    0.9135
    25.00  +                                                         *                                         +   25.00    0.9063
    26.00  +                                                        *                                          +   26.00    0.8988
    27.00  +                                                       *                                           +   27.00    0.8910
    28.00  +                                                      *                                            +   28.00    0.8829
    29.00  +                                                    *                                              +   29.00    0.8746
    30.00  +                                                   *                                               +   30.00    0.8660
    31.00  +                                                  *                                                +   31.00    0.8572
    32.00  +                                                 *                                                 +   32.00    0.8480
    33.00  +                                                *                                                  +   33.00    0.8387
    34.00  +                                               *                                                   +   34.00    0.8290
    35.00  +                                             *                                                     +   35.00    0.8192
    36.00  +                                            *                                                      +   36.00    0.8090
    37.00  +                                           *                                                       +   37.00    0.7986
    38.00  +                                          *                                                        +   38.00    0.7880
    39.00  +                                         *                                                         +   39.00    0.7771
    40.00  +                                       *                                                           +   40.00    0.7660
    41.00  +                                      *                                                            +   41.00    0.7547
    42.00  +                                     *                                                             +   42.00    0.7431
    43.00  +                                    *                                                              +   43.00    0.7314
    44.00  +                                   *                                                               +   44.00    0.7193
    45.00  +                                  *                                                                +   45.00    0.7071
    46.00  +                                 *                                                                 +   46.00    0.6947
    47.00  +                                *                                                                  +   47.00    0.6820
    48.00  +                               *                                                                   +   48.00    0.6691
    49.00  +                              *                                                                    +   49.00    0.6561
    50.00  +                             *                                                                     +   50.00    0.6428
    51.00  +                             *                                                                     +   51.00    0.6293
    52.00  +                            *                                                                      +   52.00    0.6157
    53.00  +                           *                                                                       +   53.00    0.6018
    54.00  +                           *                                                                       +   54.00    0.5878
    55.00  +                           *                                                                       +   55.00    0.5736
    56.00  +                          *                                                                        +   56.00    0.5592
    57.00  +                          *                                                                        +   57.00    0.5446
    58.00  +                          *                                                                        +   58.00    0.5299
    59.00  +                          *                                                                        +   59.00    0.5150
    60.00  |++++++++++++++++++++++++++*+++++|++++++++++++++++++++++++++++++++|++++++++++++++++++++++++++++++++|+   60.00    0.5000
    THETA  -1                                0                                1                                2   THETA cos(theta)
1DWUCK4-DISTORTED WAVES U.COLORADO- PC-VERSION  12/Jan /1995
 Elapsed time in seconds =   0.00
 Elapsed time in seconds =   0.00
0CONTROL INTEGERS
  1 2 3 4 5 6 7 8 9 A B C D E F G H I J K    RUN IDENTIFICATION                                             0/00/00   0.00.00
  9 0 0 0 0 0 0 0 0 0 0 0 0 0 0 0 0 0 0 0    END OF DATA for DWUCK4                                      
